draw_id,draw_date,prize_class,match_code,country,country_alpha3,region,region_code,winners
1,2012-03-23,3,5+0,Germany,DEU,Bayern,DE-BY,1
1,2012-03-23,3,5+0,Germany,DEU,Niedersachsen,DE-NI,1
2,2012-03-30,2,5+1,Germany,DEU,Baden-Württemberg,DE-BW,2
2,2012-03-30,2,5+1,Germany,DEU,Bayern,DE-BY,1
2,2012-03-30,2,5+1,Germany,DEU,Hessen,DE-HE,1
2,2012-03-30,2,5+1,Germany,DEU,Niedersachsen,DE-NI,1
2,2012-03-30,2,5+1,Germany,DEU,Nordrhein-Westfalen,DE-NW,2
2,2012-03-30,2,5+1,Germany,DEU,Sachsen,DE-SN,1
2,2012-03-30,2,5+1,Germany,DEU,Thüringen,DE-TH,1
2,2012-03-30,3,5+0,Germany,DEU,Berlin,DE-BE,2
2,2012-03-30,3,5+0,Finland,FIN,,,1
3,2012-04-06,2,5+1,Italy,ITA,,,1
3,2012-04-06,3,5+0,Finland,FIN,,,1
5,2012-04-20,2,5+1,Germany,DEU,Thüringen,DE-TH,1
5,2012-04-20,3,5+0,Germany,DEU,Niedersachsen,DE-NI,1
6,2012-04-27,2,5+1,Denmark,DNK,,,1
7,2012-05-04,3,5+0,Finland,FIN,,,1
8,2012-05-11,1,5+2,Germany,DEU,Nordrhein-Westfalen,DE-NW,1
8,2012-05-11,2,5+1,Germany,DEU,Baden-Württemberg,DE-BW,1
8,2012-05-11,3,5+0,Italy,ITA,,,1
9,2012-05-18,2,5+1,Finland,FIN,,,1
9,2012-05-18,3,5+0,Finland,FIN,,,1
10,2012-05-25,2,5+1,Germany,DEU,Bayern,DE-BY,1
10,2012-05-25,2,5+1,Denmark,DNK,,,1
11,2012-06-01,3,5+0,Finland,FIN,,,1
12,2012-06-08,2,5+1,Italy,ITA,,,1
13,2012-06-15,2,5+1,Germany,DEU,Niedersachsen,DE-NI,1
14,2012-06-22,2,5+1,Germany,DEU,Schleswig-Holstein,DE-SH,1
15,2012-06-29,2,5+1,Denmark,DNK,,,1
15,2012-06-29,2,5+1,Italy,ITA,,,1
15,2012-06-29,3,5+0,Slovenia,SVN,,,1
16,2012-07-06,2,5+1,Germany,DEU,Niedersachsen,DE-NI,1
17,2012-07-13,2,5+1,Germany,DEU,Mecklenburg-Vorpommern,DE-MV,1
17,2012-07-13,2,5+1,Germany,DEU,Sachsen,DE-SN,1
17,2012-07-13,2,5+1,Italy,ITA,,,1
17,2012-07-13,3,5+0,Germany,DEU,Baden-Württemberg,DE-BW,1
18,2012-07-20,2,5+1,Germany,DEU,Nordrhein-Westfalen,DE-NW,1
18,2012-07-20,2,5+1,Finland,FIN,,,1
18,2012-07-20,2,5+1,Italy,ITA,,,1
18,2012-07-20,3,5+0,Slovenia,SVN,,,1
18,2012-07-20,3,5+0,Spain,ESP,,,1
19,2012-07-27,2,5+1,Germany,DEU,Baden-Württemberg,DE-BW,1
19,2012-07-27,2,5+1,Estonia,EST,,,1
19,2012-07-27,3,5+0,Finland,FIN,,,1
19,2012-07-27,3,5+0,Spain,ESP,,,1
20,2012-08-03,2,5+1,Germany,DEU,Bayern,DE-BY,1
20,2012-08-03,2,5+1,Germany,DEU,Hamburg,DE-HH,1
20,2012-08-03,2,5+1,Denmark,DNK,,,1
20,2012-08-03,3,5+0,Germany,DEU,Baden-Württemberg,DE-BW,1
20,2012-08-03,3,5+0,Estonia,EST,,,1
20,2012-08-03,3,5+0,Italy,ITA,,,1
21,2012-08-10,2,5+1,Germany,DEU,Nordrhein-Westfalen,DE-NW,1
21,2012-08-10,3,5+0,Germany,DEU,Hessen,DE-HE,1
22,2012-08-17,2,5+1,Italy,ITA,,,1
22,2012-08-17,3,5+0,Germany,DEU,Rheinland-Pfalz,DE-RP,1
23,2012-08-24,1,5+2,Germany,DEU,Bayern,DE-BY,1
23,2012-08-24,2,5+1,Germany,DEU,Brandenburg,DE-BB,1
23,2012-08-24,2,5+1,Germany,DEU,Nordrhein-Westfalen,DE-NW,2
23,2012-08-24,3,5+0,Germany,DEU,Niedersachsen,DE-NI,1
23,2012-08-24,3,5+0,Germany,DEU,Nordrhein-Westfalen,DE-NW,1
24,2012-08-31,2,5+1,Finland,FIN,,,1
24,2012-08-31,3,5+0,Italy,ITA,,,1
25,2012-09-07,3,5+0,Germany,DEU,Bayern,DE-BY,1
25,2012-09-07,3,5+0,Germany,DEU,Nordrhein-Westfalen,DE-NW,1
26,2012-09-14,3,5+0,Germany,DEU,Hessen,DE-HE,1
26,2012-09-14,3,5+0,Denmark,DNK,,,1
27,2012-09-21,2,5+1,Germany,DEU,Nordrhein-Westfalen,DE-NW,1
28,2012-09-28,2,5+1,Germany,DEU,Baden-Württemberg,DE-BW,1
30,2012-10-12,2,5+1,Germany,DEU,Rheinland-Pfalz,DE-RP,1
30,2012-10-12,2,5+1,Italy,ITA,,,1
30,2012-10-12,3,5+0,Italy,ITA,,,1
32,2012-10-26,1,5+2,Denmark,DNK,,,1
32,2012-10-26,3,5+0,Germany,DEU,Berlin,DE-BE,1
32,2012-10-26,3,5+0,Germany,DEU,Nordrhein-Westfalen,DE-NW,2
32,2012-10-26,3,5+0,Spain,ESP,,,1
33,2012-11-02,2,5+1,Germany,DEU,Baden-Württemberg,DE-BW,1
33,2012-11-02,2,5+1,Germany,DEU,Nordrhein-Westfalen,DE-NW,2
33,2012-11-02,2,5+1,Denmark,DNK,,,1
33,2012-11-02,3,5+0,Germany,DEU,Baden-Württemberg,DE-BW,1
33,2012-11-02,3,5+0,Germany,DEU,Bayern,DE-BY,1
33,2012-11-02,3,5+0,Denmark,DNK,,,1
34,2012-11-09,2,5+1,Germany,DEU,Sachsen,DE-SN,1
34,2012-11-09,3,5+0,Denmark,DNK,,,1
34,2012-11-09,3,5+0,Estonia,EST,,,1
35,2012-11-16,3,5+0,Finland,FIN,,,1
37,2012-11-30,2,5+1,Germany,DEU,Bayern,DE-BY,1
37,2012-11-30,3,5+0,Germany,DEU,Bayern,DE-BY,1
37,2012-11-30,3,5+0,Germany,DEU,Nordrhein-Westfalen,DE-NW,2
38,2012-12-07,2,5+1,Germany,DEU,Bayern,DE-BY,1
38,2012-12-07,2,5+1,Denmark,DNK,,,1
38,2012-12-07,3,5+0,Germany,DEU,Nordrhein-Westfalen,DE-NW,1
39,2012-12-14,2,5+1,Germany,DEU,Hessen,DE-HE,1
39,2012-12-14,2,5+1,Germany,DEU,Nordrhein-Westfalen,DE-NW,1
39,2012-12-14,2,5+1,Germany,DEU,Sachsen,DE-SN,1
39,2012-12-14,2,5+1,Italy,ITA,,,1
39,2012-12-14,2,5+1,Spain,ESP,,,1
40,2012-12-21,3,5+0,Germany,DEU,Nordrhein-Westfalen,DE-NW,1
41,2012-12-28,2,5+1,Italy,ITA,,,3
41,2012-12-28,3,5+0,Germany,DEU,Nordrhein-Westfalen,DE-NW,1
41,2012-12-28,3,5+0,Italy,ITA,,,3
42,2013-01-04,2,5+1,Estonia,EST,,,2
42,2013-01-04,3,5+0,Germany,DEU,Schleswig-Holstein,DE-SH,2
43,2013-01-11,3,5+0,Denmark,DNK,,,1
43,2013-01-11,3,5+0,Finland,FIN,,,1
43,2013-01-11,3,5+0,Spain,ESP,,,1
44,2013-01-18,2,5+1,Germany,DEU,Nordrhein-Westfalen,DE-NW,1
44,2013-01-18,2,5+1,Germany,DEU,Rheinland-Pfalz,DE-RP,1
44,2013-01-18,3,5+0,Germany,DEU,Baden-Württemberg,DE-BW,1
44,2013-01-18,3,5+0,Germany,DEU,Mecklenburg-Vorpommern,DE-MV,1
45,2013-01-25,1,5+2,Finland,FIN,,,1
45,2013-01-25,2,5+1,Germany,DEU,Niedersachsen,DE-NI,1
45,2013-01-25,2,5+1,Germany,DEU,Nordrhein-Westfalen,DE-NW,1
46,2013-02-01,2,5+1,Denmark,DNK,,,1
46,2013-02-01,3,5+0,Germany,DEU,Baden-Württemberg,DE-BW,1
46,2013-02-01,3,5+0,Germany,DEU,Bayern,DE-BY,1
47,2013-02-08,2,5+1,Germany,DEU,Nordrhein-Westfalen,DE-NW,1
47,2013-02-08,3,5+0,Germany,DEU,Nordrhein-Westfalen,DE-NW,1
47,2013-02-08,3,5+0,Denmark,DNK,,,1
48,2013-02-15,2,5+1,Germany,DEU,Sachsen-Anhalt,DE-ST,1
48,2013-02-15,3,5+0,Germany,DEU,Saarland,DE-SL,1
48,2013-02-15,3,5+0,Finland,FIN,,,1
49,2013-02-22,2,5+1,Denmark,DNK,,,1
49,2013-02-22,3,5+0,Germany,DEU,Baden-Württemberg,DE-BW,1
49,2013-02-22,3,5+0,Germany,DEU,Brandenburg,DE-BB,1
50,2013-03-01,3,5+0,Germany,DEU,Hamburg,DE-HH,1
50,2013-03-01,3,5+0,Germany,DEU,Nordrhein-Westfalen,DE-NW,1
51,2013-03-08,2,5+1,Germany,DEU,Baden-Württemberg,DE-BW,2
51,2013-03-08,2,5+1,Germany,DEU,Nordrhein-Westfalen,DE-NW,3
51,2013-03-08,3,5+0,Spain,ESP,,,1
52,2013-03-15,3,5+0,Italy,ITA,,,1
53,2013-03-22,2,5+1,Germany,DEU,Sachsen,DE-SN,1
53,2013-03-22,2,5+1,Italy,ITA,,,1
53,2013-03-22,3,5+0,Germany,DEU,Baden-Württemberg,DE-BW,1
54,2013-03-29,2,5+1,Germany,DEU,Baden-Württemberg,DE-BW,1
54,2013-03-29,3,5+0,Denmark,DNK,,,1
55,2013-04-05,2,5+1,Finland,FIN,,,1
55,2013-04-05,2,5+1,Norway,NOR,,,1
55,2013-04-05,3,5+0,Finland,FIN,,,1
56,2013-04-12,1,5+2,Germany,DEU,Hessen,DE-HE,1
56,2013-04-12,2,5+1,Germany,DEU,Hessen,DE-HE,1
56,2013-04-12,2,5+1,Germany,DEU,Nordrhein-Westfalen,DE-NW,1
56,2013-04-12,2,5+1,Denmark,DNK,,,1
56,2013-04-12,2,5+1,Finland,FIN,,,2
56,2013-04-12,3,5+0,Germany,DEU,Bayern,DE-BY,1
56,2013-04-12,3,5+0,Germany,DEU,Nordrhein-Westfalen,DE-NW,2
56,2013-04-12,3,5+0,Germany,DEU,Rheinland-Pfalz,DE-RP,1
56,2013-04-12,3,5+0,Finland,FIN,,,1
57,2013-04-19,2,5+1,Spain,ESP,,,1
57,2013-04-19,3,5+0,Germany,DEU,Baden-Württemberg,DE-BW,1
57,2013-04-19,3,5+0,Germany,DEU,Nordrhein-Westfalen,DE-NW,1
57,2013-04-19,3,5+0,Germany,DEU,Thüringen,DE-TH,1
57,2013-04-19,3,5+0,Sweden,SWE,,,1
58,2013-04-26,2,5+1,Germany,DEU,Nordrhein-Westfalen,DE-NW,1
59,2013-05-03,1,5+2,Norway,NOR,,,1
59,2013-05-03,2,5+1,Germany,DEU,Bayern,DE-BY,1
59,2013-05-03,2,5+1,Germany,DEU,Brandenburg,DE-BB,1
59,2013-05-03,2,5+1,Germany,DEU,Nordrhein-Westfalen,DE-NW,1
59,2013-05-03,2,5+1,Denmark,DNK,,,1
59,2013-05-03,2,5+1,Slovenia,SVN,,,1
59,2013-05-03,3,5+0,Germany,DEU,Bayern,DE-BY,1
59,2013-05-03,3,5+0,Denmark,DNK,,,1
61,2013-05-17,2,5+1,Germany,DEU,Schleswig-Holstein,DE-SH,1
62,2013-05-24,2,5+1,Finland,FIN,,,1
62,2013-05-24,3,5+0,Germany,DEU,Bayern,DE-BY,1
62,2013-05-24,3,5+0,Spain,ESP,,,1
63,2013-05-31,2,5+1,Italy,ITA,,,3
63,2013-05-31,3,5+0,Italy,ITA,,,3
64,2013-06-07,2,5+1,Germany,DEU,Rheinland-Pfalz,DE-RP,1
64,2013-06-07,3,5+0,Germany,DEU,Baden-Württemberg,DE-BW,1
64,2013-06-07,3,5+0,Germany,DEU,Berlin,DE-BE,1
64,2013-06-07,3,5+0,Germany,DEU,Nordrhein-Westfalen,DE-NW,1
65,2013-06-14,2,5+1,Germany,DEU,Nordrhein-Westfalen,DE-NW,1
65,2013-06-14,2,5+1,Denmark,DNK,,,1
65,2013-06-14,3,5+0,Spain,ESP,,,1
66,2013-06-21,3,5+0,Germany,DEU,Nordrhein-Westfalen,DE-NW,1
66,2013-06-21,3,5+0,Slovenia,SVN,,,1
67,2013-06-28,2,5+1,Italy,ITA,,,2
68,2013-07-05,2,5+1,Denmark,DNK,,,1
68,2013-07-05,3,5+0,Germany,DEU,Baden-Württemberg,DE-BW,1
69,2013-07-12,2,5+1,Germany,DEU,Nordrhein-Westfalen,DE-NW,1
69,2013-07-12,2,5+1,Germany,DEU,Thüringen,DE-TH,1
69,2013-07-12,2,5+1,Slovenia,SVN,,,1
70,2013-07-19,1,5+2,Germany,DEU,Nordrhein-Westfalen,DE-NW,1
70,2013-07-19,2,5+1,Germany,DEU,Bayern,DE-BY,1
70,2013-07-19,2,5+1,Germany,DEU,Nordrhein-Westfalen,DE-NW,2
70,2013-07-19,2,5+1,Denmark,DNK,,,1
70,2013-07-19,2,5+1,Netherlands,NLD,,,1
70,2013-07-19,2,5+1,Spain,ESP,,,2
70,2013-07-19,3,5+0,Germany,DEU,Baden-Württemberg,DE-BW,1
70,2013-07-19,3,5+0,Germany,DEU,Hessen,DE-HE,1
70,2013-07-19,3,5+0,Germany,DEU,Nordrhein-Westfalen,DE-NW,2
70,2013-07-19,3,5+0,Denmark,DNK,,,1
70,2013-07-19,3,5+0,Croatia,HRV,,,1
70,2013-07-19,3,5+0,Latvia,LVA,,,1
70,2013-07-19,3,5+0,Spain,ESP,,,1
71,2013-07-26,2,5+1,Germany,DEU,Sachsen,DE-SN,1
71,2013-07-26,2,5+1,Latvia,LVA,,,1
71,2013-07-26,2,5+1,Norway,NOR,,,1
71,2013-07-26,2,5+1,Slovenia,SVN,,,1
71,2013-07-26,3,5+0,Finland,FIN,,,1
72,2013-08-02,2,5+1,Germany,DEU,Bayern,DE-BY,1
72,2013-08-02,3,5+0,Denmark,DNK,,,1
72,2013-08-02,3,5+0,Slovenia,SVN,,,1
74,2013-08-16,1,5+2,Italy,ITA,,,1
74,2013-08-16,2,5+1,Finland,FIN,,,2
74,2013-08-16,3,5+0,Denmark,DNK,,,1
75,2013-08-23,2,5+1,Germany,DEU,Baden-Württemberg,DE-BW,1
75,2013-08-23,2,5+1,Denmark,DNK,,,1
75,2013-08-23,2,5+1,Norway,NOR,,,1
75,2013-08-23,3,5+0,Germany,DEU,Baden-Württemberg,DE-BW,1
75,2013-08-23,3,5+0,Germany,DEU,Nordrhein-Westfalen,DE-NW,1
75,2013-08-23,3,5+0,Denmark,DNK,,,1
75,2013-08-23,3,5+0,Italy,ITA,,,2
75,2013-08-23,3,5+0,Sweden,SWE,,,2
75,2013-08-23,3,5+0,Spain,ESP,,,1
76,2013-08-30,2,5+1,Germany,DEU,Nordrhein-Westfalen,DE-NW,1
76,2013-08-30,2,5+1,Spain,ESP,,,1
76,2013-08-30,3,5+0,Germany,DEU,Bayern,DE-BY,1
77,2013-09-06,3,5+0,Germany,DEU,Hessen,DE-HE,1
77,2013-09-06,3,5+0,Germany,DEU,Sachsen,DE-SN,1
78,2013-09-13,2,5+1,Germany,DEU,Niedersachsen,DE-NI,1
78,2013-09-13,2,5+1,Germany,DEU,Nordrhein-Westfalen,DE-NW,1
79,2013-09-20,2,5+1,Germany,DEU,Niedersachsen,DE-NI,1
79,2013-09-20,2,5+1,Sweden,SWE,,,1
79,2013-09-20,2,5+1,Spain,ESP,,,1
79,2013-09-20,3,5+0,Germany,DEU,Bremen,DE-HB,1
79,2013-09-20,3,5+0,Germany,DEU,Niedersachsen,DE-NI,1
79,2013-09-20,3,5+0,Denmark,DNK,,,1
79,2013-09-20,3,5+0,Finland,FIN,,,2
80,2013-09-27,1,5+2,Finland,FIN,,,1
80,2013-09-27,2,5+1,Germany,DEU,Baden-Württemberg,DE-BW,1
80,2013-09-27,2,5+1,Germany,DEU,Nordrhein-Westfalen,DE-NW,1
80,2013-09-27,2,5+1,Denmark,DNK,,,2
80,2013-09-27,2,5+1,Finland,FIN,,,2
80,2013-09-27,3,5+0,Spain,ESP,,,2
81,2013-10-04,2,5+1,Germany,DEU,Nordrhein-Westfalen,DE-NW,1
81,2013-10-04,3,5+0,Germany,DEU,Hessen,DE-HE,1
82,2013-10-11,2,5+1,Germany,DEU,Bayern,DE-BY,1
82,2013-10-11,2,5+1,Germany,DEU,Hessen,DE-HE,1
82,2013-10-11,2,5+1,Norway,NOR,,,1
82,2013-10-11,3,5+0,Denmark,DNK,,,1
82,2013-10-11,3,5+0,Italy,ITA,,,1
83,2013-10-18,1,5+2,Germany,DEU,Bayern,DE-BY,1
83,2013-10-18,2,5+1,Germany,DEU,Nordrhein-Westfalen,DE-NW,1
83,2013-10-18,2,5+1,Germany,DEU,Schleswig-Holstein,DE-SH,1
83,2013-10-18,3,5+0,Italy,ITA,,,1
85,2013-11-01,2,5+1,Germany,DEU,Berlin,DE-BE,1
85,2013-11-01,3,5+0,Germany,DEU,Niedersachsen,DE-NI,1
85,2013-11-01,3,5+0,Spain,ESP,,,1
86,2013-11-08,2,5+1,Germany,DEU,Nordrhein-Westfalen,DE-NW,2
86,2013-11-08,2,5+1,Denmark,DNK,,,2
86,2013-11-08,3,5+0,Germany,DEU,Bayern,DE-BY,1
86,2013-11-08,3,5+0,Denmark,DNK,,,1
86,2013-11-08,3,5+0,Lithuania,LTU,,,1
88,2013-11-22,2,5+1,Germany,DEU,Baden-Württemberg,DE-BW,1
88,2013-11-22,2,5+1,Germany,DEU,Nordrhein-Westfalen,DE-NW,1
88,2013-11-22,3,5+0,Germany,DEU,Baden-Württemberg,DE-BW,1
88,2013-11-22,3,5+0,Italy,ITA,,,1
89,2013-11-29,2,5+1,Germany,DEU,Bayern,DE-BY,1
89,2013-11-29,2,5+1,Germany,DEU,Nordrhein-Westfalen,DE-NW,1
89,2013-11-29,3,5+0,Germany,DEU,Nordrhein-Westfalen,DE-NW,1
90,2013-12-06,1,5+2,Slovenia,SVN,,,1
90,2013-12-06,2,5+1,Germany,DEU,Baden-Württemberg,DE-BW,1
90,2013-12-06,2,5+1,Croatia,HRV,,,1
91,2013-12-13,2,5+1,Germany,DEU,Bayern,DE-BY,1
91,2013-12-13,2,5+1,Germany,DEU,Brandenburg,DE-BB,1
91,2013-12-13,3,5+0,Finland,FIN,,,1
91,2013-12-13,3,5+0,Norway,NOR,,,1
92,2013-12-20,2,5+1,Germany,DEU,Brandenburg,DE-BB,1
92,2013-12-20,2,5+1,Germany,DEU,Nordrhein-Westfalen,DE-NW,1
92,2013-12-20,2,5+1,Germany,DEU,Rheinland-Pfalz,DE-RP,1
92,2013-12-20,3,5+0,Germany,DEU,Hessen,DE-HE,1
92,2013-12-20,3,5+0,Germany,DEU,Niedersachsen,DE-NI,1
92,2013-12-20,3,5+0,Germany,DEU,Nordrhein-Westfalen,DE-NW,1
92,2013-12-20,3,5+0,Denmark,DNK,,,1
93,2013-12-27,3,5+0,Germany,DEU,Bayern,DE-BY,1
94,2014-01-03,2,5+1,Denmark,DNK,,,2
94,2014-01-03,2,5+1,Finland,FIN,,,1
94,2014-01-03,3,5+0,Italy,ITA,,,1
94,2014-01-03,3,5+0,Sweden,SWE,,,1
95,2014-01-10,1,5+2,Croatia,HRV,,,1
95,2014-01-10,2,5+1,Germany,DEU,Baden-Württemberg,DE-BW,1
95,2014-01-10,2,5+1,Germany,DEU,Bayern,DE-BY,1
95,2014-01-10,2,5+1,Germany,DEU,Nordrhein-Westfalen,DE-NW,1
95,2014-01-10,2,5+1,Finland,FIN,,,1
95,2014-01-10,3,5+0,Germany,DEU,Nordrhein-Westfalen,DE-NW,2
95,2014-01-10,3,5+0,Denmark,DNK,,,2
95,2014-01-10,3,5+0,Lithuania,LTU,,,1
96,2014-01-17,2,5+1,Germany,DEU,Bayern,DE-BY,1
96,2014-01-17,2,5+1,Germany,DEU,Niedersachsen,DE-NI,1
96,2014-01-17,2,5+1,Italy,ITA,,,1
96,2014-01-17,3,5+0,Germany,DEU,Hessen,DE-HE,1
96,2014-01-17,3,5+0,Germany,DEU,Sachsen,DE-SN,1
96,2014-01-17,3,5+0,Croatia,HRV,,,1
96,2014-01-17,3,5+0,Sweden,SWE,,,1
97,2014-01-24,2,5+1,Italy,ITA,,,1
97,2014-01-24,3,5+0,Germany,DEU,Baden-Württemberg,DE-BW,1
97,2014-01-24,3,5+0,Germany,DEU,Nordrhein-Westfalen,DE-NW,1
97,2014-01-24,3,5+0,Denmark,DNK,,,1
98,2014-01-31,2,5+1,Germany,DEU,Sachsen-Anhalt,DE-ST,1
98,2014-01-31,3,5+0,Germany,DEU,Bayern,DE-BY,2
98,2014-01-31,3,5+0,Germany,DEU,Nordrhein-Westfalen,DE-NW,1
98,2014-01-31,3,5+0,Germany,DEU,Rheinland-Pfalz,DE-RP,1
99,2014-02-07,3,5+0,Germany,DEU,Hamburg,DE-HH,1
99,2014-02-07,3,5+0,Germany,DEU,Hessen,DE-HE,1
100,2014-02-14,2,5+1,Germany,DEU,Bayern,DE-BY,1
100,2014-02-14,2,5+1,Denmark,DNK,,,1
100,2014-02-14,2,5+1,Spain,ESP,,,1
100,2014-02-14,3,5+0,Denmark,DNK,,,2
100,2014-02-14,3,5+0,Finland,FIN,,,1
101,2014-02-21,2,5+1,Germany,DEU,Rheinland-Pfalz,DE-RP,1
101,2014-02-21,2,5+1,Denmark,DNK,,,1
101,2014-02-21,3,5+0,Germany,DEU,Baden-Württemberg,DE-BW,1
102,2014-02-28,2,5+1,Germany,DEU,Nordrhein-Westfalen,DE-NW,1
102,2014-02-28,2,5+1,Denmark,DNK,,,1
102,2014-02-28,2,5+1,Norway,NOR,,,1
103,2014-03-07,2,5+1,Germany,DEU,Sachsen,DE-SN,1
103,2014-03-07,3,5+0,Finland,FIN,,,4
103,2014-03-07,3,5+0,Latvia,LVA,,,1
104,2014-03-14,3,5+0,Germany,DEU,Hessen,DE-HE,2
104,2014-03-14,3,5+0,Denmark,DNK,,,2
104,2014-03-14,3,5+0,Finland,FIN,,,1
104,2014-03-14,3,5+0,Slovenia,SVN,,,1
105,2014-03-21,2,5+1,Germany,DEU,Baden-Württemberg,DE-BW,1
105,2014-03-21,2,5+1,Denmark,DNK,,,2
105,2014-03-21,2,5+1,Italy,ITA,,,1
105,2014-03-21,3,5+0,Germany,DEU,Nordrhein-Westfalen,DE-NW,1
105,2014-03-21,3,5+0,Germany,DEU,Rheinland-Pfalz,DE-RP,1
105,2014-03-21,3,5+0,Finland,FIN,,,1
105,2014-03-21,3,5+0,Italy,ITA,,,1
106,2014-03-28,2,5+1,Germany,DEU,Nordrhein-Westfalen,DE-NW,1
106,2014-03-28,2,5+1,Finland,FIN,,,1
106,2014-03-28,3,5+0,Germany,DEU,Mecklenburg-Vorpommern,DE-MV,1
107,2014-04-04,1,5+2,Finland,FIN,,,1
107,2014-04-04,2,5+1,Germany,DEU,Baden-Württemberg,DE-BW,2
107,2014-04-04,2,5+1,Germany,DEU,Bayern,DE-BY,2
107,2014-04-04,2,5+1,Germany,DEU,Sachsen,DE-SN,1
107,2014-04-04,3,5+0,Germany,DEU,Baden-Württemberg,DE-BW,1
107,2014-04-04,3,5+0,Germany,DEU,Niedersachsen,DE-NI,1
107,2014-04-04,3,5+0,Germany,DEU,Nordrhein-Westfalen,DE-NW,1
107,2014-04-04,3,5+0,Denmark,DNK,,,1
107,2014-04-04,3,5+0,Finland,FIN,,,3
108,2014-04-11,3,5+0,Germany,DEU,Niedersachsen,DE-NI,1
108,2014-04-11,3,5+0,Denmark,DNK,,,1
108,2014-04-11,3,5+0,Croatia,HRV,,,1
108,2014-04-11,3,5+0,Netherlands,NLD,,,1
108,2014-04-11,3,5+0,Spain,ESP,,,1
109,2014-04-18,2,5+1,Germany,DEU,Brandenburg,DE-BB,1
109,2014-04-18,3,5+0,Germany,DEU,Baden-Württemberg,DE-BW,1
109,2014-04-18,3,5+0,Germany,DEU,Nordrhein-Westfalen,DE-NW,1
109,2014-04-18,3,5+0,Denmark,DNK,,,1
109,2014-04-18,3,5+0,Finland,FIN,,,1
109,2014-04-18,3,5+0,Italy,ITA,,,1
109,2014-04-18,3,5+0,Sweden,SWE,,,1
110,2014-04-25,2,5+1,Italy,ITA,,,1
110,2014-04-25,3,5+0,Norway,NOR,,,1
110,2014-04-25,3,5+0,Spain,ESP,,,2
111,2014-05-02,2,5+1,Finland,FIN,,,2
111,2014-05-02,2,5+1,Netherlands,NLD,,,1
111,2014-05-02,3,5+0,Germany,DEU,Baden-Württemberg,DE-BW,1
112,2014-05-09,3,5+0,Finland,FIN,,,1
113,2014-05-16,1,5+2,Slovenia,SVN,,,1
113,2014-05-16,3,5+0,Germany,DEU,Nordrhein-Westfalen,DE-NW,1
113,2014-05-16,3,5+0,Norway,NOR,,,1
114,2014-05-23,2,5+1,Germany,DEU,Nordrhein-Westfalen,DE-NW,1
114,2014-05-23,2,5+1,Finland,FIN,,,1
114,2014-05-23,2,5+1,Italy,ITA,,,1
114,2014-05-23,3,5+0,Germany,DEU,Bayern,DE-BY,2
114,2014-05-23,3,5+0,Finland,FIN,,,1
114,2014-05-23,3,5+0,Netherlands,NLD,,,1
115,2014-05-30,2,5+1,Germany,DEU,Hessen,DE-HE,1
115,2014-05-30,2,5+1,Denmark,DNK,,,1
115,2014-05-30,2,5+1,Finland,FIN,,,1
115,2014-05-30,3,5+0,Germany,DEU,Baden-Württemberg,DE-BW,1
115,2014-05-30,3,5+0,Germany,DEU,Hessen,DE-HE,2
115,2014-05-30,3,5+0,Germany,DEU,Nordrhein-Westfalen,DE-NW,2
116,2014-06-06,2,5+1,Germany,DEU,Hessen,DE-HE,1
116,2014-06-06,2,5+1,Estonia,EST,,,1
116,2014-06-06,3,5+0,Germany,DEU,Rheinland-Pfalz,DE-RP,1
116,2014-06-06,3,5+0,Denmark,DNK,,,1
116,2014-06-06,3,5+0,Finland,FIN,,,1
118,2014-06-20,1,5+2,Germany,DEU,Niedersachsen,DE-NI,1
118,2014-06-20,2,5+1,Germany,DEU,Baden-Württemberg,DE-BW,1
118,2014-06-20,2,5+1,Germany,DEU,Nordrhein-Westfalen,DE-NW,1
118,2014-06-20,2,5+1,Denmark,DNK,,,1
118,2014-06-20,3,5+0,Germany,DEU,Niedersachsen,DE-NI,1
118,2014-06-20,3,5+0,Finland,FIN,,,2
119,2014-06-27,3,5+0,Germany,DEU,Bayern,DE-BY,1
120,2014-07-04,2,5+1,Italy,ITA,,,1
120,2014-07-04,3,5+0,Germany,DEU,Baden-Württemberg,DE-BW,1
120,2014-07-04,3,5+0,Denmark,DNK,,,1
121,2014-07-11,2,5+1,Germany,DEU,Rheinland-Pfalz,DE-RP,1
121,2014-07-11,2,5+1,Finland,FIN,,,1
121,2014-07-11,3,5+0,Germany,DEU,Rheinland-Pfalz,DE-RP,1
122,2014-07-18,2,5+1,Germany,DEU,Rheinland-Pfalz,DE-RP,1
122,2014-07-18,3,5+0,Germany,DEU,Nordrhein-Westfalen,DE-NW,1
122,2014-07-18,3,5+0,Italy,ITA,,,1
123,2014-07-25,2,5+1,Germany,DEU,Baden-Württemberg,DE-BW,1
123,2014-07-25,2,5+1,Denmark,DNK,,,1
123,2014-07-25,2,5+1,Finland,FIN,,,1
123,2014-07-25,3,5+0,Netherlands,NLD,,,1
124,2014-08-01,2,5+1,Germany,DEU,Bayern,DE-BY,1
124,2014-08-01,2,5+1,Germany,DEU,Hessen,DE-HE,1
124,2014-08-01,2,5+1,Germany,DEU,Rheinland-Pfalz,DE-RP,1
124,2014-08-01,2,5+1,Germany,DEU,Thüringen,DE-TH,1
124,2014-08-01,2,5+1,Finland,FIN,,,1
124,2014-08-01,3,5+0,Germany,DEU,Baden-Württemberg,DE-BW,2
124,2014-08-01,3,5+0,Germany,DEU,Niedersachsen,DE-NI,1
124,2014-08-01,3,5+0,Germany,DEU,Nordrhein-Westfalen,DE-NW,1
124,2014-08-01,3,5+0,Germany,DEU,Schleswig-Holstein,DE-SH,1
124,2014-08-01,3,5+0,Denmark,DNK,,,1
125,2014-08-08,2,5+1,Germany,DEU,Baden-Württemberg,DE-BW,1
125,2014-08-08,2,5+1,Germany,DEU,Bayern,DE-BY,1
125,2014-08-08,3,5+0,Germany,DEU,Baden-Württemberg,DE-BW,1
125,2014-08-08,3,5+0,Finland,FIN,,,1
125,2014-08-08,3,5+0,Italy,ITA,,,1
126,2014-08-15,2,5+1,Denmark,DNK,,,3
126,2014-08-15,3,5+0,Denmark,DNK,,,1
126,2014-08-15,3,5+0,Croatia,HRV,,,1
126,2014-08-15,3,5+0,Spain,ESP,,,1
127,2014-08-22,2,5+1,Germany,DEU,Nordrhein-Westfalen,DE-NW,1
127,2014-08-22,3,5+0,Germany,DEU,Hamburg,DE-HH,1
127,2014-08-22,3,5+0,Finland,FIN,,,1
127,2014-08-22,3,5+0,Spain,ESP,,,1
128,2014-08-29,2,5+1,Germany,DEU,Hessen,DE-HE,2
128,2014-08-29,3,5+0,Germany,DEU,Hamburg,DE-HH,1
129,2014-09-05,2,5+1,Italy,ITA,,,1
129,2014-09-05,3,5+0,Germany,DEU,Nordrhein-Westfalen,DE-NW,1
129,2014-09-05,3,5+0,Germany,DEU,Saarland,DE-SL,1
129,2014-09-05,3,5+0,Finland,FIN,,,2
129,2014-09-05,3,5+0,Norway,NOR,,,1
129,2014-09-05,3,5+0,Spain,ESP,,,1
130,2014-09-12,1,5+2,Finland,FIN,,,1
130,2014-09-12,2,5+1,Germany,DEU,Brandenburg,DE-BB,1
130,2014-09-12,2,5+1,Germany,DEU,Hessen,DE-HE,1
130,2014-09-12,2,5+1,Germany,DEU,Nordrhein-Westfalen,DE-NW,2
130,2014-09-12,2,5+1,Finland,FIN,,,2
130,2014-09-12,2,5+1,Croatia,HRV,,,1
130,2014-09-12,2,5+1,Norway,NOR,,,1
130,2014-09-12,2,5+1,Spain,ESP,,,1
130,2014-09-12,3,5+0,Germany,DEU,Baden-Württemberg,DE-BW,2
130,2014-09-12,3,5+0,Germany,DEU,Bremen,DE-HB,1
130,2014-09-12,3,5+0,Germany,DEU,Nordrhein-Westfalen,DE-NW,2
130,2014-09-12,3,5+0,Germany,DEU,Sachsen,DE-SN,1
130,2014-09-12,3,5+0,Croatia,HRV,,,1
130,2014-09-12,3,5+0,Norway,NOR,,,1
131,2014-09-19,2,5+1,Denmark,DNK,,,1
131,2014-09-19,3,5+0,Germany,DEU,Nordrhein-Westfalen,DE-NW,1
131,2014-09-19,3,5+0,Slovenia,SVN,,,1
132,2014-09-26,3,5+0,Germany,DEU,Nordrhein-Westfalen,DE-NW,1
132,2014-09-26,3,5+0,Croatia,HRV,,,1
133,2014-10-03,1,5+2,Germany,DEU,Nordrhein-Westfalen,DE-NW,1
133,2014-10-03,2,5+1,Germany,DEU,Schleswig-Holstein,DE-SH,1
133,2014-10-03,3,5+0,Croatia,HRV,,,1
134,2014-10-10,2,5+1,Finland,FIN,,,1
134,2014-10-10,3,5+0,Germany,DEU,Nordrhein-Westfalen,DE-NW,1
134,2014-10-10,3,5+0,Estonia,EST,,,1
134,2014-10-10,3,5+0,Finland,FIN,,,2
135,2014-10-17,2,5+1,Germany,DEU,Nordrhein-Westfalen,DE-NW,1
135,2014-10-17,2,5+1,Italy,ITA,,,1
135,2014-10-17,3,5+0,Germany,DEU,Bayern,DE-BY,1
135,2014-10-17,3,5+0,Germany,DEU,Brandenburg,DE-BB,1
135,2014-10-17,3,5+0,Finland,FIN,,,1
136,2014-10-24,2,5+1,Germany,DEU,Rheinland-Pfalz,DE-RP,1
136,2014-10-24,2,5+1,Germany,DEU,Sachsen,DE-SN,1
136,2014-10-24,2,5+1,Germany,DEU,Thüringen,DE-TH,1
136,2014-10-24,2,5+1,Finland,FIN,,,2
136,2014-10-24,2,5+1,Netherlands,NLD,,,1
136,2014-10-24,3,5+0,Germany,DEU,Schleswig-Holstein,DE-SH,1
136,2014-10-24,3,5+0,Italy,ITA,,,1
137,2014-10-31,2,5+1,Germany,DEU,Saarland,DE-SL,1
137,2014-10-31,2,5+1,Finland,FIN,,,1
137,2014-10-31,3,5+0,Germany,DEU,Thüringen,DE-TH,1
137,2014-10-31,3,5+0,Denmark,DNK,,,1
137,2014-10-31,3,5+0,Finland,FIN,,,1
138,2014-11-07,2,5+1,Germany,DEU,Baden-Württemberg,DE-BW,2
138,2014-11-07,2,5+1,Italy,ITA,,,1
138,2014-11-07,3,5+0,Germany,DEU,Baden-Württemberg,DE-BW,1
138,2014-11-07,3,5+0,Germany,DEU,Bayern,DE-BY,1
138,2014-11-07,3,5+0,Germany,DEU,Nordrhein-Westfalen,DE-NW,1
138,2014-11-07,3,5+0,Germany,DEU,Schleswig-Holstein,DE-SH,1
138,2014-11-07,3,5+0,Denmark,DNK,,,1
138,2014-11-07,3,5+0,Netherlands,NLD,,,1
139,2014-11-14,3,5+0,Estonia,EST,,,1
139,2014-11-14,3,5+0,Sweden,SWE,,,1
139,2014-11-14,3,5+0,Slovenia,SVN,,,1
140,2014-11-21,2,5+1,Germany,DEU,Nordrhein-Westfalen,DE-NW,1
140,2014-11-21,2,5+1,Denmark,DNK,,,2
140,2014-11-21,2,5+1,Czechia,CZE,,,1
140,2014-11-21,3,5+0,Germany,DEU,Berlin,DE-BE,1
140,2014-11-21,3,5+0,Germany,DEU,Hessen,DE-HE,1
140,2014-11-21,3,5+0,Germany,DEU,Nordrhein-Westfalen,DE-NW,2
140,2014-11-21,3,5+0,Denmark,DNK,,,1
141,2014-11-28,3,5+0,Germany,DEU,Nordrhein-Westfalen,DE-NW,2
141,2014-11-28,3,5+0,Estonia,EST,,,1
142,2014-12-05,1,5+2,Germany,DEU,Hessen,DE-HE,1
142,2014-12-05,2,5+1,Finland,FIN,,,1
142,2014-12-05,2,5+1,Italy,ITA,,,1
142,2014-12-05,3,5+0,Estonia,EST,,,1
142,2014-12-05,3,5+0,Finland,FIN,,,1
142,2014-12-05,3,5+0,Norway,NOR,,,1
143,2014-12-12,2,5+1,Germany,DEU,Nordrhein-Westfalen,DE-NW,1
143,2014-12-12,2,5+1,Finland,FIN,,,1
143,2014-12-12,3,5+0,Germany,DEU,Berlin,DE-BE,2
143,2014-12-12,3,5+0,Germany,DEU,Nordrhein-Westfalen,DE-NW,1
143,2014-12-12,3,5+0,Denmark,DNK,,,2
144,2014-12-19,2,5+1,Germany,DEU,Bayern,DE-BY,1
144,2014-12-19,2,5+1,Germany,DEU,Berlin,DE-BE,1
144,2014-12-19,2,5+1,Croatia,HRV,,,1
144,2014-12-19,2,5+1,Hungary,HUN,,,1
144,2014-12-19,3,5+0,Germany,DEU,Hessen,DE-HE,1
144,2014-12-19,3,5+0,Germany,DEU,Nordrhein-Westfalen,DE-NW,1
144,2014-12-19,3,5+0,Denmark,DNK,,,1
144,2014-12-19,3,5+0,Iceland,ISL,,,1
145,2014-12-26,1,5+2,Finland,FIN,,,1
145,2014-12-26,2,5+1,Germany,DEU,Nordrhein-Westfalen,DE-NW,1
145,2014-12-26,2,5+1,Finland,FIN,,,4
145,2014-12-26,3,5+0,Germany,DEU,Baden-Württemberg,DE-BW,1
145,2014-12-26,3,5+0,Germany,DEU,Nordrhein-Westfalen,DE-NW,1
145,2014-12-26,3,5+0,Denmark,DNK,,,1
145,2014-12-26,3,5+0,Finland,FIN,,,1
146,2015-01-02,2,5+1,Germany,DEU,Nordrhein-Westfalen,DE-NW,1
146,2015-01-02,2,5+1,Denmark,DNK,,,1
146,2015-01-02,3,5+0,Denmark,DNK,,,1
146,2015-01-02,3,5+0,Finland,FIN,,,1
146,2015-01-02,3,5+0,Italy,ITA,,,1
147,2015-01-09,2,5+1,Germany,DEU,Niedersachsen,DE-NI,1
147,2015-01-09,2,5+1,Germany,DEU,Nordrhein-Westfalen,DE-NW,1
147,2015-01-09,3,5+0,Hungary,HUN,,,1
148,2015-01-16,2,5+1,Germany,DEU,Berlin,DE-BE,1
148,2015-01-16,2,5+1,Estonia,EST,,,1
148,2015-01-16,2,5+1,Spain,ESP,,,1
148,2015-01-16,3,5+0,Germany,DEU,Baden-Württemberg,DE-BW,1
148,2015-01-16,3,5+0,Denmark,DNK,,,1
148,2015-01-16,3,5+0,Czechia,CZE,,,1
149,2015-01-23,2,5+1,Germany,DEU,Bayern,DE-BY,1
149,2015-01-23,2,5+1,Germany,DEU,Nordrhein-Westfalen,DE-NW,2
149,2015-01-23,3,5+0,Germany,DEU,Nordrhein-Westfalen,DE-NW,1
149,2015-01-23,3,5+0,Finland,FIN,,,1
149,2015-01-23,3,5+0,Croatia,HRV,,,1
149,2015-01-23,3,5+0,Spain,ESP,,,1
150,2015-01-30,3,5+0,Denmark,DNK,,,2
150,2015-01-30,3,5+0,Finland,FIN,,,1
151,2015-02-06,3,5+0,Germany,DEU,Nordrhein-Westfalen,DE-NW,1
151,2015-02-06,3,5+0,Finland,FIN,,,1
151,2015-02-06,3,5+0,Italy,ITA,,,1
151,2015-02-06,3,5+0,Croatia,HRV,,,1
151,2015-02-06,3,5+0,Hungary,HUN,,,1
152,2015-02-13,2,5+1,Germany,DEU,Bayern,DE-BY,1
152,2015-02-13,2,5+1,Finland,FIN,,,1
152,2015-02-13,2,5+1,Hungary,HUN,,,1
152,2015-02-13,3,5+0,Germany,DEU,Bayern,DE-BY,1
152,2015-02-13,3,5+0,Germany,DEU,Brandenburg,DE-BB,1
152,2015-02-13,3,5+0,Germany,DEU,Nordrhein-Westfalen,DE-NW,1
152,2015-02-13,3,5+0,Germany,DEU,Rheinland-Pfalz,DE-RP,1
152,2015-02-13,3,5+0,Denmark,DNK,,,2
152,2015-02-13,3,5+0,Hungary,HUN,,,1
153,2015-02-20,1,5+2,Denmark,DNK,,,1
153,2015-02-20,2,5+1,Germany,DEU,Baden-Württemberg,DE-BW,1
153,2015-02-20,2,5+1,Germany,DEU,Rheinland-Pfalz,DE-RP,1
153,2015-02-20,2,5+1,Denmark,DNK,,,2
153,2015-02-20,2,5+1,Finland,FIN,,,1
153,2015-02-20,3,5+0,Germany,DEU,Nordrhein-Westfalen,DE-NW,1
153,2015-02-20,3,5+0,Finland,FIN,,,1
154,2015-02-27,2,5+1,Germany,DEU,Niedersachsen,DE-NI,1
154,2015-02-27,2,5+1,Germany,DEU,Sachsen-Anhalt,DE-ST,1
154,2015-02-27,3,5+0,Netherlands,NLD,,,1
155,2015-03-06,2,5+1,Germany,DEU,Bayern,DE-BY,1
155,2015-03-06,3,5+0,Finland,FIN,,,1
155,2015-03-06,3,5+0,Spain,ESP,,,1
156,2015-03-13,2,5+1,Germany,DEU,Rheinland-Pfalz,DE-RP,1
156,2015-03-13,2,5+1,Estonia,EST,,,1
156,2015-03-13,2,5+1,Finland,FIN,,,1
156,2015-03-13,3,5+0,Germany,DEU,Hessen,DE-HE,1
156,2015-03-13,3,5+0,Germany,DEU,Nordrhein-Westfalen,DE-NW,1
156,2015-03-13,3,5+0,Denmark,DNK,,,2
156,2015-03-13,3,5+0,Italy,ITA,,,1
156,2015-03-13,3,5+0,Czechia,CZE,,,1
157,2015-03-20,2,5+1,Germany,DEU,Baden-Württemberg,DE-BW,1
157,2015-03-20,2,5+1,Germany,DEU,Bayern,DE-BY,1
157,2015-03-20,2,5+1,Germany,DEU,Thüringen,DE-TH,1
157,2015-03-20,3,5+0,Germany,DEU,Bayern,DE-BY,2
157,2015-03-20,3,5+0,Netherlands,NLD,,,1
158,2015-03-27,3,5+0,Germany,DEU,Nordrhein-Westfalen,DE-NW,1
158,2015-03-27,3,5+0,Denmark,DNK,,,1
158,2015-03-27,3,5+0,Sweden,SWE,,,1
158,2015-03-27,3,5+0,Spain,ESP,,,1
159,2015-04-03,2,5+1,Germany,DEU,Nordrhein-Westfalen,DE-NW,1
159,2015-04-03,2,5+1,Denmark,DNK,,,1
159,2015-04-03,3,5+0,Germany,DEU,Sachsen,DE-SN,1
159,2015-04-03,3,5+0,Croatia,HRV,,,1
159,2015-04-03,3,5+0,Slovenia,SVN,,,1
160,2015-04-10,2,5+1,Germany,DEU,Bayern,DE-BY,1
160,2015-04-10,2,5+1,Germany,DEU,Niedersachsen,DE-NI,1
160,2015-04-10,2,5+1,Finland,FIN,,,1
160,2015-04-10,2,5+1,Sweden,SWE,,,1
160,2015-04-10,2,5+1,Slovenia,SVN,,,1
160,2015-04-10,3,5+0,Germany,DEU,Baden-Württemberg,DE-BW,1
160,2015-04-10,3,5+0,Germany,DEU,Berlin,DE-BE,1
160,2015-04-10,3,5+0,Denmark,DNK,,,2
160,2015-04-10,3,5+0,Spain,ESP,,,1
161,2015-04-17,2,5+1,Germany,DEU,Niedersachsen,DE-NI,1
161,2015-04-17,2,5+1,Germany,DEU,Nordrhein-Westfalen,DE-NW,3
161,2015-04-17,2,5+1,Italy,ITA,,,1
161,2015-04-17,2,5+1,Spain,ESP,,,1
161,2015-04-17,3,5+0,Denmark,DNK,,,1
162,2015-04-24,2,5+1,Germany,DEU,Baden-Württemberg,DE-BW,1
162,2015-04-24,2,5+1,Germany,DEU,Bayern,DE-BY,1
162,2015-04-24,2,5+1,Germany,DEU,Berlin,DE-BE,1
162,2015-04-24,2,5+1,Germany,DEU,Hessen,DE-HE,1
162,2015-04-24,2,5+1,Finland,FIN,,,1
162,2015-04-24,2,5+1,Croatia,HRV,,,1
162,2015-04-24,2,5+1,Lithuania,LTU,,,1
162,2015-04-24,3,5+0,Germany,DEU,Bayern,DE-BY,3
162,2015-04-24,3,5+0,Germany,DEU,Hessen,DE-HE,3
162,2015-04-24,3,5+0,Germany,DEU,Nordrhein-Westfalen,DE-NW,1
162,2015-04-24,3,5+0,Germany,DEU,Schleswig-Holstein,DE-SH,1
162,2015-04-24,3,5+0,Finland,FIN,,,2
162,2015-04-24,3,5+0,Italy,ITA,,,1
162,2015-04-24,3,5+0,Netherlands,NLD,,,1
163,2015-05-01,2,5+1,Denmark,DNK,,,1
163,2015-05-01,3,5+0,Germany,DEU,Nordrhein-Westfalen,DE-NW,1
163,2015-05-01,3,5+0,Finland,FIN,,,2
163,2015-05-01,3,5+0,Czechia,CZE,,,1
164,2015-05-08,2,5+1,Germany,DEU,Brandenburg,DE-BB,1
164,2015-05-08,2,5+1,Germany,DEU,Nordrhein-Westfalen,DE-NW,1
164,2015-05-08,3,5+0,Germany,DEU,Baden-Württemberg,DE-BW,1
164,2015-05-08,3,5+0,Germany,DEU,Hessen,DE-HE,2
164,2015-05-08,3,5+0,Germany,DEU,Nordrhein-Westfalen,DE-NW,1
165,2015-05-15,1,5+2,Czechia,CZE,,,1
165,2015-05-15,2,5+1,Germany,DEU,Thüringen,DE-TH,1
165,2015-05-15,2,5+1,Lithuania,LTU,,,1
165,2015-05-15,2,5+1,Spain,ESP,,,1
165,2015-05-15,3,5+0,Germany,DEU,Baden-Württemberg,DE-BW,1
165,2015-05-15,3,5+0,Germany,DEU,Berlin,DE-BE,1
165,2015-05-15,3,5+0,Germany,DEU,Brandenburg,DE-BB,1
165,2015-05-15,3,5+0,Germany,DEU,Hamburg,DE-HH,1
165,2015-05-15,3,5+0,Germany,DEU,Nordrhein-Westfalen,DE-NW,1
165,2015-05-15,3,5+0,Spain,ESP,,,1
166,2015-05-22,2,5+1,Denmark,DNK,,,1
166,2015-05-22,2,5+1,Finland,FIN,,,1
166,2015-05-22,2,5+1,Spain,ESP,,,1
166,2015-05-22,3,5+0,Germany,DEU,Nordrhein-Westfalen,DE-NW,1
166,2015-05-22,3,5+0,Sweden,SWE,,,1
167,2015-05-29,2,5+1,Germany,DEU,Bayern,DE-BY,1
167,2015-05-29,2,5+1,Finland,FIN,,,1
167,2015-05-29,3,5+0,Italy,ITA,,,1
168,2015-06-05,1,5+2,Finland,FIN,,,1
168,2015-06-05,2,5+1,Germany,DEU,Rheinland-Pfalz,DE-RP,1
168,2015-06-05,3,5+0,Norway,NOR,,,1
169,2015-06-12,2,5+1,Germany,DEU,Nordrhein-Westfalen,DE-NW,1
169,2015-06-12,2,5+1,Finland,FIN,,,1
169,2015-06-12,2,5+1,Croatia,HRV,,,1
169,2015-06-12,3,5+0,Germany,DEU,Baden-Württemberg,DE-BW,1
169,2015-06-12,3,5+0,Iceland,ISL,,,1
169,2015-06-12,3,5+0,Italy,ITA,,,1
170,2015-06-19,2,5+1,Germany,DEU,Saarland,DE-SL,1
170,2015-06-19,3,5+0,Italy,ITA,,,1
170,2015-06-19,3,5+0,Sweden,SWE,,,1
171,2015-06-26,2,5+1,Germany,DEU,Bayern,DE-BY,1
171,2015-06-26,3,5+0,Germany,DEU,Hessen,DE-HE,1
171,2015-06-26,3,5+0,Germany,DEU,Nordrhein-Westfalen,DE-NW,1
171,2015-06-26,3,5+0,Italy,ITA,,,1
172,2015-07-03,3,5+0,Germany,DEU,Bremen,DE-HB,1
172,2015-07-03,3,5+0,Germany,DEU,Rheinland-Pfalz,DE-RP,1
172,2015-07-03,3,5+0,Finland,FIN,,,1
172,2015-07-03,3,5+0,Hungary,HUN,,,1
173,2015-07-10,3,5+0,Germany,DEU,Brandenburg,DE-BB,1
174,2015-07-17,2,5+1,Germany,DEU,Baden-Württemberg,DE-BW,1
174,2015-07-17,2,5+1,Finland,FIN,,,2
174,2015-07-17,2,5+1,Croatia,HRV,,,1
174,2015-07-17,2,5+1,Norway,NOR,,,1
174,2015-07-17,3,5+0,Germany,DEU,Hessen,DE-HE,1
174,2015-07-17,3,5+0,Germany,DEU,Niedersachsen,DE-NI,1
174,2015-07-17,3,5+0,Germany,DEU,Nordrhein-Westfalen,DE-NW,1
174,2015-07-17,3,5+0,Italy,ITA,,,1
174,2015-07-17,3,5+0,Croatia,HRV,,,1
174,2015-07-17,3,5+0,Spain,ESP,,,1
174,2015-07-17,3,5+0,Czechia,CZE,,,1
175,2015-07-24,1,5+2,Finland,FIN,,,1
175,2015-07-24,2,5+1,Spain,ESP,,,1
175,2015-07-24,2,5+1,Hungary,HUN,,,1
175,2015-07-24,3,5+0,Germany,DEU,Baden-Württemberg,DE-BW,1
175,2015-07-24,3,5+0,Germany,DEU,Brandenburg,DE-BB,1
175,2015-07-24,3,5+0,Germany,DEU,Hessen,DE-HE,1
175,2015-07-24,3,5+0,Germany,DEU,Rheinland-Pfalz,DE-RP,2
175,2015-07-24,3,5+0,Germany,DEU,Sachsen,DE-SN,1
175,2015-07-24,3,5+0,Germany,DEU,Schleswig-Holstein,DE-SH,1
175,2015-07-24,3,5+0,Denmark,DNK,,,1
175,2015-07-24,3,5+0,Finland,FIN,,,1
176,2015-07-31,2,5+1,Germany,DEU,Hessen,DE-HE,1
176,2015-07-31,2,5+1,Denmark,DNK,,,1
176,2015-07-31,2,5+1,Italy,ITA,,,1
176,2015-07-31,2,5+1,Spain,ESP,,,1
176,2015-07-31,3,5+0,Germany,DEU,Baden-Württemberg,DE-BW,1
176,2015-07-31,3,5+0,Denmark,DNK,,,1
176,2015-07-31,3,5+0,Italy,ITA,,,1
176,2015-07-31,3,5+0,Netherlands,NLD,,,1
177,2015-08-07,2,5+1,Germany,DEU,Hessen,DE-HE,1
177,2015-08-07,2,5+1,Germany,DEU,Nordrhein-Westfalen,DE-NW,1
177,2015-08-07,2,5+1,Finland,FIN,,,1
177,2015-08-07,3,5+0,Germany,DEU,Bayern,DE-BY,1
177,2015-08-07,3,5+0,Germany,DEU,Niedersachsen,DE-NI,1
177,2015-08-07,3,5+0,Estonia,EST,,,1
178,2015-08-14,2,5+1,Germany,DEU,Berlin,DE-BE,1
178,2015-08-14,2,5+1,Denmark,DNK,,,1
178,2015-08-14,2,5+1,Sweden,SWE,,,1
178,2015-08-14,3,5+0,Finland,FIN,,,1
179,2015-08-21,2,5+1,Germany,DEU,Bayern,DE-BY,1
179,2015-08-21,2,5+1,Estonia,EST,,,1
179,2015-08-21,3,5+0,Germany,DEU,Hamburg,DE-HH,1
179,2015-08-21,3,5+0,Denmark,DNK,,,1
180,2015-08-28,2,5+1,Denmark,DNK,,,1
180,2015-08-28,2,5+1,Italy,ITA,,,2
180,2015-08-28,2,5+1,Croatia,HRV,,,1
180,2015-08-28,2,5+1,Slovenia,SVN,,,1
180,2015-08-28,3,5+0,Finland,FIN,,,1
180,2015-08-28,3,5+0,Italy,ITA,,,2
181,2015-09-04,1,5+2,Finland,FIN,,,1
181,2015-09-04,2,5+1,Germany,DEU,Baden-Württemberg,DE-BW,1
181,2015-09-04,2,5+1,Germany,DEU,Nordrhein-Westfalen,DE-NW,1
181,2015-09-04,2,5+1,Finland,FIN,,,2
181,2015-09-04,3,5+0,Germany,DEU,Niedersachsen,DE-NI,1
182,2015-09-11,2,5+1,Germany,DEU,Nordrhein-Westfalen,DE-NW,2
182,2015-09-11,2,5+1,Finland,FIN,,,1
182,2015-09-11,2,5+1,Spain,ESP,,,1
182,2015-09-11,3,5+0,Germany,DEU,Rheinland-Pfalz,DE-RP,1
182,2015-09-11,3,5+0,Denmark,DNK,,,1
182,2015-09-11,3,5+0,Italy,ITA,,,1
183,2015-09-18,2,5+1,Germany,DEU,Bayern,DE-BY,1
183,2015-09-18,2,5+1,Germany,DEU,Nordrhein-Westfalen,DE-NW,1
183,2015-09-18,2,5+1,Finland,FIN,,,1
183,2015-09-18,3,5+0,Germany,DEU,Nordrhein-Westfalen,DE-NW,1
183,2015-09-18,3,5+0,Italy,ITA,,,1
184,2015-09-25,2,5+1,Italy,ITA,,,1
184,2015-09-25,3,5+0,Denmark,DNK,,,1
185,2015-10-02,2,5+1,Germany,DEU,Nordrhein-Westfalen,DE-NW,1
185,2015-10-02,2,5+1,Denmark,DNK,,,1
185,2015-10-02,2,5+1,Finland,FIN,,,1
185,2015-10-02,2,5+1,Italy,ITA,,,1
185,2015-10-02,3,5+0,Germany,DEU,Bayern,DE-BY,1
185,2015-10-02,3,5+0,Germany,DEU,Hessen,DE-HE,1
185,2015-10-02,3,5+0,Germany,DEU,Niedersachsen,DE-NI,1
185,2015-10-02,3,5+0,Germany,DEU,Nordrhein-Westfalen,DE-NW,4
185,2015-10-02,3,5+0,Finland,FIN,,,1
186,2015-10-09,1,5+2,Spain,ESP,,,1
186,2015-10-09,2,5+1,Finland,FIN,,,1
186,2015-10-09,3,5+0,Germany,DEU,Bayern,DE-BY,1
186,2015-10-09,3,5+0,Denmark,DNK,,,1
186,2015-10-09,3,5+0,Finland,FIN,,,1
186,2015-10-09,3,5+0,Croatia,HRV,,,1
187,2015-10-16,2,5+1,Germany,DEU,Thüringen,DE-TH,1
187,2015-10-16,3,5+0,Denmark,DNK,,,1
187,2015-10-16,3,5+0,Italy,ITA,,,2
188,2015-10-23,2,5+1,Germany,DEU,Baden-Württemberg,DE-BW,2
188,2015-10-23,2,5+1,Denmark,DNK,,,1
188,2015-10-23,3,5+0,Germany,DEU,Niedersachsen,DE-NI,1
188,2015-10-23,3,5+0,Germany,DEU,Nordrhein-Westfalen,DE-NW,1
188,2015-10-23,3,5+0,Italy,ITA,,,1
188,2015-10-23,3,5+0,Norway,NOR,,,1
189,2015-10-30,2,5+1,Germany,DEU,Bayern,DE-BY,1
189,2015-10-30,3,5+0,Denmark,DNK,,,1
189,2015-10-30,3,5+0,Finland,FIN,,,1
189,2015-10-30,3,5+0,Croatia,HRV,,,1
189,2015-10-30,3,5+0,Sweden,SWE,,,1
189,2015-10-30,3,5+0,Slovenia,SVN,,,1
190,2015-11-06,2,5+1,Germany,DEU,Mecklenburg-Vorpommern,DE-MV,1
190,2015-11-06,2,5+1,Germany,DEU,Nordrhein-Westfalen,DE-NW,3
190,2015-11-06,2,5+1,Denmark,DNK,,,1
190,2015-11-06,2,5+1,Finland,FIN,,,1
190,2015-11-06,3,5+0,Germany,DEU,Baden-Württemberg,DE-BW,2
190,2015-11-06,3,5+0,Germany,DEU,Bayern,DE-BY,1
190,2015-11-06,3,5+0,Germany,DEU,Brandenburg,DE-BB,1
190,2015-11-06,3,5+0,Germany,DEU,Nordrhein-Westfalen,DE-NW,3
190,2015-11-06,3,5+0,Finland,FIN,,,1
190,2015-11-06,3,5+0,Italy,ITA,,,3
190,2015-11-06,3,5+0,Sweden,SWE,,,2
190,2015-11-06,3,5+0,Slovakia,SVK,,,1
190,2015-11-06,3,5+0,Slovenia,SVN,,,1
190,2015-11-06,3,5+0,Hungary,HUN,,,1
191,2015-11-13,1,5+2,Germany,DEU,Baden-Württemberg,DE-BW,1
191,2015-11-13,2,5+1,Slovakia,SVK,,,1
191,2015-11-13,3,5+0,Germany,DEU,Nordrhein-Westfalen,DE-NW,2
191,2015-11-13,3,5+0,Denmark,DNK,,,1
191,2015-11-13,3,5+0,Croatia,HRV,,,1
191,2015-11-13,3,5+0,Spain,ESP,,,1
192,2015-11-20,2,5+1,Denmark,DNK,,,1
192,2015-11-20,3,5+0,Germany,DEU,Bayern,DE-BY,1
192,2015-11-20,3,5+0,Germany,DEU,Sachsen,DE-SN,1
192,2015-11-20,3,5+0,Estonia,EST,,,1
192,2015-11-20,3,5+0,Finland,FIN,,,1
192,2015-11-20,3,5+0,Sweden,SWE,,,1
193,2015-11-27,2,5+1,Germany,DEU,Bayern,DE-BY,1
193,2015-11-27,2,5+1,Germany,DEU,Schleswig-Holstein,DE-SH,1
193,2015-11-27,3,5+0,Germany,DEU,Nordrhein-Westfalen,DE-NW,1
193,2015-11-27,3,5+0,Germany,DEU,Sachsen,DE-SN,2
193,2015-11-27,3,5+0,Italy,ITA,,,1
193,2015-11-27,3,5+0,Croatia,HRV,,,1
193,2015-11-27,3,5+0,Spain,ESP,,,1
194,2015-12-04,2,5+1,Germany,DEU,Baden-Württemberg,DE-BW,1
194,2015-12-04,2,5+1,Germany,DEU,Bayern,DE-BY,1
194,2015-12-04,2,5+1,Germany,DEU,Niedersachsen,DE-NI,1
194,2015-12-04,2,5+1,Germany,DEU,Nordrhein-Westfalen,DE-NW,1
194,2015-12-04,2,5+1,Germany,DEU,Rheinland-Pfalz,DE-RP,1
194,2015-12-04,3,5+0,Germany,DEU,Bayern,DE-BY,1
194,2015-12-04,3,5+0,Finland,FIN,,,1
194,2015-12-04,3,5+0,Spain,ESP,,,1
194,2015-12-04,3,5+0,Hungary,HUN,,,1
195,2015-12-11,2,5+1,Germany,DEU,Nordrhein-Westfalen,DE-NW,1
195,2015-12-11,3,5+0,Germany,DEU,Nordrhein-Westfalen,DE-NW,2
195,2015-12-11,3,5+0,Denmark,DNK,,,1
195,2015-12-11,3,5+0,Finland,FIN,,,1
196,2015-12-18,2,5+1,Finland,FIN,,,3
196,2015-12-18,3,5+0,Germany,DEU,Baden-Württemberg,DE-BW,2
196,2015-12-18,3,5+0,Germany,DEU,Bremen,DE-HB,1
196,2015-12-18,3,5+0,Germany,DEU,Sachsen,DE-SN,1
196,2015-12-18,3,5+0,Denmark,DNK,,,1
196,2015-12-18,3,5+0,Finland,FIN,,,1
197,2015-12-25,2,5+1,Germany,DEU,Baden-Württemberg,DE-BW,1
197,2015-12-25,2,5+1,Germany,DEU,Hessen,DE-HE,1
197,2015-12-25,2,5+1,Finland,FIN,,,1
197,2015-12-25,3,5+0,Germany,DEU,Nordrhein-Westfalen,DE-NW,1
197,2015-12-25,3,5+0,Denmark,DNK,,,1
197,2015-12-25,3,5+0,Italy,ITA,,,1
198,2016-01-01,1,5+2,Germany,DEU,Nordrhein-Westfalen,DE-NW,1
198,2016-01-01,2,5+1,Germany,DEU,Berlin,DE-BE,1
198,2016-01-01,2,5+1,Germany,DEU,Hessen,DE-HE,1
198,2016-01-01,2,5+1,Germany,DEU,Nordrhein-Westfalen,DE-NW,1
198,2016-01-01,2,5+1,Finland,FIN,,,1
198,2016-01-01,3,5+0,Germany,DEU,Bayern,DE-BY,1
198,2016-01-01,3,5+0,Spain,ESP,,,1
199,2016-01-08,2,5+1,Germany,DEU,Baden-Württemberg,DE-BW,1
199,2016-01-08,2,5+1,Germany,DEU,Niedersachsen,DE-NI,1
199,2016-01-08,3,5+0,Denmark,DNK,,,2
200,2016-01-15,2,5+1,Germany,DEU,Nordrhein-Westfalen,DE-NW,1
200,2016-01-15,3,5+0,Germany,DEU,Nordrhein-Westfalen,DE-NW,1
200,2016-01-15,3,5+0,Denmark,DNK,,,1
200,2016-01-15,3,5+0,Finland,FIN,,,4
200,2016-01-15,3,5+0,Italy,ITA,,,1
200,2016-01-15,3,5+0,Spain,ESP,,,1
201,2016-01-22,1,5+2,Finland,FIN,,,1
201,2016-01-22,2,5+1,Norway,NOR,,,1
201,2016-01-22,3,5+0,Germany,DEU,Nordrhein-Westfalen,DE-NW,1
202,2016-01-29,3,5+0,Germany,DEU,Nordrhein-Westfalen,DE-NW,1
202,2016-01-29,3,5+0,Finland,FIN,,,2
203,2016-02-05,2,5+1,Germany,DEU,Sachsen,DE-SN,1
203,2016-02-05,3,5+0,Finland,FIN,,,1
204,2016-02-12,2,5+1,Germany,DEU,Baden-Württemberg,DE-BW,1
204,2016-02-12,2,5+1,Germany,DEU,Hessen,DE-HE,1
204,2016-02-12,3,5+0,Germany,DEU,Bayern,DE-BY,1
204,2016-02-12,3,5+0,Germany,DEU,Berlin,DE-BE,1
204,2016-02-12,3,5+0,Germany,DEU,Niedersachsen,DE-NI,1
204,2016-02-12,3,5+0,Germany,DEU,Nordrhein-Westfalen,DE-NW,4
204,2016-02-12,3,5+0,Spain,ESP,,,1
205,2016-02-19,2,5+1,Denmark,DNK,,,1
205,2016-02-19,3,5+0,Germany,DEU,Baden-Württemberg,DE-BW,1
205,2016-02-19,3,5+0,Finland,FIN,,,1
206,2016-02-26,2,5+1,Germany,DEU,Bayern,DE-BY,1
206,2016-02-26,2,5+1,Slovenia,SVN,,,1
206,2016-02-26,2,5+1,Spain,ESP,,,2
206,2016-02-26,2,5+1,Hungary,HUN,,,1
206,2016-02-26,3,5+0,Germany,DEU,Baden-Württemberg,DE-BW,1
206,2016-02-26,3,5+0,Germany,DEU,Hamburg,DE-HH,1
206,2016-02-26,3,5+0,Germany,DEU,Rheinland-Pfalz,DE-RP,1
206,2016-02-26,3,5+0,Denmark,DNK,,,2
206,2016-02-26,3,5+0,Finland,FIN,,,1
206,2016-02-26,3,5+0,Italy,ITA,,,2
206,2016-02-26,3,5+0,Netherlands,NLD,,,1
206,2016-02-26,3,5+0,Slovakia,SVK,,,1
207,2016-03-04,2,5+1,Germany,DEU,Baden-Württemberg,DE-BW,1
207,2016-03-04,2,5+1,Germany,DEU,Niedersachsen,DE-NI,1
207,2016-03-04,2,5+1,Germany,DEU,Saarland,DE-SL,1
207,2016-03-04,2,5+1,Germany,DEU,Sachsen,DE-SN,1
207,2016-03-04,2,5+1,Germany,DEU,Sachsen-Anhalt,DE-ST,1
207,2016-03-04,2,5+1,Denmark,DNK,,,2
207,2016-03-04,2,5+1,Italy,ITA,,,1
207,2016-03-04,3,5+0,Germany,DEU,Baden-Württemberg,DE-BW,1
207,2016-03-04,3,5+0,Germany,DEU,Bremen,DE-HB,1
207,2016-03-04,3,5+0,Germany,DEU,Nordrhein-Westfalen,DE-NW,1
207,2016-03-04,3,5+0,Germany,DEU,Schleswig-Holstein,DE-SH,1
207,2016-03-04,3,5+0,Estonia,EST,,,1
207,2016-03-04,3,5+0,Finland,FIN,,,2
207,2016-03-04,3,5+0,Italy,ITA,,,1
207,2016-03-04,3,5+0,Slovenia,SVN,,,1
207,2016-03-04,3,5+0,Spain,ESP,,,1
207,2016-03-04,3,5+0,Czechia,CZE,,,1
207,2016-03-04,3,5+0,Hungary,HUN,,,1
208,2016-03-11,2,5+1,Germany,DEU,Niedersachsen,DE-NI,1
208,2016-03-11,2,5+1,Czechia,CZE,,,1
208,2016-03-11,3,5+0,Germany,DEU,Hessen,DE-HE,1
208,2016-03-11,3,5+0,Germany,DEU,Nordrhein-Westfalen,DE-NW,1
208,2016-03-11,3,5+0,Denmark,DNK,,,1
209,2016-03-18,2,5+1,Germany,DEU,Niedersachsen,DE-NI,1
209,2016-03-18,2,5+1,Denmark,DNK,,,1
209,2016-03-18,2,5+1,Finland,FIN,,,1
209,2016-03-18,3,5+0,Germany,DEU,Baden-Württemberg,DE-BW,1
209,2016-03-18,3,5+0,Germany,DEU,Brandenburg,DE-BB,1
209,2016-03-18,3,5+0,Germany,DEU,Hessen,DE-HE,1
209,2016-03-18,3,5+0,Germany,DEU,Niedersachsen,DE-NI,1
210,2016-03-25,1,5+2,Germany,DEU,Nordrhein-Westfalen,DE-NW,1
210,2016-03-25,2,5+1,Germany,DEU,Bayern,DE-BY,1
210,2016-03-25,2,5+1,Germany,DEU,Hessen,DE-HE,1
210,2016-03-25,2,5+1,Germany,DEU,Nordrhein-Westfalen,DE-NW,2
210,2016-03-25,2,5+1,Sweden,SWE,,,1
210,2016-03-25,2,5+1,Slovakia,SVK,,,1
210,2016-03-25,3,5+0,Germany,DEU,Hessen,DE-HE,2
210,2016-03-25,3,5+0,Germany,DEU,Saarland,DE-SL,1
210,2016-03-25,3,5+0,Germany,DEU,Sachsen-Anhalt,DE-ST,1
210,2016-03-25,3,5+0,Denmark,DNK,,,1
210,2016-03-25,3,5+0,Finland,FIN,,,2
210,2016-03-25,3,5+0,Italy,ITA,,,1
210,2016-03-25,3,5+0,Croatia,HRV,,,1
211,2016-04-01,2,5+1,Germany,DEU,Baden-Württemberg,DE-BW,1
211,2016-04-01,3,5+0,Germany,DEU,Bayern,DE-BY,1
211,2016-04-01,3,5+0,Finland,FIN,,,1
212,2016-04-08,2,5+1,Denmark,DNK,,,1
212,2016-04-08,2,5+1,Norway,NOR,,,1
212,2016-04-08,3,5+0,Denmark,DNK,,,1
212,2016-04-08,3,5+0,Slovakia,SVK,,,1
213,2016-04-15,2,5+1,Germany,DEU,Nordrhein-Westfalen,DE-NW,1
213,2016-04-15,2,5+1,Norway,NOR,,,1
213,2016-04-15,3,5+0,Germany,DEU,Thüringen,DE-TH,1
213,2016-04-15,3,5+0,Norway,NOR,,,1
213,2016-04-15,3,5+0,Sweden,SWE,,,1
214,2016-04-22,1,5+2,Germany,DEU,Nordrhein-Westfalen,DE-NW,1
214,2016-04-22,2,5+1,Germany,DEU,Brandenburg,DE-BB,1
214,2016-04-22,2,5+1,Germany,DEU,Thüringen,DE-TH,1
214,2016-04-22,2,5+1,Denmark,DNK,,,1
214,2016-04-22,3,5+0,Finland,FIN,,,1
214,2016-04-22,3,5+0,Spain,ESP,,,1
215,2016-04-29,2,5+1,Sweden,SWE,,,1
215,2016-04-29,2,5+1,Czechia,CZE,,,1
215,2016-04-29,3,5+0,Germany,DEU,Nordrhein-Westfalen,DE-NW,1
215,2016-04-29,3,5+0,Italy,ITA,,,1
216,2016-05-06,1,5+2,Germany,DEU,Hamburg,DE-HH,1
216,2016-05-06,2,5+1,Germany,DEU,Nordrhein-Westfalen,DE-NW,3
216,2016-05-06,3,5+0,Germany,DEU,Bremen,DE-HB,1
216,2016-05-06,3,5+0,Germany,DEU,Nordrhein-Westfalen,DE-NW,2
216,2016-05-06,3,5+0,Croatia,HRV,,,1
216,2016-05-06,3,5+0,Netherlands,NLD,,,1
216,2016-05-06,3,5+0,Sweden,SWE,,,1
216,2016-05-06,3,5+0,Slovenia,SVN,,,1
217,2016-05-13,1,5+2,Finland,FIN,,,1
217,2016-05-13,2,5+1,Italy,ITA,,,1
217,2016-05-13,3,5+0,Germany,DEU,Schleswig-Holstein,DE-SH,1
217,2016-05-13,3,5+0,Denmark,DNK,,,1
217,2016-05-13,3,5+0,Finland,FIN,,,1
218,2016-05-20,2,5+1,Finland,FIN,,,1
218,2016-05-20,2,5+1,Sweden,SWE,,,1
218,2016-05-20,2,5+1,Slovenia,SVN,,,1
218,2016-05-20,3,5+0,Germany,DEU,Bayern,DE-BY,1
218,2016-05-20,3,5+0,Norway,NOR,,,1
219,2016-05-27,2,5+1,Germany,DEU,Bayern,DE-BY,1
219,2016-05-27,2,5+1,Germany,DEU,Brandenburg,DE-BB,1
219,2016-05-27,2,5+1,Finland,FIN,,,1
219,2016-05-27,2,5+1,Sweden,SWE,,,1
219,2016-05-27,3,5+0,Germany,DEU,Baden-Württemberg,DE-BW,1
219,2016-05-27,3,5+0,Germany,DEU,Bayern,DE-BY,3
219,2016-05-27,3,5+0,Germany,DEU,Mecklenburg-Vorpommern,DE-MV,2
219,2016-05-27,3,5+0,Germany,DEU,Sachsen,DE-SN,1
219,2016-05-27,3,5+0,Germany,DEU,Schleswig-Holstein,DE-SH,1
219,2016-05-27,3,5+0,Finland,FIN,,,1
219,2016-05-27,3,5+0,Netherlands,NLD,,,1
220,2016-06-03,2,5+1,Germany,DEU,Nordrhein-Westfalen,DE-NW,1
220,2016-06-03,2,5+1,Germany,DEU,Saarland,DE-SL,1
220,2016-06-03,3,5+0,Germany,DEU,Nordrhein-Westfalen,DE-NW,1
221,2016-06-10,3,5+0,Germany,DEU,Bayern,DE-BY,2
221,2016-06-10,3,5+0,Germany,DEU,Nordrhein-Westfalen,DE-NW,1
221,2016-06-10,3,5+0,Denmark,DNK,,,1
221,2016-06-10,3,5+0,Slovakia,SVK,,,1
221,2016-06-10,3,5+0,Hungary,HUN,,,1
222,2016-06-17,2,5+1,Germany,DEU,Sachsen-Anhalt,DE-ST,1
222,2016-06-17,2,5+1,Denmark,DNK,,,1
222,2016-06-17,2,5+1,Italy,ITA,,,1
222,2016-06-17,2,5+1,Croatia,HRV,,,1
222,2016-06-17,2,5+1,Spain,ESP,,,1
222,2016-06-17,3,5+0,Germany,DEU,Mecklenburg-Vorpommern,DE-MV,1
222,2016-06-17,3,5+0,Germany,DEU,Sachsen,DE-SN,1
222,2016-06-17,3,5+0,Finland,FIN,,,1
222,2016-06-17,3,5+0,Italy,ITA,,,1
223,2016-06-24,2,5+1,Germany,DEU,Niedersachsen,DE-NI,1
223,2016-06-24,3,5+0,Germany,DEU,Nordrhein-Westfalen,DE-NW,1
223,2016-06-24,3,5+0,Germany,DEU,Schleswig-Holstein,DE-SH,1
223,2016-06-24,3,5+0,Finland,FIN,,,1
224,2016-07-01,2,5+1,Germany,DEU,Bayern,DE-BY,1
224,2016-07-01,2,5+1,Finland,FIN,,,1
224,2016-07-01,2,5+1,Italy,ITA,,,1
224,2016-07-01,3,5+0,Germany,DEU,Berlin,DE-BE,1
224,2016-07-01,3,5+0,Germany,DEU,Nordrhein-Westfalen,DE-NW,1
225,2016-07-08,2,5+1,Germany,DEU,Sachsen,DE-SN,1
225,2016-07-08,2,5+1,Finland,FIN,,,1
225,2016-07-08,2,5+1,Hungary,HUN,,,1
225,2016-07-08,3,5+0,Germany,DEU,Baden-Württemberg,DE-BW,1
225,2016-07-08,3,5+0,Germany,DEU,Bayern,DE-BY,1
225,2016-07-08,3,5+0,Germany,DEU,Berlin,DE-BE,2
225,2016-07-08,3,5+0,Germany,DEU,Nordrhein-Westfalen,DE-NW,2
225,2016-07-08,3,5+0,Germany,DEU,Thüringen,DE-TH,1
225,2016-07-08,3,5+0,Finland,FIN,,,1
225,2016-07-08,3,5+0,Italy,ITA,,,1
225,2016-07-08,3,5+0,Czechia,CZE,,,1
226,2016-07-15,2,5+1,Finland,FIN,,,1
226,2016-07-15,3,5+0,Germany,DEU,Bayern,DE-BY,1
226,2016-07-15,3,5+0,Germany,DEU,Nordrhein-Westfalen,DE-NW,1
226,2016-07-15,3,5+0,Germany,DEU,Saarland,DE-SL,1
226,2016-07-15,3,5+0,Finland,FIN,,,1
226,2016-07-15,3,5+0,Sweden,SWE,,,1
227,2016-07-22,2,5+1,Germany,DEU,Niedersachsen,DE-NI,1
227,2016-07-22,2,5+1,Denmark,DNK,,,1
227,2016-07-22,2,5+1,Italy,ITA,,,1
227,2016-07-22,2,5+1,Czechia,CZE,,,1
227,2016-07-22,2,5+1,Hungary,HUN,,,1
227,2016-07-22,3,5+0,Germany,DEU,Hamburg,DE-HH,1
227,2016-07-22,3,5+0,Denmark,DNK,,,1
227,2016-07-22,3,5+0,Finland,FIN,,,1
227,2016-07-22,3,5+0,Norway,NOR,,,1
228,2016-07-29,1,5+2,Germany,DEU,Hessen,DE-HE,1
228,2016-07-29,2,5+1,Germany,DEU,Baden-Württemberg,DE-BW,1
228,2016-07-29,2,5+1,Germany,DEU,Bayern,DE-BY,2
228,2016-07-29,2,5+1,Germany,DEU,Berlin,DE-BE,2
228,2016-07-29,2,5+1,Germany,DEU,Hessen,DE-HE,1
228,2016-07-29,2,5+1,Denmark,DNK,,,1
228,2016-07-29,2,5+1,Finland,FIN,,,2
228,2016-07-29,2,5+1,Norway,NOR,,,1
228,2016-07-29,2,5+1,Slovakia,SVK,,,1
228,2016-07-29,3,5+0,Germany,DEU,Baden-Württemberg,DE-BW,1
228,2016-07-29,3,5+0,Germany,DEU,Bayern,DE-BY,5
228,2016-07-29,3,5+0,Germany,DEU,Berlin,DE-BE,1
228,2016-07-29,3,5+0,Germany,DEU,Hessen,DE-HE,1
228,2016-07-29,3,5+0,Germany,DEU,Niedersachsen,DE-NI,1
228,2016-07-29,3,5+0,Germany,DEU,Nordrhein-Westfalen,DE-NW,2
228,2016-07-29,3,5+0,Germany,DEU,Rheinland-Pfalz,DE-RP,1
228,2016-07-29,3,5+0,Germany,DEU,Schleswig-Holstein,DE-SH,1
228,2016-07-29,3,5+0,Denmark,DNK,,,1
228,2016-07-29,3,5+0,Finland,FIN,,,2
228,2016-07-29,3,5+0,Czechia,CZE,,,1
228,2016-07-29,3,5+0,Hungary,HUN,,,1
229,2016-08-05,3,5+0,Spain,ESP,,,1
230,2016-08-12,2,5+1,Germany,DEU,Nordrhein-Westfalen,DE-NW,1
230,2016-08-12,2,5+1,Estonia,EST,,,1
230,2016-08-12,3,5+0,Germany,DEU,Niedersachsen,DE-NI,1
230,2016-08-12,3,5+0,Germany,DEU,Nordrhein-Westfalen,DE-NW,3
231,2016-08-19,2,5+1,Germany,DEU,Hessen,DE-HE,1
231,2016-08-19,3,5+0,Germany,DEU,Bayern,DE-BY,1
231,2016-08-19,3,5+0,Germany,DEU,Niedersachsen,DE-NI,1
231,2016-08-19,3,5+0,Norway,NOR,,,1
232,2016-08-26,2,5+1,Germany,DEU,Nordrhein-Westfalen,DE-NW,1
232,2016-08-26,2,5+1,Germany,DEU,Schleswig-Holstein,DE-SH,1
232,2016-08-26,3,5+0,Germany,DEU,Rheinland-Pfalz,DE-RP,1
232,2016-08-26,3,5+0,Germany,DEU,Sachsen-Anhalt,DE-ST,1
232,2016-08-26,3,5+0,Italy,ITA,,,1
232,2016-08-26,3,5+0,Spain,ESP,,,1
233,2016-09-02,2,5+1,Germany,DEU,Hessen,DE-HE,1
233,2016-09-02,2,5+1,Germany,DEU,Rheinland-Pfalz,DE-RP,1
234,2016-09-09,2,5+1,Germany,DEU,Nordrhein-Westfalen,DE-NW,1
234,2016-09-09,2,5+1,Sweden,SWE,,,1
234,2016-09-09,3,5+0,Germany,DEU,Schleswig-Holstein,DE-SH,1
234,2016-09-09,3,5+0,Denmark,DNK,,,2
234,2016-09-09,3,5+0,Sweden,SWE,,,1
235,2016-09-16,2,5+1,Germany,DEU,Baden-Württemberg,DE-BW,1
235,2016-09-16,2,5+1,Germany,DEU,Nordrhein-Westfalen,DE-NW,1
235,2016-09-16,2,5+1,Denmark,DNK,,,1
235,2016-09-16,2,5+1,Netherlands,NLD,,,1
235,2016-09-16,2,5+1,Hungary,HUN,,,1
235,2016-09-16,3,5+0,Germany,DEU,Bayern,DE-BY,1
235,2016-09-16,3,5+0,Germany,DEU,Hessen,DE-HE,2
235,2016-09-16,3,5+0,Germany,DEU,Nordrhein-Westfalen,DE-NW,3
235,2016-09-16,3,5+0,Czechia,CZE,,,1
236,2016-09-23,2,5+1,Germany,DEU,Bayern,DE-BY,1
236,2016-09-23,2,5+1,Germany,DEU,Nordrhein-Westfalen,DE-NW,1
236,2016-09-23,2,5+1,Denmark,DNK,,,1
236,2016-09-23,2,5+1,Italy,ITA,,,1
236,2016-09-23,3,5+0,Germany,DEU,Baden-Württemberg,DE-BW,1
236,2016-09-23,3,5+0,Germany,DEU,Berlin,DE-BE,2
236,2016-09-23,3,5+0,Germany,DEU,Hessen,DE-HE,1
236,2016-09-23,3,5+0,Germany,DEU,Mecklenburg-Vorpommern,DE-MV,1
236,2016-09-23,3,5+0,Germany,DEU,Niedersachsen,DE-NI,1
236,2016-09-23,3,5+0,Germany,DEU,Nordrhein-Westfalen,DE-NW,3
236,2016-09-23,3,5+0,Germany,DEU,Sachsen,DE-SN,1
236,2016-09-23,3,5+0,Finland,FIN,,,2
237,2016-09-30,2,5+1,Germany,DEU,Nordrhein-Westfalen,DE-NW,1
237,2016-09-30,3,5+0,Germany,DEU,Bayern,DE-BY,1
237,2016-09-30,3,5+0,Germany,DEU,Hamburg,DE-HH,1
237,2016-09-30,3,5+0,Germany,DEU,Thüringen,DE-TH,1
237,2016-09-30,3,5+0,Denmark,DNK,,,1
237,2016-09-30,3,5+0,Finland,FIN,,,3
237,2016-09-30,3,5+0,Italy,ITA,,,1
238,2016-10-07,2,5+1,Germany,DEU,Bayern,DE-BY,1
238,2016-10-07,2,5+1,Finland,FIN,,,1
238,2016-10-07,3,5+0,Germany,DEU,Hessen,DE-HE,2
238,2016-10-07,3,5+0,Germany,DEU,Nordrhein-Westfalen,DE-NW,3
238,2016-10-07,3,5+0,Denmark,DNK,,,1
238,2016-10-07,3,5+0,Finland,FIN,,,2
238,2016-10-07,3,5+0,Netherlands,NLD,,,1
238,2016-10-07,3,5+0,Spain,ESP,,,1
239,2016-10-14,1,5+2,Germany,DEU,Baden-Württemberg,DE-BW,1
239,2016-10-14,2,5+1,Germany,DEU,Baden-Württemberg,DE-BW,1
239,2016-10-14,2,5+1,Germany,DEU,Bayern,DE-BY,2
239,2016-10-14,2,5+1,Germany,DEU,Hessen,DE-HE,1
239,2016-10-14,2,5+1,Germany,DEU,Sachsen,DE-SN,1
239,2016-10-14,2,5+1,Finland,FIN,,,2
239,2016-10-14,2,5+1,Netherlands,NLD,,,1
239,2016-10-14,3,5+0,Germany,DEU,Baden-Württemberg,DE-BW,2
239,2016-10-14,3,5+0,Germany,DEU,Hamburg,DE-HH,1
239,2016-10-14,3,5+0,Germany,DEU,Niedersachsen,DE-NI,1
239,2016-10-14,3,5+0,Germany,DEU,Nordrhein-Westfalen,DE-NW,1
239,2016-10-14,3,5+0,Germany,DEU,Sachsen,DE-SN,1
239,2016-10-14,3,5+0,Denmark,DNK,,,2
239,2016-10-14,3,5+0,Iceland,ISL,,,1
239,2016-10-14,3,5+0,Netherlands,NLD,,,1
239,2016-10-14,3,5+0,Czechia,CZE,,,1
240,2016-10-21,1,5+2,Germany,DEU,Nordrhein-Westfalen,DE-NW,1
240,2016-10-21,2,5+1,Germany,DEU,Berlin,DE-BE,1
240,2016-10-21,2,5+1,Denmark,DNK,,,1
240,2016-10-21,2,5+1,Finland,FIN,,,1
240,2016-10-21,2,5+1,Italy,ITA,,,1
240,2016-10-21,2,5+1,Norway,NOR,,,1
240,2016-10-21,2,5+1,Czechia,CZE,,,1
240,2016-10-21,3,5+0,Germany,DEU,Baden-Württemberg,DE-BW,1
240,2016-10-21,3,5+0,Germany,DEU,Bayern,DE-BY,2
240,2016-10-21,3,5+0,Germany,DEU,Niedersachsen,DE-NI,1
240,2016-10-21,3,5+0,Germany,DEU,Rheinland-Pfalz,DE-RP,1
240,2016-10-21,3,5+0,Germany,DEU,Saarland,DE-SL,1
240,2016-10-21,3,5+0,Germany,DEU,Schleswig-Holstein,DE-SH,1
240,2016-10-21,3,5+0,Denmark,DNK,,,1
241,2016-10-28,2,5+1,Germany,DEU,Baden-Württemberg,DE-BW,2
241,2016-10-28,2,5+1,Germany,DEU,Bayern,DE-BY,1
241,2016-10-28,2,5+1,Germany,DEU,Nordrhein-Westfalen,DE-NW,1
241,2016-10-28,2,5+1,Germany,DEU,Rheinland-Pfalz,DE-RP,1
241,2016-10-28,2,5+1,Germany,DEU,Thüringen,DE-TH,1
241,2016-10-28,2,5+1,Denmark,DNK,,,1
241,2016-10-28,2,5+1,Finland,FIN,,,1
241,2016-10-28,2,5+1,Slovakia,SVK,,,3
241,2016-10-28,2,5+1,Czechia,CZE,,,1
241,2016-10-28,3,5+0,Germany,DEU,Baden-Württemberg,DE-BW,2
241,2016-10-28,3,5+0,Denmark,DNK,,,1
241,2016-10-28,3,5+0,Slovakia,SVK,,,1
242,2016-11-04,2,5+1,Germany,DEU,Rheinland-Pfalz,DE-RP,1
242,2016-11-04,2,5+1,Finland,FIN,,,1
242,2016-11-04,2,5+1,Norway,NOR,,,1
242,2016-11-04,3,5+0,Denmark,DNK,,,2
242,2016-11-04,3,5+0,Finland,FIN,,,1
242,2016-11-04,3,5+0,Netherlands,NLD,,,1
243,2016-11-11,2,5+1,Germany,DEU,Berlin,DE-BE,1
243,2016-11-11,2,5+1,Finland,FIN,,,1
243,2016-11-11,3,5+0,Germany,DEU,Baden-Württemberg,DE-BW,1
243,2016-11-11,3,5+0,Germany,DEU,Rheinland-Pfalz,DE-RP,1
244,2016-11-18,2,5+1,Germany,DEU,Bayern,DE-BY,2
244,2016-11-18,2,5+1,Germany,DEU,Hessen,DE-HE,1
244,2016-11-18,2,5+1,Germany,DEU,Niedersachsen,DE-NI,1
244,2016-11-18,2,5+1,Slovakia,SVK,,,1
244,2016-11-18,3,5+0,Germany,DEU,Bayern,DE-BY,1
244,2016-11-18,3,5+0,Denmark,DNK,,,2
245,2016-11-25,2,5+1,Germany,DEU,Hessen,DE-HE,1
245,2016-11-25,2,5+1,Denmark,DNK,,,1
245,2016-11-25,2,5+1,Finland,FIN,,,2
245,2016-11-25,3,5+0,Germany,DEU,Baden-Württemberg,DE-BW,1
245,2016-11-25,3,5+0,Germany,DEU,Bayern,DE-BY,1
245,2016-11-25,3,5+0,Germany,DEU,Niedersachsen,DE-NI,1
245,2016-11-25,3,5+0,Italy,ITA,,,1
246,2016-12-02,2,5+1,Germany,DEU,Baden-Württemberg,DE-BW,1
246,2016-12-02,2,5+1,Germany,DEU,Nordrhein-Westfalen,DE-NW,1
246,2016-12-02,2,5+1,Spain,ESP,,,1
246,2016-12-02,3,5+0,Germany,DEU,Bremen,DE-HB,1
246,2016-12-02,3,5+0,Denmark,DNK,,,1
247,2016-12-09,2,5+1,Germany,DEU,Baden-Württemberg,DE-BW,1
247,2016-12-09,2,5+1,Sweden,SWE,,,1
247,2016-12-09,2,5+1,Spain,ESP,,,1
247,2016-12-09,3,5+0,Germany,DEU,Schleswig-Holstein,DE-SH,1
247,2016-12-09,3,5+0,Finland,FIN,,,1
247,2016-12-09,3,5+0,Sweden,SWE,,,1
247,2016-12-09,3,5+0,Slovenia,SVN,,,1
247,2016-12-09,3,5+0,Czechia,CZE,,,1
248,2016-12-16,2,5+1,Germany,DEU,Bayern,DE-BY,2
248,2016-12-16,2,5+1,Finland,FIN,,,1
248,2016-12-16,3,5+0,Germany,DEU,Bayern,DE-BY,3
248,2016-12-16,3,5+0,Germany,DEU,Hessen,DE-HE,1
248,2016-12-16,3,5+0,Germany,DEU,Niedersachsen,DE-NI,1
248,2016-12-16,3,5+0,Germany,DEU,Nordrhein-Westfalen,DE-NW,1
248,2016-12-16,3,5+0,Denmark,DNK,,,1
249,2016-12-23,2,5+1,Germany,DEU,Nordrhein-Westfalen,DE-NW,1
249,2016-12-23,2,5+1,Germany,DEU,Thüringen,DE-TH,1
249,2016-12-23,2,5+1,Finland,FIN,,,1
249,2016-12-23,2,5+1,Netherlands,NLD,,,1
249,2016-12-23,3,5+0,Germany,DEU,Baden-Württemberg,DE-BW,1
249,2016-12-23,3,5+0,Germany,DEU,Hessen,DE-HE,1
249,2016-12-23,3,5+0,Finland,FIN,,,1
249,2016-12-23,3,5+0,Lithuania,LTU,,,2
249,2016-12-23,3,5+0,Czechia,CZE,,,1
250,2016-12-30,2,5+1,Germany,DEU,Baden-Württemberg,DE-BW,1
250,2016-12-30,2,5+1,Germany,DEU,Berlin,DE-BE,1
250,2016-12-30,2,5+1,Germany,DEU,Hessen,DE-HE,1
250,2016-12-30,2,5+1,Germany,DEU,Nordrhein-Westfalen,DE-NW,1
250,2016-12-30,2,5+1,Czechia,CZE,,,1
250,2016-12-30,3,5+0,Germany,DEU,Hessen,DE-HE,1
250,2016-12-30,3,5+0,Germany,DEU,Mecklenburg-Vorpommern,DE-MV,1
250,2016-12-30,3,5+0,Denmark,DNK,,,1
250,2016-12-30,3,5+0,Finland,FIN,,,1
250,2016-12-30,3,5+0,Slovakia,SVK,,,1
251,2017-01-06,1,5+2,Germany,DEU,Berlin,DE-BE,1
251,2017-01-06,1,5+2,Germany,DEU,Hessen,DE-HE,1
251,2017-01-06,1,5+2,Germany,DEU,Niedersachsen,DE-NI,1
251,2017-01-06,1,5+2,Denmark,DNK,,,1
251,2017-01-06,1,5+2,Netherlands,NLD,,,1
251,2017-01-06,2,5+1,Germany,DEU,Baden-Württemberg,DE-BW,6
251,2017-01-06,2,5+1,Germany,DEU,Bayern,DE-BY,4
251,2017-01-06,2,5+1,Germany,DEU,Berlin,DE-BE,4
251,2017-01-06,2,5+1,Germany,DEU,Hamburg,DE-HH,1
251,2017-01-06,2,5+1,Germany,DEU,Hessen,DE-HE,4
251,2017-01-06,2,5+1,Germany,DEU,Mecklenburg-Vorpommern,DE-MV,1
251,2017-01-06,2,5+1,Germany,DEU,Niedersachsen,DE-NI,1
251,2017-01-06,2,5+1,Germany,DEU,Nordrhein-Westfalen,DE-NW,3
251,2017-01-06,2,5+1,Germany,DEU,Sachsen,DE-SN,1
251,2017-01-06,2,5+1,Denmark,DNK,,,1
251,2017-01-06,2,5+1,Italy,ITA,,,2
251,2017-01-06,2,5+1,Croatia,HRV,,,2
251,2017-01-06,2,5+1,Latvia,LVA,,,1
251,2017-01-06,2,5+1,Netherlands,NLD,,,2
251,2017-01-06,2,5+1,Slovenia,SVN,,,1
251,2017-01-06,2,5+1,Hungary,HUN,,,1
251,2017-01-06,3,5+0,Germany,DEU,Baden-Württemberg,DE-BW,5
251,2017-01-06,3,5+0,Germany,DEU,Bayern,DE-BY,3
251,2017-01-06,3,5+0,Germany,DEU,Bremen,DE-HB,1
251,2017-01-06,3,5+0,Germany,DEU,Hamburg,DE-HH,1
251,2017-01-06,3,5+0,Germany,DEU,Hessen,DE-HE,4
251,2017-01-06,3,5+0,Germany,DEU,Nordrhein-Westfalen,DE-NW,6
251,2017-01-06,3,5+0,Germany,DEU,Rheinland-Pfalz,DE-RP,2
251,2017-01-06,3,5+0,Germany,DEU,Sachsen,DE-SN,1
251,2017-01-06,3,5+0,Germany,DEU,Schleswig-Holstein,DE-SH,1
251,2017-01-06,3,5+0,Germany,DEU,Thüringen,DE-TH,1
251,2017-01-06,3,5+0,Finland,FIN,,,1
251,2017-01-06,3,5+0,Croatia,HRV,,,1
251,2017-01-06,3,5+0,Sweden,SWE,,,1
251,2017-01-06,3,5+0,Slovenia,SVN,,,1
251,2017-01-06,3,5+0,Hungary,HUN,,,1
252,2017-01-13,2,5+1,Germany,DEU,Niedersachsen,DE-NI,1
252,2017-01-13,2,5+1,Estonia,EST,,,1
252,2017-01-13,2,5+1,Norway,NOR,,,1
252,2017-01-13,3,5+0,Germany,DEU,Brandenburg,DE-BB,1
252,2017-01-13,3,5+0,Finland,FIN,,,2
252,2017-01-13,3,5+0,Norway,NOR,,,1
252,2017-01-13,3,5+0,Czechia,CZE,,,1
253,2017-01-20,2,5+1,Germany,DEU,Baden-Württemberg,DE-BW,1
253,2017-01-20,2,5+1,Germany,DEU,Brandenburg,DE-BB,1
253,2017-01-20,3,5+0,Germany,DEU,Baden-Württemberg,DE-BW,1
253,2017-01-20,3,5+0,Sweden,SWE,,,1
253,2017-01-20,3,5+0,Spain,ESP,,,1
254,2017-01-27,2,5+1,Germany,DEU,Bayern,DE-BY,1
254,2017-01-27,2,5+1,Germany,DEU,Nordrhein-Westfalen,DE-NW,1
254,2017-01-27,3,5+0,Germany,DEU,Sachsen,DE-SN,1
254,2017-01-27,3,5+0,Denmark,DNK,,,1
254,2017-01-27,3,5+0,Spain,ESP,,,1
255,2017-02-03,2,5+1,Germany,DEU,Hessen,DE-HE,1
255,2017-02-03,2,5+1,Germany,DEU,Nordrhein-Westfalen,DE-NW,2
255,2017-02-03,2,5+1,Denmark,DNK,,,1
255,2017-02-03,3,5+0,Germany,DEU,Hessen,DE-HE,1
255,2017-02-03,3,5+0,Germany,DEU,Nordrhein-Westfalen,DE-NW,1
255,2017-02-03,3,5+0,Italy,ITA,,,1
256,2017-02-10,1,5+2,Germany,DEU,Bayern,DE-BY,1
256,2017-02-10,1,5+2,Hungary,HUN,,,1
256,2017-02-10,2,5+1,Germany,DEU,Baden-Württemberg,DE-BW,1
256,2017-02-10,2,5+1,Germany,DEU,Nordrhein-Westfalen,DE-NW,1
256,2017-02-10,2,5+1,Finland,FIN,,,1
256,2017-02-10,3,5+0,Germany,DEU,Bayern,DE-BY,1
256,2017-02-10,3,5+0,Germany,DEU,Hessen,DE-HE,1
256,2017-02-10,3,5+0,Finland,FIN,,,1
257,2017-02-17,2,5+1,Germany,DEU,Berlin,DE-BE,1
257,2017-02-17,2,5+1,Germany,DEU,Niedersachsen,DE-NI,2
257,2017-02-17,2,5+1,Germany,DEU,Sachsen,DE-SN,1
257,2017-02-17,2,5+1,Finland,FIN,,,1
257,2017-02-17,2,5+1,Slovenia,SVN,,,1
257,2017-02-17,3,5+0,Germany,DEU,Baden-Württemberg,DE-BW,1
257,2017-02-17,3,5+0,Germany,DEU,Brandenburg,DE-BB,1
257,2017-02-17,3,5+0,Germany,DEU,Hessen,DE-HE,2
257,2017-02-17,3,5+0,Denmark,DNK,,,1
258,2017-02-24,2,5+1,Germany,DEU,Bayern,DE-BY,1
258,2017-02-24,2,5+1,Germany,DEU,Berlin,DE-BE,1
258,2017-02-24,2,5+1,Germany,DEU,Nordrhein-Westfalen,DE-NW,2
258,2017-02-24,2,5+1,Netherlands,NLD,,,2
258,2017-02-24,2,5+1,Sweden,SWE,,,1
258,2017-02-24,3,5+0,Germany,DEU,Baden-Württemberg,DE-BW,1
258,2017-02-24,3,5+0,Germany,DEU,Bayern,DE-BY,1
258,2017-02-24,3,5+0,Germany,DEU,Berlin,DE-BE,2
258,2017-02-24,3,5+0,Germany,DEU,Brandenburg,DE-BB,1
258,2017-02-24,3,5+0,Germany,DEU,Niedersachsen,DE-NI,3
258,2017-02-24,3,5+0,Germany,DEU,Nordrhein-Westfalen,DE-NW,6
258,2017-02-24,3,5+0,Germany,DEU,Schleswig-Holstein,DE-SH,1
258,2017-02-24,3,5+0,Germany,DEU,Thüringen,DE-TH,1
258,2017-02-24,3,5+0,Denmark,DNK,,,1
258,2017-02-24,3,5+0,Finland,FIN,,,1
258,2017-02-24,3,5+0,Sweden,SWE,,,1
258,2017-02-24,3,5+0,Spain,ESP,,,2
259,2017-03-03,2,5+1,Germany,DEU,Baden-Württemberg,DE-BW,1
259,2017-03-03,2,5+1,Germany,DEU,Berlin,DE-BE,1
259,2017-03-03,2,5+1,Germany,DEU,Schleswig-Holstein,DE-SH,1
259,2017-03-03,3,5+0,Germany,DEU,Hamburg,DE-HH,1
259,2017-03-03,3,5+0,Germany,DEU,Hessen,DE-HE,1
259,2017-03-03,3,5+0,Germany,DEU,Nordrhein-Westfalen,DE-NW,2
259,2017-03-03,3,5+0,Germany,DEU,Saarland,DE-SL,1
259,2017-03-03,3,5+0,Croatia,HRV,,,1
259,2017-03-03,3,5+0,Spain,ESP,,,2
259,2017-03-03,3,5+0,Czechia,CZE,,,1
260,2017-03-10,2,5+1,Germany,DEU,Hamburg,DE-HH,1
260,2017-03-10,2,5+1,Germany,DEU,Hessen,DE-HE,1
260,2017-03-10,2,5+1,Germany,DEU,Nordrhein-Westfalen,DE-NW,1
260,2017-03-10,2,5+1,Spain,ESP,,,1
260,2017-03-10,3,5+0,Germany,DEU,Nordrhein-Westfalen,DE-NW,1
260,2017-03-10,3,5+0,Denmark,DNK,,,2
261,2017-03-17,2,5+1,Germany,DEU,Baden-Württemberg,DE-BW,1
261,2017-03-17,2,5+1,Germany,DEU,Bayern,DE-BY,2
261,2017-03-17,2,5+1,Germany,DEU,Schleswig-Holstein,DE-SH,1
261,2017-03-17,2,5+1,Denmark,DNK,,,1
261,2017-03-17,2,5+1,Finland,FIN,,,2
261,2017-03-17,2,5+1,Croatia,HRV,,,1
261,2017-03-17,2,5+1,Sweden,SWE,,,1
261,2017-03-17,3,5+0,Germany,DEU,Baden-Württemberg,DE-BW,2
261,2017-03-17,3,5+0,Germany,DEU,Nordrhein-Westfalen,DE-NW,1
261,2017-03-17,3,5+0,Germany,DEU,Sachsen,DE-SN,1
261,2017-03-17,3,5+0,Denmark,DNK,,,1
261,2017-03-17,3,5+0,Italy,ITA,,,1
262,2017-03-24,2,5+1,Germany,DEU,Hamburg,DE-HH,1
262,2017-03-24,2,5+1,Finland,FIN,,,1
262,2017-03-24,2,5+1,Hungary,HUN,,,1
262,2017-03-24,3,5+0,Germany,DEU,Baden-Württemberg,DE-BW,1
262,2017-03-24,3,5+0,Germany,DEU,Berlin,DE-BE,1
262,2017-03-24,3,5+0,Germany,DEU,Sachsen,DE-SN,1
262,2017-03-24,3,5+0,Finland,FIN,,,2
263,2017-03-31,2,5+1,Germany,DEU,Bayern,DE-BY,1
263,2017-03-31,2,5+1,Germany,DEU,Niedersachsen,DE-NI,1
263,2017-03-31,2,5+1,Germany,DEU,Nordrhein-Westfalen,DE-NW,1
263,2017-03-31,2,5+1,Norway,NOR,,,1
263,2017-03-31,3,5+0,Germany,DEU,Niedersachsen,DE-NI,1
263,2017-03-31,3,5+0,Denmark,DNK,,,1
263,2017-03-31,3,5+0,Finland,FIN,,,1
263,2017-03-31,3,5+0,Spain,ESP,,,1
264,2017-04-07,2,5+1,Germany,DEU,Hessen,DE-HE,1
264,2017-04-07,2,5+1,Finland,FIN,,,1
264,2017-04-07,2,5+1,Sweden,SWE,,,1
264,2017-04-07,2,5+1,Spain,ESP,,,1
264,2017-04-07,2,5+1,Czechia,CZE,,,1
264,2017-04-07,2,5+1,Hungary,HUN,,,1
264,2017-04-07,3,5+0,Germany,DEU,Berlin,DE-BE,1
264,2017-04-07,3,5+0,Germany,DEU,Hamburg,DE-HH,1
264,2017-04-07,3,5+0,Germany,DEU,Niedersachsen,DE-NI,1
264,2017-04-07,3,5+0,Germany,DEU,Nordrhein-Westfalen,DE-NW,1
264,2017-04-07,3,5+0,Germany,DEU,Rheinland-Pfalz,DE-RP,1
264,2017-04-07,3,5+0,Denmark,DNK,,,1
264,2017-04-07,3,5+0,Italy,ITA,,,1
264,2017-04-07,3,5+0,Czechia,CZE,,,1
265,2017-04-14,1,5+2,Finland,FIN,,,1
265,2017-04-14,2,5+1,Germany,DEU,Baden-Württemberg,DE-BW,1
265,2017-04-14,2,5+1,Denmark,DNK,,,1
265,2017-04-14,2,5+1,Finland,FIN,,,1
265,2017-04-14,3,5+0,Germany,DEU,Baden-Württemberg,DE-BW,1
265,2017-04-14,3,5+0,Germany,DEU,Hessen,DE-HE,3
265,2017-04-14,3,5+0,Finland,FIN,,,2
265,2017-04-14,3,5+0,Croatia,HRV,,,1
265,2017-04-14,3,5+0,Latvia,LVA,,,1
265,2017-04-14,3,5+0,Slovakia,SVK,,,1
265,2017-04-14,3,5+0,Slovenia,SVN,,,1
266,2017-04-21,2,5+1,Germany,DEU,Nordrhein-Westfalen,DE-NW,1
266,2017-04-21,2,5+1,Germany,DEU,Schleswig-Holstein,DE-SH,1
266,2017-04-21,2,5+1,Finland,FIN,,,1
266,2017-04-21,2,5+1,Sweden,SWE,,,1
266,2017-04-21,3,5+0,Germany,DEU,Nordrhein-Westfalen,DE-NW,1
266,2017-04-21,3,5+0,Denmark,DNK,,,1
266,2017-04-21,3,5+0,Spain,ESP,,,1
267,2017-04-28,3,5+0,Germany,DEU,Baden-Württemberg,DE-BW,1
267,2017-04-28,3,5+0,Germany,DEU,Hessen,DE-HE,1
267,2017-04-28,3,5+0,Germany,DEU,Nordrhein-Westfalen,DE-NW,1
268,2017-05-05,2,5+1,Germany,DEU,Baden-Württemberg,DE-BW,1
268,2017-05-05,2,5+1,Germany,DEU,Nordrhein-Westfalen,DE-NW,1
268,2017-05-05,3,5+0,Hungary,HUN,,,1
269,2017-05-12,2,5+1,Finland,FIN,,,2
269,2017-05-12,3,5+0,Germany,DEU,Baden-Württemberg,DE-BW,1
269,2017-05-12,3,5+0,Germany,DEU,Bayern,DE-BY,1
269,2017-05-12,3,5+0,Germany,DEU,Hamburg,DE-HH,2
269,2017-05-12,3,5+0,Germany,DEU,Nordrhein-Westfalen,DE-NW,1
269,2017-05-12,3,5+0,Germany,DEU,Schleswig-Holstein,DE-SH,1
269,2017-05-12,3,5+0,Finland,FIN,,,1
269,2017-05-12,3,5+0,Slovakia,SVK,,,1
269,2017-05-12,3,5+0,Czechia,CZE,,,1
270,2017-05-19,2,5+1,Germany,DEU,Bayern,DE-BY,1
270,2017-05-19,2,5+1,Finland,FIN,,,1
270,2017-05-19,2,5+1,Czechia,CZE,,,1
270,2017-05-19,3,5+0,Germany,DEU,Niedersachsen,DE-NI,1
270,2017-05-19,3,5+0,Germany,DEU,Nordrhein-Westfalen,DE-NW,1
270,2017-05-19,3,5+0,Germany,DEU,Schleswig-Holstein,DE-SH,1
270,2017-05-19,3,5+0,Finland,FIN,,,1
271,2017-05-26,1,5+2,Germany,DEU,Rheinland-Pfalz,DE-RP,1
271,2017-05-26,2,5+1,Germany,DEU,Bayern,DE-BY,2
271,2017-05-26,2,5+1,Germany,DEU,Nordrhein-Westfalen,DE-NW,1
271,2017-05-26,2,5+1,Denmark,DNK,,,2
271,2017-05-26,2,5+1,Finland,FIN,,,2
271,2017-05-26,3,5+0,Germany,DEU,Baden-Württemberg,DE-BW,2
271,2017-05-26,3,5+0,Germany,DEU,Bayern,DE-BY,2
271,2017-05-26,3,5+0,Germany,DEU,Berlin,DE-BE,2
271,2017-05-26,3,5+0,Germany,DEU,Mecklenburg-Vorpommern,DE-MV,2
271,2017-05-26,3,5+0,Germany,DEU,Niedersachsen,DE-NI,2
271,2017-05-26,3,5+0,Germany,DEU,Nordrhein-Westfalen,DE-NW,6
271,2017-05-26,3,5+0,Germany,DEU,Rheinland-Pfalz,DE-RP,3
271,2017-05-26,3,5+0,Germany,DEU,Schleswig-Holstein,DE-SH,1
271,2017-05-26,3,5+0,Germany,DEU,Thüringen,DE-TH,1
271,2017-05-26,3,5+0,Denmark,DNK,,,1
271,2017-05-26,3,5+0,Estonia,EST,,,1
271,2017-05-26,3,5+0,Finland,FIN,,,6
271,2017-05-26,3,5+0,Italy,ITA,,,3
271,2017-05-26,3,5+0,Croatia,HRV,,,1
271,2017-05-26,3,5+0,Sweden,SWE,,,2
271,2017-05-26,3,5+0,Hungary,HUN,,,2
272,2017-06-02,2,5+1,Germany,DEU,Saarland,DE-SL,1
272,2017-06-02,2,5+1,Finland,FIN,,,1
272,2017-06-02,2,5+1,Sweden,SWE,,,2
272,2017-06-02,3,5+0,Germany,DEU,Hessen,DE-HE,2
272,2017-06-02,3,5+0,Germany,DEU,Mecklenburg-Vorpommern,DE-MV,1
273,2017-06-09,2,5+1,Germany,DEU,Nordrhein-Westfalen,DE-NW,1
273,2017-06-09,2,5+1,Denmark,DNK,,,2
273,2017-06-09,2,5+1,Netherlands,NLD,,,1
273,2017-06-09,2,5+1,Spain,ESP,,,1
273,2017-06-09,3,5+0,Finland,FIN,,,1
273,2017-06-09,3,5+0,Sweden,SWE,,,1
273,2017-06-09,3,5+0,Slovakia,SVK,,,2
274,2017-06-16,3,5+0,Germany,DEU,Baden-Württemberg,DE-BW,1
274,2017-06-16,3,5+0,Finland,FIN,,,1
274,2017-06-16,3,5+0,Norway,NOR,,,1
275,2017-06-23,2,5+1,Germany,DEU,Baden-Württemberg,DE-BW,1
275,2017-06-23,2,5+1,Germany,DEU,Bayern,DE-BY,1
275,2017-06-23,2,5+1,Germany,DEU,Saarland,DE-SL,1
275,2017-06-23,2,5+1,Germany,DEU,Sachsen,DE-SN,1
275,2017-06-23,2,5+1,Norway,NOR,,,1
275,2017-06-23,3,5+0,Germany,DEU,Baden-Württemberg,DE-BW,3
275,2017-06-23,3,5+0,Germany,DEU,Bayern,DE-BY,1
275,2017-06-23,3,5+0,Germany,DEU,Hessen,DE-HE,1
275,2017-06-23,3,5+0,Finland,FIN,,,1
275,2017-06-23,3,5+0,Italy,ITA,,,1
275,2017-06-23,3,5+0,Croatia,HRV,,,1
276,2017-06-30,2,5+1,Germany,DEU,Bayern,DE-BY,1
276,2017-06-30,2,5+1,Germany,DEU,Nordrhein-Westfalen,DE-NW,1
276,2017-06-30,2,5+1,Denmark,DNK,,,2
276,2017-06-30,2,5+1,Slovakia,SVK,,,1
276,2017-06-30,3,5+0,Germany,DEU,Brandenburg,DE-BB,1
276,2017-06-30,3,5+0,Germany,DEU,Hamburg,DE-HH,1
276,2017-06-30,3,5+0,Germany,DEU,Nordrhein-Westfalen,DE-NW,1
277,2017-07-07,1,5+2,Finland,FIN,,,1
277,2017-07-07,2,5+1,Estonia,EST,,,1
277,2017-07-07,2,5+1,Netherlands,NLD,,,1
277,2017-07-07,3,5+0,Germany,DEU,Bayern,DE-BY,1
277,2017-07-07,3,5+0,Denmark,DNK,,,1
277,2017-07-07,3,5+0,Finland,FIN,,,1
277,2017-07-07,3,5+0,Italy,ITA,,,1
277,2017-07-07,3,5+0,Sweden,SWE,,,1
277,2017-07-07,3,5+0,Slovenia,SVN,,,1
277,2017-07-07,3,5+0,Hungary,HUN,,,1
278,2017-07-14,2,5+1,Germany,DEU,Hessen,DE-HE,1
278,2017-07-14,2,5+1,Germany,DEU,Niedersachsen,DE-NI,1
278,2017-07-14,2,5+1,Finland,FIN,,,1
278,2017-07-14,3,5+0,Germany,DEU,Baden-Württemberg,DE-BW,1
278,2017-07-14,3,5+0,Germany,DEU,Bayern,DE-BY,1
278,2017-07-14,3,5+0,Germany,DEU,Mecklenburg-Vorpommern,DE-MV,1
278,2017-07-14,3,5+0,Germany,DEU,Niedersachsen,DE-NI,1
278,2017-07-14,3,5+0,Germany,DEU,Nordrhein-Westfalen,DE-NW,2
278,2017-07-14,3,5+0,Finland,FIN,,,1
278,2017-07-14,3,5+0,Croatia,HRV,,,1
278,2017-07-14,3,5+0,Spain,ESP,,,1
278,2017-07-14,3,5+0,Hungary,HUN,,,1
279,2017-07-21,3,5+0,Germany,DEU,Niedersachsen,DE-NI,2
279,2017-07-21,3,5+0,Germany,DEU,Nordrhein-Westfalen,DE-NW,1
279,2017-07-21,3,5+0,Denmark,DNK,,,1
279,2017-07-21,3,5+0,Hungary,HUN,,,1
280,2017-07-28,3,5+0,Germany,DEU,Baden-Württemberg,DE-BW,1
280,2017-07-28,3,5+0,Germany,DEU,Brandenburg,DE-BB,1
280,2017-07-28,3,5+0,Finland,FIN,,,3
280,2017-07-28,3,5+0,Spain,ESP,,,1
281,2017-08-04,3,5+0,Germany,DEU,Sachsen-Anhalt,DE-ST,1
281,2017-08-04,3,5+0,Finland,FIN,,,1
282,2017-08-11,2,5+1,Germany,DEU,Baden-Württemberg,DE-BW,1
282,2017-08-11,2,5+1,Spain,ESP,,,1
282,2017-08-11,3,5+0,Germany,DEU,Baden-Württemberg,DE-BW,1
282,2017-08-11,3,5+0,Denmark,DNK,,,2
282,2017-08-11,3,5+0,Spain,ESP,,,1
283,2017-08-18,1,5+2,Norway,NOR,,,1
283,2017-08-18,2,5+1,Finland,FIN,,,2
283,2017-08-18,2,5+1,Hungary,HUN,,,2
283,2017-08-18,3,5+0,Germany,DEU,Berlin,DE-BE,1
283,2017-08-18,3,5+0,Finland,FIN,,,1
283,2017-08-18,3,5+0,Hungary,HUN,,,1
284,2017-08-25,2,5+1,Germany,DEU,Nordrhein-Westfalen,DE-NW,3
284,2017-08-25,3,5+0,Germany,DEU,Baden-Württemberg,DE-BW,1
284,2017-08-25,3,5+0,Germany,DEU,Hessen,DE-HE,1
284,2017-08-25,3,5+0,Germany,DEU,Nordrhein-Westfalen,DE-NW,1
284,2017-08-25,3,5+0,Finland,FIN,,,1
284,2017-08-25,3,5+0,Croatia,HRV,,,1
284,2017-08-25,3,5+0,Netherlands,NLD,,,1
285,2017-09-01,2,5+1,Finland,FIN,,,1
285,2017-09-01,2,5+1,Netherlands,NLD,,,1
285,2017-09-01,3,5+0,Germany,DEU,Baden-Württemberg,DE-BW,1
285,2017-09-01,3,5+0,Germany,DEU,Bayern,DE-BY,1
285,2017-09-01,3,5+0,Germany,DEU,Nordrhein-Westfalen,DE-NW,3
285,2017-09-01,3,5+0,Germany,DEU,Sachsen-Anhalt,DE-ST,1
285,2017-09-01,3,5+0,Germany,DEU,Schleswig-Holstein,DE-SH,1
285,2017-09-01,3,5+0,Denmark,DNK,,,1
285,2017-09-01,3,5+0,Finland,FIN,,,1
285,2017-09-01,3,5+0,Norway,NOR,,,1
285,2017-09-01,3,5+0,Spain,ESP,,,1
285,2017-09-01,3,5+0,Czechia,CZE,,,1
285,2017-09-01,3,5+0,Hungary,HUN,,,1
286,2017-09-08,2,5+1,Germany,DEU,Bayern,DE-BY,1
286,2017-09-08,2,5+1,Sweden,SWE,,,1
286,2017-09-08,2,5+1,Czechia,CZE,,,1
286,2017-09-08,3,5+0,Germany,DEU,Bayern,DE-BY,1
286,2017-09-08,3,5+0,Germany,DEU,Berlin,DE-BE,1
286,2017-09-08,3,5+0,Germany,DEU,Nordrhein-Westfalen,DE-NW,1
286,2017-09-08,3,5+0,Denmark,DNK,,,1
286,2017-09-08,3,5+0,Norway,NOR,,,1
287,2017-09-15,1,5+2,Germany,DEU,Baden-Württemberg,DE-BW,1
287,2017-09-15,1,5+2,Germany,DEU,Niedersachsen,DE-NI,1
287,2017-09-15,2,5+1,Germany,DEU,Baden-Württemberg,DE-BW,1
287,2017-09-15,2,5+1,Germany,DEU,Berlin,DE-BE,1
287,2017-09-15,2,5+1,Germany,DEU,Nordrhein-Westfalen,DE-NW,1
287,2017-09-15,2,5+1,Norway,NOR,,,1
287,2017-09-15,2,5+1,Hungary,HUN,,,1
287,2017-09-15,3,5+0,Germany,DEU,Berlin,DE-BE,1
287,2017-09-15,3,5+0,Germany,DEU,Hessen,DE-HE,1
287,2017-09-15,3,5+0,Germany,DEU,Nordrhein-Westfalen,DE-NW,1
287,2017-09-15,3,5+0,Germany,DEU,Sachsen,DE-SN,1
287,2017-09-15,3,5+0,Italy,ITA,,,1
287,2017-09-15,3,5+0,Croatia,HRV,,,1
287,2017-09-15,3,5+0,Slovenia,SVN,,,1
288,2017-09-22,2,5+1,Germany,DEU,Schleswig-Holstein,DE-SH,1
288,2017-09-22,3,5+0,Germany,DEU,Bayern,DE-BY,1
288,2017-09-22,3,5+0,Germany,DEU,Nordrhein-Westfalen,DE-NW,1
288,2017-09-22,3,5+0,Poland,POL,,,1
289,2017-09-29,2,5+1,Germany,DEU,Baden-Württemberg,DE-BW,1
289,2017-09-29,2,5+1,Denmark,DNK,,,1
289,2017-09-29,2,5+1,Poland,POL,,,1
289,2017-09-29,3,5+0,Germany,DEU,Hessen,DE-HE,1
289,2017-09-29,3,5+0,Finland,FIN,,,2
289,2017-09-29,3,5+0,Croatia,HRV,,,1
289,2017-09-29,3,5+0,Poland,POL,,,1
290,2017-10-06,2,5+1,Spain,ESP,,,1
290,2017-10-06,3,5+0,Germany,DEU,Sachsen,DE-SN,1
290,2017-10-06,3,5+0,Finland,FIN,,,1
290,2017-10-06,3,5+0,Italy,ITA,,,1
290,2017-10-06,3,5+0,Norway,NOR,,,1
290,2017-10-06,3,5+0,Poland,POL,,,1
291,2017-10-13,2,5+1,Germany,DEU,Nordrhein-Westfalen,DE-NW,1
291,2017-10-13,2,5+1,Finland,FIN,,,1
291,2017-10-13,3,5+0,Germany,DEU,Nordrhein-Westfalen,DE-NW,2
291,2017-10-13,3,5+0,Finland,FIN,,,1
291,2017-10-13,3,5+0,Hungary,HUN,,,1
292,2017-10-20,1,5+2,Finland,FIN,,,1
292,2017-10-20,2,5+1,Germany,DEU,Baden-Württemberg,DE-BW,1
292,2017-10-20,2,5+1,Norway,NOR,,,1
292,2017-10-20,2,5+1,Sweden,SWE,,,1
292,2017-10-20,2,5+1,Spain,ESP,,,1
292,2017-10-20,3,5+0,Germany,DEU,Baden-Württemberg,DE-BW,1
292,2017-10-20,3,5+0,Germany,DEU,Bayern,DE-BY,1
292,2017-10-20,3,5+0,Germany,DEU,Nordrhein-Westfalen,DE-NW,2
292,2017-10-20,3,5+0,Denmark,DNK,,,2
293,2017-10-27,2,5+1,Denmark,DNK,,,1
293,2017-10-27,3,5+0,Germany,DEU,Bayern,DE-BY,1
293,2017-10-27,3,5+0,Germany,DEU,Berlin,DE-BE,1
293,2017-10-27,3,5+0,Denmark,DNK,,,1
293,2017-10-27,3,5+0,Finland,FIN,,,4
293,2017-10-27,3,5+0,Italy,ITA,,,2
293,2017-10-27,3,5+0,Poland,POL,,,1
293,2017-10-27,3,5+0,Sweden,SWE,,,1
294,2017-11-03,3,5+0,Norway,NOR,,,1
295,2017-11-10,1,5+2,Denmark,DNK,,,1
295,2017-11-10,2,5+1,Germany,DEU,Bayern,DE-BY,1
295,2017-11-10,2,5+1,Germany,DEU,Hamburg,DE-HH,1
295,2017-11-10,2,5+1,Spain,ESP,,,1
295,2017-11-10,3,5+0,Germany,DEU,Bayern,DE-BY,2
296,2017-11-17,1,5+2,Germany,DEU,Bayern,DE-BY,1
296,2017-11-17,3,5+0,Germany,DEU,Nordrhein-Westfalen,DE-NW,1
296,2017-11-17,3,5+0,Finland,FIN,,,1
297,2017-11-24,1,5+2,Denmark,DNK,,,1
297,2017-11-24,2,5+1,Norway,NOR,,,1
297,2017-11-24,2,5+1,Poland,POL,,,1
297,2017-11-24,3,5+0,Germany,DEU,Baden-Württemberg,DE-BW,1
297,2017-11-24,3,5+0,Germany,DEU,Bayern,DE-BY,1
297,2017-11-24,3,5+0,Finland,FIN,,,2
297,2017-11-24,3,5+0,Italy,ITA,,,1
298,2017-12-01,2,5+1,Germany,DEU,Bayern,DE-BY,1
298,2017-12-01,2,5+1,Germany,DEU,Bremen,DE-HB,1
298,2017-12-01,2,5+1,Hungary,HUN,,,1
298,2017-12-01,3,5+0,Germany,DEU,Berlin,DE-BE,1
298,2017-12-01,3,5+0,Finland,FIN,,,5
298,2017-12-01,3,5+0,Croatia,HRV,,,1
298,2017-12-01,3,5+0,Sweden,SWE,,,1
299,2017-12-08,2,5+1,Germany,DEU,Bayern,DE-BY,1
299,2017-12-08,2,5+1,Germany,DEU,Hamburg,DE-HH,1
299,2017-12-08,2,5+1,Estonia,EST,,,1
299,2017-12-08,2,5+1,Finland,FIN,,,1
299,2017-12-08,3,5+0,Italy,ITA,,,1
299,2017-12-08,3,5+0,Poland,POL,,,1
299,2017-12-08,3,5+0,Hungary,HUN,,,1
300,2017-12-15,3,5+0,Germany,DEU,Baden-Württemberg,DE-BW,1
300,2017-12-15,3,5+0,Germany,DEU,Bayern,DE-BY,1
300,2017-12-15,3,5+0,Germany,DEU,Nordrhein-Westfalen,DE-NW,2
300,2017-12-15,3,5+0,Norway,NOR,,,1
300,2017-12-15,3,5+0,Poland,POL,,,1
300,2017-12-15,3,5+0,Slovakia,SVK,,,1
301,2017-12-22,2,5+1,Germany,DEU,Hessen,DE-HE,1
301,2017-12-22,2,5+1,Poland,POL,,,1
301,2017-12-22,3,5+0,Germany,DEU,Baden-Württemberg,DE-BW,1
301,2017-12-22,3,5+0,Germany,DEU,Niedersachsen,DE-NI,1
301,2017-12-22,3,5+0,Germany,DEU,Nordrhein-Westfalen,DE-NW,2
302,2017-12-29,2,5+1,Germany,DEU,Baden-Württemberg,DE-BW,1
302,2017-12-29,3,5+0,Germany,DEU,Sachsen-Anhalt,DE-ST,1
302,2017-12-29,3,5+0,Denmark,DNK,,,1
303,2018-01-05,2,5+1,Germany,DEU,Bayern,DE-BY,1
303,2018-01-05,2,5+1,Denmark,DNK,,,1
303,2018-01-05,2,5+1,Italy,ITA,,,1
303,2018-01-05,2,5+1,Spain,ESP,,,1
303,2018-01-05,3,5+0,Germany,DEU,Hessen,DE-HE,1
303,2018-01-05,3,5+0,Germany,DEU,Niedersachsen,DE-NI,1
303,2018-01-05,3,5+0,Germany,DEU,Nordrhein-Westfalen,DE-NW,2
303,2018-01-05,3,5+0,Germany,DEU,Saarland,DE-SL,1
303,2018-01-05,3,5+0,Finland,FIN,,,1
303,2018-01-05,3,5+0,Spain,ESP,,,1
303,2018-01-05,3,5+0,Czechia,CZE,,,1
304,2018-01-12,2,5+1,Denmark,DNK,,,1
304,2018-01-12,3,5+0,Germany,DEU,Baden-Württemberg,DE-BW,2
304,2018-01-12,3,5+0,Germany,DEU,Nordrhein-Westfalen,DE-NW,1
304,2018-01-12,3,5+0,Finland,FIN,,,1
304,2018-01-12,3,5+0,Iceland,ISL,,,1
304,2018-01-12,3,5+0,Poland,POL,,,1
304,2018-01-12,3,5+0,Spain,ESP,,,1
305,2018-01-19,2,5+1,Germany,DEU,Nordrhein-Westfalen,DE-NW,4
305,2018-01-19,2,5+1,Spain,ESP,,,1
305,2018-01-19,3,5+0,Germany,DEU,Niedersachsen,DE-NI,1
305,2018-01-19,3,5+0,Sweden,SWE,,,1
305,2018-01-19,3,5+0,Czechia,CZE,,,1
306,2018-01-26,2,5+1,Germany,DEU,Nordrhein-Westfalen,DE-NW,1
306,2018-01-26,2,5+1,Czechia,CZE,,,1
306,2018-01-26,3,5+0,Germany,DEU,Bayern,DE-BY,1
306,2018-01-26,3,5+0,Germany,DEU,Sachsen,DE-SN,1
306,2018-01-26,3,5+0,Germany,DEU,Schleswig-Holstein,DE-SH,1
306,2018-01-26,3,5+0,Finland,FIN,,,1
306,2018-01-26,3,5+0,Poland,POL,,,1
306,2018-01-26,3,5+0,Slovakia,SVK,,,1
307,2018-02-02,2,5+1,Germany,DEU,Bayern,DE-BY,2
307,2018-02-02,2,5+1,Germany,DEU,Hessen,DE-HE,1
307,2018-02-02,2,5+1,Germany,DEU,Nordrhein-Westfalen,DE-NW,1
307,2018-02-02,2,5+1,Denmark,DNK,,,1
307,2018-02-02,2,5+1,Finland,FIN,,,1
307,2018-02-02,2,5+1,Norway,NOR,,,1
307,2018-02-02,3,5+0,Germany,DEU,Baden-Württemberg,DE-BW,1
307,2018-02-02,3,5+0,Germany,DEU,Niedersachsen,DE-NI,1
307,2018-02-02,3,5+0,Germany,DEU,Thüringen,DE-TH,1
307,2018-02-02,3,5+0,Finland,FIN,,,2
307,2018-02-02,3,5+0,Italy,ITA,,,1
308,2018-02-09,1,5+2,Finland,FIN,,,1
308,2018-02-09,2,5+1,Germany,DEU,Baden-Württemberg,DE-BW,1
308,2018-02-09,2,5+1,Germany,DEU,Berlin,DE-BE,1
308,2018-02-09,2,5+1,Germany,DEU,Niedersachsen,DE-NI,1
308,2018-02-09,2,5+1,Germany,DEU,Nordrhein-Westfalen,DE-NW,2
308,2018-02-09,2,5+1,Finland,FIN,,,1
308,2018-02-09,2,5+1,Croatia,HRV,,,1
308,2018-02-09,2,5+1,Norway,NOR,,,1
308,2018-02-09,3,5+0,Germany,DEU,Bayern,DE-BY,1
308,2018-02-09,3,5+0,Germany,DEU,Niedersachsen,DE-NI,1
308,2018-02-09,3,5+0,Germany,DEU,Nordrhein-Westfalen,DE-NW,1
308,2018-02-09,3,5+0,Germany,DEU,Sachsen,DE-SN,2
308,2018-02-09,3,5+0,Denmark,DNK,,,1
308,2018-02-09,3,5+0,Finland,FIN,,,1
308,2018-02-09,3,5+0,Slovakia,SVK,,,1
308,2018-02-09,3,5+0,Hungary,HUN,,,1
309,2018-02-16,2,5+1,Germany,DEU,Sachsen-Anhalt,DE-ST,1
309,2018-02-16,3,5+0,Germany,DEU,Hessen,DE-HE,1
309,2018-02-16,3,5+0,Germany,DEU,Mecklenburg-Vorpommern,DE-MV,1
309,2018-02-16,3,5+0,Germany,DEU,Schleswig-Holstein,DE-SH,1
309,2018-02-16,3,5+0,Denmark,DNK,,,1
309,2018-02-16,3,5+0,Italy,ITA,,,1
309,2018-02-16,3,5+0,Hungary,HUN,,,2
310,2018-02-23,2,5+1,Denmark,DNK,,,1
310,2018-02-23,2,5+1,Italy,ITA,,,1
310,2018-02-23,2,5+1,Sweden,SWE,,,1
310,2018-02-23,3,5+0,Germany,DEU,Nordrhein-Westfalen,DE-NW,2
310,2018-02-23,3,5+0,Denmark,DNK,,,2
311,2018-03-02,2,5+1,Germany,DEU,Baden-Württemberg,DE-BW,1
311,2018-03-02,2,5+1,Germany,DEU,Sachsen,DE-SN,1
311,2018-03-02,2,5+1,Sweden,SWE,,,1
311,2018-03-02,2,5+1,Spain,ESP,,,1
311,2018-03-02,3,5+0,Germany,DEU,Nordrhein-Westfalen,DE-NW,1
311,2018-03-02,3,5+0,Denmark,DNK,,,1
311,2018-03-02,3,5+0,Croatia,HRV,,,2
312,2018-03-09,1,5+2,Germany,DEU,Berlin,DE-BE,1
312,2018-03-09,2,5+1,Germany,DEU,Bayern,DE-BY,2
312,2018-03-09,2,5+1,Germany,DEU,Berlin,DE-BE,1
312,2018-03-09,2,5+1,Germany,DEU,Nordrhein-Westfalen,DE-NW,3
312,2018-03-09,3,5+0,Germany,DEU,Baden-Württemberg,DE-BW,1
312,2018-03-09,3,5+0,Germany,DEU,Bayern,DE-BY,2
312,2018-03-09,3,5+0,Germany,DEU,Berlin,DE-BE,1
312,2018-03-09,3,5+0,Germany,DEU,Niedersachsen,DE-NI,1
312,2018-03-09,3,5+0,Germany,DEU,Rheinland-Pfalz,DE-RP,1
313,2018-03-16,3,5+0,Finland,FIN,,,1
314,2018-03-23,1,5+2,Norway,NOR,,,1
314,2018-03-23,2,5+1,Germany,DEU,Baden-Württemberg,DE-BW,1
314,2018-03-23,2,5+1,Germany,DEU,Bayern,DE-BY,1
314,2018-03-23,2,5+1,Germany,DEU,Hamburg,DE-HH,1
314,2018-03-23,2,5+1,Germany,DEU,Niedersachsen,DE-NI,1
314,2018-03-23,2,5+1,Germany,DEU,Nordrhein-Westfalen,DE-NW,2
314,2018-03-23,2,5+1,Netherlands,NLD,,,1
314,2018-03-23,3,5+0,Germany,DEU,Baden-Württemberg,DE-BW,1
314,2018-03-23,3,5+0,Germany,DEU,Niedersachsen,DE-NI,1
314,2018-03-23,3,5+0,Germany,DEU,Nordrhein-Westfalen,DE-NW,1
314,2018-03-23,3,5+0,Germany,DEU,Schleswig-Holstein,DE-SH,1
314,2018-03-23,3,5+0,Finland,FIN,,,2
314,2018-03-23,3,5+0,Croatia,HRV,,,1
314,2018-03-23,3,5+0,Norway,NOR,,,1
315,2018-03-30,2,5+1,Germany,DEU,Baden-Württemberg,DE-BW,1
315,2018-03-30,2,5+1,Germany,DEU,Bayern,DE-BY,1
315,2018-03-30,2,5+1,Germany,DEU,Berlin,DE-BE,1
315,2018-03-30,2,5+1,Norway,NOR,,,1
315,2018-03-30,3,5+0,Germany,DEU,Hessen,DE-HE,1
315,2018-03-30,3,5+0,Germany,DEU,Nordrhein-Westfalen,DE-NW,2
315,2018-03-30,3,5+0,Germany,DEU,Schleswig-Holstein,DE-SH,1
316,2018-04-06,2,5+1,Germany,DEU,Bayern,DE-BY,1
316,2018-04-06,3,5+0,Germany,DEU,Nordrhein-Westfalen,DE-NW,1
316,2018-04-06,3,5+0,Finland,FIN,,,1
317,2018-04-13,2,5+1,Germany,DEU,Niedersachsen,DE-NI,1
317,2018-04-13,2,5+1,Finland,FIN,,,3
317,2018-04-13,2,5+1,Poland,POL,,,1
317,2018-04-13,3,5+0,Finland,FIN,,,3
318,2018-04-20,2,5+1,Germany,DEU,Nordrhein-Westfalen,DE-NW,1
318,2018-04-20,2,5+1,Germany,DEU,Sachsen,DE-SN,1
318,2018-04-20,2,5+1,Finland,FIN,,,1
318,2018-04-20,3,5+0,Germany,DEU,Bayern,DE-BY,1
318,2018-04-20,3,5+0,Germany,DEU,Berlin,DE-BE,1
318,2018-04-20,3,5+0,Germany,DEU,Mecklenburg-Vorpommern,DE-MV,1
318,2018-04-20,3,5+0,Denmark,DNK,,,1
318,2018-04-20,3,5+0,Finland,FIN,,,2
318,2018-04-20,3,5+0,Norway,NOR,,,1
319,2018-04-27,2,5+1,Germany,DEU,Hessen,DE-HE,1
319,2018-04-27,2,5+1,Netherlands,NLD,,,1
319,2018-04-27,2,5+1,Sweden,SWE,,,2
319,2018-04-27,3,5+0,Germany,DEU,Baden-Württemberg,DE-BW,1
319,2018-04-27,3,5+0,Germany,DEU,Nordrhein-Westfalen,DE-NW,2
319,2018-04-27,3,5+0,Sweden,SWE,,,1
319,2018-04-27,3,5+0,Slovakia,SVK,,,1
319,2018-04-27,3,5+0,Spain,ESP,,,1
320,2018-05-04,2,5+1,Germany,DEU,Nordrhein-Westfalen,DE-NW,1
320,2018-05-04,2,5+1,Denmark,DNK,,,1
320,2018-05-04,2,5+1,Finland,FIN,,,1
320,2018-05-04,2,5+1,Croatia,HRV,,,1
320,2018-05-04,2,5+1,Spain,ESP,,,1
320,2018-05-04,3,5+0,Germany,DEU,Brandenburg,DE-BB,1
320,2018-05-04,3,5+0,Finland,FIN,,,1
320,2018-05-04,3,5+0,Norway,NOR,,,1
320,2018-05-04,3,5+0,Spain,ESP,,,2
321,2018-05-11,2,5+1,Germany,DEU,Baden-Württemberg,DE-BW,1
321,2018-05-11,2,5+1,Denmark,DNK,,,1
321,2018-05-11,2,5+1,Finland,FIN,,,1
321,2018-05-11,3,5+0,Germany,DEU,Bayern,DE-BY,1
321,2018-05-11,3,5+0,Germany,DEU,Berlin,DE-BE,2
321,2018-05-11,3,5+0,Germany,DEU,Hessen,DE-HE,1
321,2018-05-11,3,5+0,Germany,DEU,Niedersachsen,DE-NI,1
321,2018-05-11,3,5+0,Germany,DEU,Nordrhein-Westfalen,DE-NW,3
321,2018-05-11,3,5+0,Denmark,DNK,,,1
321,2018-05-11,3,5+0,Finland,FIN,,,3
321,2018-05-11,3,5+0,Croatia,HRV,,,1
321,2018-05-11,3,5+0,Netherlands,NLD,,,1
322,2018-05-18,2,5+1,Finland,FIN,,,2
322,2018-05-18,2,5+1,Netherlands,NLD,,,1
322,2018-05-18,2,5+1,Spain,ESP,,,1
322,2018-05-18,3,5+0,Germany,DEU,Bayern,DE-BY,1
322,2018-05-18,3,5+0,Germany,DEU,Niedersachsen,DE-NI,1
322,2018-05-18,3,5+0,Germany,DEU,Nordrhein-Westfalen,DE-NW,1
322,2018-05-18,3,5+0,Denmark,DNK,,,1
322,2018-05-18,3,5+0,Finland,FIN,,,1
322,2018-05-18,3,5+0,Czechia,CZE,,,1
322,2018-05-18,3,5+0,Hungary,HUN,,,1
323,2018-05-25,2,5+1,Germany,DEU,Niedersachsen,DE-NI,1
323,2018-05-25,2,5+1,Denmark,DNK,,,1
323,2018-05-25,2,5+1,Italy,ITA,,,2
323,2018-05-25,3,5+0,Germany,DEU,Baden-Württemberg,DE-BW,1
323,2018-05-25,3,5+0,Germany,DEU,Bayern,DE-BY,1
323,2018-05-25,3,5+0,Germany,DEU,Hessen,DE-HE,1
323,2018-05-25,3,5+0,Germany,DEU,Sachsen,DE-SN,1
323,2018-05-25,3,5+0,Denmark,DNK,,,1
323,2018-05-25,3,5+0,Finland,FIN,,,2
323,2018-05-25,3,5+0,Netherlands,NLD,,,1
323,2018-05-25,3,5+0,Norway,NOR,,,1
323,2018-05-25,3,5+0,Slovenia,SVN,,,1
323,2018-05-25,3,5+0,Spain,ESP,,,1
324,2018-06-01,2,5+1,Germany,DEU,Baden-Württemberg,DE-BW,1
324,2018-06-01,2,5+1,Germany,DEU,Rheinland-Pfalz,DE-RP,1
324,2018-06-01,2,5+1,Denmark,DNK,,,1
324,2018-06-01,3,5+0,Germany,DEU,Bayern,DE-BY,1
324,2018-06-01,3,5+0,Germany,DEU,Niedersachsen,DE-NI,1
324,2018-06-01,3,5+0,Germany,DEU,Nordrhein-Westfalen,DE-NW,2
324,2018-06-01,3,5+0,Germany,DEU,Saarland,DE-SL,1
324,2018-06-01,3,5+0,Denmark,DNK,,,2
324,2018-06-01,3,5+0,Finland,FIN,,,1
324,2018-06-01,3,5+0,Netherlands,NLD,,,1
324,2018-06-01,3,5+0,Norway,NOR,,,1
324,2018-06-01,3,5+0,Poland,POL,,,1
324,2018-06-01,3,5+0,Spain,ESP,,,1
324,2018-06-01,3,5+0,Czechia,CZE,,,1
325,2018-06-08,2,5+1,Germany,DEU,Brandenburg,DE-BB,1
325,2018-06-08,2,5+1,Germany,DEU,Nordrhein-Westfalen,DE-NW,2
325,2018-06-08,2,5+1,Germany,DEU,Rheinland-Pfalz,DE-RP,1
325,2018-06-08,2,5+1,Hungary,HUN,,,1
325,2018-06-08,3,5+0,Germany,DEU,Baden-Württemberg,DE-BW,1
325,2018-06-08,3,5+0,Germany,DEU,Hamburg,DE-HH,1
325,2018-06-08,3,5+0,Germany,DEU,Nordrhein-Westfalen,DE-NW,3
325,2018-06-08,3,5+0,Germany,DEU,Sachsen,DE-SN,2
325,2018-06-08,3,5+0,Germany,DEU,Thüringen,DE-TH,1
325,2018-06-08,3,5+0,Denmark,DNK,,,2
325,2018-06-08,3,5+0,Spain,ESP,,,2
325,2018-06-08,3,5+0,Czechia,CZE,,,1
326,2018-06-15,2,5+1,Germany,DEU,Baden-Württemberg,DE-BW,3
326,2018-06-15,2,5+1,Germany,DEU,Berlin,DE-BE,1
326,2018-06-15,2,5+1,Germany,DEU,Brandenburg,DE-BB,1
326,2018-06-15,2,5+1,Germany,DEU,Hamburg,DE-HH,1
326,2018-06-15,2,5+1,Germany,DEU,Nordrhein-Westfalen,DE-NW,4
326,2018-06-15,2,5+1,Germany,DEU,Rheinland-Pfalz,DE-RP,1
326,2018-06-15,2,5+1,Denmark,DNK,,,1
326,2018-06-15,2,5+1,Finland,FIN,,,6
326,2018-06-15,2,5+1,Italy,ITA,,,1
326,2018-06-15,2,5+1,Netherlands,NLD,,,2
326,2018-06-15,2,5+1,Poland,POL,,,1
326,2018-06-15,2,5+1,Sweden,SWE,,,2
326,2018-06-15,2,5+1,Slovakia,SVK,,,1
326,2018-06-15,2,5+1,Slovenia,SVN,,,1
326,2018-06-15,2,5+1,Spain,ESP,,,1
326,2018-06-15,2,5+1,Czechia,CZE,,,1
326,2018-06-15,3,5+0,Germany,DEU,Baden-Württemberg,DE-BW,6
326,2018-06-15,3,5+0,Germany,DEU,Bayern,DE-BY,5
326,2018-06-15,3,5+0,Germany,DEU,Hessen,DE-HE,2
326,2018-06-15,3,5+0,Germany,DEU,Niedersachsen,DE-NI,2
326,2018-06-15,3,5+0,Germany,DEU,Nordrhein-Westfalen,DE-NW,4
326,2018-06-15,3,5+0,Germany,DEU,Saarland,DE-SL,1
326,2018-06-15,3,5+0,Germany,DEU,Thüringen,DE-TH,1
326,2018-06-15,3,5+0,Denmark,DNK,,,1
326,2018-06-15,3,5+0,Finland,FIN,,,5
326,2018-06-15,3,5+0,Italy,ITA,,,2
326,2018-06-15,3,5+0,Netherlands,NLD,,,2
326,2018-06-15,3,5+0,Norway,NOR,,,3
326,2018-06-15,3,5+0,Poland,POL,,,2
326,2018-06-15,3,5+0,Sweden,SWE,,,1
326,2018-06-15,3,5+0,Slovakia,SVK,,,1
326,2018-06-15,3,5+0,Spain,ESP,,,2
326,2018-06-15,3,5+0,Czechia,CZE,,,1
327,2018-06-22,2,5+1,Germany,DEU,Baden-Württemberg,DE-BW,2
327,2018-06-22,2,5+1,Germany,DEU,Bayern,DE-BY,1
327,2018-06-22,2,5+1,Germany,DEU,Hessen,DE-HE,1
327,2018-06-22,2,5+1,Germany,DEU,Niedersachsen,DE-NI,2
327,2018-06-22,2,5+1,Germany,DEU,Nordrhein-Westfalen,DE-NW,1
327,2018-06-22,2,5+1,Germany,DEU,Rheinland-Pfalz,DE-RP,1
327,2018-06-22,2,5+1,Finland,FIN,,,1
327,2018-06-22,2,5+1,Sweden,SWE,,,1
327,2018-06-22,2,5+1,Slovenia,SVN,,,1
327,2018-06-22,3,5+0,Germany,DEU,Baden-Württemberg,DE-BW,1
327,2018-06-22,3,5+0,Germany,DEU,Bayern,DE-BY,3
327,2018-06-22,3,5+0,Germany,DEU,Berlin,DE-BE,1
327,2018-06-22,3,5+0,Germany,DEU,Hessen,DE-HE,2
327,2018-06-22,3,5+0,Germany,DEU,Nordrhein-Westfalen,DE-NW,6
327,2018-06-22,3,5+0,Germany,DEU,Sachsen,DE-SN,1
327,2018-06-22,3,5+0,Finland,FIN,,,5
327,2018-06-22,3,5+0,Norway,NOR,,,1
328,2018-06-29,2,5+1,Germany,DEU,Niedersachsen,DE-NI,1
328,2018-06-29,2,5+1,Germany,DEU,Rheinland-Pfalz,DE-RP,1
328,2018-06-29,2,5+1,Germany,DEU,Schleswig-Holstein,DE-SH,1
328,2018-06-29,2,5+1,Poland,POL,,,1
328,2018-06-29,3,5+0,Germany,DEU,Brandenburg,DE-BB,1
328,2018-06-29,3,5+0,Germany,DEU,Nordrhein-Westfalen,DE-NW,3
328,2018-06-29,3,5+0,Germany,DEU,Sachsen,DE-SN,1
328,2018-06-29,3,5+0,Germany,DEU,Schleswig-Holstein,DE-SH,1
328,2018-06-29,3,5+0,Denmark,DNK,,,1
328,2018-06-29,3,5+0,Finland,FIN,,,1
329,2018-07-06,1,5+2,Germany,DEU,Hessen,DE-HE,1
329,2018-07-06,1,5+2,Germany,DEU,Sachsen-Anhalt,DE-ST,1
329,2018-07-06,2,5+1,Germany,DEU,Baden-Württemberg,DE-BW,1
329,2018-07-06,2,5+1,Germany,DEU,Bayern,DE-BY,3
329,2018-07-06,2,5+1,Germany,DEU,Berlin,DE-BE,1
329,2018-07-06,2,5+1,Germany,DEU,Hessen,DE-HE,1
329,2018-07-06,2,5+1,Germany,DEU,Mecklenburg-Vorpommern,DE-MV,1
329,2018-07-06,2,5+1,Germany,DEU,Nordrhein-Westfalen,DE-NW,3
329,2018-07-06,2,5+1,Germany,DEU,Rheinland-Pfalz,DE-RP,1
329,2018-07-06,2,5+1,Germany,DEU,Schleswig-Holstein,DE-SH,1
329,2018-07-06,2,5+1,Germany,DEU,Thüringen,DE-TH,1
329,2018-07-06,2,5+1,Finland,FIN,,,5
329,2018-07-06,2,5+1,Italy,ITA,,,1
329,2018-07-06,2,5+1,Croatia,HRV,,,1
329,2018-07-06,2,5+1,Norway,NOR,,,1
329,2018-07-06,2,5+1,Poland,POL,,,1
329,2018-07-06,2,5+1,Spain,ESP,,,2
329,2018-07-06,3,5+0,Germany,DEU,Baden-Württemberg,DE-BW,8
329,2018-07-06,3,5+0,Germany,DEU,Bayern,DE-BY,1
329,2018-07-06,3,5+0,Germany,DEU,Berlin,DE-BE,1
329,2018-07-06,3,5+0,Germany,DEU,Brandenburg,DE-BB,1
329,2018-07-06,3,5+0,Germany,DEU,Hessen,DE-HE,1
329,2018-07-06,3,5+0,Germany,DEU,Mecklenburg-Vorpommern,DE-MV,1
329,2018-07-06,3,5+0,Germany,DEU,Nordrhein-Westfalen,DE-NW,2
329,2018-07-06,3,5+0,Germany,DEU,Sachsen,DE-SN,3
329,2018-07-06,3,5+0,Germany,DEU,Sachsen-Anhalt,DE-ST,1
329,2018-07-06,3,5+0,Germany,DEU,Schleswig-Holstein,DE-SH,1
329,2018-07-06,3,5+0,Denmark,DNK,,,1
329,2018-07-06,3,5+0,Finland,FIN,,,6
329,2018-07-06,3,5+0,Norway,NOR,,,1
329,2018-07-06,3,5+0,Slovenia,SVN,,,1
330,2018-07-13,2,5+1,Germany,DEU,Hessen,DE-HE,1
330,2018-07-13,2,5+1,Finland,FIN,,,1
330,2018-07-13,3,5+0,Germany,DEU,Baden-Württemberg,DE-BW,1
330,2018-07-13,3,5+0,Germany,DEU,Nordrhein-Westfalen,DE-NW,1
330,2018-07-13,3,5+0,Slovakia,SVK,,,1
331,2018-07-20,1,5+2,Sweden,SWE,,,1
331,2018-07-20,2,5+1,Denmark,DNK,,,1
331,2018-07-20,2,5+1,Finland,FIN,,,2
331,2018-07-20,3,5+0,Germany,DEU,Hessen,DE-HE,1
331,2018-07-20,3,5+0,Norway,NOR,,,1
332,2018-07-27,2,5+1,Sweden,SWE,,,1
332,2018-07-27,3,5+0,Germany,DEU,Baden-Württemberg,DE-BW,1
332,2018-07-27,3,5+0,Denmark,DNK,,,2
332,2018-07-27,3,5+0,Finland,FIN,,,1
332,2018-07-27,3,5+0,Poland,POL,,,1
332,2018-07-27,3,5+0,Sweden,SWE,,,1
333,2018-08-03,2,5+1,Germany,DEU,Nordrhein-Westfalen,DE-NW,1
333,2018-08-03,2,5+1,Denmark,DNK,,,1
333,2018-08-03,2,5+1,Finland,FIN,,,1
333,2018-08-03,2,5+1,Slovakia,SVK,,,1
333,2018-08-03,2,5+1,Spain,ESP,,,1
333,2018-08-03,3,5+0,Germany,DEU,Bayern,DE-BY,1
333,2018-08-03,3,5+0,Germany,DEU,Brandenburg,DE-BB,2
333,2018-08-03,3,5+0,Germany,DEU,Hessen,DE-HE,1
333,2018-08-03,3,5+0,Germany,DEU,Saarland,DE-SL,1
333,2018-08-03,3,5+0,Germany,DEU,Sachsen-Anhalt,DE-ST,1
333,2018-08-03,3,5+0,Denmark,DNK,,,2
333,2018-08-03,3,5+0,Croatia,HRV,,,1
333,2018-08-03,3,5+0,Norway,NOR,,,2
333,2018-08-03,3,5+0,Poland,POL,,,1
333,2018-08-03,3,5+0,Slovakia,SVK,,,1
333,2018-08-03,3,5+0,Hungary,HUN,,,1
334,2018-08-10,2,5+1,Germany,DEU,Berlin,DE-BE,1
334,2018-08-10,2,5+1,Croatia,HRV,,,1
334,2018-08-10,2,5+1,Spain,ESP,,,1
334,2018-08-10,3,5+0,Germany,DEU,Baden-Württemberg,DE-BW,1
334,2018-08-10,3,5+0,Germany,DEU,Berlin,DE-BE,1
334,2018-08-10,3,5+0,Germany,DEU,Niedersachsen,DE-NI,1
334,2018-08-10,3,5+0,Denmark,DNK,,,2
334,2018-08-10,3,5+0,Finland,FIN,,,3
334,2018-08-10,3,5+0,Sweden,SWE,,,1
335,2018-08-17,2,5+1,Germany,DEU,Bayern,DE-BY,1
335,2018-08-17,2,5+1,Germany,DEU,Sachsen,DE-SN,1
335,2018-08-17,2,5+1,Norway,NOR,,,1
335,2018-08-17,2,5+1,Sweden,SWE,,,1
335,2018-08-17,2,5+1,Slovakia,SVK,,,1
335,2018-08-17,3,5+0,Germany,DEU,Baden-Württemberg,DE-BW,1
335,2018-08-17,3,5+0,Germany,DEU,Bayern,DE-BY,1
335,2018-08-17,3,5+0,Germany,DEU,Hessen,DE-HE,1
335,2018-08-17,3,5+0,Denmark,DNK,,,1
335,2018-08-17,3,5+0,Croatia,HRV,,,1
336,2018-08-24,2,5+1,Italy,ITA,,,1
336,2018-08-24,2,5+1,Hungary,HUN,,,1
336,2018-08-24,3,5+0,Germany,DEU,Hamburg,DE-HH,1
336,2018-08-24,3,5+0,Germany,DEU,Nordrhein-Westfalen,DE-NW,5
336,2018-08-24,3,5+0,Denmark,DNK,,,1
337,2018-08-31,1,5+2,Germany,DEU,Hessen,DE-HE,1
337,2018-08-31,1,5+2,Germany,DEU,Nordrhein-Westfalen,DE-NW,1
337,2018-08-31,2,5+1,Germany,DEU,Baden-Württemberg,DE-BW,2
337,2018-08-31,2,5+1,Germany,DEU,Bayern,DE-BY,2
337,2018-08-31,2,5+1,Germany,DEU,Berlin,DE-BE,1
337,2018-08-31,2,5+1,Germany,DEU,Brandenburg,DE-BB,1
337,2018-08-31,2,5+1,Germany,DEU,Hessen,DE-HE,2
337,2018-08-31,2,5+1,Germany,DEU,Niedersachsen,DE-NI,1
337,2018-08-31,2,5+1,Germany,DEU,Nordrhein-Westfalen,DE-NW,2
337,2018-08-31,2,5+1,Germany,DEU,Rheinland-Pfalz,DE-RP,1
337,2018-08-31,2,5+1,Germany,DEU,Sachsen-Anhalt,DE-ST,1
337,2018-08-31,2,5+1,Denmark,DNK,,,1
337,2018-08-31,2,5+1,Finland,FIN,,,1
337,2018-08-31,2,5+1,Italy,ITA,,,1
337,2018-08-31,2,5+1,Croatia,HRV,,,1
337,2018-08-31,2,5+1,Poland,POL,,,2
337,2018-08-31,2,5+1,Slovakia,SVK,,,1
337,2018-08-31,2,5+1,Spain,ESP,,,2
337,2018-08-31,2,5+1,Hungary,HUN,,,1
337,2018-08-31,3,5+0,Germany,DEU,Baden-Württemberg,DE-BW,5
337,2018-08-31,3,5+0,Germany,DEU,Bayern,DE-BY,4
337,2018-08-31,3,5+0,Germany,DEU,Hessen,DE-HE,2
337,2018-08-31,3,5+0,Germany,DEU,Mecklenburg-Vorpommern,DE-MV,2
337,2018-08-31,3,5+0,Germany,DEU,Niedersachsen,DE-NI,1
337,2018-08-31,3,5+0,Germany,DEU,Nordrhein-Westfalen,DE-NW,3
337,2018-08-31,3,5+0,Germany,DEU,Rheinland-Pfalz,DE-RP,1
337,2018-08-31,3,5+0,Germany,DEU,Sachsen-Anhalt,DE-ST,1
337,2018-08-31,3,5+0,Germany,DEU,Schleswig-Holstein,DE-SH,1
337,2018-08-31,3,5+0,Finland,FIN,,,4
337,2018-08-31,3,5+0,Croatia,HRV,,,2
337,2018-08-31,3,5+0,Netherlands,NLD,,,1
337,2018-08-31,3,5+0,Poland,POL,,,1
337,2018-08-31,3,5+0,Slovakia,SVK,,,2
337,2018-08-31,3,5+0,Hungary,HUN,,,2
338,2018-09-07,2,5+1,Germany,DEU,Schleswig-Holstein,DE-SH,1
338,2018-09-07,2,5+1,Denmark,DNK,,,1
338,2018-09-07,2,5+1,Slovenia,SVN,,,1
338,2018-09-07,3,5+0,Germany,DEU,Baden-Württemberg,DE-BW,1
338,2018-09-07,3,5+0,Germany,DEU,Hessen,DE-HE,1
338,2018-09-07,3,5+0,Germany,DEU,Niedersachsen,DE-NI,1
338,2018-09-07,3,5+0,Germany,DEU,Nordrhein-Westfalen,DE-NW,3
338,2018-09-07,3,5+0,Germany,DEU,Sachsen,DE-SN,1
338,2018-09-07,3,5+0,Denmark,DNK,,,1
338,2018-09-07,3,5+0,Poland,POL,,,1
338,2018-09-07,3,5+0,Spain,ESP,,,1
339,2018-09-14,2,5+1,Germany,DEU,Baden-Württemberg,DE-BW,1
339,2018-09-14,3,5+0,Germany,DEU,Baden-Württemberg,DE-BW,2
339,2018-09-14,3,5+0,Germany,DEU,Bayern,DE-BY,1
339,2018-09-14,3,5+0,Germany,DEU,Nordrhein-Westfalen,DE-NW,1
339,2018-09-14,3,5+0,Denmark,DNK,,,1
339,2018-09-14,3,5+0,Norway,NOR,,,1
340,2018-09-21,2,5+1,Germany,DEU,Baden-Württemberg,DE-BW,1
340,2018-09-21,2,5+1,Norway,NOR,,,1
340,2018-09-21,2,5+1,Slovakia,SVK,,,1
340,2018-09-21,3,5+0,Germany,DEU,Baden-Württemberg,DE-BW,1
340,2018-09-21,3,5+0,Germany,DEU,Rheinland-Pfalz,DE-RP,1
340,2018-09-21,3,5+0,Denmark,DNK,,,1
340,2018-09-21,3,5+0,Finland,FIN,,,1
340,2018-09-21,3,5+0,Italy,ITA,,,1
341,2018-09-28,2,5+1,Germany,DEU,Baden-Württemberg,DE-BW,1
341,2018-09-28,2,5+1,Germany,DEU,Berlin,DE-BE,1
341,2018-09-28,2,5+1,Italy,ITA,,,1
341,2018-09-28,2,5+1,Norway,NOR,,,1
341,2018-09-28,3,5+0,Germany,DEU,Sachsen,DE-SN,1
341,2018-09-28,3,5+0,Denmark,DNK,,,2
341,2018-09-28,3,5+0,Finland,FIN,,,1
341,2018-09-28,3,5+0,Croatia,HRV,,,1
341,2018-09-28,3,5+0,Sweden,SWE,,,1
342,2018-10-05,2,5+1,Germany,DEU,Bayern,DE-BY,1
342,2018-10-05,2,5+1,Germany,DEU,Hessen,DE-HE,1
342,2018-10-05,2,5+1,Netherlands,NLD,,,1
342,2018-10-05,2,5+1,Slovenia,SVN,,,1
342,2018-10-05,3,5+0,Germany,DEU,Hessen,DE-HE,2
342,2018-10-05,3,5+0,Germany,DEU,Nordrhein-Westfalen,DE-NW,2
342,2018-10-05,3,5+0,Norway,NOR,,,1
342,2018-10-05,3,5+0,Poland,POL,,,2
342,2018-10-05,3,5+0,Hungary,HUN,,,1
343,2018-10-12,2,5+1,Norway,NOR,,,1
343,2018-10-12,3,5+0,Germany,DEU,Nordrhein-Westfalen,DE-NW,1
343,2018-10-12,3,5+0,Germany,DEU,Thüringen,DE-TH,1
343,2018-10-12,3,5+0,Italy,ITA,,,1
343,2018-10-12,3,5+0,Sweden,SWE,,,1
343,2018-10-12,3,5+0,Slovakia,SVK,,,1
343,2018-10-12,3,5+0,Spain,ESP,,,1
344,2018-10-19,2,5+1,Germany,DEU,Baden-Württemberg,DE-BW,3
344,2018-10-19,2,5+1,Germany,DEU,Berlin,DE-BE,1
344,2018-10-19,2,5+1,Germany,DEU,Hessen,DE-HE,2
344,2018-10-19,2,5+1,Germany,DEU,Niedersachsen,DE-NI,1
344,2018-10-19,2,5+1,Germany,DEU,Nordrhein-Westfalen,DE-NW,3
344,2018-10-19,2,5+1,Germany,DEU,Rheinland-Pfalz,DE-RP,1
344,2018-10-19,2,5+1,Germany,DEU,Thüringen,DE-TH,1
344,2018-10-19,2,5+1,Italy,ITA,,,1
344,2018-10-19,2,5+1,Sweden,SWE,,,1
344,2018-10-19,2,5+1,Spain,ESP,,,1
344,2018-10-19,3,5+0,Germany,DEU,Baden-Württemberg,DE-BW,5
344,2018-10-19,3,5+0,Germany,DEU,Berlin,DE-BE,1
344,2018-10-19,3,5+0,Germany,DEU,Hessen,DE-HE,1
344,2018-10-19,3,5+0,Germany,DEU,Niedersachsen,DE-NI,1
344,2018-10-19,3,5+0,Germany,DEU,Nordrhein-Westfalen,DE-NW,5
344,2018-10-19,3,5+0,Germany,DEU,Sachsen-Anhalt,DE-ST,1
344,2018-10-19,3,5+0,Denmark,DNK,,,1
344,2018-10-19,3,5+0,Finland,FIN,,,1
344,2018-10-19,3,5+0,Norway,NOR,,,1
344,2018-10-19,3,5+0,Slovakia,SVK,,,1
344,2018-10-19,3,5+0,Spain,ESP,,,1
345,2018-10-26,2,5+1,Germany,DEU,Hessen,DE-HE,1
345,2018-10-26,2,5+1,Germany,DEU,Niedersachsen,DE-NI,1
345,2018-10-26,2,5+1,Netherlands,NLD,,,1
345,2018-10-26,2,5+1,Sweden,SWE,,,1
345,2018-10-26,2,5+1,Hungary,HUN,,,1
345,2018-10-26,3,5+0,Germany,DEU,Bayern,DE-BY,2
345,2018-10-26,3,5+0,Germany,DEU,Mecklenburg-Vorpommern,DE-MV,1
345,2018-10-26,3,5+0,Germany,DEU,Nordrhein-Westfalen,DE-NW,2
345,2018-10-26,3,5+0,Denmark,DNK,,,2
345,2018-10-26,3,5+0,Finland,FIN,,,2
346,2018-11-02,2,5+1,Germany,DEU,Hamburg,DE-HH,1
346,2018-11-02,2,5+1,Germany,DEU,Niedersachsen,DE-NI,2
346,2018-11-02,2,5+1,Denmark,DNK,,,1
346,2018-11-02,2,5+1,Finland,FIN,,,1
346,2018-11-02,2,5+1,Norway,NOR,,,1
346,2018-11-02,2,5+1,Spain,ESP,,,1
346,2018-11-02,3,5+0,Germany,DEU,Bayern,DE-BY,3
346,2018-11-02,3,5+0,Germany,DEU,Brandenburg,DE-BB,1
346,2018-11-02,3,5+0,Germany,DEU,Nordrhein-Westfalen,DE-NW,4
346,2018-11-02,3,5+0,Germany,DEU,Rheinland-Pfalz,DE-RP,1
346,2018-11-02,3,5+0,Denmark,DNK,,,1
346,2018-11-02,3,5+0,Finland,FIN,,,1
346,2018-11-02,3,5+0,Croatia,HRV,,,1
346,2018-11-02,3,5+0,Norway,NOR,,,2
346,2018-11-02,3,5+0,Hungary,HUN,,,1
347,2018-11-09,2,5+1,Germany,DEU,Bayern,DE-BY,1
347,2018-11-09,2,5+1,Germany,DEU,Niedersachsen,DE-NI,1
347,2018-11-09,2,5+1,Germany,DEU,Nordrhein-Westfalen,DE-NW,1
347,2018-11-09,3,5+0,Germany,DEU,Baden-Württemberg,DE-BW,3
347,2018-11-09,3,5+0,Germany,DEU,Nordrhein-Westfalen,DE-NW,3
347,2018-11-09,3,5+0,Denmark,DNK,,,1
347,2018-11-09,3,5+0,Finland,FIN,,,1
347,2018-11-09,3,5+0,Slovakia,SVK,,,1
347,2018-11-09,3,5+0,Hungary,HUN,,,1
348,2018-11-16,1,5+2,Germany,DEU,Hamburg,DE-HH,1
348,2018-11-16,1,5+2,Germany,DEU,Hessen,DE-HE,1
348,2018-11-16,1,5+2,Finland,FIN,,,1
348,2018-11-16,1,5+2,Italy,ITA,,,1
348,2018-11-16,1,5+2,Spain,ESP,,,1
348,2018-11-16,2,5+1,Germany,DEU,Baden-Württemberg,DE-BW,1
348,2018-11-16,2,5+1,Germany,DEU,Niedersachsen,DE-NI,2
348,2018-11-16,2,5+1,Finland,FIN,,,1
348,2018-11-16,2,5+1,Italy,ITA,,,1
348,2018-11-16,2,5+1,Norway,NOR,,,1
348,2018-11-16,3,5+0,Germany,DEU,Baden-Württemberg,DE-BW,1
348,2018-11-16,3,5+0,Germany,DEU,Bayern,DE-BY,1
348,2018-11-16,3,5+0,Germany,DEU,Hessen,DE-HE,1
348,2018-11-16,3,5+0,Germany,DEU,Niedersachsen,DE-NI,1
348,2018-11-16,3,5+0,Denmark,DNK,,,1
348,2018-11-16,3,5+0,Finland,FIN,,,2
348,2018-11-16,3,5+0,Croatia,HRV,,,1
348,2018-11-16,3,5+0,Poland,POL,,,1
348,2018-11-16,3,5+0,Hungary,HUN,,,1
349,2018-11-23,2,5+1,Germany,DEU,Bayern,DE-BY,1
349,2018-11-23,2,5+1,Germany,DEU,Berlin,DE-BE,1
349,2018-11-23,2,5+1,Germany,DEU,Hessen,DE-HE,1
349,2018-11-23,2,5+1,Denmark,DNK,,,1
349,2018-11-23,2,5+1,Finland,FIN,,,1
349,2018-11-23,2,5+1,Hungary,HUN,,,1
349,2018-11-23,3,5+0,Germany,DEU,Mecklenburg-Vorpommern,DE-MV,1
349,2018-11-23,3,5+0,Germany,DEU,Nordrhein-Westfalen,DE-NW,1
349,2018-11-23,3,5+0,Germany,DEU,Schleswig-Holstein,DE-SH,1
349,2018-11-23,3,5+0,Italy,ITA,,,1
349,2018-11-23,3,5+0,Sweden,SWE,,,1
350,2018-11-30,2,5+1,Germany,DEU,Nordrhein-Westfalen,DE-NW,1
350,2018-11-30,2,5+1,Finland,FIN,,,2
350,2018-11-30,3,5+0,Finland,FIN,,,1
351,2018-12-07,1,5+2,Denmark,DNK,,,1
351,2018-12-07,2,5+1,Germany,DEU,Hessen,DE-HE,1
351,2018-12-07,2,5+1,Iceland,ISL,,,1
351,2018-12-07,3,5+0,Germany,DEU,Baden-Württemberg,DE-BW,1
351,2018-12-07,3,5+0,Germany,DEU,Bayern,DE-BY,1
351,2018-12-07,3,5+0,Germany,DEU,Nordrhein-Westfalen,DE-NW,1
351,2018-12-07,3,5+0,Germany,DEU,Schleswig-Holstein,DE-SH,1
351,2018-12-07,3,5+0,Finland,FIN,,,1
351,2018-12-07,3,5+0,Netherlands,NLD,,,1
351,2018-12-07,3,5+0,Norway,NOR,,,1
351,2018-12-07,3,5+0,Poland,POL,,,1
352,2018-12-14,1,5+2,Spain,ESP,,,1
352,2018-12-14,2,5+1,Germany,DEU,Baden-Württemberg,DE-BW,1
352,2018-12-14,2,5+1,Germany,DEU,Nordrhein-Westfalen,DE-NW,1
352,2018-12-14,2,5+1,Spain,ESP,,,1
352,2018-12-14,3,5+0,Germany,DEU,Baden-Württemberg,DE-BW,1
352,2018-12-14,3,5+0,Germany,DEU,Bayern,DE-BY,2
352,2018-12-14,3,5+0,Germany,DEU,Hessen,DE-HE,1
352,2018-12-14,3,5+0,Germany,DEU,Nordrhein-Westfalen,DE-NW,1
352,2018-12-14,3,5+0,Denmark,DNK,,,1
352,2018-12-14,3,5+0,Finland,FIN,,,1
352,2018-12-14,3,5+0,Italy,ITA,,,2
352,2018-12-14,3,5+0,Norway,NOR,,,1
352,2018-12-14,3,5+0,Spain,ESP,,,1
353,2018-12-21,2,5+1,Germany,DEU,Bayern,DE-BY,2
353,2018-12-21,2,5+1,Germany,DEU,Hessen,DE-HE,1
353,2018-12-21,2,5+1,Hungary,HUN,,,1
353,2018-12-21,3,5+0,Germany,DEU,Baden-Württemberg,DE-BW,1
353,2018-12-21,3,5+0,Germany,DEU,Brandenburg,DE-BB,1
353,2018-12-21,3,5+0,Germany,DEU,Hessen,DE-HE,2
353,2018-12-21,3,5+0,Germany,DEU,Niedersachsen,DE-NI,1
353,2018-12-21,3,5+0,Slovenia,SVN,,,1
353,2018-12-21,3,5+0,Spain,ESP,,,1
354,2018-12-28,1,5+2,Germany,DEU,Berlin,DE-BE,1
354,2018-12-28,1,5+2,Netherlands,NLD,,,1
354,2018-12-28,2,5+1,Germany,DEU,Brandenburg,DE-BB,1
354,2018-12-28,2,5+1,Germany,DEU,Nordrhein-Westfalen,DE-NW,1
354,2018-12-28,2,5+1,Germany,DEU,Sachsen,DE-SN,1
354,2018-12-28,3,5+0,Germany,DEU,Nordrhein-Westfalen,DE-NW,1
354,2018-12-28,3,5+0,Denmark,DNK,,,1
354,2018-12-28,3,5+0,Norway,NOR,,,1
354,2018-12-28,3,5+0,Sweden,SWE,,,1
355,2019-01-04,2,5+1,Germany,DEU,Nordrhein-Westfalen,DE-NW,1
355,2019-01-04,2,5+1,Netherlands,NLD,,,1
355,2019-01-04,2,5+1,Norway,NOR,,,1
355,2019-01-04,2,5+1,Hungary,HUN,,,1
355,2019-01-04,3,5+0,Germany,DEU,Baden-Württemberg,DE-BW,1
355,2019-01-04,3,5+0,Germany,DEU,Niedersachsen,DE-NI,1
355,2019-01-04,3,5+0,Germany,DEU,Nordrhein-Westfalen,DE-NW,1
355,2019-01-04,3,5+0,Iceland,ISL,,,1
355,2019-01-04,3,5+0,Sweden,SWE,,,1
356,2019-01-11,2,5+1,Germany,DEU,Bayern,DE-BY,1
356,2019-01-11,2,5+1,Germany,DEU,Brandenburg,DE-BB,1
356,2019-01-11,3,5+0,Germany,DEU,Baden-Württemberg,DE-BW,1
356,2019-01-11,3,5+0,Germany,DEU,Bayern,DE-BY,1
356,2019-01-11,3,5+0,Germany,DEU,Brandenburg,DE-BB,1
356,2019-01-11,3,5+0,Germany,DEU,Sachsen,DE-SN,1
356,2019-01-11,3,5+0,Germany,DEU,Schleswig-Holstein,DE-SH,1
356,2019-01-11,3,5+0,Finland,FIN,,,1
356,2019-01-11,3,5+0,Italy,ITA,,,1
356,2019-01-11,3,5+0,Norway,NOR,,,1
357,2019-01-18,2,5+1,Germany,DEU,Baden-Württemberg,DE-BW,1
357,2019-01-18,2,5+1,Germany,DEU,Hessen,DE-HE,1
357,2019-01-18,2,5+1,Germany,DEU,Niedersachsen,DE-NI,1
357,2019-01-18,2,5+1,Germany,DEU,Nordrhein-Westfalen,DE-NW,1
357,2019-01-18,3,5+0,Germany,DEU,Hessen,DE-HE,1
357,2019-01-18,3,5+0,Germany,DEU,Niedersachsen,DE-NI,2
357,2019-01-18,3,5+0,Germany,DEU,Nordrhein-Westfalen,DE-NW,1
357,2019-01-18,3,5+0,Denmark,DNK,,,1
357,2019-01-18,3,5+0,Finland,FIN,,,1
357,2019-01-18,3,5+0,Italy,ITA,,,1
357,2019-01-18,3,5+0,Croatia,HRV,,,2
357,2019-01-18,3,5+0,Sweden,SWE,,,2
357,2019-01-18,3,5+0,Slovakia,SVK,,,1
357,2019-01-18,3,5+0,Hungary,HUN,,,1
358,2019-01-25,2,5+1,Germany,DEU,Bayern,DE-BY,2
358,2019-01-25,2,5+1,Slovenia,SVN,,,1
358,2019-01-25,3,5+0,Germany,DEU,Baden-Württemberg,DE-BW,1
358,2019-01-25,3,5+0,Germany,DEU,Bayern,DE-BY,1
358,2019-01-25,3,5+0,Finland,FIN,,,1
358,2019-01-25,3,5+0,Norway,NOR,,,1
359,2019-02-01,2,5+1,Germany,DEU,Baden-Württemberg,DE-BW,1
359,2019-02-01,2,5+1,Germany,DEU,Thüringen,DE-TH,1
359,2019-02-01,2,5+1,Denmark,DNK,,,1
359,2019-02-01,2,5+1,Croatia,HRV,,,1
359,2019-02-01,2,5+1,Sweden,SWE,,,1
359,2019-02-01,2,5+1,Slovenia,SVN,,,1
359,2019-02-01,3,5+0,Germany,DEU,Bayern,DE-BY,1
359,2019-02-01,3,5+0,Germany,DEU,Berlin,DE-BE,1
359,2019-02-01,3,5+0,Denmark,DNK,,,1
359,2019-02-01,3,5+0,Finland,FIN,,,1
359,2019-02-01,3,5+0,Sweden,SWE,,,1
359,2019-02-01,3,5+0,Spain,ESP,,,1
359,2019-02-01,3,5+0,Czechia,CZE,,,1
360,2019-02-08,1,5+2,Germany,DEU,Rheinland-Pfalz,DE-RP,1
360,2019-02-08,2,5+1,Germany,DEU,Bayern,DE-BY,1
360,2019-02-08,2,5+1,Denmark,DNK,,,1
360,2019-02-08,2,5+1,Finland,FIN,,,1
360,2019-02-08,2,5+1,Sweden,SWE,,,1
360,2019-02-08,3,5+0,Germany,DEU,Nordrhein-Westfalen,DE-NW,1
360,2019-02-08,3,5+0,Germany,DEU,Thüringen,DE-TH,1
360,2019-02-08,3,5+0,Denmark,DNK,,,2
360,2019-02-08,3,5+0,Finland,FIN,,,1
360,2019-02-08,3,5+0,Lithuania,LTU,,,1
361,2019-02-15,2,5+1,Germany,DEU,Niedersachsen,DE-NI,1
361,2019-02-15,2,5+1,Germany,DEU,Sachsen,DE-SN,1
361,2019-02-15,2,5+1,Germany,DEU,Schleswig-Holstein,DE-SH,1
361,2019-02-15,2,5+1,Slovakia,SVK,,,1
361,2019-02-15,2,5+1,Spain,ESP,,,1
361,2019-02-15,3,5+0,Germany,DEU,Niedersachsen,DE-NI,1
361,2019-02-15,3,5+0,Poland,POL,,,1
362,2019-02-22,2,5+1,Germany,DEU,Niedersachsen,DE-NI,1
362,2019-02-22,3,5+0,Norway,NOR,,,2
363,2019-03-01,2,5+1,Germany,DEU,Niedersachsen,DE-NI,1
363,2019-03-01,2,5+1,Germany,DEU,Nordrhein-Westfalen,DE-NW,1
363,2019-03-01,2,5+1,Estonia,EST,,,1
363,2019-03-01,2,5+1,Czechia,CZE,,,1
363,2019-03-01,3,5+0,Germany,DEU,Baden-Württemberg,DE-BW,1
363,2019-03-01,3,5+0,Germany,DEU,Bayern,DE-BY,1
363,2019-03-01,3,5+0,Germany,DEU,Niedersachsen,DE-NI,1
363,2019-03-01,3,5+0,Germany,DEU,Nordrhein-Westfalen,DE-NW,1
363,2019-03-01,3,5+0,Denmark,DNK,,,1
363,2019-03-01,3,5+0,Finland,FIN,,,1
363,2019-03-01,3,5+0,Poland,POL,,,1
364,2019-03-08,2,5+1,Germany,DEU,Rheinland-Pfalz,DE-RP,1
364,2019-03-08,2,5+1,Denmark,DNK,,,2
364,2019-03-08,2,5+1,Finland,FIN,,,1
364,2019-03-08,3,5+0,Germany,DEU,Baden-Württemberg,DE-BW,2
364,2019-03-08,3,5+0,Germany,DEU,Hessen,DE-HE,1
364,2019-03-08,3,5+0,Germany,DEU,Nordrhein-Westfalen,DE-NW,1
364,2019-03-08,3,5+0,Denmark,DNK,,,1
364,2019-03-08,3,5+0,Finland,FIN,,,1
364,2019-03-08,3,5+0,Netherlands,NLD,,,1
365,2019-03-15,1,5+2,Sweden,SWE,,,1
365,2019-03-15,2,5+1,Germany,DEU,Nordrhein-Westfalen,DE-NW,1
365,2019-03-15,2,5+1,Finland,FIN,,,4
365,2019-03-15,2,5+1,Norway,NOR,,,1
365,2019-03-15,3,5+0,Germany,DEU,Bayern,DE-BY,1
365,2019-03-15,3,5+0,Germany,DEU,Nordrhein-Westfalen,DE-NW,2
365,2019-03-15,3,5+0,Finland,FIN,,,3
365,2019-03-15,3,5+0,Norway,NOR,,,1
365,2019-03-15,3,5+0,Poland,POL,,,1
365,2019-03-15,3,5+0,Slovakia,SVK,,,1
365,2019-03-15,3,5+0,Spain,ESP,,,1
366,2019-03-22,3,5+0,Germany,DEU,Hessen,DE-HE,1
366,2019-03-22,3,5+0,Germany,DEU,Nordrhein-Westfalen,DE-NW,2
366,2019-03-22,3,5+0,Germany,DEU,Sachsen,DE-SN,1
366,2019-03-22,3,5+0,Germany,DEU,Thüringen,DE-TH,1
366,2019-03-22,3,5+0,Denmark,DNK,,,1
366,2019-03-22,3,5+0,Czechia,CZE,,,1
367,2019-03-29,2,5+1,Germany,DEU,Baden-Württemberg,DE-BW,1
367,2019-03-29,2,5+1,Germany,DEU,Nordrhein-Westfalen,DE-NW,1
367,2019-03-29,2,5+1,Denmark,DNK,,,1
367,2019-03-29,2,5+1,Croatia,HRV,,,1
367,2019-03-29,3,5+0,Germany,DEU,Baden-Württemberg,DE-BW,1
367,2019-03-29,3,5+0,Germany,DEU,Bayern,DE-BY,1
367,2019-03-29,3,5+0,Denmark,DNK,,,1
367,2019-03-29,3,5+0,Finland,FIN,,,2
367,2019-03-29,3,5+0,Norway,NOR,,,1
368,2019-04-05,2,5+1,Norway,NOR,,,1
368,2019-04-05,2,5+1,Hungary,HUN,,,1
368,2019-04-05,3,5+0,Germany,DEU,Bayern,DE-BY,1
368,2019-04-05,3,5+0,Germany,DEU,Mecklenburg-Vorpommern,DE-MV,1
368,2019-04-05,3,5+0,Denmark,DNK,,,1
368,2019-04-05,3,5+0,Finland,FIN,,,1
368,2019-04-05,3,5+0,Italy,ITA,,,1
368,2019-04-05,3,5+0,Norway,NOR,,,2
369,2019-04-12,2,5+1,Germany,DEU,Baden-Württemberg,DE-BW,1
369,2019-04-12,2,5+1,Germany,DEU,Nordrhein-Westfalen,DE-NW,1
369,2019-04-12,2,5+1,Poland,POL,,,1
369,2019-04-12,2,5+1,Slovakia,SVK,,,1
369,2019-04-12,3,5+0,Germany,DEU,Bayern,DE-BY,1
369,2019-04-12,3,5+0,Denmark,DNK,,,1
369,2019-04-12,3,5+0,Norway,NOR,,,1
369,2019-04-12,3,5+0,Slovenia,SVN,,,1
370,2019-04-19,2,5+1,Finland,FIN,,,1
370,2019-04-19,2,5+1,Norway,NOR,,,1
370,2019-04-19,2,5+1,Poland,POL,,,1
370,2019-04-19,3,5+0,Germany,DEU,Bayern,DE-BY,1
370,2019-04-19,3,5+0,Germany,DEU,Hessen,DE-HE,1
370,2019-04-19,3,5+0,Germany,DEU,Niedersachsen,DE-NI,1
370,2019-04-19,3,5+0,Germany,DEU,Nordrhein-Westfalen,DE-NW,1
370,2019-04-19,3,5+0,Denmark,DNK,,,1
370,2019-04-19,3,5+0,Finland,FIN,,,1
370,2019-04-19,3,5+0,Italy,ITA,,,1
370,2019-04-19,3,5+0,Sweden,SWE,,,1
370,2019-04-19,3,5+0,Czechia,CZE,,,1
371,2019-04-26,2,5+1,Germany,DEU,Bayern,DE-BY,1
371,2019-04-26,3,5+0,Germany,DEU,Bayern,DE-BY,3
371,2019-04-26,3,5+0,Denmark,DNK,,,3
371,2019-04-26,3,5+0,Netherlands,NLD,,,1
371,2019-04-26,3,5+0,Poland,POL,,,1
372,2019-05-03,2,5+1,Italy,ITA,,,1
372,2019-05-03,3,5+0,Germany,DEU,Niedersachsen,DE-NI,1
372,2019-05-03,3,5+0,Germany,DEU,Nordrhein-Westfalen,DE-NW,1
372,2019-05-03,3,5+0,Denmark,DNK,,,1
372,2019-05-03,3,5+0,Estonia,EST,,,1
372,2019-05-03,3,5+0,Netherlands,NLD,,,1
372,2019-05-03,3,5+0,Sweden,SWE,,,1
373,2019-05-10,1,5+2,Germany,DEU,Nordrhein-Westfalen,DE-NW,1
373,2019-05-10,1,5+2,Poland,POL,,,1
373,2019-05-10,2,5+1,Germany,DEU,Bayern,DE-BY,3
373,2019-05-10,2,5+1,Germany,DEU,Mecklenburg-Vorpommern,DE-MV,1
373,2019-05-10,2,5+1,Germany,DEU,Niedersachsen,DE-NI,1
373,2019-05-10,2,5+1,Germany,DEU,Nordrhein-Westfalen,DE-NW,1
373,2019-05-10,2,5+1,Germany,DEU,Sachsen-Anhalt,DE-ST,1
373,2019-05-10,2,5+1,Denmark,DNK,,,1
373,2019-05-10,2,5+1,Spain,ESP,,,1
373,2019-05-10,2,5+1,Czechia,CZE,,,2
373,2019-05-10,3,5+0,Germany,DEU,Baden-Württemberg,DE-BW,1
373,2019-05-10,3,5+0,Germany,DEU,Hamburg,DE-HH,1
373,2019-05-10,3,5+0,Germany,DEU,Mecklenburg-Vorpommern,DE-MV,1
373,2019-05-10,3,5+0,Germany,DEU,Niedersachsen,DE-NI,3
373,2019-05-10,3,5+0,Germany,DEU,Nordrhein-Westfalen,DE-NW,1
373,2019-05-10,3,5+0,Germany,DEU,Sachsen,DE-SN,1
373,2019-05-10,3,5+0,Denmark,DNK,,,2
373,2019-05-10,3,5+0,Estonia,EST,,,1
373,2019-05-10,3,5+0,Finland,FIN,,,2
373,2019-05-10,3,5+0,Norway,NOR,,,2
373,2019-05-10,3,5+0,Sweden,SWE,,,1
373,2019-05-10,3,5+0,Czechia,CZE,,,2
374,2019-05-17,2,5+1,Germany,DEU,Nordrhein-Westfalen,DE-NW,2
374,2019-05-17,2,5+1,Germany,DEU,Schleswig-Holstein,DE-SH,1
374,2019-05-17,2,5+1,Denmark,DNK,,,1
374,2019-05-17,3,5+0,Germany,DEU,Baden-Württemberg,DE-BW,3
374,2019-05-17,3,5+0,Germany,DEU,Nordrhein-Westfalen,DE-NW,2
374,2019-05-17,3,5+0,Croatia,HRV,,,1
374,2019-05-17,3,5+0,Sweden,SWE,,,1
375,2019-05-24,2,5+1,Germany,DEU,Baden-Württemberg,DE-BW,1
375,2019-05-24,2,5+1,Germany,DEU,Nordrhein-Westfalen,DE-NW,1
375,2019-05-24,2,5+1,Finland,FIN,,,1
375,2019-05-24,2,5+1,Hungary,HUN,,,1
375,2019-05-24,3,5+0,Germany,DEU,Niedersachsen,DE-NI,1
375,2019-05-24,3,5+0,Denmark,DNK,,,2
375,2019-05-24,3,5+0,Italy,ITA,,,1
375,2019-05-24,3,5+0,Norway,NOR,,,1
375,2019-05-24,3,5+0,Sweden,SWE,,,2
375,2019-05-24,3,5+0,Spain,ESP,,,1
376,2019-05-31,2,5+1,Germany,DEU,Nordrhein-Westfalen,DE-NW,1
376,2019-05-31,2,5+1,Denmark,DNK,,,2
376,2019-05-31,2,5+1,Netherlands,NLD,,,2
376,2019-05-31,3,5+0,Germany,DEU,Bremen,DE-HB,1
376,2019-05-31,3,5+0,Germany,DEU,Hessen,DE-HE,1
376,2019-05-31,3,5+0,Germany,DEU,Nordrhein-Westfalen,DE-NW,1
376,2019-05-31,3,5+0,Poland,POL,,,1
376,2019-05-31,3,5+0,Spain,ESP,,,1
376,2019-05-31,3,5+0,Hungary,HUN,,,1
377,2019-06-07,2,5+1,Germany,DEU,Nordrhein-Westfalen,DE-NW,1
377,2019-06-07,2,5+1,Germany,DEU,Saarland,DE-SL,1
377,2019-06-07,2,5+1,Denmark,DNK,,,1
377,2019-06-07,3,5+0,Germany,DEU,Baden-Württemberg,DE-BW,1
377,2019-06-07,3,5+0,Germany,DEU,Bayern,DE-BY,1
377,2019-06-07,3,5+0,Germany,DEU,Nordrhein-Westfalen,DE-NW,1
377,2019-06-07,3,5+0,Slovenia,SVN,,,2
378,2019-06-14,1,5+2,Czechia,CZE,,,1
378,2019-06-14,2,5+1,Germany,DEU,Nordrhein-Westfalen,DE-NW,1
378,2019-06-14,2,5+1,Hungary,HUN,,,1
378,2019-06-14,3,5+0,Germany,DEU,Hessen,DE-HE,1
378,2019-06-14,3,5+0,Norway,NOR,,,1
378,2019-06-14,3,5+0,Spain,ESP,,,1
379,2019-06-21,2,5+1,Germany,DEU,Bremen,DE-HB,1
379,2019-06-21,2,5+1,Germany,DEU,Hessen,DE-HE,1
379,2019-06-21,2,5+1,Germany,DEU,Niedersachsen,DE-NI,1
379,2019-06-21,3,5+0,Denmark,DNK,,,1
379,2019-06-21,3,5+0,Finland,FIN,,,2
379,2019-06-21,3,5+0,Lithuania,LTU,,,1
379,2019-06-21,3,5+0,Norway,NOR,,,1
380,2019-06-28,1,5+2,Germany,DEU,Bayern,DE-BY,1
380,2019-06-28,2,5+1,Germany,DEU,Schleswig-Holstein,DE-SH,1
380,2019-06-28,3,5+0,Germany,DEU,Brandenburg,DE-BB,1
380,2019-06-28,3,5+0,Germany,DEU,Nordrhein-Westfalen,DE-NW,2
380,2019-06-28,3,5+0,Denmark,DNK,,,1
380,2019-06-28,3,5+0,Finland,FIN,,,2
380,2019-06-28,3,5+0,Poland,POL,,,1
381,2019-07-05,2,5+1,Germany,DEU,Nordrhein-Westfalen,DE-NW,1
381,2019-07-05,2,5+1,Poland,POL,,,1
381,2019-07-05,2,5+1,Slovakia,SVK,,,1
381,2019-07-05,2,5+1,Spain,ESP,,,1
381,2019-07-05,3,5+0,Denmark,DNK,,,1
381,2019-07-05,3,5+0,Finland,FIN,,,1
382,2019-07-12,2,5+1,Germany,DEU,Nordrhein-Westfalen,DE-NW,2
382,2019-07-12,2,5+1,Denmark,DNK,,,1
382,2019-07-12,3,5+0,Germany,DEU,Niedersachsen,DE-NI,1
382,2019-07-12,3,5+0,Denmark,DNK,,,1
383,2019-07-19,2,5+1,Denmark,DNK,,,1
383,2019-07-19,2,5+1,Norway,NOR,,,1
383,2019-07-19,3,5+0,Germany,DEU,Bayern,DE-BY,1
383,2019-07-19,3,5+0,Denmark,DNK,,,1
383,2019-07-19,3,5+0,Netherlands,NLD,,,1
384,2019-07-26,2,5+1,Germany,DEU,Berlin,DE-BE,1
384,2019-07-26,2,5+1,Germany,DEU,Hessen,DE-HE,1
384,2019-07-26,2,5+1,Germany,DEU,Rheinland-Pfalz,DE-RP,1
384,2019-07-26,2,5+1,Finland,FIN,,,2
384,2019-07-26,2,5+1,Spain,ESP,,,1
384,2019-07-26,3,5+0,Finland,FIN,,,1
384,2019-07-26,3,5+0,Sweden,SWE,,,1
385,2019-08-02,2,5+1,Germany,DEU,Rheinland-Pfalz,DE-RP,1
385,2019-08-02,2,5+1,Denmark,DNK,,,1
385,2019-08-02,3,5+0,Germany,DEU,Bayern,DE-BY,1
385,2019-08-02,3,5+0,Germany,DEU,Hamburg,DE-HH,1
385,2019-08-02,3,5+0,Germany,DEU,Hessen,DE-HE,1
385,2019-08-02,3,5+0,Germany,DEU,Niedersachsen,DE-NI,1
385,2019-08-02,3,5+0,Germany,DEU,Nordrhein-Westfalen,DE-NW,1
385,2019-08-02,3,5+0,Finland,FIN,,,1
385,2019-08-02,3,5+0,Croatia,HRV,,,1
385,2019-08-02,3,5+0,Netherlands,NLD,,,1
385,2019-08-02,3,5+0,Norway,NOR,,,1
385,2019-08-02,3,5+0,Poland,POL,,,1
386,2019-08-09,2,5+1,Denmark,DNK,,,2
386,2019-08-09,3,5+0,Germany,DEU,Berlin,DE-BE,2
386,2019-08-09,3,5+0,Germany,DEU,Hessen,DE-HE,2
386,2019-08-09,3,5+0,Germany,DEU,Nordrhein-Westfalen,DE-NW,3
386,2019-08-09,3,5+0,Sweden,SWE,,,1
387,2019-08-16,2,5+1,Finland,FIN,,,1
387,2019-08-16,3,5+0,Germany,DEU,Bayern,DE-BY,1
387,2019-08-16,3,5+0,Germany,DEU,Nordrhein-Westfalen,DE-NW,2
387,2019-08-16,3,5+0,Denmark,DNK,,,1
388,2019-08-23,1,5+2,Finland,FIN,,,1
388,2019-08-23,2,5+1,Germany,DEU,Niedersachsen,DE-NI,2
388,2019-08-23,2,5+1,Denmark,DNK,,,2
388,2019-08-23,2,5+1,Finland,FIN,,,2
388,2019-08-23,2,5+1,Norway,NOR,,,1
388,2019-08-23,2,5+1,Czechia,CZE,,,1
388,2019-08-23,3,5+0,Germany,DEU,Baden-Württemberg,DE-BW,1
388,2019-08-23,3,5+0,Germany,DEU,Nordrhein-Westfalen,DE-NW,1
388,2019-08-23,3,5+0,Germany,DEU,Sachsen,DE-SN,1
388,2019-08-23,3,5+0,Germany,DEU,Sachsen-Anhalt,DE-ST,1
388,2019-08-23,3,5+0,Finland,FIN,,,1
388,2019-08-23,3,5+0,Czechia,CZE,,,1
389,2019-08-30,2,5+1,Estonia,EST,,,1
389,2019-08-30,2,5+1,Sweden,SWE,,,1
389,2019-08-30,3,5+0,Germany,DEU,Brandenburg,DE-BB,1
389,2019-08-30,3,5+0,Finland,FIN,,,2
389,2019-08-30,3,5+0,Sweden,SWE,,,1
389,2019-08-30,3,5+0,Slovakia,SVK,,,1
390,2019-09-06,2,5+1,Finland,FIN,,,1
390,2019-09-06,3,5+0,Germany,DEU,Bayern,DE-BY,1
390,2019-09-06,3,5+0,Germany,DEU,Nordrhein-Westfalen,DE-NW,1
390,2019-09-06,3,5+0,Germany,DEU,Rheinland-Pfalz,DE-RP,1
390,2019-09-06,3,5+0,Germany,DEU,Sachsen,DE-SN,1
390,2019-09-06,3,5+0,Denmark,DNK,,,1
390,2019-09-06,3,5+0,Netherlands,NLD,,,1
391,2019-09-13,2,5+1,Germany,DEU,Nordrhein-Westfalen,DE-NW,1
391,2019-09-13,2,5+1,Denmark,DNK,,,1
391,2019-09-13,2,5+1,Netherlands,NLD,,,1
391,2019-09-13,2,5+1,Sweden,SWE,,,1
391,2019-09-13,3,5+0,Germany,DEU,Baden-Württemberg,DE-BW,1
391,2019-09-13,3,5+0,Germany,DEU,Nordrhein-Westfalen,DE-NW,1
391,2019-09-13,3,5+0,Germany,DEU,Sachsen,DE-SN,1
391,2019-09-13,3,5+0,Denmark,DNK,,,1
391,2019-09-13,3,5+0,Finland,FIN,,,2
391,2019-09-13,3,5+0,Norway,NOR,,,1
392,2019-09-20,1,5+2,Norway,NOR,,,1
392,2019-09-20,2,5+1,Germany,DEU,Niedersachsen,DE-NI,1
392,2019-09-20,2,5+1,Germany,DEU,Rheinland-Pfalz,DE-RP,1
392,2019-09-20,2,5+1,Croatia,HRV,,,1
392,2019-09-20,2,5+1,Netherlands,NLD,,,1
392,2019-09-20,2,5+1,Sweden,SWE,,,1
392,2019-09-20,2,5+1,Spain,ESP,,,1
392,2019-09-20,3,5+0,Germany,DEU,Bayern,DE-BY,1
392,2019-09-20,3,5+0,Denmark,DNK,,,1
392,2019-09-20,3,5+0,Finland,FIN,,,1
392,2019-09-20,3,5+0,Norway,NOR,,,1
392,2019-09-20,3,5+0,Poland,POL,,,1
393,2019-09-27,2,5+1,Germany,DEU,Nordrhein-Westfalen,DE-NW,1
393,2019-09-27,3,5+0,Italy,ITA,,,1
393,2019-09-27,3,5+0,Norway,NOR,,,1
394,2019-10-04,2,5+1,Germany,DEU,Bayern,DE-BY,1
394,2019-10-04,2,5+1,Denmark,DNK,,,1
394,2019-10-04,2,5+1,Sweden,SWE,,,1
394,2019-10-04,2,5+1,Slovakia,SVK,,,1
395,2019-10-11,2,5+1,Iceland,ISL,,,1
395,2019-10-11,2,5+1,Hungary,HUN,,,1
395,2019-10-11,3,5+0,Germany,DEU,Mecklenburg-Vorpommern,DE-MV,1
395,2019-10-11,3,5+0,Germany,DEU,Nordrhein-Westfalen,DE-NW,3
395,2019-10-11,3,5+0,Spain,ESP,,,1
396,2019-10-18,2,5+1,Finland,FIN,,,3
396,2019-10-18,2,5+1,Norway,NOR,,,1
396,2019-10-18,3,5+0,Germany,DEU,Bayern,DE-BY,1
396,2019-10-18,3,5+0,Germany,DEU,Niedersachsen,DE-NI,1
396,2019-10-18,3,5+0,Finland,FIN,,,1
396,2019-10-18,3,5+0,Netherlands,NLD,,,1
396,2019-10-18,3,5+0,Poland,POL,,,1
397,2019-10-25,2,5+1,Germany,DEU,Baden-Württemberg,DE-BW,3
397,2019-10-25,2,5+1,Denmark,DNK,,,2
397,2019-10-25,2,5+1,Spain,ESP,,,1
397,2019-10-25,3,5+0,Germany,DEU,Sachsen,DE-SN,1
397,2019-10-25,3,5+0,Finland,FIN,,,1
397,2019-10-25,3,5+0,Norway,NOR,,,1
397,2019-10-25,3,5+0,Sweden,SWE,,,1
397,2019-10-25,3,5+0,Spain,ESP,,,1
398,2019-11-01,2,5+1,Germany,DEU,Baden-Württemberg,DE-BW,1
398,2019-11-01,2,5+1,Germany,DEU,Mecklenburg-Vorpommern,DE-MV,1
398,2019-11-01,2,5+1,Germany,DEU,Niedersachsen,DE-NI,1
398,2019-11-01,2,5+1,Germany,DEU,Nordrhein-Westfalen,DE-NW,1
398,2019-11-01,2,5+1,Norway,NOR,,,1
398,2019-11-01,2,5+1,Poland,POL,,,1
398,2019-11-01,2,5+1,Slovakia,SVK,,,1
398,2019-11-01,2,5+1,Slovenia,SVN,,,1
398,2019-11-01,2,5+1,Spain,ESP,,,1
398,2019-11-01,3,5+0,Germany,DEU,Bayern,DE-BY,3
398,2019-11-01,3,5+0,Germany,DEU,Brandenburg,DE-BB,1
398,2019-11-01,3,5+0,Germany,DEU,Nordrhein-Westfalen,DE-NW,1
398,2019-11-01,3,5+0,Estonia,EST,,,1
398,2019-11-01,3,5+0,Finland,FIN,,,1
399,2019-11-08,2,5+1,Germany,DEU,Bayern,DE-BY,1
399,2019-11-08,2,5+1,Denmark,DNK,,,1
399,2019-11-08,2,5+1,Italy,ITA,,,1
399,2019-11-08,3,5+0,Germany,DEU,Hessen,DE-HE,2
399,2019-11-08,3,5+0,Germany,DEU,Schleswig-Holstein,DE-SH,1
399,2019-11-08,3,5+0,Denmark,DNK,,,2
399,2019-11-08,3,5+0,Finland,FIN,,,2
399,2019-11-08,3,5+0,Iceland,ISL,,,1
399,2019-11-08,3,5+0,Netherlands,NLD,,,1
399,2019-11-08,3,5+0,Norway,NOR,,,1
399,2019-11-08,3,5+0,Poland,POL,,,2
399,2019-11-08,3,5+0,Spain,ESP,,,1
400,2019-11-15,2,5+1,Germany,DEU,Baden-Württemberg,DE-BW,2
400,2019-11-15,2,5+1,Germany,DEU,Bayern,DE-BY,1
400,2019-11-15,2,5+1,Germany,DEU,Rheinland-Pfalz,DE-RP,1
400,2019-11-15,2,5+1,Germany,DEU,Sachsen,DE-SN,1
400,2019-11-15,2,5+1,Finland,FIN,,,1
400,2019-11-15,2,5+1,Norway,NOR,,,2
400,2019-11-15,3,5+0,Germany,DEU,Bayern,DE-BY,1
400,2019-11-15,3,5+0,Germany,DEU,Hessen,DE-HE,1
400,2019-11-15,3,5+0,Germany,DEU,Nordrhein-Westfalen,DE-NW,1
400,2019-11-15,3,5+0,Germany,DEU,Rheinland-Pfalz,DE-RP,1
400,2019-11-15,3,5+0,Germany,DEU,Schleswig-Holstein,DE-SH,1
400,2019-11-15,3,5+0,Norway,NOR,,,1
400,2019-11-15,3,5+0,Poland,POL,,,1
401,2019-11-22,1,5+2,Germany,DEU,Bayern,DE-BY,1
401,2019-11-22,1,5+2,Germany,DEU,Hessen,DE-HE,1
401,2019-11-22,1,5+2,Hungary,HUN,,,1
401,2019-11-22,2,5+1,Germany,DEU,Baden-Württemberg,DE-BW,2
401,2019-11-22,2,5+1,Germany,DEU,Brandenburg,DE-BB,1
401,2019-11-22,2,5+1,Germany,DEU,Niedersachsen,DE-NI,1
401,2019-11-22,2,5+1,Denmark,DNK,,,1
401,2019-11-22,2,5+1,Finland,FIN,,,2
401,2019-11-22,2,5+1,Italy,ITA,,,1
401,2019-11-22,3,5+0,Germany,DEU,Bayern,DE-BY,1
401,2019-11-22,3,5+0,Germany,DEU,Berlin,DE-BE,1
401,2019-11-22,3,5+0,Germany,DEU,Brandenburg,DE-BB,1
401,2019-11-22,3,5+0,Germany,DEU,Hessen,DE-HE,1
401,2019-11-22,3,5+0,Germany,DEU,Niedersachsen,DE-NI,1
401,2019-11-22,3,5+0,Germany,DEU,Nordrhein-Westfalen,DE-NW,7
401,2019-11-22,3,5+0,Germany,DEU,Sachsen,DE-SN,1
401,2019-11-22,3,5+0,Germany,DEU,Schleswig-Holstein,DE-SH,1
401,2019-11-22,3,5+0,Finland,FIN,,,2
401,2019-11-22,3,5+0,Netherlands,NLD,,,1
401,2019-11-22,3,5+0,Sweden,SWE,,,2
402,2019-11-29,2,5+1,Germany,DEU,Nordrhein-Westfalen,DE-NW,1
402,2019-11-29,2,5+1,Denmark,DNK,,,1
402,2019-11-29,2,5+1,Finland,FIN,,,1
402,2019-11-29,2,5+1,Norway,NOR,,,1
402,2019-11-29,3,5+0,Denmark,DNK,,,2
402,2019-11-29,3,5+0,Finland,FIN,,,2
402,2019-11-29,3,5+0,Poland,POL,,,1
403,2019-12-06,1,5+2,Finland,FIN,,,1
403,2019-12-06,2,5+1,Germany,DEU,Bayern,DE-BY,2
403,2019-12-06,2,5+1,Germany,DEU,Hessen,DE-HE,1
403,2019-12-06,2,5+1,Slovakia,SVK,,,1
403,2019-12-06,3,5+0,Germany,DEU,Baden-Württemberg,DE-BW,1
403,2019-12-06,3,5+0,Germany,DEU,Niedersachsen,DE-NI,1
403,2019-12-06,3,5+0,Germany,DEU,Nordrhein-Westfalen,DE-NW,1
403,2019-12-06,3,5+0,Denmark,DNK,,,2
403,2019-12-06,3,5+0,Lithuania,LTU,,,1
403,2019-12-06,3,5+0,Sweden,SWE,,,1
404,2019-12-13,1,5+2,Germany,DEU,Nordrhein-Westfalen,DE-NW,1
404,2019-12-13,2,5+1,Spain,ESP,,,2
404,2019-12-13,2,5+1,Czechia,CZE,,,1
404,2019-12-13,3,5+0,Germany,DEU,Hessen,DE-HE,1
404,2019-12-13,3,5+0,Germany,DEU,Sachsen-Anhalt,DE-ST,1
405,2019-12-20,2,5+1,Germany,DEU,Baden-Württemberg,DE-BW,1
405,2019-12-20,2,5+1,Germany,DEU,Rheinland-Pfalz,DE-RP,1
405,2019-12-20,2,5+1,Finland,FIN,,,1
405,2019-12-20,2,5+1,Norway,NOR,,,1
406,2019-12-27,2,5+1,Germany,DEU,Sachsen,DE-SN,1
406,2019-12-27,2,5+1,Germany,DEU,Thüringen,DE-TH,1
406,2019-12-27,2,5+1,Poland,POL,,,1
406,2019-12-27,3,5+0,Germany,DEU,Baden-Württemberg,DE-BW,1
406,2019-12-27,3,5+0,Germany,DEU,Hessen,DE-HE,1
406,2019-12-27,3,5+0,Germany,DEU,Niedersachsen,DE-NI,3
406,2019-12-27,3,5+0,Germany,DEU,Nordrhein-Westfalen,DE-NW,1
406,2019-12-27,3,5+0,Finland,FIN,,,1
406,2019-12-27,3,5+0,Poland,POL,,,1
406,2019-12-27,3,5+0,Slovenia,SVN,,,1
407,2020-01-03,2,5+1,Germany,DEU,Rheinland-Pfalz,DE-RP,1
407,2020-01-03,2,5+1,Norway,NOR,,,1
407,2020-01-03,2,5+1,Slovakia,SVK,,,1
407,2020-01-03,3,5+0,Germany,DEU,Bayern,DE-BY,1
407,2020-01-03,3,5+0,Finland,FIN,,,2
407,2020-01-03,3,5+0,Slovakia,SVK,,,1
408,2020-01-10,2,5+1,Germany,DEU,Niedersachsen,DE-NI,1
408,2020-01-10,2,5+1,Czechia,CZE,,,1
408,2020-01-10,3,5+0,Germany,DEU,Baden-Württemberg,DE-BW,2
408,2020-01-10,3,5+0,Germany,DEU,Hessen,DE-HE,2
408,2020-01-10,3,5+0,Germany,DEU,Niedersachsen,DE-NI,1
408,2020-01-10,3,5+0,Denmark,DNK,,,1
408,2020-01-10,3,5+0,Norway,NOR,,,1
408,2020-01-10,3,5+0,Spain,ESP,,,2
409,2020-01-17,2,5+1,Germany,DEU,Nordrhein-Westfalen,DE-NW,1
409,2020-01-17,2,5+1,Czechia,CZE,,,1
409,2020-01-17,3,5+0,Germany,DEU,Berlin,DE-BE,1
409,2020-01-17,3,5+0,Germany,DEU,Niedersachsen,DE-NI,2
409,2020-01-17,3,5+0,Germany,DEU,Nordrhein-Westfalen,DE-NW,3
409,2020-01-17,3,5+0,Germany,DEU,Rheinland-Pfalz,DE-RP,1
409,2020-01-17,3,5+0,Germany,DEU,Sachsen,DE-SN,1
409,2020-01-17,3,5+0,Germany,DEU,Schleswig-Holstein,DE-SH,1
409,2020-01-17,3,5+0,Denmark,DNK,,,1
409,2020-01-17,3,5+0,Italy,ITA,,,1
409,2020-01-17,3,5+0,Sweden,SWE,,,1
409,2020-01-17,3,5+0,Hungary,HUN,,,1
410,2020-01-24,2,5+1,Germany,DEU,Baden-Württemberg,DE-BW,1
410,2020-01-24,2,5+1,Germany,DEU,Hessen,DE-HE,1
410,2020-01-24,2,5+1,Germany,DEU,Nordrhein-Westfalen,DE-NW,1
410,2020-01-24,2,5+1,Netherlands,NLD,,,1
410,2020-01-24,2,5+1,Sweden,SWE,,,1
410,2020-01-24,3,5+0,Germany,DEU,Baden-Württemberg,DE-BW,1
410,2020-01-24,3,5+0,Germany,DEU,Bayern,DE-BY,1
410,2020-01-24,3,5+0,Germany,DEU,Mecklenburg-Vorpommern,DE-MV,1
410,2020-01-24,3,5+0,Germany,DEU,Nordrhein-Westfalen,DE-NW,2
410,2020-01-24,3,5+0,Croatia,HRV,,,1
410,2020-01-24,3,5+0,Norway,NOR,,,1
410,2020-01-24,3,5+0,Slovakia,SVK,,,1
410,2020-01-24,3,5+0,Spain,ESP,,,2
410,2020-01-24,3,5+0,Czechia,CZE,,,1
411,2020-01-31,2,5+1,Germany,DEU,Baden-Württemberg,DE-BW,1
411,2020-01-31,2,5+1,Germany,DEU,Nordrhein-Westfalen,DE-NW,1
411,2020-01-31,2,5+1,Germany,DEU,Rheinland-Pfalz,DE-RP,1
411,2020-01-31,2,5+1,Denmark,DNK,,,1
411,2020-01-31,3,5+0,Germany,DEU,Baden-Württemberg,DE-BW,1
411,2020-01-31,3,5+0,Germany,DEU,Bayern,DE-BY,1
411,2020-01-31,3,5+0,Germany,DEU,Hessen,DE-HE,4
411,2020-01-31,3,5+0,Germany,DEU,Niedersachsen,DE-NI,1
411,2020-01-31,3,5+0,Germany,DEU,Nordrhein-Westfalen,DE-NW,1
411,2020-01-31,3,5+0,Germany,DEU,Rheinland-Pfalz,DE-RP,1
411,2020-01-31,3,5+0,Croatia,HRV,,,1
411,2020-01-31,3,5+0,Norway,NOR,,,1
411,2020-01-31,3,5+0,Poland,POL,,,1
411,2020-01-31,3,5+0,Slovakia,SVK,,,1
411,2020-01-31,3,5+0,Czechia,CZE,,,1
411,2020-01-31,3,5+0,Hungary,HUN,,,1
412,2020-02-07,1,5+2,Germany,DEU,Nordrhein-Westfalen,DE-NW,1
412,2020-02-07,2,5+1,Germany,DEU,Baden-Württemberg,DE-BW,3
412,2020-02-07,2,5+1,Germany,DEU,Bayern,DE-BY,2
412,2020-02-07,2,5+1,Germany,DEU,Hessen,DE-HE,1
412,2020-02-07,2,5+1,Germany,DEU,Nordrhein-Westfalen,DE-NW,3
412,2020-02-07,2,5+1,Germany,DEU,Rheinland-Pfalz,DE-RP,1
412,2020-02-07,2,5+1,Denmark,DNK,,,1
412,2020-02-07,2,5+1,Finland,FIN,,,1
412,2020-02-07,2,5+1,Italy,ITA,,,1
412,2020-02-07,2,5+1,Hungary,HUN,,,1
412,2020-02-07,3,5+0,Germany,DEU,Bayern,DE-BY,3
412,2020-02-07,3,5+0,Germany,DEU,Hessen,DE-HE,1
412,2020-02-07,3,5+0,Germany,DEU,Niedersachsen,DE-NI,1
412,2020-02-07,3,5+0,Germany,DEU,Nordrhein-Westfalen,DE-NW,2
412,2020-02-07,3,5+0,Germany,DEU,Sachsen,DE-SN,1
412,2020-02-07,3,5+0,Germany,DEU,Schleswig-Holstein,DE-SH,1
412,2020-02-07,3,5+0,Italy,ITA,,,1
412,2020-02-07,3,5+0,Norway,NOR,,,2
412,2020-02-07,3,5+0,Slovakia,SVK,,,1
412,2020-02-07,3,5+0,Slovenia,SVN,,,1
413,2020-02-14,2,5+1,Germany,DEU,Rheinland-Pfalz,DE-RP,1
413,2020-02-14,2,5+1,Finland,FIN,,,1
413,2020-02-14,2,5+1,Croatia,HRV,,,1
413,2020-02-14,3,5+0,Germany,DEU,Nordrhein-Westfalen,DE-NW,1
413,2020-02-14,3,5+0,Germany,DEU,Rheinland-Pfalz,DE-RP,1
413,2020-02-14,3,5+0,Denmark,DNK,,,1
413,2020-02-14,3,5+0,Finland,FIN,,,1
413,2020-02-14,3,5+0,Italy,ITA,,,1
413,2020-02-14,3,5+0,Poland,POL,,,1
414,2020-02-21,2,5+1,Poland,POL,,,1
414,2020-02-21,2,5+1,Sweden,SWE,,,1
414,2020-02-21,3,5+0,Germany,DEU,Bayern,DE-BY,1
414,2020-02-21,3,5+0,Germany,DEU,Nordrhein-Westfalen,DE-NW,1
414,2020-02-21,3,5+0,Finland,FIN,,,2
414,2020-02-21,3,5+0,Italy,ITA,,,1
414,2020-02-21,3,5+0,Slovakia,SVK,,,1
415,2020-02-28,2,5+1,Germany,DEU,Nordrhein-Westfalen,DE-NW,1
415,2020-02-28,2,5+1,Netherlands,NLD,,,1
415,2020-02-28,2,5+1,Norway,NOR,,,1
415,2020-02-28,2,5+1,Poland,POL,,,1
415,2020-02-28,3,5+0,Germany,DEU,Hamburg,DE-HH,1
415,2020-02-28,3,5+0,Germany,DEU,Nordrhein-Westfalen,DE-NW,2
415,2020-02-28,3,5+0,Denmark,DNK,,,2
415,2020-02-28,3,5+0,Poland,POL,,,1
415,2020-02-28,3,5+0,Slovenia,SVN,,,1
416,2020-03-06,2,5+1,Germany,DEU,Niedersachsen,DE-NI,1
416,2020-03-06,2,5+1,Germany,DEU,Nordrhein-Westfalen,DE-NW,1
416,2020-03-06,3,5+0,Germany,DEU,Bremen,DE-HB,1
416,2020-03-06,3,5+0,Germany,DEU,Rheinland-Pfalz,DE-RP,1
416,2020-03-06,3,5+0,Czechia,CZE,,,1
417,2020-03-13,2,5+1,Germany,DEU,Bayern,DE-BY,1
417,2020-03-13,2,5+1,Denmark,DNK,,,1
417,2020-03-13,2,5+1,Hungary,HUN,,,1
417,2020-03-13,3,5+0,Germany,DEU,Baden-Württemberg,DE-BW,1
417,2020-03-13,3,5+0,Germany,DEU,Nordrhein-Westfalen,DE-NW,1
417,2020-03-13,3,5+0,Germany,DEU,Rheinland-Pfalz,DE-RP,2
417,2020-03-13,3,5+0,Denmark,DNK,,,2
417,2020-03-13,3,5+0,Finland,FIN,,,1
417,2020-03-13,3,5+0,Slovenia,SVN,,,1
418,2020-03-20,2,5+1,Germany,DEU,Berlin,DE-BE,1
418,2020-03-20,2,5+1,Germany,DEU,Sachsen-Anhalt,DE-ST,1
418,2020-03-20,2,5+1,Germany,DEU,Thüringen,DE-TH,1
418,2020-03-20,2,5+1,Hungary,HUN,,,1
418,2020-03-20,3,5+0,Germany,DEU,Bayern,DE-BY,1
418,2020-03-20,3,5+0,Germany,DEU,Berlin,DE-BE,1
418,2020-03-20,3,5+0,Germany,DEU,Bremen,DE-HB,1
418,2020-03-20,3,5+0,Germany,DEU,Hessen,DE-HE,1
418,2020-03-20,3,5+0,Germany,DEU,Niedersachsen,DE-NI,4
418,2020-03-20,3,5+0,Germany,DEU,Rheinland-Pfalz,DE-RP,1
418,2020-03-20,3,5+0,Finland,FIN,,,2
418,2020-03-20,3,5+0,Norway,NOR,,,1
418,2020-03-20,3,5+0,Czechia,CZE,,,1
419,2020-03-27,2,5+1,Germany,DEU,Nordrhein-Westfalen,DE-NW,1
419,2020-03-27,2,5+1,Estonia,EST,,,1
419,2020-03-27,2,5+1,Finland,FIN,,,1
419,2020-03-27,2,5+1,Norway,NOR,,,1
419,2020-03-27,3,5+0,Germany,DEU,Niedersachsen,DE-NI,1
419,2020-03-27,3,5+0,Germany,DEU,Nordrhein-Westfalen,DE-NW,1
419,2020-03-27,3,5+0,Germany,DEU,Sachsen,DE-SN,1
419,2020-03-27,3,5+0,Denmark,DNK,,,1
419,2020-03-27,3,5+0,Finland,FIN,,,1
419,2020-03-27,3,5+0,Latvia,LVA,,,1
420,2020-04-03,2,5+1,Germany,DEU,Bayern,DE-BY,1
420,2020-04-03,2,5+1,Germany,DEU,Nordrhein-Westfalen,DE-NW,1
420,2020-04-03,2,5+1,Germany,DEU,Schleswig-Holstein,DE-SH,1
420,2020-04-03,2,5+1,Finland,FIN,,,1
420,2020-04-03,3,5+0,Germany,DEU,Baden-Württemberg,DE-BW,1
420,2020-04-03,3,5+0,Germany,DEU,Nordrhein-Westfalen,DE-NW,2
420,2020-04-03,3,5+0,Germany,DEU,Schleswig-Holstein,DE-SH,2
420,2020-04-03,3,5+0,Denmark,DNK,,,1
420,2020-04-03,3,5+0,Norway,NOR,,,1
421,2020-04-10,2,5+1,Germany,DEU,Brandenburg,DE-BB,1
421,2020-04-10,2,5+1,Germany,DEU,Hessen,DE-HE,1
421,2020-04-10,2,5+1,Finland,FIN,,,1
421,2020-04-10,2,5+1,Slovakia,SVK,,,1
421,2020-04-10,3,5+0,Germany,DEU,Baden-Württemberg,DE-BW,2
421,2020-04-10,3,5+0,Germany,DEU,Bayern,DE-BY,1
421,2020-04-10,3,5+0,Germany,DEU,Hamburg,DE-HH,1
421,2020-04-10,3,5+0,Germany,DEU,Nordrhein-Westfalen,DE-NW,1
421,2020-04-10,3,5+0,Germany,DEU,Rheinland-Pfalz,DE-RP,1
421,2020-04-10,3,5+0,Germany,DEU,Sachsen-Anhalt,DE-ST,2
421,2020-04-10,3,5+0,Denmark,DNK,,,2
421,2020-04-10,3,5+0,Finland,FIN,,,2
421,2020-04-10,3,5+0,Poland,POL,,,1
422,2020-04-17,2,5+1,Germany,DEU,Brandenburg,DE-BB,1
422,2020-04-17,2,5+1,Finland,FIN,,,1
422,2020-04-17,2,5+1,Slovakia,SVK,,,1
422,2020-04-17,3,5+0,Germany,DEU,Baden-Württemberg,DE-BW,1
422,2020-04-17,3,5+0,Germany,DEU,Bayern,DE-BY,2
422,2020-04-17,3,5+0,Germany,DEU,Hessen,DE-HE,1
422,2020-04-17,3,5+0,Germany,DEU,Niedersachsen,DE-NI,1
422,2020-04-17,3,5+0,Germany,DEU,Rheinland-Pfalz,DE-RP,1
422,2020-04-17,3,5+0,Denmark,DNK,,,1
422,2020-04-17,3,5+0,Finland,FIN,,,2
422,2020-04-17,3,5+0,Poland,POL,,,2
423,2020-04-24,2,5+1,Germany,DEU,Baden-Württemberg,DE-BW,3
423,2020-04-24,2,5+1,Finland,FIN,,,1
423,2020-04-24,2,5+1,Norway,NOR,,,1
423,2020-04-24,2,5+1,Sweden,SWE,,,1
423,2020-04-24,3,5+0,Germany,DEU,Baden-Württemberg,DE-BW,2
423,2020-04-24,3,5+0,Germany,DEU,Berlin,DE-BE,1
423,2020-04-24,3,5+0,Germany,DEU,Hessen,DE-HE,1
423,2020-04-24,3,5+0,Germany,DEU,Nordrhein-Westfalen,DE-NW,1
423,2020-04-24,3,5+0,Finland,FIN,,,2
423,2020-04-24,3,5+0,Norway,NOR,,,1
423,2020-04-24,3,5+0,Poland,POL,,,2
424,2020-05-01,1,5+2,Germany,DEU,Bayern,DE-BY,1
424,2020-05-01,2,5+1,Germany,DEU,Baden-Württemberg,DE-BW,2
424,2020-05-01,2,5+1,Germany,DEU,Rheinland-Pfalz,DE-RP,2
424,2020-05-01,3,5+0,Germany,DEU,Baden-Württemberg,DE-BW,1
424,2020-05-01,3,5+0,Germany,DEU,Niedersachsen,DE-NI,1
424,2020-05-01,3,5+0,Denmark,DNK,,,3
424,2020-05-01,3,5+0,Finland,FIN,,,1
424,2020-05-01,3,5+0,Netherlands,NLD,,,3
424,2020-05-01,3,5+0,Slovenia,SVN,,,1
425,2020-05-08,1,5+2,Sweden,SWE,,,1
425,2020-05-08,2,5+1,Germany,DEU,Brandenburg,DE-BB,1
425,2020-05-08,2,5+1,Germany,DEU,Niedersachsen,DE-NI,1
425,2020-05-08,2,5+1,Slovakia,SVK,,,1
425,2020-05-08,2,5+1,Czechia,CZE,,,1
425,2020-05-08,3,5+0,Germany,DEU,Bayern,DE-BY,1
425,2020-05-08,3,5+0,Germany,DEU,Niedersachsen,DE-NI,1
425,2020-05-08,3,5+0,Germany,DEU,Nordrhein-Westfalen,DE-NW,1
425,2020-05-08,3,5+0,Finland,FIN,,,1
425,2020-05-08,3,5+0,Poland,POL,,,1
425,2020-05-08,3,5+0,Sweden,SWE,,,1
425,2020-05-08,3,5+0,Slovenia,SVN,,,1
425,2020-05-08,3,5+0,Czechia,CZE,,,1
426,2020-05-15,2,5+1,Germany,DEU,Mecklenburg-Vorpommern,DE-MV,1
426,2020-05-15,2,5+1,Germany,DEU,Niedersachsen,DE-NI,1
426,2020-05-15,2,5+1,Norway,NOR,,,1
426,2020-05-15,3,5+0,Germany,DEU,Bayern,DE-BY,1
426,2020-05-15,3,5+0,Germany,DEU,Hessen,DE-HE,1
426,2020-05-15,3,5+0,Germany,DEU,Nordrhein-Westfalen,DE-NW,1
427,2020-05-22,2,5+1,Germany,DEU,Bremen,DE-HB,1
427,2020-05-22,2,5+1,Iceland,ISL,,,1
427,2020-05-22,2,5+1,Sweden,SWE,,,1
427,2020-05-22,2,5+1,Hungary,HUN,,,1
427,2020-05-22,3,5+0,Germany,DEU,Brandenburg,DE-BB,1
427,2020-05-22,3,5+0,Germany,DEU,Hamburg,DE-HH,1
427,2020-05-22,3,5+0,Germany,DEU,Hessen,DE-HE,1
427,2020-05-22,3,5+0,Germany,DEU,Thüringen,DE-TH,1
427,2020-05-22,3,5+0,Denmark,DNK,,,1
427,2020-05-22,3,5+0,Spain,ESP,,,1
428,2020-05-29,1,5+2,Italy,ITA,,,1
428,2020-05-29,2,5+1,Denmark,DNK,,,2
428,2020-05-29,2,5+1,Norway,NOR,,,1
428,2020-05-29,3,5+0,Germany,DEU,Sachsen,DE-SN,1
428,2020-05-29,3,5+0,Estonia,EST,,,1
428,2020-05-29,3,5+0,Finland,FIN,,,1
428,2020-05-29,3,5+0,Sweden,SWE,,,1
429,2020-06-05,2,5+1,Germany,DEU,Niedersachsen,DE-NI,2
429,2020-06-05,2,5+1,Germany,DEU,Nordrhein-Westfalen,DE-NW,1
429,2020-06-05,2,5+1,Finland,FIN,,,1
429,2020-06-05,3,5+0,Germany,DEU,Nordrhein-Westfalen,DE-NW,1
429,2020-06-05,3,5+0,Denmark,DNK,,,2
429,2020-06-05,3,5+0,Finland,FIN,,,3
429,2020-06-05,3,5+0,Croatia,HRV,,,1
429,2020-06-05,3,5+0,Norway,NOR,,,1
430,2020-06-12,2,5+1,Germany,DEU,Saarland,DE-SL,1
430,2020-06-12,2,5+1,Finland,FIN,,,2
430,2020-06-12,3,5+0,Germany,DEU,Niedersachsen,DE-NI,1
430,2020-06-12,3,5+0,Germany,DEU,Nordrhein-Westfalen,DE-NW,2
430,2020-06-12,3,5+0,Finland,FIN,,,1
430,2020-06-12,3,5+0,Netherlands,NLD,,,1
430,2020-06-12,3,5+0,Poland,POL,,,1
431,2020-06-19,2,5+1,Finland,FIN,,,2
431,2020-06-19,2,5+1,Spain,ESP,,,1
431,2020-06-19,2,5+1,Czechia,CZE,,,1
431,2020-06-19,3,5+0,Germany,DEU,Hessen,DE-HE,1
431,2020-06-19,3,5+0,Germany,DEU,Niedersachsen,DE-NI,2
431,2020-06-19,3,5+0,Germany,DEU,Saarland,DE-SL,1
431,2020-06-19,3,5+0,Finland,FIN,,,1
431,2020-06-19,3,5+0,Netherlands,NLD,,,1
432,2020-06-26,1,5+2,Norway,NOR,,,1
432,2020-06-26,2,5+1,Germany,DEU,Bayern,DE-BY,1
432,2020-06-26,2,5+1,Germany,DEU,Niedersachsen,DE-NI,3
432,2020-06-26,2,5+1,Lithuania,LTU,,,1
432,2020-06-26,2,5+1,Norway,NOR,,,1
432,2020-06-26,3,5+0,Germany,DEU,Baden-Württemberg,DE-BW,1
432,2020-06-26,3,5+0,Germany,DEU,Nordrhein-Westfalen,DE-NW,1
432,2020-06-26,3,5+0,Germany,DEU,Rheinland-Pfalz,DE-RP,1
432,2020-06-26,3,5+0,Germany,DEU,Sachsen,DE-SN,1
432,2020-06-26,3,5+0,Finland,FIN,,,2
432,2020-06-26,3,5+0,Norway,NOR,,,1
432,2020-06-26,3,5+0,Poland,POL,,,1
432,2020-06-26,3,5+0,Spain,ESP,,,1
433,2020-07-03,2,5+1,Germany,DEU,Nordrhein-Westfalen,DE-NW,2
433,2020-07-03,3,5+0,Germany,DEU,Hessen,DE-HE,1
433,2020-07-03,3,5+0,Germany,DEU,Schleswig-Holstein,DE-SH,1
434,2020-07-10,2,5+1,Germany,DEU,Bayern,DE-BY,1
434,2020-07-10,2,5+1,Germany,DEU,Nordrhein-Westfalen,DE-NW,1
434,2020-07-10,2,5+1,Finland,FIN,,,2
434,2020-07-10,3,5+0,Germany,DEU,Bayern,DE-BY,1
434,2020-07-10,3,5+0,Germany,DEU,Berlin,DE-BE,1
434,2020-07-10,3,5+0,Germany,DEU,Nordrhein-Westfalen,DE-NW,2
434,2020-07-10,3,5+0,Germany,DEU,Schleswig-Holstein,DE-SH,1
434,2020-07-10,3,5+0,Germany,DEU,Thüringen,DE-TH,1
434,2020-07-10,3,5+0,Finland,FIN,,,1
434,2020-07-10,3,5+0,Norway,NOR,,,2
434,2020-07-10,3,5+0,Sweden,SWE,,,2
435,2020-07-17,2,5+1,Germany,DEU,Hamburg,DE-HH,1
435,2020-07-17,2,5+1,Norway,NOR,,,1
435,2020-07-17,3,5+0,Germany,DEU,Baden-Württemberg,DE-BW,1
435,2020-07-17,3,5+0,Germany,DEU,Nordrhein-Westfalen,DE-NW,2
435,2020-07-17,3,5+0,Finland,FIN,,,1
435,2020-07-17,3,5+0,Croatia,HRV,,,1
435,2020-07-17,3,5+0,Netherlands,NLD,,,1
435,2020-07-17,3,5+0,Slovakia,SVK,,,1
435,2020-07-17,3,5+0,Czechia,CZE,,,1
436,2020-07-24,2,5+1,Germany,DEU,Bayern,DE-BY,1
436,2020-07-24,2,5+1,Germany,DEU,Berlin,DE-BE,1
436,2020-07-24,2,5+1,Germany,DEU,Nordrhein-Westfalen,DE-NW,1
436,2020-07-24,2,5+1,Denmark,DNK,,,1
436,2020-07-24,2,5+1,Croatia,HRV,,,1
436,2020-07-24,2,5+1,Slovakia,SVK,,,1
436,2020-07-24,2,5+1,Czechia,CZE,,,1
436,2020-07-24,3,5+0,Germany,DEU,Bayern,DE-BY,1
436,2020-07-24,3,5+0,Germany,DEU,Hamburg,DE-HH,1
436,2020-07-24,3,5+0,Germany,DEU,Hessen,DE-HE,1
436,2020-07-24,3,5+0,Germany,DEU,Niedersachsen,DE-NI,1
436,2020-07-24,3,5+0,Germany,DEU,Nordrhein-Westfalen,DE-NW,4
436,2020-07-24,3,5+0,Denmark,DNK,,,1
436,2020-07-24,3,5+0,Croatia,HRV,,,1
436,2020-07-24,3,5+0,Spain,ESP,,,1
436,2020-07-24,3,5+0,Hungary,HUN,,,1
437,2020-07-31,2,5+1,Germany,DEU,Bayern,DE-BY,2
437,2020-07-31,2,5+1,Germany,DEU,Nordrhein-Westfalen,DE-NW,1
437,2020-07-31,2,5+1,Finland,FIN,,,1
437,2020-07-31,3,5+0,Germany,DEU,Baden-Württemberg,DE-BW,1
437,2020-07-31,3,5+0,Germany,DEU,Bayern,DE-BY,1
437,2020-07-31,3,5+0,Germany,DEU,Nordrhein-Westfalen,DE-NW,1
437,2020-07-31,3,5+0,Germany,DEU,Sachsen,DE-SN,1
437,2020-07-31,3,5+0,Denmark,DNK,,,1
437,2020-07-31,3,5+0,Finland,FIN,,,2
438,2020-08-07,1,5+2,Germany,DEU,Baden-Württemberg,DE-BW,1
438,2020-08-07,1,5+2,Spain,ESP,,,1
438,2020-08-07,2,5+1,Germany,DEU,Berlin,DE-BE,1
438,2020-08-07,2,5+1,Germany,DEU,Hessen,DE-HE,1
438,2020-08-07,2,5+1,Germany,DEU,Niedersachsen,DE-NI,1
438,2020-08-07,2,5+1,Germany,DEU,Nordrhein-Westfalen,DE-NW,1
438,2020-08-07,2,5+1,Germany,DEU,Rheinland-Pfalz,DE-RP,1
438,2020-08-07,2,5+1,Norway,NOR,,,1
438,2020-08-07,2,5+1,Spain,ESP,,,1
438,2020-08-07,3,5+0,Germany,DEU,Baden-Württemberg,DE-BW,1
438,2020-08-07,3,5+0,Germany,DEU,Bayern,DE-BY,3
438,2020-08-07,3,5+0,Germany,DEU,Hessen,DE-HE,1
438,2020-08-07,3,5+0,Germany,DEU,Niedersachsen,DE-NI,1
438,2020-08-07,3,5+0,Denmark,DNK,,,2
438,2020-08-07,3,5+0,Estonia,EST,,,1
438,2020-08-07,3,5+0,Finland,FIN,,,3
438,2020-08-07,3,5+0,Norway,NOR,,,1
438,2020-08-07,3,5+0,Sweden,SWE,,,1
439,2020-08-14,2,5+1,Germany,DEU,Niedersachsen,DE-NI,1
439,2020-08-14,2,5+1,Germany,DEU,Nordrhein-Westfalen,DE-NW,2
439,2020-08-14,2,5+1,Germany,DEU,Rheinland-Pfalz,DE-RP,1
439,2020-08-14,3,5+0,Germany,DEU,Hessen,DE-HE,1
439,2020-08-14,3,5+0,Denmark,DNK,,,1
439,2020-08-14,3,5+0,Norway,NOR,,,2
439,2020-08-14,3,5+0,Sweden,SWE,,,2
440,2020-08-21,3,5+0,Germany,DEU,Berlin,DE-BE,1
440,2020-08-21,3,5+0,Germany,DEU,Niedersachsen,DE-NI,1
440,2020-08-21,3,5+0,Germany,DEU,Nordrhein-Westfalen,DE-NW,1
440,2020-08-21,3,5+0,Denmark,DNK,,,1
440,2020-08-21,3,5+0,Estonia,EST,,,1
440,2020-08-21,3,5+0,Finland,FIN,,,1
440,2020-08-21,3,5+0,Norway,NOR,,,1
441,2020-08-28,1,5+2,Finland,FIN,,,1
441,2020-08-28,2,5+1,Germany,DEU,Baden-Württemberg,DE-BW,2
441,2020-08-28,2,5+1,Germany,DEU,Hessen,DE-HE,1
441,2020-08-28,2,5+1,Finland,FIN,,,2
441,2020-08-28,2,5+1,Iceland,ISL,,,1
441,2020-08-28,2,5+1,Lithuania,LTU,,,1
441,2020-08-28,3,5+0,Germany,DEU,Hamburg,DE-HH,1
441,2020-08-28,3,5+0,Germany,DEU,Thüringen,DE-TH,1
441,2020-08-28,3,5+0,Finland,FIN,,,3
441,2020-08-28,3,5+0,Poland,POL,,,1
441,2020-08-28,3,5+0,Sweden,SWE,,,1
441,2020-08-28,3,5+0,Slovakia,SVK,,,1
441,2020-08-28,3,5+0,Hungary,HUN,,,1
442,2020-09-04,3,5+0,Germany,DEU,Baden-Württemberg,DE-BW,1
442,2020-09-04,3,5+0,Germany,DEU,Bayern,DE-BY,2
442,2020-09-04,3,5+0,Germany,DEU,Hamburg,DE-HH,1
442,2020-09-04,3,5+0,Germany,DEU,Niedersachsen,DE-NI,1
442,2020-09-04,3,5+0,Germany,DEU,Sachsen,DE-SN,1
442,2020-09-04,3,5+0,Poland,POL,,,1
442,2020-09-04,3,5+0,Hungary,HUN,,,1
443,2020-09-11,1,5+2,Poland,POL,,,1
443,2020-09-11,2,5+1,Germany,DEU,Berlin,DE-BE,1
443,2020-09-11,2,5+1,Germany,DEU,Hessen,DE-HE,1
443,2020-09-11,2,5+1,Norway,NOR,,,1
443,2020-09-11,3,5+0,Germany,DEU,Brandenburg,DE-BB,1
443,2020-09-11,3,5+0,Finland,FIN,,,1
443,2020-09-11,3,5+0,Norway,NOR,,,1
444,2020-09-18,2,5+1,Germany,DEU,Bayern,DE-BY,1
444,2020-09-18,3,5+0,Germany,DEU,Bayern,DE-BY,1
444,2020-09-18,3,5+0,Germany,DEU,Hamburg,DE-HH,1
444,2020-09-18,3,5+0,Germany,DEU,Hessen,DE-HE,1
444,2020-09-18,3,5+0,Germany,DEU,Nordrhein-Westfalen,DE-NW,2
444,2020-09-18,3,5+0,Germany,DEU,Thüringen,DE-TH,1
444,2020-09-18,3,5+0,Estonia,EST,,,1
445,2020-09-25,2,5+1,Germany,DEU,Bayern,DE-BY,1
445,2020-09-25,2,5+1,Sweden,SWE,,,1
445,2020-09-25,3,5+0,Sweden,SWE,,,2
445,2020-09-25,3,5+0,Czechia,CZE,,,1
446,2020-10-02,2,5+1,Germany,DEU,Niedersachsen,DE-NI,1
446,2020-10-02,2,5+1,Lithuania,LTU,,,1
446,2020-10-02,2,5+1,Hungary,HUN,,,1
446,2020-10-02,3,5+0,Germany,DEU,Niedersachsen,DE-NI,1
446,2020-10-02,3,5+0,Germany,DEU,Rheinland-Pfalz,DE-RP,1
446,2020-10-02,3,5+0,Germany,DEU,Schleswig-Holstein,DE-SH,1
447,2020-10-09,2,5+1,Germany,DEU,Bayern,DE-BY,2
447,2020-10-09,2,5+1,Germany,DEU,Niedersachsen,DE-NI,1
447,2020-10-09,2,5+1,Germany,DEU,Rheinland-Pfalz,DE-RP,1
447,2020-10-09,2,5+1,Germany,DEU,Thüringen,DE-TH,1
447,2020-10-09,2,5+1,Norway,NOR,,,1
447,2020-10-09,2,5+1,Poland,POL,,,1
447,2020-10-09,3,5+0,Germany,DEU,Baden-Württemberg,DE-BW,1
447,2020-10-09,3,5+0,Germany,DEU,Hessen,DE-HE,1
447,2020-10-09,3,5+0,Germany,DEU,Mecklenburg-Vorpommern,DE-MV,1
447,2020-10-09,3,5+0,Germany,DEU,Nordrhein-Westfalen,DE-NW,1
447,2020-10-09,3,5+0,Germany,DEU,Saarland,DE-SL,1
447,2020-10-09,3,5+0,Germany,DEU,Sachsen-Anhalt,DE-ST,1
447,2020-10-09,3,5+0,Finland,FIN,,,1
447,2020-10-09,3,5+0,Italy,ITA,,,1
447,2020-10-09,3,5+0,Netherlands,NLD,,,1
447,2020-10-09,3,5+0,Sweden,SWE,,,1
447,2020-10-09,3,5+0,Spain,ESP,,,1
448,2020-10-16,1,5+2,Slovakia,SVK,,,1
448,2020-10-16,2,5+1,Poland,POL,,,1
448,2020-10-16,3,5+0,Germany,DEU,Bayern,DE-BY,1
448,2020-10-16,3,5+0,Germany,DEU,Nordrhein-Westfalen,DE-NW,2
448,2020-10-16,3,5+0,Denmark,DNK,,,1
448,2020-10-16,3,5+0,Norway,NOR,,,2
449,2020-10-23,2,5+1,Germany,DEU,Bayern,DE-BY,1
449,2020-10-23,2,5+1,Germany,DEU,Rheinland-Pfalz,DE-RP,1
449,2020-10-23,2,5+1,Germany,DEU,Schleswig-Holstein,DE-SH,1
449,2020-10-23,2,5+1,Denmark,DNK,,,1
449,2020-10-23,2,5+1,Sweden,SWE,,,2
449,2020-10-23,2,5+1,Spain,ESP,,,1
449,2020-10-23,3,5+0,Germany,DEU,Baden-Württemberg,DE-BW,1
449,2020-10-23,3,5+0,Germany,DEU,Bayern,DE-BY,1
449,2020-10-23,3,5+0,Germany,DEU,Hessen,DE-HE,1
449,2020-10-23,3,5+0,Germany,DEU,Nordrhein-Westfalen,DE-NW,1
449,2020-10-23,3,5+0,Germany,DEU,Rheinland-Pfalz,DE-RP,1
449,2020-10-23,3,5+0,Croatia,HRV,,,1
449,2020-10-23,3,5+0,Norway,NOR,,,1
449,2020-10-23,3,5+0,Sweden,SWE,,,1
450,2020-10-30,2,5+1,Germany,DEU,Berlin,DE-BE,1
450,2020-10-30,2,5+1,Germany,DEU,Nordrhein-Westfalen,DE-NW,1
450,2020-10-30,3,5+0,Germany,DEU,Baden-Württemberg,DE-BW,2
450,2020-10-30,3,5+0,Germany,DEU,Bayern,DE-BY,1
450,2020-10-30,3,5+0,Germany,DEU,Berlin,DE-BE,3
450,2020-10-30,3,5+0,Germany,DEU,Nordrhein-Westfalen,DE-NW,1
450,2020-10-30,3,5+0,Germany,DEU,Rheinland-Pfalz,DE-RP,1
450,2020-10-30,3,5+0,Germany,DEU,Schleswig-Holstein,DE-SH,1
450,2020-10-30,3,5+0,Finland,FIN,,,1
450,2020-10-30,3,5+0,Croatia,HRV,,,1
450,2020-10-30,3,5+0,Netherlands,NLD,,,1
450,2020-10-30,3,5+0,Czechia,CZE,,,1
450,2020-10-30,3,5+0,Hungary,HUN,,,1
451,2020-11-06,2,5+1,Germany,DEU,Baden-Württemberg,DE-BW,1
451,2020-11-06,3,5+0,Germany,DEU,Baden-Württemberg,DE-BW,1
451,2020-11-06,3,5+0,Germany,DEU,Berlin,DE-BE,1
451,2020-11-06,3,5+0,Germany,DEU,Mecklenburg-Vorpommern,DE-MV,1
451,2020-11-06,3,5+0,Denmark,DNK,,,1
451,2020-11-06,3,5+0,Finland,FIN,,,3
451,2020-11-06,3,5+0,Norway,NOR,,,1
451,2020-11-06,3,5+0,Hungary,HUN,,,1
452,2020-11-13,3,5+0,Germany,DEU,Baden-Württemberg,DE-BW,1
452,2020-11-13,3,5+0,Germany,DEU,Bayern,DE-BY,6
452,2020-11-13,3,5+0,Germany,DEU,Hessen,DE-HE,1
452,2020-11-13,3,5+0,Germany,DEU,Niedersachsen,DE-NI,1
452,2020-11-13,3,5+0,Germany,DEU,Nordrhein-Westfalen,DE-NW,1
452,2020-11-13,3,5+0,Germany,DEU,Rheinland-Pfalz,DE-RP,1
453,2020-11-20,1,5+2,Germany,DEU,Niedersachsen,DE-NI,1
453,2020-11-20,2,5+1,Germany,DEU,Hessen,DE-HE,1
453,2020-11-20,2,5+1,Germany,DEU,Niedersachsen,DE-NI,1
453,2020-11-20,2,5+1,Denmark,DNK,,,1
453,2020-11-20,2,5+1,Finland,FIN,,,1
453,2020-11-20,2,5+1,Norway,NOR,,,1
453,2020-11-20,2,5+1,Sweden,SWE,,,1
453,2020-11-20,3,5+0,Germany,DEU,Baden-Württemberg,DE-BW,1
453,2020-11-20,3,5+0,Germany,DEU,Bayern,DE-BY,1
453,2020-11-20,3,5+0,Germany,DEU,Nordrhein-Westfalen,DE-NW,1
453,2020-11-20,3,5+0,Denmark,DNK,,,1
453,2020-11-20,3,5+0,Slovakia,SVK,,,1
453,2020-11-20,3,5+0,Spain,ESP,,,1
453,2020-11-20,3,5+0,Czechia,CZE,,,1
454,2020-11-27,1,5+2,Sweden,SWE,,,1
454,2020-11-27,2,5+1,Finland,FIN,,,1
454,2020-11-27,3,5+0,Germany,DEU,Baden-Württemberg,DE-BW,1
454,2020-11-27,3,5+0,Germany,DEU,Nordrhein-Westfalen,DE-NW,1
454,2020-11-27,3,5+0,Denmark,DNK,,,2
454,2020-11-27,3,5+0,Slovakia,SVK,,,1
454,2020-11-27,3,5+0,Slovenia,SVN,,,1
455,2020-12-04,2,5+1,Germany,DEU,Nordrhein-Westfalen,DE-NW,1
455,2020-12-04,3,5+0,Germany,DEU,Sachsen-Anhalt,DE-ST,1
455,2020-12-04,3,5+0,Denmark,DNK,,,1
455,2020-12-04,3,5+0,Norway,NOR,,,2
455,2020-12-04,3,5+0,Slovenia,SVN,,,1
455,2020-12-04,3,5+0,Czechia,CZE,,,1
456,2020-12-11,2,5+1,Germany,DEU,Nordrhein-Westfalen,DE-NW,1
456,2020-12-11,2,5+1,Sweden,SWE,,,1
456,2020-12-11,3,5+0,Germany,DEU,Berlin,DE-BE,1
456,2020-12-11,3,5+0,Germany,DEU,Nordrhein-Westfalen,DE-NW,2
456,2020-12-11,3,5+0,Denmark,DNK,,,1
456,2020-12-11,3,5+0,Norway,NOR,,,1
456,2020-12-11,3,5+0,Sweden,SWE,,,1
457,2020-12-18,2,5+1,Sweden,SWE,,,1
457,2020-12-18,3,5+0,Germany,DEU,Bayern,DE-BY,1
457,2020-12-18,3,5+0,Germany,DEU,Nordrhein-Westfalen,DE-NW,2
457,2020-12-18,3,5+0,Finland,FIN,,,3
457,2020-12-18,3,5+0,Croatia,HRV,,,1
457,2020-12-18,3,5+0,Norway,NOR,,,3
457,2020-12-18,3,5+0,Poland,POL,,,1
457,2020-12-18,3,5+0,Slovenia,SVN,,,1
458,2020-12-25,2,5+1,Germany,DEU,Bayern,DE-BY,1
458,2020-12-25,2,5+1,Germany,DEU,Nordrhein-Westfalen,DE-NW,1
458,2020-12-25,2,5+1,Denmark,DNK,,,1
458,2020-12-25,2,5+1,Poland,POL,,,1
458,2020-12-25,2,5+1,Sweden,SWE,,,1
458,2020-12-25,2,5+1,Spain,ESP,,,1
458,2020-12-25,3,5+0,Germany,DEU,Brandenburg,DE-BB,1
458,2020-12-25,3,5+0,Germany,DEU,Hessen,DE-HE,1
458,2020-12-25,3,5+0,Germany,DEU,Nordrhein-Westfalen,DE-NW,1
458,2020-12-25,3,5+0,Germany,DEU,Saarland,DE-SL,1
458,2020-12-25,3,5+0,Poland,POL,,,2
458,2020-12-25,3,5+0,Czechia,CZE,,,1
459,2021-01-01,2,5+1,Germany,DEU,Bayern,DE-BY,1
459,2021-01-01,2,5+1,Germany,DEU,Berlin,DE-BE,1
459,2021-01-01,2,5+1,Germany,DEU,Hessen,DE-HE,1
459,2021-01-01,2,5+1,Germany,DEU,Nordrhein-Westfalen,DE-NW,1
459,2021-01-01,2,5+1,Denmark,DNK,,,1
459,2021-01-01,2,5+1,Finland,FIN,,,1
459,2021-01-01,3,5+0,Germany,DEU,Sachsen,DE-SN,1
459,2021-01-01,3,5+0,Denmark,DNK,,,1
459,2021-01-01,3,5+0,Finland,FIN,,,1
460,2021-01-08,2,5+1,Germany,DEU,Niedersachsen,DE-NI,1
460,2021-01-08,2,5+1,Germany,DEU,Nordrhein-Westfalen,DE-NW,5
460,2021-01-08,2,5+1,Sweden,SWE,,,2
460,2021-01-08,2,5+1,Slovakia,SVK,,,1
460,2021-01-08,2,5+1,Slovenia,SVN,,,1
460,2021-01-08,2,5+1,Spain,ESP,,,1
460,2021-01-08,3,5+0,Germany,DEU,Berlin,DE-BE,1
460,2021-01-08,3,5+0,Germany,DEU,Brandenburg,DE-BB,1
460,2021-01-08,3,5+0,Germany,DEU,Hessen,DE-HE,2
460,2021-01-08,3,5+0,Germany,DEU,Niedersachsen,DE-NI,1
460,2021-01-08,3,5+0,Germany,DEU,Nordrhein-Westfalen,DE-NW,6
460,2021-01-08,3,5+0,Germany,DEU,Schleswig-Holstein,DE-SH,2
460,2021-01-08,3,5+0,Denmark,DNK,,,2
460,2021-01-08,3,5+0,Netherlands,NLD,,,1
460,2021-01-08,3,5+0,Norway,NOR,,,1
460,2021-01-08,3,5+0,Poland,POL,,,1
460,2021-01-08,3,5+0,Hungary,HUN,,,1
461,2021-01-15,1,5+2,Germany,DEU,Nordrhein-Westfalen,DE-NW,1
461,2021-01-15,2,5+1,Germany,DEU,Baden-Württemberg,DE-BW,1
461,2021-01-15,2,5+1,Germany,DEU,Hessen,DE-HE,1
461,2021-01-15,2,5+1,Germany,DEU,Niedersachsen,DE-NI,1
461,2021-01-15,2,5+1,Germany,DEU,Nordrhein-Westfalen,DE-NW,1
461,2021-01-15,2,5+1,Denmark,DNK,,,1
461,2021-01-15,2,5+1,Sweden,SWE,,,1
461,2021-01-15,2,5+1,Czechia,CZE,,,1
461,2021-01-15,3,5+0,Germany,DEU,Bayern,DE-BY,1
461,2021-01-15,3,5+0,Germany,DEU,Berlin,DE-BE,2
461,2021-01-15,3,5+0,Germany,DEU,Hessen,DE-HE,1
461,2021-01-15,3,5+0,Germany,DEU,Nordrhein-Westfalen,DE-NW,1
461,2021-01-15,3,5+0,Germany,DEU,Sachsen,DE-SN,1
461,2021-01-15,3,5+0,Germany,DEU,Sachsen-Anhalt,DE-ST,1
461,2021-01-15,3,5+0,Finland,FIN,,,5
461,2021-01-15,3,5+0,Poland,POL,,,1
461,2021-01-15,3,5+0,Hungary,HUN,,,1
462,2021-01-22,1,5+2,Sweden,SWE,,,1
462,2021-01-22,3,5+0,Germany,DEU,Bayern,DE-BY,1
462,2021-01-22,3,5+0,Germany,DEU,Hessen,DE-HE,1
462,2021-01-22,3,5+0,Germany,DEU,Nordrhein-Westfalen,DE-NW,1
462,2021-01-22,3,5+0,Germany,DEU,Sachsen,DE-SN,1
462,2021-01-22,3,5+0,Denmark,DNK,,,1
462,2021-01-22,3,5+0,Finland,FIN,,,1
463,2021-01-29,1,5+2,Hungary,HUN,,,1
463,2021-01-29,2,5+1,Germany,DEU,Niedersachsen,DE-NI,1
463,2021-01-29,2,5+1,Germany,DEU,Nordrhein-Westfalen,DE-NW,1
463,2021-01-29,2,5+1,Finland,FIN,,,1
463,2021-01-29,2,5+1,Hungary,HUN,,,4
463,2021-01-29,3,5+0,Germany,DEU,Berlin,DE-BE,1
463,2021-01-29,3,5+0,Norway,NOR,,,1
463,2021-01-29,3,5+0,Sweden,SWE,,,1
463,2021-01-29,3,5+0,Slovenia,SVN,,,1
463,2021-01-29,3,5+0,Hungary,HUN,,,1
464,2021-02-05,1,5+2,Denmark,DNK,,,1
464,2021-02-05,2,5+1,Germany,DEU,Berlin,DE-BE,1
464,2021-02-05,2,5+1,Germany,DEU,Mecklenburg-Vorpommern,DE-MV,1
464,2021-02-05,2,5+1,Germany,DEU,Niedersachsen,DE-NI,1
464,2021-02-05,2,5+1,Germany,DEU,Sachsen,DE-SN,1
464,2021-02-05,2,5+1,Netherlands,NLD,,,1
464,2021-02-05,2,5+1,Norway,NOR,,,1
464,2021-02-05,3,5+0,Germany,DEU,Bayern,DE-BY,1
464,2021-02-05,3,5+0,Germany,DEU,Saarland,DE-SL,1
464,2021-02-05,3,5+0,Germany,DEU,Sachsen-Anhalt,DE-ST,1
464,2021-02-05,3,5+0,Denmark,DNK,,,1
464,2021-02-05,3,5+0,Norway,NOR,,,1
464,2021-02-05,3,5+0,Sweden,SWE,,,1
465,2021-02-12,2,5+1,Germany,DEU,Baden-Württemberg,DE-BW,1
465,2021-02-12,2,5+1,Germany,DEU,Bayern,DE-BY,2
465,2021-02-12,2,5+1,Germany,DEU,Hessen,DE-HE,1
465,2021-02-12,2,5+1,Germany,DEU,Sachsen-Anhalt,DE-ST,1
465,2021-02-12,2,5+1,Iceland,ISL,,,1
465,2021-02-12,3,5+0,Germany,DEU,Bayern,DE-BY,2
465,2021-02-12,3,5+0,Germany,DEU,Sachsen-Anhalt,DE-ST,1
465,2021-02-12,3,5+0,Norway,NOR,,,1
466,2021-02-19,2,5+1,Germany,DEU,Baden-Württemberg,DE-BW,1
466,2021-02-19,2,5+1,Germany,DEU,Hamburg,DE-HH,1
466,2021-02-19,2,5+1,Denmark,DNK,,,2
466,2021-02-19,2,5+1,Netherlands,NLD,,,1
466,2021-02-19,3,5+0,Germany,DEU,Bayern,DE-BY,1
466,2021-02-19,3,5+0,Germany,DEU,Berlin,DE-BE,1
466,2021-02-19,3,5+0,Germany,DEU,Rheinland-Pfalz,DE-RP,1
466,2021-02-19,3,5+0,Germany,DEU,Sachsen-Anhalt,DE-ST,1
466,2021-02-19,3,5+0,Finland,FIN,,,1
466,2021-02-19,3,5+0,Italy,ITA,,,1
467,2021-02-26,2,5+1,Germany,DEU,Niedersachsen,DE-NI,1
467,2021-02-26,2,5+1,Czechia,CZE,,,1
467,2021-02-26,3,5+0,Germany,DEU,Berlin,DE-BE,3
467,2021-02-26,3,5+0,Germany,DEU,Nordrhein-Westfalen,DE-NW,1
467,2021-02-26,3,5+0,Poland,POL,,,1
467,2021-02-26,3,5+0,Slovenia,SVN,,,1
467,2021-02-26,3,5+0,Czechia,CZE,,,1
467,2021-02-26,3,5+0,Hungary,HUN,,,1
468,2021-03-05,2,5+1,Germany,DEU,Baden-Württemberg,DE-BW,1
468,2021-03-05,2,5+1,Germany,DEU,Bayern,DE-BY,2
468,2021-03-05,2,5+1,Germany,DEU,Hessen,DE-HE,1
468,2021-03-05,2,5+1,Germany,DEU,Nordrhein-Westfalen,DE-NW,1
468,2021-03-05,2,5+1,Germany,DEU,Rheinland-Pfalz,DE-RP,1
468,2021-03-05,2,5+1,Hungary,HUN,,,1
468,2021-03-05,3,5+0,Germany,DEU,Hessen,DE-HE,1
468,2021-03-05,3,5+0,Slovakia,SVK,,,1
468,2021-03-05,3,5+0,Hungary,HUN,,,1
469,2021-03-12,1,5+2,Germany,DEU,Baden-Württemberg,DE-BW,1
469,2021-03-12,2,5+1,Germany,DEU,Hamburg,DE-HH,1
469,2021-03-12,2,5+1,Germany,DEU,Niedersachsen,DE-NI,2
469,2021-03-12,2,5+1,Germany,DEU,Schleswig-Holstein,DE-SH,1
469,2021-03-12,2,5+1,Czechia,CZE,,,1
469,2021-03-12,3,5+0,Germany,DEU,Baden-Württemberg,DE-BW,1
469,2021-03-12,3,5+0,Germany,DEU,Bayern,DE-BY,2
469,2021-03-12,3,5+0,Germany,DEU,Berlin,DE-BE,2
469,2021-03-12,3,5+0,Germany,DEU,Hessen,DE-HE,1
469,2021-03-12,3,5+0,Germany,DEU,Nordrhein-Westfalen,DE-NW,1
469,2021-03-12,3,5+0,Germany,DEU,Sachsen,DE-SN,1
469,2021-03-12,3,5+0,Denmark,DNK,,,1
469,2021-03-12,3,5+0,Finland,FIN,,,1
469,2021-03-12,3,5+0,Netherlands,NLD,,,1
469,2021-03-12,3,5+0,Sweden,SWE,,,2
470,2021-03-19,2,5+1,Germany,DEU,Baden-Württemberg,DE-BW,1
470,2021-03-19,2,5+1,Germany,DEU,Bayern,DE-BY,2
470,2021-03-19,2,5+1,Germany,DEU,Berlin,DE-BE,1
470,2021-03-19,2,5+1,Germany,DEU,Nordrhein-Westfalen,DE-NW,3
470,2021-03-19,2,5+1,Germany,DEU,Sachsen,DE-SN,1
470,2021-03-19,2,5+1,Latvia,LVA,,,1
470,2021-03-19,2,5+1,Slovakia,SVK,,,1
470,2021-03-19,2,5+1,Slovenia,SVN,,,1
470,2021-03-19,3,5+0,Germany,DEU,Baden-Württemberg,DE-BW,1
470,2021-03-19,3,5+0,Germany,DEU,Bayern,DE-BY,1
470,2021-03-19,3,5+0,Germany,DEU,Niedersachsen,DE-NI,2
470,2021-03-19,3,5+0,Germany,DEU,Nordrhein-Westfalen,DE-NW,2
470,2021-03-19,3,5+0,Germany,DEU,Sachsen-Anhalt,DE-ST,1
470,2021-03-19,3,5+0,Norway,NOR,,,1
471,2021-03-26,2,5+1,Germany,DEU,Niedersachsen,DE-NI,1
471,2021-03-26,2,5+1,Norway,NOR,,,1
471,2021-03-26,2,5+1,Sweden,SWE,,,1
471,2021-03-26,2,5+1,Slovakia,SVK,,,1
471,2021-03-26,3,5+0,Germany,DEU,Bayern,DE-BY,2
471,2021-03-26,3,5+0,Finland,FIN,,,1
472,2021-04-02,2,5+1,Germany,DEU,Hessen,DE-HE,1
472,2021-04-02,3,5+0,Germany,DEU,Berlin,DE-BE,1
472,2021-04-02,3,5+0,Germany,DEU,Nordrhein-Westfalen,DE-NW,1
472,2021-04-02,3,5+0,Germany,DEU,Rheinland-Pfalz,DE-RP,1
472,2021-04-02,3,5+0,Denmark,DNK,,,1
472,2021-04-02,3,5+0,Finland,FIN,,,3
472,2021-04-02,3,5+0,Netherlands,NLD,,,1
473,2021-04-09,1,5+2,Denmark,DNK,,,1
473,2021-04-09,2,5+1,Germany,DEU,Baden-Württemberg,DE-BW,2
473,2021-04-09,3,5+0,Germany,DEU,Baden-Württemberg,DE-BW,1
473,2021-04-09,3,5+0,Germany,DEU,Niedersachsen,DE-NI,1
473,2021-04-09,3,5+0,Germany,DEU,Nordrhein-Westfalen,DE-NW,1
473,2021-04-09,3,5+0,Denmark,DNK,,,1
473,2021-04-09,3,5+0,Poland,POL,,,1
473,2021-04-09,3,5+0,Sweden,SWE,,,1
474,2021-04-16,2,5+1,Denmark,DNK,,,1
474,2021-04-16,2,5+1,Norway,NOR,,,1
474,2021-04-16,2,5+1,Slovenia,SVN,,,1
474,2021-04-16,3,5+0,Germany,DEU,Baden-Württemberg,DE-BW,1
474,2021-04-16,3,5+0,Germany,DEU,Nordrhein-Westfalen,DE-NW,1
474,2021-04-16,3,5+0,Finland,FIN,,,1
474,2021-04-16,3,5+0,Norway,NOR,,,2
474,2021-04-16,3,5+0,Poland,POL,,,1
475,2021-04-23,2,5+1,Germany,DEU,Baden-Württemberg,DE-BW,1
475,2021-04-23,2,5+1,Germany,DEU,Niedersachsen,DE-NI,1
475,2021-04-23,2,5+1,Denmark,DNK,,,2
475,2021-04-23,2,5+1,Lithuania,LTU,,,1
475,2021-04-23,2,5+1,Norway,NOR,,,1
475,2021-04-23,3,5+0,Germany,DEU,Baden-Württemberg,DE-BW,2
475,2021-04-23,3,5+0,Germany,DEU,Hessen,DE-HE,1
475,2021-04-23,3,5+0,Germany,DEU,Niedersachsen,DE-NI,2
475,2021-04-23,3,5+0,Finland,FIN,,,1
475,2021-04-23,3,5+0,Sweden,SWE,,,1
476,2021-04-30,2,5+1,Germany,DEU,Baden-Württemberg,DE-BW,1
476,2021-04-30,2,5+1,Germany,DEU,Bayern,DE-BY,1
476,2021-04-30,2,5+1,Germany,DEU,Hamburg,DE-HH,1
476,2021-04-30,2,5+1,Germany,DEU,Nordrhein-Westfalen,DE-NW,1
476,2021-04-30,2,5+1,Germany,DEU,Schleswig-Holstein,DE-SH,1
476,2021-04-30,2,5+1,Finland,FIN,,,1
476,2021-04-30,2,5+1,Sweden,SWE,,,2
476,2021-04-30,3,5+0,Germany,DEU,Baden-Württemberg,DE-BW,5
476,2021-04-30,3,5+0,Germany,DEU,Bayern,DE-BY,1
476,2021-04-30,3,5+0,Germany,DEU,Nordrhein-Westfalen,DE-NW,1
476,2021-04-30,3,5+0,Norway,NOR,,,1
476,2021-04-30,3,5+0,Sweden,SWE,,,1
477,2021-05-07,2,5+1,Germany,DEU,Baden-Württemberg,DE-BW,3
477,2021-05-07,2,5+1,Germany,DEU,Bayern,DE-BY,1
477,2021-05-07,2,5+1,Germany,DEU,Berlin,DE-BE,1
477,2021-05-07,2,5+1,Germany,DEU,Hamburg,DE-HH,1
477,2021-05-07,2,5+1,Germany,DEU,Hessen,DE-HE,1
477,2021-05-07,2,5+1,Germany,DEU,Niedersachsen,DE-NI,1
477,2021-05-07,2,5+1,Germany,DEU,Nordrhein-Westfalen,DE-NW,5
477,2021-05-07,2,5+1,Estonia,EST,,,1
477,2021-05-07,2,5+1,Hungary,HUN,,,2
477,2021-05-07,3,5+0,Germany,DEU,Baden-Württemberg,DE-BW,1
477,2021-05-07,3,5+0,Germany,DEU,Bayern,DE-BY,2
477,2021-05-07,3,5+0,Germany,DEU,Hessen,DE-HE,2
477,2021-05-07,3,5+0,Germany,DEU,Mecklenburg-Vorpommern,DE-MV,1
477,2021-05-07,3,5+0,Germany,DEU,Nordrhein-Westfalen,DE-NW,5
477,2021-05-07,3,5+0,Germany,DEU,Sachsen,DE-SN,1
477,2021-05-07,3,5+0,Denmark,DNK,,,1
477,2021-05-07,3,5+0,Estonia,EST,,,1
477,2021-05-07,3,5+0,Finland,FIN,,,1
477,2021-05-07,3,5+0,Iceland,ISL,,,1
477,2021-05-07,3,5+0,Sweden,SWE,,,1
478,2021-05-14,2,5+1,Germany,DEU,Baden-Württemberg,DE-BW,1
478,2021-05-14,2,5+1,Germany,DEU,Hessen,DE-HE,2
478,2021-05-14,2,5+1,Germany,DEU,Niedersachsen,DE-NI,2
478,2021-05-14,2,5+1,Germany,DEU,Nordrhein-Westfalen,DE-NW,1
478,2021-05-14,2,5+1,Finland,FIN,,,2
478,2021-05-14,2,5+1,Croatia,HRV,,,1
478,2021-05-14,3,5+0,Germany,DEU,Bayern,DE-BY,2
478,2021-05-14,3,5+0,Germany,DEU,Nordrhein-Westfalen,DE-NW,2
478,2021-05-14,3,5+0,Denmark,DNK,,,1
478,2021-05-14,3,5+0,Finland,FIN,,,2
478,2021-05-14,3,5+0,Netherlands,NLD,,,1
479,2021-05-21,2,5+1,Germany,DEU,Hessen,DE-HE,1
479,2021-05-21,2,5+1,Finland,FIN,,,2
479,2021-05-21,2,5+1,Poland,POL,,,1
479,2021-05-21,2,5+1,Spain,ESP,,,1
479,2021-05-21,2,5+1,Hungary,HUN,,,1
479,2021-05-21,3,5+0,Germany,DEU,Niedersachsen,DE-NI,2
479,2021-05-21,3,5+0,Germany,DEU,Nordrhein-Westfalen,DE-NW,2
479,2021-05-21,3,5+0,Germany,DEU,Rheinland-Pfalz,DE-RP,1
479,2021-05-21,3,5+0,Germany,DEU,Sachsen,DE-SN,2
479,2021-05-21,3,5+0,Denmark,DNK,,,1
480,2021-05-28,1,5+2,Germany,DEU,Hessen,DE-HE,1
480,2021-05-28,2,5+1,Germany,DEU,Baden-Württemberg,DE-BW,1
480,2021-05-28,2,5+1,Germany,DEU,Rheinland-Pfalz,DE-RP,1
480,2021-05-28,2,5+1,Germany,DEU,Sachsen,DE-SN,1
480,2021-05-28,2,5+1,Denmark,DNK,,,1
480,2021-05-28,2,5+1,Czechia,CZE,,,1
480,2021-05-28,3,5+0,Germany,DEU,Bayern,DE-BY,1
480,2021-05-28,3,5+0,Germany,DEU,Hamburg,DE-HH,1
480,2021-05-28,3,5+0,Germany,DEU,Hessen,DE-HE,2
480,2021-05-28,3,5+0,Germany,DEU,Nordrhein-Westfalen,DE-NW,2
480,2021-05-28,3,5+0,Denmark,DNK,,,2
480,2021-05-28,3,5+0,Italy,ITA,,,1
480,2021-05-28,3,5+0,Norway,NOR,,,1
480,2021-05-28,3,5+0,Poland,POL,,,1
480,2021-05-28,3,5+0,Sweden,SWE,,,1
481,2021-06-04,2,5+1,Germany,DEU,Rheinland-Pfalz,DE-RP,1
481,2021-06-04,2,5+1,Denmark,DNK,,,1
481,2021-06-04,2,5+1,Finland,FIN,,,1
481,2021-06-04,2,5+1,Norway,NOR,,,1
481,2021-06-04,2,5+1,Poland,POL,,,1
481,2021-06-04,3,5+0,Germany,DEU,Niedersachsen,DE-NI,1
481,2021-06-04,3,5+0,Germany,DEU,Nordrhein-Westfalen,DE-NW,1
481,2021-06-04,3,5+0,Denmark,DNK,,,1
481,2021-06-04,3,5+0,Finland,FIN,,,1
481,2021-06-04,3,5+0,Slovenia,SVN,,,1
482,2021-06-11,2,5+1,Finland,FIN,,,1
482,2021-06-11,2,5+1,Poland,POL,,,1
482,2021-06-11,3,5+0,Germany,DEU,Hessen,DE-HE,2
482,2021-06-11,3,5+0,Czechia,CZE,,,1
483,2021-06-18,2,5+1,Germany,DEU,Berlin,DE-BE,1
483,2021-06-18,2,5+1,Germany,DEU,Hessen,DE-HE,1
483,2021-06-18,2,5+1,Germany,DEU,Nordrhein-Westfalen,DE-NW,1
483,2021-06-18,2,5+1,Poland,POL,,,1
483,2021-06-18,2,5+1,Slovakia,SVK,,,1
483,2021-06-18,3,5+0,Germany,DEU,Hamburg,DE-HH,1
483,2021-06-18,3,5+0,Germany,DEU,Thüringen,DE-TH,1
483,2021-06-18,3,5+0,Denmark,DNK,,,1
483,2021-06-18,3,5+0,Norway,NOR,,,1
483,2021-06-18,3,5+0,Poland,POL,,,1
483,2021-06-18,3,5+0,Spain,ESP,,,1
484,2021-06-25,1,5+2,Germany,DEU,Brandenburg,DE-BB,1
484,2021-06-25,2,5+1,Germany,DEU,Bayern,DE-BY,2
484,2021-06-25,2,5+1,Germany,DEU,Berlin,DE-BE,1
484,2021-06-25,2,5+1,Germany,DEU,Hessen,DE-HE,1
484,2021-06-25,2,5+1,Germany,DEU,Nordrhein-Westfalen,DE-NW,1
484,2021-06-25,2,5+1,Finland,FIN,,,1
484,2021-06-25,2,5+1,Norway,NOR,,,1
484,2021-06-25,3,5+0,Germany,DEU,Baden-Württemberg,DE-BW,1
484,2021-06-25,3,5+0,Germany,DEU,Bayern,DE-BY,1
484,2021-06-25,3,5+0,Germany,DEU,Hessen,DE-HE,1
484,2021-06-25,3,5+0,Germany,DEU,Nordrhein-Westfalen,DE-NW,3
484,2021-06-25,3,5+0,Germany,DEU,Sachsen,DE-SN,1
484,2021-06-25,3,5+0,Germany,DEU,Schleswig-Holstein,DE-SH,2
484,2021-06-25,3,5+0,Denmark,DNK,,,1
484,2021-06-25,3,5+0,Finland,FIN,,,1
484,2021-06-25,3,5+0,Croatia,HRV,,,1
484,2021-06-25,3,5+0,Norway,NOR,,,2
484,2021-06-25,3,5+0,Hungary,HUN,,,1
485,2021-07-02,2,5+1,Germany,DEU,Berlin,DE-BE,1
485,2021-07-02,2,5+1,Germany,DEU,Nordrhein-Westfalen,DE-NW,1
485,2021-07-02,2,5+1,Germany,DEU,Rheinland-Pfalz,DE-RP,1
485,2021-07-02,2,5+1,Poland,POL,,,1
485,2021-07-02,3,5+0,Germany,DEU,Baden-Württemberg,DE-BW,2
485,2021-07-02,3,5+0,Germany,DEU,Bayern,DE-BY,2
485,2021-07-02,3,5+0,Germany,DEU,Berlin,DE-BE,1
485,2021-07-02,3,5+0,Germany,DEU,Hessen,DE-HE,1
485,2021-07-02,3,5+0,Germany,DEU,Schleswig-Holstein,DE-SH,1
485,2021-07-02,3,5+0,Finland,FIN,,,1
486,2021-07-09,2,5+1,Germany,DEU,Baden-Württemberg,DE-BW,1
486,2021-07-09,2,5+1,Germany,DEU,Brandenburg,DE-BB,1
486,2021-07-09,2,5+1,Germany,DEU,Nordrhein-Westfalen,DE-NW,1
486,2021-07-09,2,5+1,Finland,FIN,,,1
486,2021-07-09,2,5+1,Iceland,ISL,,,1
486,2021-07-09,2,5+1,Sweden,SWE,,,1
486,2021-07-09,2,5+1,Spain,ESP,,,1
486,2021-07-09,3,5+0,Germany,DEU,Baden-Württemberg,DE-BW,1
486,2021-07-09,3,5+0,Germany,DEU,Niedersachsen,DE-NI,1
486,2021-07-09,3,5+0,Denmark,DNK,,,2
487,2021-07-16,2,5+1,Estonia,EST,,,1
487,2021-07-16,2,5+1,Netherlands,NLD,,,1
487,2021-07-16,2,5+1,Czechia,CZE,,,1
487,2021-07-16,3,5+0,Germany,DEU,Bayern,DE-BY,1
487,2021-07-16,3,5+0,Germany,DEU,Hessen,DE-HE,2
487,2021-07-16,3,5+0,Denmark,DNK,,,1
487,2021-07-16,3,5+0,Italy,ITA,,,1
487,2021-07-16,3,5+0,Netherlands,NLD,,,1
487,2021-07-16,3,5+0,Norway,NOR,,,1
487,2021-07-16,3,5+0,Czechia,CZE,,,1
488,2021-07-23,2,5+1,Germany,DEU,Nordrhein-Westfalen,DE-NW,2
488,2021-07-23,2,5+1,Denmark,DNK,,,1
488,2021-07-23,2,5+1,Iceland,ISL,,,1
488,2021-07-23,3,5+0,Germany,DEU,Baden-Württemberg,DE-BW,1
488,2021-07-23,3,5+0,Germany,DEU,Niedersachsen,DE-NI,1
488,2021-07-23,3,5+0,Netherlands,NLD,,,1
488,2021-07-23,3,5+0,Slovakia,SVK,,,1
488,2021-07-23,3,5+0,Slovenia,SVN,,,1
489,2021-07-30,2,5+1,Germany,DEU,Hessen,DE-HE,1
489,2021-07-30,2,5+1,Germany,DEU,Saarland,DE-SL,1
489,2021-07-30,2,5+1,Finland,FIN,,,2
489,2021-07-30,2,5+1,Sweden,SWE,,,1
489,2021-07-30,2,5+1,Czechia,CZE,,,1
489,2021-07-30,3,5+0,Germany,DEU,Hessen,DE-HE,2
489,2021-07-30,3,5+0,Germany,DEU,Sachsen,DE-SN,1
489,2021-07-30,3,5+0,Denmark,DNK,,,1
489,2021-07-30,3,5+0,Slovakia,SVK,,,1
490,2021-08-06,2,5+1,Germany,DEU,Bayern,DE-BY,2
490,2021-08-06,2,5+1,Germany,DEU,Hessen,DE-HE,1
490,2021-08-06,2,5+1,Germany,DEU,Nordrhein-Westfalen,DE-NW,1
490,2021-08-06,2,5+1,Germany,DEU,Rheinland-Pfalz,DE-RP,1
490,2021-08-06,2,5+1,Denmark,DNK,,,1
490,2021-08-06,2,5+1,Croatia,HRV,,,1
490,2021-08-06,2,5+1,Norway,NOR,,,1
490,2021-08-06,2,5+1,Poland,POL,,,1
490,2021-08-06,3,5+0,Germany,DEU,Nordrhein-Westfalen,DE-NW,4
490,2021-08-06,3,5+0,Denmark,DNK,,,1
490,2021-08-06,3,5+0,Spain,ESP,,,2
490,2021-08-06,3,5+0,Hungary,HUN,,,1
491,2021-08-13,1,5+2,Finland,FIN,,,1
491,2021-08-13,1,5+2,Poland,POL,,,1
491,2021-08-13,2,5+1,Germany,DEU,Baden-Württemberg,DE-BW,1
491,2021-08-13,2,5+1,Germany,DEU,Bayern,DE-BY,1
491,2021-08-13,2,5+1,Germany,DEU,Hessen,DE-HE,2
491,2021-08-13,2,5+1,Germany,DEU,Mecklenburg-Vorpommern,DE-MV,1
491,2021-08-13,2,5+1,Germany,DEU,Rheinland-Pfalz,DE-RP,1
491,2021-08-13,2,5+1,Norway,NOR,,,1
491,2021-08-13,2,5+1,Czechia,CZE,,,1
491,2021-08-13,3,5+0,Germany,DEU,Berlin,DE-BE,1
491,2021-08-13,3,5+0,Germany,DEU,Hessen,DE-HE,2
491,2021-08-13,3,5+0,Finland,FIN,,,4
491,2021-08-13,3,5+0,Netherlands,NLD,,,2
491,2021-08-13,3,5+0,Spain,ESP,,,1
491,2021-08-13,3,5+0,Czechia,CZE,,,1
492,2021-08-20,2,5+1,Germany,DEU,Sachsen-Anhalt,DE-ST,1
492,2021-08-20,2,5+1,Denmark,DNK,,,1
492,2021-08-20,2,5+1,Finland,FIN,,,2
492,2021-08-20,3,5+0,Germany,DEU,Hessen,DE-HE,1
492,2021-08-20,3,5+0,Germany,DEU,Niedersachsen,DE-NI,1
492,2021-08-20,3,5+0,Germany,DEU,Nordrhein-Westfalen,DE-NW,1
492,2021-08-20,3,5+0,Germany,DEU,Schleswig-Holstein,DE-SH,1
492,2021-08-20,3,5+0,Norway,NOR,,,3
493,2021-08-27,2,5+1,Germany,DEU,Sachsen-Anhalt,DE-ST,1
493,2021-08-27,2,5+1,Finland,FIN,,,1
493,2021-08-27,3,5+0,Germany,DEU,Niedersachsen,DE-NI,1
493,2021-08-27,3,5+0,Denmark,DNK,,,1
493,2021-08-27,3,5+0,Norway,NOR,,,1
493,2021-08-27,3,5+0,Sweden,SWE,,,1
493,2021-08-27,3,5+0,Hungary,HUN,,,1
494,2021-09-03,2,5+1,Germany,DEU,Bayern,DE-BY,1
494,2021-09-03,2,5+1,Germany,DEU,Hamburg,DE-HH,1
494,2021-09-03,2,5+1,Germany,DEU,Nordrhein-Westfalen,DE-NW,1
494,2021-09-03,2,5+1,Finland,FIN,,,1
494,2021-09-03,2,5+1,Norway,NOR,,,1
494,2021-09-03,2,5+1,Slovenia,SVN,,,1
494,2021-09-03,3,5+0,Germany,DEU,Bayern,DE-BY,1
494,2021-09-03,3,5+0,Germany,DEU,Hessen,DE-HE,1
494,2021-09-03,3,5+0,Germany,DEU,Nordrhein-Westfalen,DE-NW,1
494,2021-09-03,3,5+0,Germany,DEU,Rheinland-Pfalz,DE-RP,1
494,2021-09-03,3,5+0,Germany,DEU,Sachsen-Anhalt,DE-ST,1
494,2021-09-03,3,5+0,Finland,FIN,,,1
494,2021-09-03,3,5+0,Poland,POL,,,1
494,2021-09-03,3,5+0,Spain,ESP,,,2
495,2021-09-10,1,5+2,Germany,DEU,Bayern,DE-BY,1
495,2021-09-10,2,5+1,Germany,DEU,Baden-Württemberg,DE-BW,1
495,2021-09-10,2,5+1,Germany,DEU,Schleswig-Holstein,DE-SH,1
495,2021-09-10,3,5+0,Germany,DEU,Baden-Württemberg,DE-BW,1
495,2021-09-10,3,5+0,Germany,DEU,Bayern,DE-BY,2
495,2021-09-10,3,5+0,Denmark,DNK,,,1
495,2021-09-10,3,5+0,Finland,FIN,,,2
495,2021-09-10,3,5+0,Italy,ITA,,,1
495,2021-09-10,3,5+0,Norway,NOR,,,1
495,2021-09-10,3,5+0,Poland,POL,,,1
496,2021-09-17,2,5+1,Germany,DEU,Bayern,DE-BY,1
496,2021-09-17,2,5+1,Germany,DEU,Nordrhein-Westfalen,DE-NW,2
496,2021-09-17,3,5+0,Germany,DEU,Bayern,DE-BY,1
496,2021-09-17,3,5+0,Germany,DEU,Hessen,DE-HE,1
496,2021-09-17,3,5+0,Germany,DEU,Nordrhein-Westfalen,DE-NW,1
496,2021-09-17,3,5+0,Germany,DEU,Sachsen-Anhalt,DE-ST,1
496,2021-09-17,3,5+0,Estonia,EST,,,1
496,2021-09-17,3,5+0,Latvia,LVA,,,1
496,2021-09-17,3,5+0,Czechia,CZE,,,1
497,2021-09-24,1,5+2,Finland,FIN,,,1
497,2021-09-24,2,5+1,Germany,DEU,Baden-Württemberg,DE-BW,2
497,2021-09-24,2,5+1,Germany,DEU,Nordrhein-Westfalen,DE-NW,2
497,2021-09-24,3,5+0,Germany,DEU,Baden-Württemberg,DE-BW,1
497,2021-09-24,3,5+0,Germany,DEU,Bayern,DE-BY,2
497,2021-09-24,3,5+0,Germany,DEU,Hessen,DE-HE,1
497,2021-09-24,3,5+0,Germany,DEU,Mecklenburg-Vorpommern,DE-MV,1
497,2021-09-24,3,5+0,Germany,DEU,Niedersachsen,DE-NI,1
497,2021-09-24,3,5+0,Germany,DEU,Nordrhein-Westfalen,DE-NW,1
497,2021-09-24,3,5+0,Germany,DEU,Sachsen,DE-SN,1
497,2021-09-24,3,5+0,Germany,DEU,Schleswig-Holstein,DE-SH,1
497,2021-09-24,3,5+0,Finland,FIN,,,2
498,2021-10-01,2,5+1,Germany,DEU,Baden-Württemberg,DE-BW,3
498,2021-10-01,2,5+1,Finland,FIN,,,1
498,2021-10-01,2,5+1,Norway,NOR,,,1
498,2021-10-01,2,5+1,Sweden,SWE,,,1
498,2021-10-01,3,5+0,Germany,DEU,Baden-Württemberg,DE-BW,3
498,2021-10-01,3,5+0,Germany,DEU,Bayern,DE-BY,1
498,2021-10-01,3,5+0,Germany,DEU,Nordrhein-Westfalen,DE-NW,1
498,2021-10-01,3,5+0,Denmark,DNK,,,1
498,2021-10-01,3,5+0,Norway,NOR,,,1
498,2021-10-01,3,5+0,Poland,POL,,,1
498,2021-10-01,3,5+0,Sweden,SWE,,,2
499,2021-10-08,2,5+1,Germany,DEU,Bayern,DE-BY,1
499,2021-10-08,2,5+1,Germany,DEU,Rheinland-Pfalz,DE-RP,1
499,2021-10-08,2,5+1,Slovakia,SVK,,,1
499,2021-10-08,3,5+0,Sweden,SWE,,,1
500,2021-10-15,1,5+2,Germany,DEU,Niedersachsen,DE-NI,1
500,2021-10-15,2,5+1,Germany,DEU,Berlin,DE-BE,1
500,2021-10-15,2,5+1,Italy,ITA,,,1
500,2021-10-15,2,5+1,Hungary,HUN,,,1
500,2021-10-15,3,5+0,Germany,DEU,Baden-Württemberg,DE-BW,1
500,2021-10-15,3,5+0,Germany,DEU,Brandenburg,DE-BB,1
500,2021-10-15,3,5+0,Germany,DEU,Niedersachsen,DE-NI,1
500,2021-10-15,3,5+0,Germany,DEU,Rheinland-Pfalz,DE-RP,1
500,2021-10-15,3,5+0,Germany,DEU,Sachsen,DE-SN,1
500,2021-10-15,3,5+0,Germany,DEU,Schleswig-Holstein,DE-SH,1
500,2021-10-15,3,5+0,Denmark,DNK,,,3
500,2021-10-15,3,5+0,Spain,ESP,,,1
501,2021-10-22,1,5+2,Sweden,SWE,,,1
501,2021-10-22,2,5+1,Denmark,DNK,,,1
501,2021-10-22,2,5+1,Italy,ITA,,,1
501,2021-10-22,3,5+0,Estonia,EST,,,1
501,2021-10-22,3,5+0,Finland,FIN,,,2
501,2021-10-22,3,5+0,Italy,ITA,,,1
501,2021-10-22,3,5+0,Norway,NOR,,,1
501,2021-10-22,3,5+0,Sweden,SWE,,,1
502,2021-10-29,1,5+2,Poland,POL,,,1
502,2021-10-29,2,5+1,Germany,DEU,Nordrhein-Westfalen,DE-NW,1
502,2021-10-29,2,5+1,Germany,DEU,Sachsen,DE-SN,1
502,2021-10-29,2,5+1,Finland,FIN,,,1
502,2021-10-29,2,5+1,Italy,ITA,,,1
502,2021-10-29,2,5+1,Norway,NOR,,,1
502,2021-10-29,2,5+1,Sweden,SWE,,,1
502,2021-10-29,3,5+0,Germany,DEU,Bayern,DE-BY,1
502,2021-10-29,3,5+0,Germany,DEU,Berlin,DE-BE,1
502,2021-10-29,3,5+0,Germany,DEU,Nordrhein-Westfalen,DE-NW,2
502,2021-10-29,3,5+0,Denmark,DNK,,,1
503,2021-11-05,1,5+2,Germany,DEU,Sachsen-Anhalt,DE-ST,1
503,2021-11-05,1,5+2,Spain,ESP,,,1
503,2021-11-05,2,5+1,Germany,DEU,Baden-Württemberg,DE-BW,1
503,2021-11-05,2,5+1,Germany,DEU,Brandenburg,DE-BB,1
503,2021-11-05,2,5+1,Poland,POL,,,1
503,2021-11-05,2,5+1,Sweden,SWE,,,1
503,2021-11-05,2,5+1,Czechia,CZE,,,1
503,2021-11-05,3,5+0,Germany,DEU,Baden-Württemberg,DE-BW,2
503,2021-11-05,3,5+0,Germany,DEU,Bayern,DE-BY,1
503,2021-11-05,3,5+0,Germany,DEU,Brandenburg,DE-BB,1
503,2021-11-05,3,5+0,Germany,DEU,Nordrhein-Westfalen,DE-NW,1
503,2021-11-05,3,5+0,Germany,DEU,Saarland,DE-SL,1
503,2021-11-05,3,5+0,Germany,DEU,Schleswig-Holstein,DE-SH,1
503,2021-11-05,3,5+0,Denmark,DNK,,,2
503,2021-11-05,3,5+0,Finland,FIN,,,1
503,2021-11-05,3,5+0,Italy,ITA,,,1
503,2021-11-05,3,5+0,Netherlands,NLD,,,1
503,2021-11-05,3,5+0,Slovakia,SVK,,,1
503,2021-11-05,3,5+0,Czechia,CZE,,,1
504,2021-11-12,2,5+1,Germany,DEU,Nordrhein-Westfalen,DE-NW,2
504,2021-11-12,2,5+1,Poland,POL,,,1
504,2021-11-12,3,5+0,Germany,DEU,Hessen,DE-HE,1
504,2021-11-12,3,5+0,Denmark,DNK,,,1
505,2021-11-19,2,5+1,Germany,DEU,Baden-Württemberg,DE-BW,1
505,2021-11-19,2,5+1,Germany,DEU,Berlin,DE-BE,1
505,2021-11-19,2,5+1,Germany,DEU,Hessen,DE-HE,1
505,2021-11-19,2,5+1,Germany,DEU,Nordrhein-Westfalen,DE-NW,1
505,2021-11-19,2,5+1,Germany,DEU,Sachsen-Anhalt,DE-ST,1
505,2021-11-19,3,5+0,Denmark,DNK,,,1
505,2021-11-19,3,5+0,Finland,FIN,,,1
505,2021-11-19,3,5+0,Norway,NOR,,,1
505,2021-11-19,3,5+0,Poland,POL,,,1
505,2021-11-19,3,5+0,Czechia,CZE,,,2
505,2021-11-19,3,5+0,Hungary,HUN,,,1
506,2021-11-26,2,5+1,Germany,DEU,Hessen,DE-HE,1
506,2021-11-26,2,5+1,Finland,FIN,,,2
506,2021-11-26,2,5+1,Slovakia,SVK,,,1
506,2021-11-26,3,5+0,Germany,DEU,Berlin,DE-BE,1
506,2021-11-26,3,5+0,Germany,DEU,Mecklenburg-Vorpommern,DE-MV,1
506,2021-11-26,3,5+0,Germany,DEU,Nordrhein-Westfalen,DE-NW,2
506,2021-11-26,3,5+0,Latvia,LVA,,,1
506,2021-11-26,3,5+0,Norway,NOR,,,1
506,2021-11-26,3,5+0,Poland,POL,,,1
506,2021-11-26,3,5+0,Sweden,SWE,,,1
506,2021-11-26,3,5+0,Spain,ESP,,,1
506,2021-11-26,3,5+0,Hungary,HUN,,,1
507,2021-12-03,2,5+1,Germany,DEU,Baden-Württemberg,DE-BW,1
507,2021-12-03,2,5+1,Germany,DEU,Bayern,DE-BY,2
507,2021-12-03,2,5+1,Germany,DEU,Niedersachsen,DE-NI,1
507,2021-12-03,2,5+1,Denmark,DNK,,,1
507,2021-12-03,2,5+1,Estonia,EST,,,1
507,2021-12-03,2,5+1,Finland,FIN,,,1
507,2021-12-03,2,5+1,Norway,NOR,,,1
507,2021-12-03,2,5+1,Poland,POL,,,1
507,2021-12-03,2,5+1,Slovakia,SVK,,,1
507,2021-12-03,2,5+1,Slovenia,SVN,,,1
507,2021-12-03,3,5+0,Germany,DEU,Baden-Württemberg,DE-BW,5
507,2021-12-03,3,5+0,Germany,DEU,Hessen,DE-HE,1
507,2021-12-03,3,5+0,Germany,DEU,Nordrhein-Westfalen,DE-NW,2
507,2021-12-03,3,5+0,Germany,DEU,Rheinland-Pfalz,DE-RP,1
507,2021-12-03,3,5+0,Denmark,DNK,,,1
507,2021-12-03,3,5+0,Finland,FIN,,,2
507,2021-12-03,3,5+0,Sweden,SWE,,,1
507,2021-12-03,3,5+0,Hungary,HUN,,,2
508,2021-12-10,2,5+1,Germany,DEU,Niedersachsen,DE-NI,1
508,2021-12-10,2,5+1,Finland,FIN,,,1
508,2021-12-10,2,5+1,Poland,POL,,,2
508,2021-12-10,3,5+0,Germany,DEU,Bayern,DE-BY,1
508,2021-12-10,3,5+0,Germany,DEU,Hessen,DE-HE,1
508,2021-12-10,3,5+0,Denmark,DNK,,,1
508,2021-12-10,3,5+0,Italy,ITA,,,1
508,2021-12-10,3,5+0,Norway,NOR,,,1
508,2021-12-10,3,5+0,Spain,ESP,,,2
509,2021-12-17,1,5+2,Germany,DEU,Nordrhein-Westfalen,DE-NW,1
509,2021-12-17,2,5+1,Germany,DEU,Niedersachsen,DE-NI,1
509,2021-12-17,2,5+1,Denmark,DNK,,,1
509,2021-12-17,2,5+1,Croatia,HRV,,,1
509,2021-12-17,2,5+1,Norway,NOR,,,1
509,2021-12-17,3,5+0,Germany,DEU,Hessen,DE-HE,1
509,2021-12-17,3,5+0,Germany,DEU,Nordrhein-Westfalen,DE-NW,1
509,2021-12-17,3,5+0,Finland,FIN,,,1
509,2021-12-17,3,5+0,Spain,ESP,,,2
509,2021-12-17,3,5+0,Czechia,CZE,,,1
509,2021-12-17,3,5+0,Hungary,HUN,,,1
510,2021-12-24,1,5+2,Germany,DEU,Rheinland-Pfalz,DE-RP,1
510,2021-12-24,2,5+1,Germany,DEU,Bayern,DE-BY,1
510,2021-12-24,2,5+1,Germany,DEU,Berlin,DE-BE,1
510,2021-12-24,2,5+1,Germany,DEU,Niedersachsen,DE-NI,1
510,2021-12-24,2,5+1,Croatia,HRV,,,2
510,2021-12-24,2,5+1,Lithuania,LTU,,,1
510,2021-12-24,2,5+1,Netherlands,NLD,,,1
510,2021-12-24,2,5+1,Sweden,SWE,,,1
510,2021-12-24,2,5+1,Slovakia,SVK,,,1
510,2021-12-24,3,5+0,Germany,DEU,Baden-Württemberg,DE-BW,2
510,2021-12-24,3,5+0,Germany,DEU,Bayern,DE-BY,4
510,2021-12-24,3,5+0,Germany,DEU,Hamburg,DE-HH,1
510,2021-12-24,3,5+0,Germany,DEU,Hessen,DE-HE,1
510,2021-12-24,3,5+0,Germany,DEU,Rheinland-Pfalz,DE-RP,1
510,2021-12-24,3,5+0,Germany,DEU,Sachsen,DE-SN,2
510,2021-12-24,3,5+0,Germany,DEU,Thüringen,DE-TH,1
510,2021-12-24,3,5+0,Finland,FIN,,,2
510,2021-12-24,3,5+0,Italy,ITA,,,1
510,2021-12-24,3,5+0,Netherlands,NLD,,,1
510,2021-12-24,3,5+0,Norway,NOR,,,4
510,2021-12-24,3,5+0,Poland,POL,,,1
510,2021-12-24,3,5+0,Slovakia,SVK,,,2
510,2021-12-24,3,5+0,Czechia,CZE,,,1
511,2021-12-31,2,5+1,Germany,DEU,Bayern,DE-BY,1
511,2021-12-31,2,5+1,Denmark,DNK,,,1
511,2021-12-31,2,5+1,Finland,FIN,,,2
511,2021-12-31,2,5+1,Norway,NOR,,,1
511,2021-12-31,2,5+1,Poland,POL,,,1
511,2021-12-31,3,5+0,Germany,DEU,Nordrhein-Westfalen,DE-NW,1
511,2021-12-31,3,5+0,Denmark,DNK,,,1
511,2021-12-31,3,5+0,Finland,FIN,,,2
511,2021-12-31,3,5+0,Poland,POL,,,3
511,2021-12-31,3,5+0,Slovakia,SVK,,,1
511,2021-12-31,3,5+0,Spain,ESP,,,1
512,2022-01-07,2,5+1,Germany,DEU,Niedersachsen,DE-NI,1
512,2022-01-07,2,5+1,Germany,DEU,Nordrhein-Westfalen,DE-NW,1
512,2022-01-07,2,5+1,Denmark,DNK,,,1
512,2022-01-07,2,5+1,Norway,NOR,,,1
512,2022-01-07,2,5+1,Hungary,HUN,,,1
512,2022-01-07,3,5+0,Germany,DEU,Baden-Württemberg,DE-BW,1
512,2022-01-07,3,5+0,Germany,DEU,Bayern,DE-BY,1
512,2022-01-07,3,5+0,Germany,DEU,Hessen,DE-HE,2
512,2022-01-07,3,5+0,Germany,DEU,Nordrhein-Westfalen,DE-NW,1
512,2022-01-07,3,5+0,Denmark,DNK,,,1
512,2022-01-07,3,5+0,Hungary,HUN,,,1
513,2022-01-14,2,5+1,Finland,FIN,,,2
513,2022-01-14,3,5+0,Germany,DEU,Mecklenburg-Vorpommern,DE-MV,1
513,2022-01-14,3,5+0,Finland,FIN,,,1
513,2022-01-14,3,5+0,Italy,ITA,,,1
513,2022-01-14,3,5+0,Norway,NOR,,,1
513,2022-01-14,3,5+0,Sweden,SWE,,,1
514,2022-01-21,1,5+2,Germany,DEU,Baden-Württemberg,DE-BW,1
514,2022-01-21,1,5+2,Lithuania,LTU,,,1
514,2022-01-21,2,5+1,Denmark,DNK,,,2
514,2022-01-21,2,5+1,Netherlands,NLD,,,1
514,2022-01-21,2,5+1,Sweden,SWE,,,2
514,2022-01-21,2,5+1,Hungary,HUN,,,2
514,2022-01-21,3,5+0,Germany,DEU,Bremen,DE-HB,1
514,2022-01-21,3,5+0,Germany,DEU,Nordrhein-Westfalen,DE-NW,1
514,2022-01-21,3,5+0,Croatia,HRV,,,1
514,2022-01-21,3,5+0,Poland,POL,,,3
514,2022-01-21,3,5+0,Czechia,CZE,,,1
515,2022-01-28,1,5+2,Slovenia,SVN,,,1
515,2022-01-28,2,5+1,Germany,DEU,Hessen,DE-HE,1
515,2022-01-28,2,5+1,Germany,DEU,Niedersachsen,DE-NI,1
515,2022-01-28,3,5+0,Germany,DEU,Hamburg,DE-HH,2
515,2022-01-28,3,5+0,Germany,DEU,Hessen,DE-HE,1
515,2022-01-28,3,5+0,Germany,DEU,Niedersachsen,DE-NI,1
515,2022-01-28,3,5+0,Germany,DEU,Nordrhein-Westfalen,DE-NW,1
515,2022-01-28,3,5+0,Germany,DEU,Saarland,DE-SL,1
515,2022-01-28,3,5+0,Finland,FIN,,,1
515,2022-01-28,3,5+0,Lithuania,LTU,,,1
516,2022-02-04,2,5+1,Germany,DEU,Brandenburg,DE-BB,1
516,2022-02-04,2,5+1,Germany,DEU,Hessen,DE-HE,1
516,2022-02-04,2,5+1,Germany,DEU,Nordrhein-Westfalen,DE-NW,2
516,2022-02-04,2,5+1,Germany,DEU,Sachsen-Anhalt,DE-ST,1
516,2022-02-04,2,5+1,Poland,POL,,,1
516,2022-02-04,2,5+1,Czechia,CZE,,,1
516,2022-02-04,2,5+1,Hungary,HUN,,,2
516,2022-02-04,3,5+0,Germany,DEU,Baden-Württemberg,DE-BW,2
516,2022-02-04,3,5+0,Germany,DEU,Brandenburg,DE-BB,1
516,2022-02-04,3,5+0,Estonia,EST,,,1
516,2022-02-04,3,5+0,Finland,FIN,,,2
516,2022-02-04,3,5+0,Italy,ITA,,,1
516,2022-02-04,3,5+0,Poland,POL,,,1
516,2022-02-04,3,5+0,Czechia,CZE,,,1
516,2022-02-04,3,5+0,Hungary,HUN,,,1
517,2022-02-11,2,5+1,Germany,DEU,Bremen,DE-HB,1
517,2022-02-11,2,5+1,Finland,FIN,,,1
517,2022-02-11,2,5+1,Slovakia,SVK,,,1
517,2022-02-11,3,5+0,Germany,DEU,Baden-Württemberg,DE-BW,1
517,2022-02-11,3,5+0,Germany,DEU,Bayern,DE-BY,1
517,2022-02-11,3,5+0,Germany,DEU,Rheinland-Pfalz,DE-RP,1
517,2022-02-11,3,5+0,Finland,FIN,,,1
517,2022-02-11,3,5+0,Netherlands,NLD,,,1
517,2022-02-11,3,5+0,Sweden,SWE,,,1
518,2022-02-18,2,5+1,Finland,FIN,,,2
518,2022-02-18,2,5+1,Slovakia,SVK,,,1
518,2022-02-18,3,5+0,Germany,DEU,Baden-Württemberg,DE-BW,1
518,2022-02-18,3,5+0,Germany,DEU,Bayern,DE-BY,1
518,2022-02-18,3,5+0,Germany,DEU,Nordrhein-Westfalen,DE-NW,1
518,2022-02-18,3,5+0,Netherlands,NLD,,,1
518,2022-02-18,3,5+0,Poland,POL,,,1
518,2022-02-18,3,5+0,Sweden,SWE,,,1
518,2022-02-18,3,5+0,Hungary,HUN,,,1
519,2022-02-25,2,5+1,Germany,DEU,Baden-Württemberg,DE-BW,1
519,2022-02-25,2,5+1,Germany,DEU,Bayern,DE-BY,1
519,2022-02-25,2,5+1,Germany,DEU,Niedersachsen,DE-NI,1
519,2022-02-25,2,5+1,Denmark,DNK,,,1
519,2022-02-25,2,5+1,Norway,NOR,,,1
519,2022-02-25,2,5+1,Sweden,SWE,,,2
519,2022-02-25,3,5+0,Germany,DEU,Hessen,DE-HE,1
519,2022-02-25,3,5+0,Finland,FIN,,,1
519,2022-02-25,3,5+0,Italy,ITA,,,1
519,2022-02-25,3,5+0,Norway,NOR,,,1
520,2022-03-04,2,5+1,Germany,DEU,Nordrhein-Westfalen,DE-NW,1
520,2022-03-04,3,5+0,Germany,DEU,Baden-Württemberg,DE-BW,1
520,2022-03-04,3,5+0,Germany,DEU,Nordrhein-Westfalen,DE-NW,2
520,2022-03-04,3,5+0,Denmark,DNK,,,2
520,2022-03-04,3,5+0,Finland,FIN,,,1
520,2022-03-04,3,5+0,Poland,POL,,,1
520,2022-03-04,3,5+0,Sweden,SWE,,,2
520,2022-03-04,3,5+0,Slovenia,SVN,,,1
521,2022-03-11,2,5+1,Germany,DEU,Hessen,DE-HE,1
521,2022-03-11,2,5+1,Denmark,DNK,,,1
521,2022-03-11,2,5+1,Estonia,EST,,,1
521,2022-03-11,2,5+1,Finland,FIN,,,1
521,2022-03-11,2,5+1,Italy,ITA,,,1
521,2022-03-11,2,5+1,Sweden,SWE,,,1
521,2022-03-11,3,5+0,Germany,DEU,Bayern,DE-BY,3
521,2022-03-11,3,5+0,Germany,DEU,Nordrhein-Westfalen,DE-NW,1
521,2022-03-11,3,5+0,Denmark,DNK,,,1
521,2022-03-11,3,5+0,Finland,FIN,,,2
521,2022-03-11,3,5+0,Czechia,CZE,,,1
522,2022-03-18,1,5+2,Finland,FIN,,,1
522,2022-03-18,1,5+2,Norway,NOR,,,1
522,2022-03-18,2,5+1,Germany,DEU,Baden-Württemberg,DE-BW,1
522,2022-03-18,2,5+1,Estonia,EST,,,1
522,2022-03-18,3,5+0,Germany,DEU,Bayern,DE-BY,1
522,2022-03-18,3,5+0,Germany,DEU,Nordrhein-Westfalen,DE-NW,1
522,2022-03-18,3,5+0,Germany,DEU,Rheinland-Pfalz,DE-RP,1
522,2022-03-18,3,5+0,Denmark,DNK,,,3
522,2022-03-18,3,5+0,Poland,POL,,,1
523,2022-03-25,2,5+1,Germany,DEU,Baden-Württemberg,DE-BW,1
523,2022-03-25,2,5+1,Germany,DEU,Sachsen-Anhalt,DE-ST,1
523,2022-03-25,3,5+0,Germany,DEU,Niedersachsen,DE-NI,1
523,2022-03-25,3,5+0,Germany,DEU,Nordrhein-Westfalen,DE-NW,1
523,2022-03-25,3,5+0,Finland,FIN,,,1
523,2022-03-25,3,5+0,Slovakia,SVK,,,1
523,2022-03-25,3,5+0,Spain,ESP,,,1
524,2022-03-29,2,5+1,Sweden,SWE,,,1
524,2022-03-29,3,5+0,Germany,DEU,Bayern,DE-BY,1
524,2022-03-29,3,5+0,Germany,DEU,Nordrhein-Westfalen,DE-NW,1
524,2022-03-29,3,5+0,Italy,ITA,,,1
524,2022-03-29,3,5+0,Norway,NOR,,,2
524,2022-03-29,3,5+0,Spain,ESP,,,1
525,2022-04-01,1,5+2,Germany,DEU,Niedersachsen,DE-NI,1
525,2022-04-01,2,5+1,Denmark,DNK,,,1
525,2022-04-01,2,5+1,Latvia,LVA,,,1
525,2022-04-01,2,5+1,Norway,NOR,,,2
525,2022-04-01,3,5+0,Germany,DEU,Sachsen,DE-SN,1
525,2022-04-01,3,5+0,Germany,DEU,Schleswig-Holstein,DE-SH,1
525,2022-04-01,3,5+0,Netherlands,NLD,,,1
525,2022-04-01,3,5+0,Norway,NOR,,,1
525,2022-04-01,3,5+0,Poland,POL,,,1
526,2022-04-05,2,5+1,Spain,ESP,,,1
526,2022-04-05,3,5+0,Croatia,HRV,,,1
526,2022-04-05,3,5+0,Poland,POL,,,1
526,2022-04-05,3,5+0,Hungary,HUN,,,1
527,2022-04-08,2,5+1,Germany,DEU,Rheinland-Pfalz,DE-RP,1
527,2022-04-08,2,5+1,Germany,DEU,Sachsen,DE-SN,1
527,2022-04-08,2,5+1,Finland,FIN,,,1
527,2022-04-08,2,5+1,Hungary,HUN,,,2
527,2022-04-08,3,5+0,Germany,DEU,Baden-Württemberg,DE-BW,1
527,2022-04-08,3,5+0,Germany,DEU,Brandenburg,DE-BB,1
527,2022-04-08,3,5+0,Germany,DEU,Niedersachsen,DE-NI,1
527,2022-04-08,3,5+0,Germany,DEU,Rheinland-Pfalz,DE-RP,1
527,2022-04-08,3,5+0,Denmark,DNK,,,1
527,2022-04-08,3,5+0,Slovenia,SVN,,,2
528,2022-04-12,2,5+1,Slovakia,SVK,,,1
528,2022-04-12,3,5+0,Netherlands,NLD,,,1
529,2022-04-15,2,5+1,Germany,DEU,Bayern,DE-BY,1
529,2022-04-15,2,5+1,Germany,DEU,Hessen,DE-HE,2
529,2022-04-15,2,5+1,Germany,DEU,Nordrhein-Westfalen,DE-NW,1
529,2022-04-15,2,5+1,Finland,FIN,,,1
529,2022-04-15,2,5+1,Sweden,SWE,,,2
529,2022-04-15,3,5+0,Germany,DEU,Bayern,DE-BY,1
529,2022-04-15,3,5+0,Germany,DEU,Mecklenburg-Vorpommern,DE-MV,1
529,2022-04-15,3,5+0,Germany,DEU,Nordrhein-Westfalen,DE-NW,3
529,2022-04-15,3,5+0,Germany,DEU,Schleswig-Holstein,DE-SH,1
529,2022-04-15,3,5+0,Norway,NOR,,,1
529,2022-04-15,3,5+0,Poland,POL,,,1
529,2022-04-15,3,5+0,Slovakia,SVK,,,2
530,2022-04-19,3,5+0,Germany,DEU,Sachsen-Anhalt,DE-ST,1
530,2022-04-19,3,5+0,Finland,FIN,,,1
530,2022-04-19,3,5+0,Poland,POL,,,1
530,2022-04-19,3,5+0,Sweden,SWE,,,1
530,2022-04-19,3,5+0,Spain,ESP,,,1
531,2022-04-22,2,5+1,Germany,DEU,Nordrhein-Westfalen,DE-NW,1
531,2022-04-22,2,5+1,Finland,FIN,,,2
531,2022-04-22,2,5+1,Hungary,HUN,,,1
531,2022-04-22,3,5+0,Germany,DEU,Hessen,DE-HE,1
531,2022-04-22,3,5+0,Germany,DEU,Nordrhein-Westfalen,DE-NW,1
531,2022-04-22,3,5+0,Denmark,DNK,,,1
531,2022-04-22,3,5+0,Finland,FIN,,,1
531,2022-04-22,3,5+0,Norway,NOR,,,1
532,2022-04-26,2,5+1,Norway,NOR,,,2
532,2022-04-26,2,5+1,Czechia,CZE,,,1
532,2022-04-26,3,5+0,Denmark,DNK,,,1
532,2022-04-26,3,5+0,Slovakia,SVK,,,1
533,2022-04-29,3,5+0,Germany,DEU,Hessen,DE-HE,1
533,2022-04-29,3,5+0,Germany,DEU,Niedersachsen,DE-NI,1
533,2022-04-29,3,5+0,Germany,DEU,Nordrhein-Westfalen,DE-NW,2
533,2022-04-29,3,5+0,Germany,DEU,Thüringen,DE-TH,1
533,2022-04-29,3,5+0,Denmark,DNK,,,1
533,2022-04-29,3,5+0,Slovenia,SVN,,,1
533,2022-04-29,3,5+0,Czechia,CZE,,,1
534,2022-05-03,3,5+0,Germany,DEU,Brandenburg,DE-BB,1
534,2022-05-03,3,5+0,Germany,DEU,Niedersachsen,DE-NI,2
534,2022-05-03,3,5+0,Finland,FIN,,,2
534,2022-05-03,3,5+0,Iceland,ISL,,,1
534,2022-05-03,3,5+0,Norway,NOR,,,1
534,2022-05-03,3,5+0,Slovakia,SVK,,,1
535,2022-05-06,2,5+1,Germany,DEU,Bayern,DE-BY,1
535,2022-05-06,2,5+1,Finland,FIN,,,1
535,2022-05-06,3,5+0,Germany,DEU,Baden-Württemberg,DE-BW,1
535,2022-05-06,3,5+0,Germany,DEU,Bayern,DE-BY,1
535,2022-05-06,3,5+0,Germany,DEU,Nordrhein-Westfalen,DE-NW,1
535,2022-05-06,3,5+0,Croatia,HRV,,,1
535,2022-05-06,3,5+0,Poland,POL,,,1
535,2022-05-06,3,5+0,Spain,ESP,,,1
536,2022-05-10,2,5+1,Germany,DEU,Hessen,DE-HE,1
536,2022-05-10,3,5+0,Germany,DEU,Berlin,DE-BE,1
537,2022-05-13,2,5+1,Germany,DEU,Nordrhein-Westfalen,DE-NW,1
537,2022-05-13,2,5+1,Denmark,DNK,,,1
537,2022-05-13,2,5+1,Norway,NOR,,,1
537,2022-05-13,3,5+0,Germany,DEU,Baden-Württemberg,DE-BW,4
537,2022-05-13,3,5+0,Germany,DEU,Hamburg,DE-HH,1
537,2022-05-13,3,5+0,Germany,DEU,Hessen,DE-HE,1
537,2022-05-13,3,5+0,Germany,DEU,Niedersachsen,DE-NI,1
537,2022-05-13,3,5+0,Germany,DEU,Nordrhein-Westfalen,DE-NW,3
537,2022-05-13,3,5+0,Finland,FIN,,,1
537,2022-05-13,3,5+0,Norway,NOR,,,2
537,2022-05-13,3,5+0,Poland,POL,,,1
537,2022-05-13,3,5+0,Sweden,SWE,,,2
537,2022-05-13,3,5+0,Spain,ESP,,,1
537,2022-05-13,3,5+0,Czechia,CZE,,,1
538,2022-05-17,2,5+1,Germany,DEU,Nordrhein-Westfalen,DE-NW,1
538,2022-05-17,3,5+0,Germany,DEU,Brandenburg,DE-BB,1
538,2022-05-17,3,5+0,Germany,DEU,Hessen,DE-HE,1
538,2022-05-17,3,5+0,Germany,DEU,Nordrhein-Westfalen,DE-NW,1
539,2022-05-20,1,5+2,Germany,DEU,Nordrhein-Westfalen,DE-NW,1
539,2022-05-20,2,5+1,Germany,DEU,Baden-Württemberg,DE-BW,2
539,2022-05-20,2,5+1,Germany,DEU,Hamburg,DE-HH,1
539,2022-05-20,2,5+1,Denmark,DNK,,,1
539,2022-05-20,2,5+1,Finland,FIN,,,1
539,2022-05-20,3,5+0,Germany,DEU,Baden-Württemberg,DE-BW,2
539,2022-05-20,3,5+0,Germany,DEU,Bayern,DE-BY,3
539,2022-05-20,3,5+0,Germany,DEU,Hessen,DE-HE,2
539,2022-05-20,3,5+0,Germany,DEU,Niedersachsen,DE-NI,1
539,2022-05-20,3,5+0,Germany,DEU,Thüringen,DE-TH,1
539,2022-05-20,3,5+0,Denmark,DNK,,,1
539,2022-05-20,3,5+0,Finland,FIN,,,1
539,2022-05-20,3,5+0,Norway,NOR,,,1
539,2022-05-20,3,5+0,Sweden,SWE,,,1
539,2022-05-20,3,5+0,Czechia,CZE,,,1
540,2022-05-24,3,5+0,Germany,DEU,Rheinland-Pfalz,DE-RP,1
540,2022-05-24,3,5+0,Germany,DEU,Schleswig-Holstein,DE-SH,1
540,2022-05-24,3,5+0,Denmark,DNK,,,1
540,2022-05-24,3,5+0,Slovakia,SVK,,,1
540,2022-05-24,3,5+0,Slovenia,SVN,,,1
541,2022-05-27,1,5+2,Germany,DEU,Bayern,DE-BY,1
541,2022-05-27,2,5+1,Germany,DEU,Nordrhein-Westfalen,DE-NW,3
541,2022-05-27,2,5+1,Finland,FIN,,,2
541,2022-05-27,2,5+1,Spain,ESP,,,1
541,2022-05-27,3,5+0,Germany,DEU,Bayern,DE-BY,1
541,2022-05-27,3,5+0,Germany,DEU,Hamburg,DE-HH,1
541,2022-05-27,3,5+0,Finland,FIN,,,1
541,2022-05-27,3,5+0,Poland,POL,,,1
541,2022-05-27,3,5+0,Slovenia,SVN,,,1
542,2022-05-31,2,5+1,Germany,DEU,Nordrhein-Westfalen,DE-NW,1
542,2022-05-31,2,5+1,Denmark,DNK,,,1
542,2022-05-31,3,5+0,Germany,DEU,Nordrhein-Westfalen,DE-NW,1
543,2022-06-03,2,5+1,Germany,DEU,Baden-Württemberg,DE-BW,1
543,2022-06-03,2,5+1,Germany,DEU,Niedersachsen,DE-NI,1
543,2022-06-03,2,5+1,Germany,DEU,Rheinland-Pfalz,DE-RP,1
543,2022-06-03,2,5+1,Finland,FIN,,,1
543,2022-06-03,2,5+1,Norway,NOR,,,1
543,2022-06-03,2,5+1,Slovakia,SVK,,,1
543,2022-06-03,3,5+0,Germany,DEU,Baden-Württemberg,DE-BW,1
543,2022-06-03,3,5+0,Germany,DEU,Bayern,DE-BY,1
543,2022-06-03,3,5+0,Germany,DEU,Hessen,DE-HE,1
543,2022-06-03,3,5+0,Germany,DEU,Nordrhein-Westfalen,DE-NW,1
543,2022-06-03,3,5+0,Denmark,DNK,,,2
543,2022-06-03,3,5+0,Sweden,SWE,,,1
543,2022-06-03,3,5+0,Slovakia,SVK,,,1
543,2022-06-03,3,5+0,Slovenia,SVN,,,1
544,2022-06-07,2,5+1,Germany,DEU,Brandenburg,DE-BB,1
544,2022-06-07,2,5+1,Denmark,DNK,,,1
545,2022-06-10,2,5+1,Germany,DEU,Hamburg,DE-HH,1
545,2022-06-10,3,5+0,Denmark,DNK,,,1
545,2022-06-10,3,5+0,Poland,POL,,,1
545,2022-06-10,3,5+0,Hungary,HUN,,,1
546,2022-06-14,2,5+1,Germany,DEU,Niedersachsen,DE-NI,1
546,2022-06-14,3,5+0,Spain,ESP,,,1
547,2022-06-17,2,5+1,Finland,FIN,,,1
547,2022-06-17,2,5+1,Norway,NOR,,,2
547,2022-06-17,2,5+1,Czechia,CZE,,,1
547,2022-06-17,3,5+0,Germany,DEU,Berlin,DE-BE,1
547,2022-06-17,3,5+0,Germany,DEU,Nordrhein-Westfalen,DE-NW,1
547,2022-06-17,3,5+0,Germany,DEU,Sachsen,DE-SN,1
547,2022-06-17,3,5+0,Finland,FIN,,,1
547,2022-06-17,3,5+0,Norway,NOR,,,1
548,2022-06-21,2,5+1,Germany,DEU,Bayern,DE-BY,1
548,2022-06-21,3,5+0,Germany,DEU,Baden-Württemberg,DE-BW,1
548,2022-06-21,3,5+0,Germany,DEU,Berlin,DE-BE,1
548,2022-06-21,3,5+0,Estonia,EST,,,1
548,2022-06-21,3,5+0,Iceland,ISL,,,1
548,2022-06-21,3,5+0,Slovakia,SVK,,,1
548,2022-06-21,3,5+0,Spain,ESP,,,1
548,2022-06-21,3,5+0,Hungary,HUN,,,1
549,2022-06-24,2,5+1,Germany,DEU,Brandenburg,DE-BB,1
549,2022-06-24,2,5+1,Sweden,SWE,,,1
549,2022-06-24,3,5+0,Germany,DEU,Niedersachsen,DE-NI,1
549,2022-06-24,3,5+0,Finland,FIN,,,1
549,2022-06-24,3,5+0,Norway,NOR,,,1
549,2022-06-24,3,5+0,Slovenia,SVN,,,1
550,2022-06-28,2,5+1,Norway,NOR,,,1
550,2022-06-28,3,5+0,Germany,DEU,Hessen,DE-HE,1
550,2022-06-28,3,5+0,Germany,DEU,Nordrhein-Westfalen,DE-NW,1
550,2022-06-28,3,5+0,Netherlands,NLD,,,1
550,2022-06-28,3,5+0,Poland,POL,,,1
550,2022-06-28,3,5+0,Slovenia,SVN,,,1
550,2022-06-28,3,5+0,Spain,ESP,,,1
551,2022-07-01,2,5+1,Finland,FIN,,,3
551,2022-07-01,2,5+1,Sweden,SWE,,,1
551,2022-07-01,3,5+0,Finland,FIN,,,3
551,2022-07-01,3,5+0,Norway,NOR,,,1
552,2022-07-05,2,5+1,Germany,DEU,Berlin,DE-BE,1
552,2022-07-05,2,5+1,Germany,DEU,Nordrhein-Westfalen,DE-NW,1
552,2022-07-05,2,5+1,Denmark,DNK,,,2
552,2022-07-05,2,5+1,Finland,FIN,,,1
552,2022-07-05,2,5+1,Norway,NOR,,,1
552,2022-07-05,2,5+1,Hungary,HUN,,,1
552,2022-07-05,3,5+0,Germany,DEU,Nordrhein-Westfalen,DE-NW,2
552,2022-07-05,3,5+0,Germany,DEU,Thüringen,DE-TH,1
552,2022-07-05,3,5+0,Denmark,DNK,,,3
552,2022-07-05,3,5+0,Netherlands,NLD,,,2
552,2022-07-05,3,5+0,Norway,NOR,,,1
552,2022-07-05,3,5+0,Sweden,SWE,,,1
552,2022-07-05,3,5+0,Spain,ESP,,,1
552,2022-07-05,3,5+0,Czechia,CZE,,,1
552,2022-07-05,3,5+0,Hungary,HUN,,,3
553,2022-07-08,2,5+1,Germany,DEU,Baden-Württemberg,DE-BW,1
553,2022-07-08,2,5+1,Germany,DEU,Bayern,DE-BY,1
553,2022-07-08,2,5+1,Denmark,DNK,,,2
553,2022-07-08,2,5+1,Croatia,HRV,,,1
553,2022-07-08,3,5+0,Germany,DEU,Hessen,DE-HE,1
553,2022-07-08,3,5+0,Germany,DEU,Niedersachsen,DE-NI,1
553,2022-07-08,3,5+0,Germany,DEU,Nordrhein-Westfalen,DE-NW,1
553,2022-07-08,3,5+0,Germany,DEU,Rheinland-Pfalz,DE-RP,2
553,2022-07-08,3,5+0,Denmark,DNK,,,1
553,2022-07-08,3,5+0,Finland,FIN,,,1
553,2022-07-08,3,5+0,Slovakia,SVK,,,1
554,2022-07-12,2,5+1,Germany,DEU,Hamburg,DE-HH,1
554,2022-07-12,2,5+1,Germany,DEU,Nordrhein-Westfalen,DE-NW,2
554,2022-07-12,2,5+1,Poland,POL,,,1
554,2022-07-12,2,5+1,Czechia,CZE,,,1
554,2022-07-12,3,5+0,Croatia,HRV,,,1
554,2022-07-12,3,5+0,Norway,NOR,,,1
555,2022-07-15,2,5+1,Netherlands,NLD,,,2
555,2022-07-15,2,5+1,Poland,POL,,,1
555,2022-07-15,2,5+1,Sweden,SWE,,,1
555,2022-07-15,3,5+0,Germany,DEU,Bayern,DE-BY,2
555,2022-07-15,3,5+0,Germany,DEU,Berlin,DE-BE,1
555,2022-07-15,3,5+0,Germany,DEU,Hessen,DE-HE,1
555,2022-07-15,3,5+0,Germany,DEU,Nordrhein-Westfalen,DE-NW,2
555,2022-07-15,3,5+0,Germany,DEU,Schleswig-Holstein,DE-SH,1
555,2022-07-15,3,5+0,Finland,FIN,,,1
555,2022-07-15,3,5+0,Lithuania,LTU,,,1
555,2022-07-15,3,5+0,Norway,NOR,,,1
555,2022-07-15,3,5+0,Slovenia,SVN,,,1
555,2022-07-15,3,5+0,Czechia,CZE,,,1
556,2022-07-19,2,5+1,Germany,DEU,Baden-Württemberg,DE-BW,1
556,2022-07-19,2,5+1,Germany,DEU,Bayern,DE-BY,1
556,2022-07-19,2,5+1,Germany,DEU,Hamburg,DE-HH,1
556,2022-07-19,2,5+1,Germany,DEU,Hessen,DE-HE,1
556,2022-07-19,3,5+0,Germany,DEU,Bayern,DE-BY,1
556,2022-07-19,3,5+0,Germany,DEU,Hamburg,DE-HH,1
556,2022-07-19,3,5+0,Germany,DEU,Rheinland-Pfalz,DE-RP,1
556,2022-07-19,3,5+0,Denmark,DNK,,,1
556,2022-07-19,3,5+0,Finland,FIN,,,3
556,2022-07-19,3,5+0,Netherlands,NLD,,,1
556,2022-07-19,3,5+0,Norway,NOR,,,1
557,2022-07-22,1,5+2,Denmark,DNK,,,1
557,2022-07-22,2,5+1,Germany,DEU,Baden-Württemberg,DE-BW,2
557,2022-07-22,2,5+1,Germany,DEU,Bayern,DE-BY,1
557,2022-07-22,2,5+1,Germany,DEU,Berlin,DE-BE,1
557,2022-07-22,2,5+1,Germany,DEU,Nordrhein-Westfalen,DE-NW,1
557,2022-07-22,2,5+1,Germany,DEU,Rheinland-Pfalz,DE-RP,1
557,2022-07-22,2,5+1,Norway,NOR,,,1
557,2022-07-22,2,5+1,Hungary,HUN,,,1
557,2022-07-22,3,5+0,Germany,DEU,Baden-Württemberg,DE-BW,2
557,2022-07-22,3,5+0,Germany,DEU,Bayern,DE-BY,2
557,2022-07-22,3,5+0,Germany,DEU,Hessen,DE-HE,1
557,2022-07-22,3,5+0,Germany,DEU,Mecklenburg-Vorpommern,DE-MV,1
557,2022-07-22,3,5+0,Germany,DEU,Niedersachsen,DE-NI,2
557,2022-07-22,3,5+0,Germany,DEU,Nordrhein-Westfalen,DE-NW,1
557,2022-07-22,3,5+0,Germany,DEU,Rheinland-Pfalz,DE-RP,1
557,2022-07-22,3,5+0,Germany,DEU,Saarland,DE-SL,1
557,2022-07-22,3,5+0,Germany,DEU,Sachsen-Anhalt,DE-ST,1
557,2022-07-22,3,5+0,Denmark,DNK,,,3
557,2022-07-22,3,5+0,Italy,ITA,,,1
557,2022-07-22,3,5+0,Sweden,SWE,,,1
557,2022-07-22,3,5+0,Hungary,HUN,,,1
558,2022-07-26,2,5+1,Germany,DEU,Baden-Württemberg,DE-BW,1
558,2022-07-26,2,5+1,Germany,DEU,Niedersachsen,DE-NI,3
558,2022-07-26,2,5+1,Italy,ITA,,,1
558,2022-07-26,3,5+0,Germany,DEU,Mecklenburg-Vorpommern,DE-MV,1
558,2022-07-26,3,5+0,Germany,DEU,Niedersachsen,DE-NI,1
558,2022-07-26,3,5+0,Germany,DEU,Nordrhein-Westfalen,DE-NW,1
559,2022-07-29,2,5+1,Denmark,DNK,,,1
559,2022-07-29,2,5+1,Croatia,HRV,,,1
559,2022-07-29,3,5+0,Germany,DEU,Mecklenburg-Vorpommern,DE-MV,1
559,2022-07-29,3,5+0,Germany,DEU,Nordrhein-Westfalen,DE-NW,1
559,2022-07-29,3,5+0,Germany,DEU,Sachsen-Anhalt,DE-ST,1
559,2022-07-29,3,5+0,Finland,FIN,,,2
559,2022-07-29,3,5+0,Sweden,SWE,,,1
559,2022-07-29,3,5+0,Slovenia,SVN,,,1
560,2022-08-02,2,5+1,Germany,DEU,Baden-Württemberg,DE-BW,1
560,2022-08-02,2,5+1,Spain,ESP,,,1
560,2022-08-02,3,5+0,Germany,DEU,Baden-Württemberg,DE-BW,1
560,2022-08-02,3,5+0,Finland,FIN,,,1
560,2022-08-02,3,5+0,Poland,POL,,,1
560,2022-08-02,3,5+0,Sweden,SWE,,,1
560,2022-08-02,3,5+0,Slovakia,SVK,,,1
561,2022-08-05,2,5+1,Germany,DEU,Bayern,DE-BY,1
561,2022-08-05,2,5+1,Germany,DEU,Rheinland-Pfalz,DE-RP,1
561,2022-08-05,2,5+1,Finland,FIN,,,1
561,2022-08-05,2,5+1,Italy,ITA,,,1
561,2022-08-05,2,5+1,Poland,POL,,,3
561,2022-08-05,3,5+0,Germany,DEU,Bayern,DE-BY,1
561,2022-08-05,3,5+0,Germany,DEU,Berlin,DE-BE,1
561,2022-08-05,3,5+0,Germany,DEU,Niedersachsen,DE-NI,1
561,2022-08-05,3,5+0,Denmark,DNK,,,1
561,2022-08-05,3,5+0,Italy,ITA,,,1
561,2022-08-05,3,5+0,Poland,POL,,,5
561,2022-08-05,3,5+0,Sweden,SWE,,,1
562,2022-08-09,2,5+1,Germany,DEU,Saarland,DE-SL,1
562,2022-08-09,3,5+0,Denmark,DNK,,,1
562,2022-08-09,3,5+0,Finland,FIN,,,1
563,2022-08-12,1,5+2,Poland,POL,,,1
563,2022-08-12,2,5+1,Germany,DEU,Bayern,DE-BY,1
563,2022-08-12,2,5+1,Germany,DEU,Rheinland-Pfalz,DE-RP,1
563,2022-08-12,2,5+1,Germany,DEU,Saarland,DE-SL,1
563,2022-08-12,2,5+1,Finland,FIN,,,1
563,2022-08-12,3,5+0,Germany,DEU,Bayern,DE-BY,1
563,2022-08-12,3,5+0,Germany,DEU,Hessen,DE-HE,1
563,2022-08-12,3,5+0,Germany,DEU,Schleswig-Holstein,DE-SH,1
563,2022-08-12,3,5+0,Sweden,SWE,,,1
563,2022-08-12,3,5+0,Czechia,CZE,,,1
564,2022-08-16,2,5+1,Germany,DEU,Nordrhein-Westfalen,DE-NW,1
564,2022-08-16,3,5+0,Germany,DEU,Hessen,DE-HE,1
564,2022-08-16,3,5+0,Germany,DEU,Niedersachsen,DE-NI,1
564,2022-08-16,3,5+0,Germany,DEU,Nordrhein-Westfalen,DE-NW,2
564,2022-08-16,3,5+0,Sweden,SWE,,,1
565,2022-08-19,1,5+2,Denmark,DNK,,,1
565,2022-08-19,2,5+1,Germany,DEU,Baden-Württemberg,DE-BW,1
565,2022-08-19,2,5+1,Germany,DEU,Bayern,DE-BY,1
565,2022-08-19,2,5+1,Germany,DEU,Berlin,DE-BE,1
565,2022-08-19,2,5+1,Germany,DEU,Nordrhein-Westfalen,DE-NW,1
565,2022-08-19,3,5+0,Germany,DEU,Berlin,DE-BE,1
565,2022-08-19,3,5+0,Germany,DEU,Sachsen,DE-SN,1
565,2022-08-19,3,5+0,Norway,NOR,,,2
565,2022-08-19,3,5+0,Spain,ESP,,,1
565,2022-08-19,3,5+0,Hungary,HUN,,,1
566,2022-08-23,2,5+1,Denmark,DNK,,,1
566,2022-08-23,2,5+1,Poland,POL,,,1
566,2022-08-23,2,5+1,Sweden,SWE,,,1
566,2022-08-23,2,5+1,Slovenia,SVN,,,1
566,2022-08-23,3,5+0,Germany,DEU,Baden-Württemberg,DE-BW,1
566,2022-08-23,3,5+0,Germany,DEU,Bayern,DE-BY,1
567,2022-08-26,2,5+1,Germany,DEU,Niedersachsen,DE-NI,1
567,2022-08-26,2,5+1,Germany,DEU,Nordrhein-Westfalen,DE-NW,1
567,2022-08-26,2,5+1,Finland,FIN,,,1
567,2022-08-26,2,5+1,Norway,NOR,,,1
567,2022-08-26,3,5+0,Germany,DEU,Baden-Württemberg,DE-BW,1
567,2022-08-26,3,5+0,Germany,DEU,Bayern,DE-BY,3
567,2022-08-26,3,5+0,Germany,DEU,Mecklenburg-Vorpommern,DE-MV,1
567,2022-08-26,3,5+0,Germany,DEU,Niedersachsen,DE-NI,1
567,2022-08-26,3,5+0,Germany,DEU,Nordrhein-Westfalen,DE-NW,2
567,2022-08-26,3,5+0,Germany,DEU,Thüringen,DE-TH,1
567,2022-08-26,3,5+0,Finland,FIN,,,1
567,2022-08-26,3,5+0,Croatia,HRV,,,1
567,2022-08-26,3,5+0,Spain,ESP,,,2
567,2022-08-26,3,5+0,Czechia,CZE,,,1
568,2022-08-30,1,5+2,Germany,DEU,Hessen,DE-HE,1
568,2022-08-30,2,5+1,Denmark,DNK,,,1
568,2022-08-30,3,5+0,Germany,DEU,Bayern,DE-BY,1
568,2022-08-30,3,5+0,Germany,DEU,Hessen,DE-HE,1
568,2022-08-30,3,5+0,Poland,POL,,,3
568,2022-08-30,3,5+0,Spain,ESP,,,1
569,2022-09-02,2,5+1,Germany,DEU,Bayern,DE-BY,1
569,2022-09-02,2,5+1,Germany,DEU,Hessen,DE-HE,1
569,2022-09-02,2,5+1,Germany,DEU,Nordrhein-Westfalen,DE-NW,1
569,2022-09-02,2,5+1,Sweden,SWE,,,1
569,2022-09-02,2,5+1,Hungary,HUN,,,1
569,2022-09-02,3,5+0,Germany,DEU,Bayern,DE-BY,1
569,2022-09-02,3,5+0,Germany,DEU,Hamburg,DE-HH,1
569,2022-09-02,3,5+0,Germany,DEU,Niedersachsen,DE-NI,1
569,2022-09-02,3,5+0,Germany,DEU,Nordrhein-Westfalen,DE-NW,4
569,2022-09-02,3,5+0,Denmark,DNK,,,1
569,2022-09-02,3,5+0,Finland,FIN,,,1
569,2022-09-02,3,5+0,Italy,ITA,,,1
569,2022-09-02,3,5+0,Netherlands,NLD,,,2
569,2022-09-02,3,5+0,Norway,NOR,,,2
569,2022-09-02,3,5+0,Sweden,SWE,,,1
569,2022-09-02,3,5+0,Slovakia,SVK,,,1
570,2022-09-06,2,5+1,Germany,DEU,Bayern,DE-BY,1
570,2022-09-06,2,5+1,Slovenia,SVN,,,1
570,2022-09-06,3,5+0,Czechia,CZE,,,1
571,2022-09-09,1,5+2,Spain,ESP,,,1
571,2022-09-09,2,5+1,Sweden,SWE,,,1
571,2022-09-09,2,5+1,Czechia,CZE,,,1
571,2022-09-09,3,5+0,Germany,DEU,Nordrhein-Westfalen,DE-NW,1
571,2022-09-09,3,5+0,Germany,DEU,Rheinland-Pfalz,DE-RP,1
571,2022-09-09,3,5+0,Finland,FIN,,,1
572,2022-09-13,2,5+1,Germany,DEU,Hessen,DE-HE,1
572,2022-09-13,3,5+0,Germany,DEU,Bayern,DE-BY,1
573,2022-09-16,2,5+1,Norway,NOR,,,1
573,2022-09-16,3,5+0,Germany,DEU,Berlin,DE-BE,1
573,2022-09-16,3,5+0,Germany,DEU,Bremen,DE-HB,1
573,2022-09-16,3,5+0,Germany,DEU,Nordrhein-Westfalen,DE-NW,1
573,2022-09-16,3,5+0,Italy,ITA,,,1
573,2022-09-16,3,5+0,Netherlands,NLD,,,1
573,2022-09-16,3,5+0,Sweden,SWE,,,1
574,2022-09-20,3,5+0,Germany,DEU,Nordrhein-Westfalen,DE-NW,1
574,2022-09-20,3,5+0,Netherlands,NLD,,,1
574,2022-09-20,3,5+0,Norway,NOR,,,1
574,2022-09-20,3,5+0,Sweden,SWE,,,1
575,2022-09-23,2,5+1,Denmark,DNK,,,1
575,2022-09-23,2,5+1,Spain,ESP,,,1
575,2022-09-23,3,5+0,Netherlands,NLD,,,1
575,2022-09-23,3,5+0,Norway,NOR,,,1
575,2022-09-23,3,5+0,Sweden,SWE,,,1
576,2022-09-27,2,5+1,Slovakia,SVK,,,1
576,2022-09-27,3,5+0,Italy,ITA,,,1
576,2022-09-27,3,5+0,Croatia,HRV,,,1
576,2022-09-27,3,5+0,Sweden,SWE,,,1
576,2022-09-27,3,5+0,Slovakia,SVK,,,1
577,2022-09-30,2,5+1,Germany,DEU,Hessen,DE-HE,1
577,2022-09-30,2,5+1,Germany,DEU,Rheinland-Pfalz,DE-RP,1
577,2022-09-30,3,5+0,Germany,DEU,Saarland,DE-SL,1
577,2022-09-30,3,5+0,Finland,FIN,,,1
578,2022-10-04,2,5+1,Spain,ESP,,,2
578,2022-10-04,3,5+0,Germany,DEU,Baden-Württemberg,DE-BW,1
578,2022-10-04,3,5+0,Germany,DEU,Nordrhein-Westfalen,DE-NW,1
578,2022-10-04,3,5+0,Slovakia,SVK,,,1
578,2022-10-04,3,5+0,Spain,ESP,,,1
579,2022-10-07,3,5+0,Denmark,DNK,,,1
580,2022-10-11,2,5+1,Germany,DEU,Nordrhein-Westfalen,DE-NW,1
580,2022-10-11,2,5+1,Germany,DEU,Schleswig-Holstein,DE-SH,1
580,2022-10-11,2,5+1,Finland,FIN,,,1
580,2022-10-11,3,5+0,Germany,DEU,Baden-Württemberg,DE-BW,2
580,2022-10-11,3,5+0,Finland,FIN,,,1
581,2022-10-14,2,5+1,Germany,DEU,Bayern,DE-BY,1
581,2022-10-14,2,5+1,Denmark,DNK,,,1
581,2022-10-14,2,5+1,Spain,ESP,,,2
581,2022-10-14,3,5+0,Germany,DEU,Baden-Württemberg,DE-BW,1
581,2022-10-14,3,5+0,Germany,DEU,Bayern,DE-BY,1
581,2022-10-14,3,5+0,Germany,DEU,Niedersachsen,DE-NI,1
581,2022-10-14,3,5+0,Germany,DEU,Nordrhein-Westfalen,DE-NW,2
581,2022-10-14,3,5+0,Finland,FIN,,,1
581,2022-10-14,3,5+0,Croatia,HRV,,,1
581,2022-10-14,3,5+0,Norway,NOR,,,1
581,2022-10-14,3,5+0,Poland,POL,,,1
581,2022-10-14,3,5+0,Spain,ESP,,,2
581,2022-10-14,3,5+0,Czechia,CZE,,,1
582,2022-10-18,2,5+1,Germany,DEU,Berlin,DE-BE,1
582,2022-10-18,3,5+0,Germany,DEU,Nordrhein-Westfalen,DE-NW,1
582,2022-10-18,3,5+0,Germany,DEU,Schleswig-Holstein,DE-SH,1
583,2022-10-21,2,5+1,Germany,DEU,Bayern,DE-BY,1
583,2022-10-21,2,5+1,Germany,DEU,Hessen,DE-HE,1
583,2022-10-21,2,5+1,Netherlands,NLD,,,1
583,2022-10-21,2,5+1,Poland,POL,,,1
583,2022-10-21,3,5+0,Germany,DEU,Niedersachsen,DE-NI,1
583,2022-10-21,3,5+0,Germany,DEU,Nordrhein-Westfalen,DE-NW,1
583,2022-10-21,3,5+0,Finland,FIN,,,1
583,2022-10-21,3,5+0,Croatia,HRV,,,1
583,2022-10-21,3,5+0,Sweden,SWE,,,1
583,2022-10-21,3,5+0,Slovakia,SVK,,,1
584,2022-10-25,2,5+1,Germany,DEU,Bayern,DE-BY,1
584,2022-10-25,2,5+1,Denmark,DNK,,,1
584,2022-10-25,2,5+1,Poland,POL,,,1
584,2022-10-25,3,5+0,Germany,DEU,Bayern,DE-BY,1
584,2022-10-25,3,5+0,Germany,DEU,Hessen,DE-HE,1
584,2022-10-25,3,5+0,Norway,NOR,,,1
584,2022-10-25,3,5+0,Poland,POL,,,2
585,2022-10-28,2,5+1,Germany,DEU,Rheinland-Pfalz,DE-RP,1
585,2022-10-28,2,5+1,Finland,FIN,,,1
585,2022-10-28,2,5+1,Poland,POL,,,1
585,2022-10-28,3,5+0,Germany,DEU,Baden-Württemberg,DE-BW,1
585,2022-10-28,3,5+0,Germany,DEU,Bayern,DE-BY,2
585,2022-10-28,3,5+0,Germany,DEU,Brandenburg,DE-BB,1
585,2022-10-28,3,5+0,Germany,DEU,Nordrhein-Westfalen,DE-NW,1
585,2022-10-28,3,5+0,Germany,DEU,Sachsen,DE-SN,1
585,2022-10-28,3,5+0,Germany,DEU,Thüringen,DE-TH,1
585,2022-10-28,3,5+0,Finland,FIN,,,1
585,2022-10-28,3,5+0,Slovakia,SVK,,,1
585,2022-10-28,3,5+0,Hungary,HUN,,,1
586,2022-11-01,2,5+1,Germany,DEU,Bayern,DE-BY,1
586,2022-11-01,2,5+1,Sweden,SWE,,,1
586,2022-11-01,3,5+0,Germany,DEU,Nordrhein-Westfalen,DE-NW,2
586,2022-11-01,3,5+0,Denmark,DNK,,,1
586,2022-11-01,3,5+0,Norway,NOR,,,1
586,2022-11-01,3,5+0,Spain,ESP,,,1
587,2022-11-04,2,5+1,Germany,DEU,Hessen,DE-HE,1
587,2022-11-04,2,5+1,Germany,DEU,Nordrhein-Westfalen,DE-NW,1
587,2022-11-04,2,5+1,Germany,DEU,Rheinland-Pfalz,DE-RP,1
587,2022-11-04,2,5+1,Germany,DEU,Schleswig-Holstein,DE-SH,1
587,2022-11-04,2,5+1,Poland,POL,,,1
587,2022-11-04,3,5+0,Germany,DEU,Baden-Württemberg,DE-BW,1
587,2022-11-04,3,5+0,Germany,DEU,Berlin,DE-BE,1
587,2022-11-04,3,5+0,Germany,DEU,Niedersachsen,DE-NI,1
587,2022-11-04,3,5+0,Germany,DEU,Nordrhein-Westfalen,DE-NW,1
587,2022-11-04,3,5+0,Finland,FIN,,,1
587,2022-11-04,3,5+0,Sweden,SWE,,,2
587,2022-11-04,3,5+0,Slovakia,SVK,,,1
588,2022-11-08,1,5+2,Germany,DEU,Berlin,DE-BE,1
588,2022-11-08,2,5+1,Germany,DEU,Baden-Württemberg,DE-BW,4
588,2022-11-08,2,5+1,Germany,DEU,Bayern,DE-BY,3
588,2022-11-08,2,5+1,Germany,DEU,Berlin,DE-BE,3
588,2022-11-08,2,5+1,Germany,DEU,Hessen,DE-HE,2
588,2022-11-08,2,5+1,Germany,DEU,Nordrhein-Westfalen,DE-NW,1
588,2022-11-08,2,5+1,Germany,DEU,Rheinland-Pfalz,DE-RP,1
588,2022-11-08,2,5+1,Denmark,DNK,,,1
588,2022-11-08,2,5+1,Poland,POL,,,1
588,2022-11-08,2,5+1,Hungary,HUN,,,1
588,2022-11-08,3,5+0,Germany,DEU,Baden-Württemberg,DE-BW,4
588,2022-11-08,3,5+0,Germany,DEU,Bayern,DE-BY,5
588,2022-11-08,3,5+0,Germany,DEU,Berlin,DE-BE,3
588,2022-11-08,3,5+0,Germany,DEU,Brandenburg,DE-BB,1
588,2022-11-08,3,5+0,Germany,DEU,Hessen,DE-HE,5
588,2022-11-08,3,5+0,Germany,DEU,Niedersachsen,DE-NI,1
588,2022-11-08,3,5+0,Germany,DEU,Nordrhein-Westfalen,DE-NW,1
588,2022-11-08,3,5+0,Germany,DEU,Rheinland-Pfalz,DE-RP,4
588,2022-11-08,3,5+0,Germany,DEU,Saarland,DE-SL,2
588,2022-11-08,3,5+0,Germany,DEU,Sachsen,DE-SN,2
588,2022-11-08,3,5+0,Germany,DEU,Thüringen,DE-TH,1
588,2022-11-08,3,5+0,Finland,FIN,,,1
588,2022-11-08,3,5+0,Croatia,HRV,,,1
588,2022-11-08,3,5+0,Netherlands,NLD,,,2
589,2022-11-11,2,5+1,Germany,DEU,Nordrhein-Westfalen,DE-NW,3
589,2022-11-11,2,5+1,Denmark,DNK,,,1
589,2022-11-11,2,5+1,Netherlands,NLD,,,1
589,2022-11-11,3,5+0,Germany,DEU,Bayern,DE-BY,1
589,2022-11-11,3,5+0,Germany,DEU,Nordrhein-Westfalen,DE-NW,1
589,2022-11-11,3,5+0,Germany,DEU,Sachsen-Anhalt,DE-ST,1
590,2022-11-15,2,5+1,Germany,DEU,Baden-Württemberg,DE-BW,1
590,2022-11-15,2,5+1,Norway,NOR,,,1
590,2022-11-15,3,5+0,Germany,DEU,Baden-Württemberg,DE-BW,1
590,2022-11-15,3,5+0,Croatia,HRV,,,1
590,2022-11-15,3,5+0,Norway,NOR,,,1
591,2022-11-18,2,5+1,Germany,DEU,Nordrhein-Westfalen,DE-NW,1
591,2022-11-18,3,5+0,Germany,DEU,Hessen,DE-HE,1
591,2022-11-18,3,5+0,Germany,DEU,Nordrhein-Westfalen,DE-NW,1
591,2022-11-18,3,5+0,Germany,DEU,Thüringen,DE-TH,1
591,2022-11-18,3,5+0,Denmark,DNK,,,3
591,2022-11-18,3,5+0,Finland,FIN,,,1
592,2022-11-22,2,5+1,Finland,FIN,,,1
592,2022-11-22,3,5+0,Germany,DEU,Berlin,DE-BE,1
592,2022-11-22,3,5+0,Germany,DEU,Niedersachsen,DE-NI,2
592,2022-11-22,3,5+0,Germany,DEU,Nordrhein-Westfalen,DE-NW,1
592,2022-11-22,3,5+0,Estonia,EST,,,2
592,2022-11-22,3,5+0,Italy,ITA,,,1
592,2022-11-22,3,5+0,Spain,ESP,,,1
593,2022-11-25,2,5+1,Sweden,SWE,,,1
593,2022-11-25,2,5+1,Slovakia,SVK,,,1
593,2022-11-25,3,5+0,Germany,DEU,Baden-Württemberg,DE-BW,1
593,2022-11-25,3,5+0,Germany,DEU,Bayern,DE-BY,1
593,2022-11-25,3,5+0,Germany,DEU,Niedersachsen,DE-NI,1
593,2022-11-25,3,5+0,Germany,DEU,Thüringen,DE-TH,1
593,2022-11-25,3,5+0,Denmark,DNK,,,1
593,2022-11-25,3,5+0,Finland,FIN,,,2
593,2022-11-25,3,5+0,Spain,ESP,,,1
594,2022-11-29,3,5+0,Germany,DEU,Baden-Württemberg,DE-BW,1
594,2022-11-29,3,5+0,Germany,DEU,Hessen,DE-HE,1
594,2022-11-29,3,5+0,Germany,DEU,Nordrhein-Westfalen,DE-NW,1
594,2022-11-29,3,5+0,Germany,DEU,Thüringen,DE-TH,1
594,2022-11-29,3,5+0,Finland,FIN,,,2
594,2022-11-29,3,5+0,Sweden,SWE,,,3
595,2022-12-02,2,5+1,Germany,DEU,Berlin,DE-BE,1
595,2022-12-02,3,5+0,Germany,DEU,Baden-Württemberg,DE-BW,1
595,2022-12-02,3,5+0,Germany,DEU,Brandenburg,DE-BB,1
595,2022-12-02,3,5+0,Germany,DEU,Hessen,DE-HE,2
595,2022-12-02,3,5+0,Germany,DEU,Nordrhein-Westfalen,DE-NW,1
595,2022-12-02,3,5+0,Finland,FIN,,,1
595,2022-12-02,3,5+0,Poland,POL,,,3
595,2022-12-02,3,5+0,Spain,ESP,,,1
596,2022-12-06,2,5+1,Germany,DEU,Baden-Württemberg,DE-BW,1
596,2022-12-06,2,5+1,Denmark,DNK,,,1
596,2022-12-06,3,5+0,Germany,DEU,Bayern,DE-BY,1
596,2022-12-06,3,5+0,Germany,DEU,Brandenburg,DE-BB,1
596,2022-12-06,3,5+0,Norway,NOR,,,2
597,2022-12-09,1,5+2,Hungary,HUN,,,1
597,2022-12-09,2,5+1,Finland,FIN,,,1
597,2022-12-09,2,5+1,Hungary,HUN,,,2
597,2022-12-09,3,5+0,Germany,DEU,Bayern,DE-BY,1
597,2022-12-09,3,5+0,Germany,DEU,Berlin,DE-BE,1
597,2022-12-09,3,5+0,Germany,DEU,Niedersachsen,DE-NI,1
597,2022-12-09,3,5+0,Germany,DEU,Nordrhein-Westfalen,DE-NW,1
597,2022-12-09,3,5+0,Finland,FIN,,,1
597,2022-12-09,3,5+0,Slovakia,SVK,,,1
598,2022-12-13,2,5+1,Germany,DEU,Bayern,DE-BY,1
598,2022-12-13,2,5+1,Germany,DEU,Berlin,DE-BE,1
598,2022-12-13,2,5+1,Germany,DEU,Hamburg,DE-HH,1
598,2022-12-13,2,5+1,Germany,DEU,Nordrhein-Westfalen,DE-NW,1
598,2022-12-13,2,5+1,Spain,ESP,,,1
598,2022-12-13,3,5+0,Germany,DEU,Hessen,DE-HE,1
598,2022-12-13,3,5+0,Germany,DEU,Nordrhein-Westfalen,DE-NW,1
598,2022-12-13,3,5+0,Norway,NOR,,,1
598,2022-12-13,3,5+0,Poland,POL,,,1
599,2022-12-16,3,5+0,Germany,DEU,Mecklenburg-Vorpommern,DE-MV,1
599,2022-12-16,3,5+0,Slovenia,SVN,,,1
599,2022-12-16,3,5+0,Hungary,HUN,,,1
600,2022-12-20,1,5+2,Italy,ITA,,,1
600,2022-12-20,2,5+1,Germany,DEU,Baden-Württemberg,DE-BW,1
600,2022-12-20,2,5+1,Germany,DEU,Bayern,DE-BY,1
600,2022-12-20,2,5+1,Germany,DEU,Mecklenburg-Vorpommern,DE-MV,2
600,2022-12-20,2,5+1,Germany,DEU,Sachsen,DE-SN,1
600,2022-12-20,2,5+1,Netherlands,NLD,,,1
600,2022-12-20,3,5+0,Germany,DEU,Bayern,DE-BY,1
600,2022-12-20,3,5+0,Germany,DEU,Mecklenburg-Vorpommern,DE-MV,2
600,2022-12-20,3,5+0,Germany,DEU,Nordrhein-Westfalen,DE-NW,1
600,2022-12-20,3,5+0,Spain,ESP,,,1
601,2022-12-23,2,5+1,Finland,FIN,,,1
601,2022-12-23,2,5+1,Poland,POL,,,1
601,2022-12-23,3,5+0,Germany,DEU,Baden-Württemberg,DE-BW,1
601,2022-12-23,3,5+0,Germany,DEU,Rheinland-Pfalz,DE-RP,1
602,2022-12-27,2,5+1,Germany,DEU,Nordrhein-Westfalen,DE-NW,1
602,2022-12-27,3,5+0,Germany,DEU,Niedersachsen,DE-NI,1
602,2022-12-27,3,5+0,Czechia,CZE,,,1
603,2022-12-30,3,5+0,Germany,DEU,Bremen,DE-HB,1
603,2022-12-30,3,5+0,Germany,DEU,Sachsen-Anhalt,DE-ST,1
604,2023-01-03,2,5+1,Germany,DEU,Bayern,DE-BY,1
604,2023-01-03,2,5+1,Norway,NOR,,,1
604,2023-01-03,3,5+0,Germany,DEU,Bremen,DE-HB,1
604,2023-01-03,3,5+0,Germany,DEU,Nordrhein-Westfalen,DE-NW,2
604,2023-01-03,3,5+0,Denmark,DNK,,,1
604,2023-01-03,3,5+0,Italy,ITA,,,1
604,2023-01-03,3,5+0,Poland,POL,,,1
605,2023-01-06,2,5+1,Sweden,SWE,,,1
605,2023-01-06,2,5+1,Hungary,HUN,,,1
605,2023-01-06,3,5+0,Germany,DEU,Brandenburg,DE-BB,1
605,2023-01-06,3,5+0,Germany,DEU,Mecklenburg-Vorpommern,DE-MV,1
605,2023-01-06,3,5+0,Germany,DEU,Rheinland-Pfalz,DE-RP,1
605,2023-01-06,3,5+0,Finland,FIN,,,1
605,2023-01-06,3,5+0,Norway,NOR,,,2
605,2023-01-06,3,5+0,Hungary,HUN,,,1
606,2023-01-10,2,5+1,Germany,DEU,Niedersachsen,DE-NI,1
606,2023-01-10,2,5+1,Netherlands,NLD,,,1
606,2023-01-10,2,5+1,Czechia,CZE,,,1
606,2023-01-10,3,5+0,Germany,DEU,Nordrhein-Westfalen,DE-NW,1
606,2023-01-10,3,5+0,Spain,ESP,,,1
606,2023-01-10,3,5+0,Hungary,HUN,,,1
607,2023-01-13,2,5+1,Germany,DEU,Berlin,DE-BE,1
607,2023-01-13,2,5+1,Finland,FIN,,,1
607,2023-01-13,2,5+1,Spain,ESP,,,1
607,2023-01-13,3,5+0,Germany,DEU,Bayern,DE-BY,1
607,2023-01-13,3,5+0,Germany,DEU,Hessen,DE-HE,1
607,2023-01-13,3,5+0,Germany,DEU,Nordrhein-Westfalen,DE-NW,1
607,2023-01-13,3,5+0,Germany,DEU,Rheinland-Pfalz,DE-RP,2
607,2023-01-13,3,5+0,Germany,DEU,Sachsen,DE-SN,1
607,2023-01-13,3,5+0,Denmark,DNK,,,2
607,2023-01-13,3,5+0,Norway,NOR,,,2
607,2023-01-13,3,5+0,Sweden,SWE,,,1
608,2023-01-17,3,5+0,Netherlands,NLD,,,1
608,2023-01-17,3,5+0,Poland,POL,,,1
609,2023-01-20,2,5+1,Denmark,DNK,,,2
609,2023-01-20,2,5+1,Sweden,SWE,,,2
609,2023-01-20,3,5+0,Germany,DEU,Baden-Württemberg,DE-BW,2
609,2023-01-20,3,5+0,Germany,DEU,Hessen,DE-HE,1
609,2023-01-20,3,5+0,Germany,DEU,Nordrhein-Westfalen,DE-NW,1
609,2023-01-20,3,5+0,Denmark,DNK,,,1
610,2023-01-24,2,5+1,Germany,DEU,Bayern,DE-BY,1
610,2023-01-24,2,5+1,Denmark,DNK,,,1
610,2023-01-24,2,5+1,Norway,NOR,,,1
610,2023-01-24,3,5+0,Germany,DEU,Baden-Württemberg,DE-BW,1
610,2023-01-24,3,5+0,Germany,DEU,Berlin,DE-BE,1
610,2023-01-24,3,5+0,Germany,DEU,Niedersachsen,DE-NI,1
610,2023-01-24,3,5+0,Germany,DEU,Nordrhein-Westfalen,DE-NW,1
610,2023-01-24,3,5+0,Germany,DEU,Schleswig-Holstein,DE-SH,1
610,2023-01-24,3,5+0,Spain,ESP,,,1
611,2023-01-27,2,5+1,Germany,DEU,Hessen,DE-HE,1
611,2023-01-27,2,5+1,Germany,DEU,Niedersachsen,DE-NI,1
611,2023-01-27,2,5+1,Denmark,DNK,,,1
611,2023-01-27,2,5+1,Finland,FIN,,,1
611,2023-01-27,2,5+1,Norway,NOR,,,1
611,2023-01-27,2,5+1,Sweden,SWE,,,1
611,2023-01-27,3,5+0,Germany,DEU,Bayern,DE-BY,1
611,2023-01-27,3,5+0,Finland,FIN,,,2
611,2023-01-27,3,5+0,Italy,ITA,,,1
611,2023-01-27,3,5+0,Norway,NOR,,,3
611,2023-01-27,3,5+0,Slovakia,SVK,,,1
611,2023-01-27,3,5+0,Spain,ESP,,,1
612,2023-01-31,1,5+2,Germany,DEU,Bremen,DE-HB,1
612,2023-01-31,2,5+1,Germany,DEU,Baden-Württemberg,DE-BW,1
612,2023-01-31,2,5+1,Czechia,CZE,,,1
612,2023-01-31,2,5+1,Hungary,HUN,,,1
612,2023-01-31,3,5+0,Germany,DEU,Baden-Württemberg,DE-BW,2
612,2023-01-31,3,5+0,Germany,DEU,Bayern,DE-BY,3
612,2023-01-31,3,5+0,Germany,DEU,Nordrhein-Westfalen,DE-NW,1
612,2023-01-31,3,5+0,Norway,NOR,,,1
612,2023-01-31,3,5+0,Poland,POL,,,1
612,2023-01-31,3,5+0,Spain,ESP,,,1
613,2023-02-03,2,5+1,Germany,DEU,Niedersachsen,DE-NI,1
613,2023-02-03,3,5+0,Germany,DEU,Baden-Württemberg,DE-BW,1
613,2023-02-03,3,5+0,Germany,DEU,Bremen,DE-HB,1
613,2023-02-03,3,5+0,Germany,DEU,Mecklenburg-Vorpommern,DE-MV,1
613,2023-02-03,3,5+0,Germany,DEU,Niedersachsen,DE-NI,1
613,2023-02-03,3,5+0,Germany,DEU,Rheinland-Pfalz,DE-RP,1
613,2023-02-03,3,5+0,Germany,DEU,Thüringen,DE-TH,2
613,2023-02-03,3,5+0,Netherlands,NLD,,,1
613,2023-02-03,3,5+0,Sweden,SWE,,,1
613,2023-02-03,3,5+0,Slovakia,SVK,,,1
613,2023-02-03,3,5+0,Spain,ESP,,,1
614,2023-02-07,2,5+1,Germany,DEU,Bayern,DE-BY,1
614,2023-02-07,2,5+1,Denmark,DNK,,,1
614,2023-02-07,2,5+1,Norway,NOR,,,1
614,2023-02-07,3,5+0,Norway,NOR,,,1
614,2023-02-07,3,5+0,Slovakia,SVK,,,1
615,2023-02-10,2,5+1,Germany,DEU,Niedersachsen,DE-NI,1
615,2023-02-10,2,5+1,Sweden,SWE,,,1
615,2023-02-10,3,5+0,Germany,DEU,Nordrhein-Westfalen,DE-NW,1
615,2023-02-10,3,5+0,Denmark,DNK,,,1
616,2023-02-14,3,5+0,Germany,DEU,Baden-Württemberg,DE-BW,1
616,2023-02-14,3,5+0,Germany,DEU,Nordrhein-Westfalen,DE-NW,1
616,2023-02-14,3,5+0,Iceland,ISL,,,1
617,2023-02-17,1,5+2,Finland,FIN,,,1
617,2023-02-17,2,5+1,Germany,DEU,Hessen,DE-HE,1
617,2023-02-17,3,5+0,Germany,DEU,Bayern,DE-BY,1
617,2023-02-17,3,5+0,Germany,DEU,Niedersachsen,DE-NI,1
617,2023-02-17,3,5+0,Germany,DEU,Rheinland-Pfalz,DE-RP,1
617,2023-02-17,3,5+0,Norway,NOR,,,1
617,2023-02-17,3,5+0,Sweden,SWE,,,1
618,2023-02-21,1,5+2,Denmark,DNK,,,1
618,2023-02-21,2,5+1,Germany,DEU,Hessen,DE-HE,1
618,2023-02-21,2,5+1,Germany,DEU,Nordrhein-Westfalen,DE-NW,1
618,2023-02-21,2,5+1,Norway,NOR,,,1
618,2023-02-21,3,5+0,Germany,DEU,Hessen,DE-HE,1
618,2023-02-21,3,5+0,Germany,DEU,Thüringen,DE-TH,1
618,2023-02-21,3,5+0,Norway,NOR,,,1
618,2023-02-21,3,5+0,Spain,ESP,,,1
619,2023-02-24,2,5+1,Germany,DEU,Bayern,DE-BY,1
619,2023-02-24,2,5+1,Germany,DEU,Berlin,DE-BE,2
619,2023-02-24,2,5+1,Denmark,DNK,,,1
619,2023-02-24,2,5+1,Finland,FIN,,,1
619,2023-02-24,2,5+1,Norway,NOR,,,2
619,2023-02-24,2,5+1,Sweden,SWE,,,1
619,2023-02-24,3,5+0,Germany,DEU,Baden-Württemberg,DE-BW,2
619,2023-02-24,3,5+0,Germany,DEU,Bayern,DE-BY,2
619,2023-02-24,3,5+0,Germany,DEU,Niedersachsen,DE-NI,1
619,2023-02-24,3,5+0,Germany,DEU,Sachsen,DE-SN,1
619,2023-02-24,3,5+0,Germany,DEU,Sachsen-Anhalt,DE-ST,1
619,2023-02-24,3,5+0,Denmark,DNK,,,1
619,2023-02-24,3,5+0,Slovenia,SVN,,,1
620,2023-02-28,2,5+1,Spain,ESP,,,1
620,2023-02-28,3,5+0,Germany,DEU,Baden-Württemberg,DE-BW,1
620,2023-02-28,3,5+0,Sweden,SWE,,,1
621,2023-03-03,3,5+0,Sweden,SWE,,,1
621,2023-03-03,3,5+0,Spain,ESP,,,1
622,2023-03-07,2,5+1,Sweden,SWE,,,1
622,2023-03-07,3,5+0,Germany,DEU,Baden-Württemberg,DE-BW,1
622,2023-03-07,3,5+0,Norway,NOR,,,1
623,2023-03-10,2,5+1,Germany,DEU,Baden-Württemberg,DE-BW,1
623,2023-03-10,2,5+1,Germany,DEU,Hessen,DE-HE,2
623,2023-03-10,2,5+1,Germany,DEU,Niedersachsen,DE-NI,1
623,2023-03-10,2,5+1,Sweden,SWE,,,1
623,2023-03-10,2,5+1,Hungary,HUN,,,1
623,2023-03-10,3,5+0,Germany,DEU,Baden-Württemberg,DE-BW,2
623,2023-03-10,3,5+0,Germany,DEU,Bayern,DE-BY,1
623,2023-03-10,3,5+0,Germany,DEU,Berlin,DE-BE,1
623,2023-03-10,3,5+0,Germany,DEU,Rheinland-Pfalz,DE-RP,1
623,2023-03-10,3,5+0,Finland,FIN,,,1
623,2023-03-10,3,5+0,Hungary,HUN,,,1
624,2023-03-14,2,5+1,Germany,DEU,Nordrhein-Westfalen,DE-NW,1
624,2023-03-14,3,5+0,Germany,DEU,Nordrhein-Westfalen,DE-NW,1
624,2023-03-14,3,5+0,Denmark,DNK,,,1
624,2023-03-14,3,5+0,Netherlands,NLD,,,1
624,2023-03-14,3,5+0,Sweden,SWE,,,1
624,2023-03-14,3,5+0,Spain,ESP,,,1
625,2023-03-17,2,5+1,Germany,DEU,Hamburg,DE-HH,1
625,2023-03-17,2,5+1,Germany,DEU,Niedersachsen,DE-NI,1
625,2023-03-17,2,5+1,Croatia,HRV,,,1
625,2023-03-17,3,5+0,Germany,DEU,Baden-Württemberg,DE-BW,1
625,2023-03-17,3,5+0,Germany,DEU,Berlin,DE-BE,1
625,2023-03-17,3,5+0,Germany,DEU,Niedersachsen,DE-NI,1
625,2023-03-17,3,5+0,Germany,DEU,Sachsen,DE-SN,1
625,2023-03-17,3,5+0,Denmark,DNK,,,2
625,2023-03-17,3,5+0,Finland,FIN,,,2
625,2023-03-17,3,5+0,Italy,ITA,,,1
625,2023-03-17,3,5+0,Croatia,HRV,,,1
625,2023-03-17,3,5+0,Poland,POL,,,1
625,2023-03-17,3,5+0,Sweden,SWE,,,1
626,2023-03-21,3,5+0,Germany,DEU,Hessen,DE-HE,1
626,2023-03-21,3,5+0,Germany,DEU,Nordrhein-Westfalen,DE-NW,1
626,2023-03-21,3,5+0,Germany,DEU,Rheinland-Pfalz,DE-RP,1
626,2023-03-21,3,5+0,Germany,DEU,Saarland,DE-SL,1
626,2023-03-21,3,5+0,Slovakia,SVK,,,1
627,2023-03-24,2,5+1,Germany,DEU,Berlin,DE-BE,1
627,2023-03-24,2,5+1,Germany,DEU,Nordrhein-Westfalen,DE-NW,1
627,2023-03-24,2,5+1,Iceland,ISL,,,1
627,2023-03-24,2,5+1,Norway,NOR,,,1
627,2023-03-24,2,5+1,Slovakia,SVK,,,1
627,2023-03-24,3,5+0,Germany,DEU,Baden-Württemberg,DE-BW,1
627,2023-03-24,3,5+0,Germany,DEU,Hessen,DE-HE,3
627,2023-03-24,3,5+0,Germany,DEU,Niedersachsen,DE-NI,1
627,2023-03-24,3,5+0,Finland,FIN,,,1
627,2023-03-24,3,5+0,Netherlands,NLD,,,1
627,2023-03-24,3,5+0,Sweden,SWE,,,2
628,2023-03-28,1,5+2,Germany,DEU,Bayern,DE-BY,1
628,2023-03-28,3,5+0,Germany,DEU,Bayern,DE-BY,1
628,2023-03-28,3,5+0,Germany,DEU,Hessen,DE-HE,1
629,2023-03-31,1,5+2,Czechia,CZE,,,1
629,2023-03-31,2,5+1,Norway,NOR,,,1
629,2023-03-31,3,5+0,Germany,DEU,Nordrhein-Westfalen,DE-NW,3
629,2023-03-31,3,5+0,Germany,DEU,Sachsen,DE-SN,1
629,2023-03-31,3,5+0,Denmark,DNK,,,1
629,2023-03-31,3,5+0,Finland,FIN,,,1
630,2023-04-04,2,5+1,Germany,DEU,Bayern,DE-BY,1
630,2023-04-04,3,5+0,Germany,DEU,Baden-Württemberg,DE-BW,5
630,2023-04-04,3,5+0,Germany,DEU,Nordrhein-Westfalen,DE-NW,1
630,2023-04-04,3,5+0,Spain,ESP,,,1
631,2023-04-07,2,5+1,Germany,DEU,Baden-Württemberg,DE-BW,1
631,2023-04-07,2,5+1,Germany,DEU,Bayern,DE-BY,1
631,2023-04-07,2,5+1,Germany,DEU,Nordrhein-Westfalen,DE-NW,1
631,2023-04-07,3,5+0,Germany,DEU,Baden-Württemberg,DE-BW,2
631,2023-04-07,3,5+0,Germany,DEU,Hessen,DE-HE,1
631,2023-04-07,3,5+0,Germany,DEU,Nordrhein-Westfalen,DE-NW,1
631,2023-04-07,3,5+0,Denmark,DNK,,,1
631,2023-04-07,3,5+0,Estonia,EST,,,1
631,2023-04-07,3,5+0,Finland,FIN,,,1
631,2023-04-07,3,5+0,Sweden,SWE,,,2
632,2023-04-11,2,5+1,Germany,DEU,Berlin,DE-BE,1
632,2023-04-11,3,5+0,Germany,DEU,Baden-Württemberg,DE-BW,1
632,2023-04-11,3,5+0,Germany,DEU,Bayern,DE-BY,1
632,2023-04-11,3,5+0,Denmark,DNK,,,1
632,2023-04-11,3,5+0,Finland,FIN,,,1
633,2023-04-14,2,5+1,Germany,DEU,Nordrhein-Westfalen,DE-NW,2
633,2023-04-14,2,5+1,Germany,DEU,Schleswig-Holstein,DE-SH,1
633,2023-04-14,2,5+1,Croatia,HRV,,,1
633,2023-04-14,2,5+1,Norway,NOR,,,1
633,2023-04-14,3,5+0,Germany,DEU,Baden-Württemberg,DE-BW,1
633,2023-04-14,3,5+0,Germany,DEU,Bayern,DE-BY,1
633,2023-04-14,3,5+0,Germany,DEU,Niedersachsen,DE-NI,1
633,2023-04-14,3,5+0,Germany,DEU,Nordrhein-Westfalen,DE-NW,2
633,2023-04-14,3,5+0,Germany,DEU,Sachsen,DE-SN,1
633,2023-04-14,3,5+0,Denmark,DNK,,,1
633,2023-04-14,3,5+0,Finland,FIN,,,4
634,2023-04-18,2,5+1,Germany,DEU,Rheinland-Pfalz,DE-RP,1
634,2023-04-18,2,5+1,Germany,DEU,Thüringen,DE-TH,1
634,2023-04-18,3,5+0,Germany,DEU,Niedersachsen,DE-NI,1
634,2023-04-18,3,5+0,Finland,FIN,,,1
634,2023-04-18,3,5+0,Sweden,SWE,,,1
634,2023-04-18,3,5+0,Slovenia,SVN,,,1
634,2023-04-18,3,5+0,Spain,ESP,,,1
635,2023-04-21,2,5+1,Estonia,EST,,,1
635,2023-04-21,3,5+0,Germany,DEU,Brandenburg,DE-BB,1
635,2023-04-21,3,5+0,Italy,ITA,,,1
635,2023-04-21,3,5+0,Lithuania,LTU,,,1
635,2023-04-21,3,5+0,Poland,POL,,,1
635,2023-04-21,3,5+0,Hungary,HUN,,,1
636,2023-04-25,1,5+2,Germany,DEU,Nordrhein-Westfalen,DE-NW,1
636,2023-04-25,2,5+1,Germany,DEU,Brandenburg,DE-BB,1
636,2023-04-25,3,5+0,Germany,DEU,Niedersachsen,DE-NI,1
636,2023-04-25,3,5+0,Germany,DEU,Thüringen,DE-TH,1
636,2023-04-25,3,5+0,Finland,FIN,,,1
636,2023-04-25,3,5+0,Sweden,SWE,,,1
637,2023-04-28,2,5+1,Germany,DEU,Baden-Württemberg,DE-BW,1
637,2023-04-28,2,5+1,Germany,DEU,Nordrhein-Westfalen,DE-NW,1
637,2023-04-28,2,5+1,Spain,ESP,,,2
637,2023-04-28,2,5+1,Hungary,HUN,,,1
637,2023-04-28,3,5+0,Germany,DEU,Bayern,DE-BY,1
637,2023-04-28,3,5+0,Germany,DEU,Rheinland-Pfalz,DE-RP,1
637,2023-04-28,3,5+0,Germany,DEU,Saarland,DE-SL,1
637,2023-04-28,3,5+0,Hungary,HUN,,,1
638,2023-05-02,1,5+2,Poland,POL,,,1
638,2023-05-02,2,5+1,Denmark,DNK,,,1
638,2023-05-02,3,5+0,Germany,DEU,Berlin,DE-BE,1
638,2023-05-02,3,5+0,Germany,DEU,Thüringen,DE-TH,1
638,2023-05-02,3,5+0,Croatia,HRV,,,1
638,2023-05-02,3,5+0,Norway,NOR,,,2
638,2023-05-02,3,5+0,Sweden,SWE,,,1
638,2023-05-02,3,5+0,Slovakia,SVK,,,1
639,2023-05-05,2,5+1,Germany,DEU,Baden-Württemberg,DE-BW,1
639,2023-05-05,3,5+0,Germany,DEU,Bayern,DE-BY,1
639,2023-05-05,3,5+0,Germany,DEU,Hamburg,DE-HH,1
639,2023-05-05,3,5+0,Germany,DEU,Nordrhein-Westfalen,DE-NW,1
639,2023-05-05,3,5+0,Denmark,DNK,,,2
639,2023-05-05,3,5+0,Finland,FIN,,,1
639,2023-05-05,3,5+0,Poland,POL,,,1
639,2023-05-05,3,5+0,Sweden,SWE,,,4
640,2023-05-09,2,5+1,Denmark,DNK,,,1
640,2023-05-09,2,5+1,Hungary,HUN,,,1
640,2023-05-09,3,5+0,Germany,DEU,Baden-Württemberg,DE-BW,2
640,2023-05-09,3,5+0,Germany,DEU,Brandenburg,DE-BB,1
640,2023-05-09,3,5+0,Germany,DEU,Nordrhein-Westfalen,DE-NW,2
640,2023-05-09,3,5+0,Norway,NOR,,,1
640,2023-05-09,3,5+0,Poland,POL,,,1
640,2023-05-09,3,5+0,Czechia,CZE,,,1
640,2023-05-09,3,5+0,Hungary,HUN,,,1
641,2023-05-12,2,5+1,Germany,DEU,Nordrhein-Westfalen,DE-NW,2
641,2023-05-12,2,5+1,Denmark,DNK,,,2
641,2023-05-12,2,5+1,Norway,NOR,,,1
641,2023-05-12,3,5+0,Finland,FIN,,,2
641,2023-05-12,3,5+0,Czechia,CZE,,,1
642,2023-05-16,3,5+0,Germany,DEU,Nordrhein-Westfalen,DE-NW,1
642,2023-05-16,3,5+0,Denmark,DNK,,,2
642,2023-05-16,3,5+0,Spain,ESP,,,1
643,2023-05-19,2,5+1,Denmark,DNK,,,1
643,2023-05-19,2,5+1,Sweden,SWE,,,1
643,2023-05-19,2,5+1,Slovakia,SVK,,,1
643,2023-05-19,3,5+0,Germany,DEU,Bayern,DE-BY,1
643,2023-05-19,3,5+0,Germany,DEU,Berlin,DE-BE,1
643,2023-05-19,3,5+0,Germany,DEU,Brandenburg,DE-BB,1
643,2023-05-19,3,5+0,Germany,DEU,Hessen,DE-HE,2
643,2023-05-19,3,5+0,Germany,DEU,Niedersachsen,DE-NI,1
643,2023-05-19,3,5+0,Germany,DEU,Sachsen,DE-SN,1
643,2023-05-19,3,5+0,Denmark,DNK,,,1
643,2023-05-19,3,5+0,Poland,POL,,,1
643,2023-05-19,3,5+0,Czechia,CZE,,,1
644,2023-05-23,2,5+1,Norway,NOR,,,1
644,2023-05-23,3,5+0,Germany,DEU,Nordrhein-Westfalen,DE-NW,1
644,2023-05-23,3,5+0,Slovakia,SVK,,,1
645,2023-05-26,2,5+1,Germany,DEU,Baden-Württemberg,DE-BW,1
645,2023-05-26,2,5+1,Denmark,DNK,,,2
645,2023-05-26,2,5+1,Norway,NOR,,,1
645,2023-05-26,3,5+0,Germany,DEU,Berlin,DE-BE,1
645,2023-05-26,3,5+0,Germany,DEU,Hamburg,DE-HH,1
645,2023-05-26,3,5+0,Estonia,EST,,,1
645,2023-05-26,3,5+0,Finland,FIN,,,1
645,2023-05-26,3,5+0,Netherlands,NLD,,,1
645,2023-05-26,3,5+0,Czechia,CZE,,,1
646,2023-05-30,2,5+1,Germany,DEU,Berlin,DE-BE,1
646,2023-05-30,2,5+1,Germany,DEU,Hessen,DE-HE,1
646,2023-05-30,2,5+1,Finland,FIN,,,1
646,2023-05-30,3,5+0,Germany,DEU,Niedersachsen,DE-NI,1
646,2023-05-30,3,5+0,Germany,DEU,Nordrhein-Westfalen,DE-NW,1
646,2023-05-30,3,5+0,Denmark,DNK,,,1
646,2023-05-30,3,5+0,Sweden,SWE,,,1
646,2023-05-30,3,5+0,Spain,ESP,,,1
647,2023-06-02,2,5+1,Germany,DEU,Baden-Württemberg,DE-BW,1
647,2023-06-02,2,5+1,Germany,DEU,Niedersachsen,DE-NI,1
647,2023-06-02,2,5+1,Germany,DEU,Schleswig-Holstein,DE-SH,1
647,2023-06-02,2,5+1,Finland,FIN,,,1
647,2023-06-02,2,5+1,Hungary,HUN,,,1
647,2023-06-02,3,5+0,Germany,DEU,Bayern,DE-BY,3
647,2023-06-02,3,5+0,Germany,DEU,Berlin,DE-BE,2
647,2023-06-02,3,5+0,Germany,DEU,Niedersachsen,DE-NI,1
647,2023-06-02,3,5+0,Germany,DEU,Nordrhein-Westfalen,DE-NW,2
647,2023-06-02,3,5+0,Denmark,DNK,,,3
647,2023-06-02,3,5+0,Finland,FIN,,,1
647,2023-06-02,3,5+0,Poland,POL,,,1
648,2023-06-06,2,5+1,Germany,DEU,Sachsen,DE-SN,1
648,2023-06-06,2,5+1,Estonia,EST,,,1
648,2023-06-06,2,5+1,Poland,POL,,,1
648,2023-06-06,2,5+1,Sweden,SWE,,,1
648,2023-06-06,3,5+0,Germany,DEU,Nordrhein-Westfalen,DE-NW,1
648,2023-06-06,3,5+0,Finland,FIN,,,1
648,2023-06-06,3,5+0,Poland,POL,,,1
648,2023-06-06,3,5+0,Spain,ESP,,,1
649,2023-06-09,2,5+1,Germany,DEU,Baden-Württemberg,DE-BW,3
649,2023-06-09,2,5+1,Germany,DEU,Bayern,DE-BY,1
649,2023-06-09,2,5+1,Germany,DEU,Rheinland-Pfalz,DE-RP,1
649,2023-06-09,2,5+1,Germany,DEU,Saarland,DE-SL,1
649,2023-06-09,2,5+1,Germany,DEU,Sachsen,DE-SN,1
649,2023-06-09,2,5+1,Germany,DEU,Schleswig-Holstein,DE-SH,1
649,2023-06-09,2,5+1,Germany,DEU,Thüringen,DE-TH,1
649,2023-06-09,2,5+1,Finland,FIN,,,2
649,2023-06-09,2,5+1,Italy,ITA,,,1
649,2023-06-09,2,5+1,Croatia,HRV,,,1
649,2023-06-09,2,5+1,Norway,NOR,,,1
649,2023-06-09,2,5+1,Sweden,SWE,,,1
649,2023-06-09,2,5+1,Slovakia,SVK,,,1
649,2023-06-09,2,5+1,Slovenia,SVN,,,1
649,2023-06-09,3,5+0,Germany,DEU,Baden-Württemberg,DE-BW,1
649,2023-06-09,3,5+0,Germany,DEU,Hamburg,DE-HH,1
649,2023-06-09,3,5+0,Germany,DEU,Niedersachsen,DE-NI,2
649,2023-06-09,3,5+0,Germany,DEU,Nordrhein-Westfalen,DE-NW,2
649,2023-06-09,3,5+0,Germany,DEU,Rheinland-Pfalz,DE-RP,2
649,2023-06-09,3,5+0,Germany,DEU,Saarland,DE-SL,1
649,2023-06-09,3,5+0,Germany,DEU,Sachsen,DE-SN,2
649,2023-06-09,3,5+0,Germany,DEU,Thüringen,DE-TH,1
649,2023-06-09,3,5+0,Finland,FIN,,,3
649,2023-06-09,3,5+0,Italy,ITA,,,1
649,2023-06-09,3,5+0,Croatia,HRV,,,1
649,2023-06-09,3,5+0,Netherlands,NLD,,,1
649,2023-06-09,3,5+0,Poland,POL,,,1
650,2023-06-13,2,5+1,Germany,DEU,Bayern,DE-BY,1
650,2023-06-13,2,5+1,Germany,DEU,Niedersachsen,DE-NI,1
650,2023-06-13,2,5+1,Germany,DEU,Thüringen,DE-TH,2
650,2023-06-13,2,5+1,Norway,NOR,,,1
650,2023-06-13,3,5+0,Germany,DEU,Nordrhein-Westfalen,DE-NW,1
650,2023-06-13,3,5+0,Germany,DEU,Schleswig-Holstein,DE-SH,2
650,2023-06-13,3,5+0,Germany,DEU,Thüringen,DE-TH,1
650,2023-06-13,3,5+0,Finland,FIN,,,1
651,2023-06-16,2,5+1,Germany,DEU,Nordrhein-Westfalen,DE-NW,2
651,2023-06-16,2,5+1,Poland,POL,,,2
651,2023-06-16,3,5+0,Germany,DEU,Baden-Württemberg,DE-BW,1
651,2023-06-16,3,5+0,Germany,DEU,Hessen,DE-HE,2
651,2023-06-16,3,5+0,Germany,DEU,Nordrhein-Westfalen,DE-NW,3
651,2023-06-16,3,5+0,Germany,DEU,Thüringen,DE-TH,1
651,2023-06-16,3,5+0,Denmark,DNK,,,1
651,2023-06-16,3,5+0,Netherlands,NLD,,,1
651,2023-06-16,3,5+0,Poland,POL,,,1
651,2023-06-16,3,5+0,Hungary,HUN,,,1
652,2023-06-20,2,5+1,Germany,DEU,Niedersachsen,DE-NI,1
652,2023-06-20,2,5+1,Poland,POL,,,1
652,2023-06-20,2,5+1,Sweden,SWE,,,1
652,2023-06-20,3,5+0,Germany,DEU,Berlin,DE-BE,2
652,2023-06-20,3,5+0,Germany,DEU,Hessen,DE-HE,1
652,2023-06-20,3,5+0,Germany,DEU,Mecklenburg-Vorpommern,DE-MV,1
652,2023-06-20,3,5+0,Germany,DEU,Sachsen-Anhalt,DE-ST,1
652,2023-06-20,3,5+0,Denmark,DNK,,,1
652,2023-06-20,3,5+0,Finland,FIN,,,1
652,2023-06-20,3,5+0,Norway,NOR,,,2
652,2023-06-20,3,5+0,Spain,ESP,,,1
652,2023-06-20,3,5+0,Hungary,HUN,,,1
653,2023-06-23,1,5+2,Germany,DEU,Schleswig-Holstein,DE-SH,1
653,2023-06-23,2,5+1,Germany,DEU,Baden-Württemberg,DE-BW,2
653,2023-06-23,2,5+1,Germany,DEU,Hamburg,DE-HH,1
653,2023-06-23,2,5+1,Germany,DEU,Hessen,DE-HE,1
653,2023-06-23,2,5+1,Germany,DEU,Niedersachsen,DE-NI,1
653,2023-06-23,2,5+1,Germany,DEU,Nordrhein-Westfalen,DE-NW,3
653,2023-06-23,2,5+1,Lithuania,LTU,,,1
653,2023-06-23,2,5+1,Spain,ESP,,,1
653,2023-06-23,2,5+1,Czechia,CZE,,,1
653,2023-06-23,3,5+0,Germany,DEU,Baden-Württemberg,DE-BW,1
653,2023-06-23,3,5+0,Germany,DEU,Bayern,DE-BY,2
653,2023-06-23,3,5+0,Germany,DEU,Brandenburg,DE-BB,1
653,2023-06-23,3,5+0,Germany,DEU,Hessen,DE-HE,1
653,2023-06-23,3,5+0,Germany,DEU,Nordrhein-Westfalen,DE-NW,2
653,2023-06-23,3,5+0,Denmark,DNK,,,1
653,2023-06-23,3,5+0,Lithuania,LTU,,,1
653,2023-06-23,3,5+0,Spain,ESP,,,1
653,2023-06-23,3,5+0,Czechia,CZE,,,1
654,2023-06-27,3,5+0,Germany,DEU,Hessen,DE-HE,1
654,2023-06-27,3,5+0,Norway,NOR,,,1
654,2023-06-27,3,5+0,Sweden,SWE,,,1
655,2023-06-30,2,5+1,Denmark,DNK,,,1
655,2023-06-30,2,5+1,Italy,ITA,,,1
655,2023-06-30,3,5+0,Denmark,DNK,,,1
655,2023-06-30,3,5+0,Finland,FIN,,,1
656,2023-07-04,2,5+1,Germany,DEU,Hessen,DE-HE,1
656,2023-07-04,2,5+1,Norway,NOR,,,1
656,2023-07-04,2,5+1,Poland,POL,,,1
656,2023-07-04,3,5+0,Germany,DEU,Baden-Württemberg,DE-BW,2
656,2023-07-04,3,5+0,Germany,DEU,Niedersachsen,DE-NI,2
656,2023-07-04,3,5+0,Finland,FIN,,,1
656,2023-07-04,3,5+0,Norway,NOR,,,1
657,2023-07-07,2,5+1,Germany,DEU,Bayern,DE-BY,1
657,2023-07-07,2,5+1,Germany,DEU,Brandenburg,DE-BB,1
657,2023-07-07,2,5+1,Netherlands,NLD,,,1
657,2023-07-07,3,5+0,Germany,DEU,Bayern,DE-BY,1
657,2023-07-07,3,5+0,Germany,DEU,Berlin,DE-BE,1
657,2023-07-07,3,5+0,Germany,DEU,Hessen,DE-HE,1
657,2023-07-07,3,5+0,Germany,DEU,Niedersachsen,DE-NI,1
657,2023-07-07,3,5+0,Germany,DEU,Nordrhein-Westfalen,DE-NW,1
657,2023-07-07,3,5+0,Denmark,DNK,,,1
657,2023-07-07,3,5+0,Finland,FIN,,,1
657,2023-07-07,3,5+0,Norway,NOR,,,1
657,2023-07-07,3,5+0,Poland,POL,,,1
658,2023-07-11,2,5+1,Finland,FIN,,,1
658,2023-07-11,3,5+0,Germany,DEU,Niedersachsen,DE-NI,1
658,2023-07-11,3,5+0,Germany,DEU,Sachsen-Anhalt,DE-ST,1
659,2023-07-14,2,5+1,Germany,DEU,Baden-Württemberg,DE-BW,1
659,2023-07-14,2,5+1,Germany,DEU,Schleswig-Holstein,DE-SH,1
659,2023-07-14,2,5+1,Denmark,DNK,,,1
659,2023-07-14,3,5+0,Germany,DEU,Baden-Württemberg,DE-BW,1
659,2023-07-14,3,5+0,Germany,DEU,Nordrhein-Westfalen,DE-NW,2
659,2023-07-14,3,5+0,Sweden,SWE,,,1
660,2023-07-18,2,5+1,Germany,DEU,Baden-Württemberg,DE-BW,1
660,2023-07-18,2,5+1,Poland,POL,,,1
660,2023-07-18,3,5+0,Germany,DEU,Brandenburg,DE-BB,1
660,2023-07-18,3,5+0,Poland,POL,,,2
661,2023-07-21,2,5+1,Germany,DEU,Niedersachsen,DE-NI,1
661,2023-07-21,2,5+1,Germany,DEU,Rheinland-Pfalz,DE-RP,1
661,2023-07-21,2,5+1,Czechia,CZE,,,1
661,2023-07-21,3,5+0,Germany,DEU,Baden-Württemberg,DE-BW,1
661,2023-07-21,3,5+0,Germany,DEU,Nordrhein-Westfalen,DE-NW,2
661,2023-07-21,3,5+0,Poland,POL,,,2
661,2023-07-21,3,5+0,Sweden,SWE,,,1
662,2023-07-25,2,5+1,Germany,DEU,Bayern,DE-BY,1
662,2023-07-25,2,5+1,Denmark,DNK,,,1
662,2023-07-25,2,5+1,Iceland,ISL,,,1
662,2023-07-25,2,5+1,Norway,NOR,,,1
662,2023-07-25,2,5+1,Slovakia,SVK,,,1
662,2023-07-25,3,5+0,Germany,DEU,Sachsen,DE-SN,1
662,2023-07-25,3,5+0,Denmark,DNK,,,1
662,2023-07-25,3,5+0,Estonia,EST,,,1
662,2023-07-25,3,5+0,Finland,FIN,,,2
662,2023-07-25,3,5+0,Norway,NOR,,,1
662,2023-07-25,3,5+0,Poland,POL,,,1
662,2023-07-25,3,5+0,Sweden,SWE,,,1
662,2023-07-25,3,5+0,Spain,ESP,,,1
663,2023-07-28,2,5+1,Germany,DEU,Hessen,DE-HE,1
663,2023-07-28,2,5+1,Finland,FIN,,,1
663,2023-07-28,3,5+0,Germany,DEU,Baden-Württemberg,DE-BW,4
663,2023-07-28,3,5+0,Germany,DEU,Berlin,DE-BE,1
663,2023-07-28,3,5+0,Germany,DEU,Hessen,DE-HE,1
663,2023-07-28,3,5+0,Germany,DEU,Nordrhein-Westfalen,DE-NW,1
663,2023-07-28,3,5+0,Germany,DEU,Rheinland-Pfalz,DE-RP,1
663,2023-07-28,3,5+0,Germany,DEU,Sachsen,DE-SN,2
663,2023-07-28,3,5+0,Finland,FIN,,,4
663,2023-07-28,3,5+0,Netherlands,NLD,,,2
663,2023-07-28,3,5+0,Norway,NOR,,,1
663,2023-07-28,3,5+0,Sweden,SWE,,,1
663,2023-07-28,3,5+0,Czechia,CZE,,,1
664,2023-08-01,2,5+1,Germany,DEU,Hessen,DE-HE,1
664,2023-08-01,2,5+1,Germany,DEU,Mecklenburg-Vorpommern,DE-MV,2
664,2023-08-01,2,5+1,Denmark,DNK,,,1
664,2023-08-01,2,5+1,Finland,FIN,,,1
664,2023-08-01,2,5+1,Spain,ESP,,,1
664,2023-08-01,3,5+0,Germany,DEU,Bayern,DE-BY,2
664,2023-08-01,3,5+0,Germany,DEU,Niedersachsen,DE-NI,1
664,2023-08-01,3,5+0,Germany,DEU,Nordrhein-Westfalen,DE-NW,1
664,2023-08-01,3,5+0,Denmark,DNK,,,1
664,2023-08-01,3,5+0,Finland,FIN,,,1
664,2023-08-01,3,5+0,Czechia,CZE,,,1
665,2023-08-04,1,5+2,Germany,DEU,Hamburg,DE-HH,1
665,2023-08-04,2,5+1,Germany,DEU,Baden-Württemberg,DE-BW,2
665,2023-08-04,2,5+1,Germany,DEU,Bayern,DE-BY,1
665,2023-08-04,2,5+1,Germany,DEU,Niedersachsen,DE-NI,1
665,2023-08-04,2,5+1,Germany,DEU,Nordrhein-Westfalen,DE-NW,2
665,2023-08-04,2,5+1,Germany,DEU,Rheinland-Pfalz,DE-RP,1
665,2023-08-04,2,5+1,Denmark,DNK,,,1
665,2023-08-04,2,5+1,Czechia,CZE,,,1
665,2023-08-04,3,5+0,Germany,DEU,Baden-Württemberg,DE-BW,1
665,2023-08-04,3,5+0,Germany,DEU,Bayern,DE-BY,2
665,2023-08-04,3,5+0,Germany,DEU,Hamburg,DE-HH,1
665,2023-08-04,3,5+0,Germany,DEU,Hessen,DE-HE,1
665,2023-08-04,3,5+0,Germany,DEU,Niedersachsen,DE-NI,5
665,2023-08-04,3,5+0,Germany,DEU,Nordrhein-Westfalen,DE-NW,2
665,2023-08-04,3,5+0,Germany,DEU,Sachsen,DE-SN,2
665,2023-08-04,3,5+0,Germany,DEU,Schleswig-Holstein,DE-SH,1
665,2023-08-04,3,5+0,Finland,FIN,,,4
665,2023-08-04,3,5+0,Netherlands,NLD,,,4
665,2023-08-04,3,5+0,Spain,ESP,,,2
666,2023-08-08,1,5+2,Germany,DEU,Sachsen-Anhalt,DE-ST,1
666,2023-08-08,2,5+1,Germany,DEU,Bayern,DE-BY,1
666,2023-08-08,2,5+1,Norway,NOR,,,1
666,2023-08-08,3,5+0,Germany,DEU,Nordrhein-Westfalen,DE-NW,2
666,2023-08-08,3,5+0,Germany,DEU,Rheinland-Pfalz,DE-RP,1
666,2023-08-08,3,5+0,Finland,FIN,,,2
666,2023-08-08,3,5+0,Italy,ITA,,,1
666,2023-08-08,3,5+0,Croatia,HRV,,,1
666,2023-08-08,3,5+0,Slovakia,SVK,,,1
667,2023-08-11,3,5+0,Germany,DEU,Nordrhein-Westfalen,DE-NW,1
667,2023-08-11,3,5+0,Germany,DEU,Schleswig-Holstein,DE-SH,1
668,2023-08-15,1,5+2,Germany,DEU,Niedersachsen,DE-NI,1
668,2023-08-15,2,5+1,Denmark,DNK,,,1
668,2023-08-15,3,5+0,Germany,DEU,Bayern,DE-BY,2
668,2023-08-15,3,5+0,Germany,DEU,Nordrhein-Westfalen,DE-NW,1
668,2023-08-15,3,5+0,Norway,NOR,,,1
668,2023-08-15,3,5+0,Sweden,SWE,,,1
669,2023-08-18,1,5+2,Germany,DEU,Bayern,DE-BY,1
669,2023-08-18,2,5+1,Germany,DEU,Bayern,DE-BY,1
669,2023-08-18,2,5+1,Germany,DEU,Mecklenburg-Vorpommern,DE-MV,1
669,2023-08-18,2,5+1,Germany,DEU,Schleswig-Holstein,DE-SH,1
669,2023-08-18,2,5+1,Finland,FIN,,,1
669,2023-08-18,2,5+1,Croatia,HRV,,,1
669,2023-08-18,2,5+1,Poland,POL,,,2
669,2023-08-18,2,5+1,Spain,ESP,,,1
669,2023-08-18,3,5+0,Germany,DEU,Baden-Württemberg,DE-BW,1
669,2023-08-18,3,5+0,Germany,DEU,Berlin,DE-BE,1
669,2023-08-18,3,5+0,Germany,DEU,Brandenburg,DE-BB,1
669,2023-08-18,3,5+0,Germany,DEU,Mecklenburg-Vorpommern,DE-MV,1
669,2023-08-18,3,5+0,Germany,DEU,Niedersachsen,DE-NI,1
669,2023-08-18,3,5+0,Croatia,HRV,,,2
669,2023-08-18,3,5+0,Norway,NOR,,,2
669,2023-08-18,3,5+0,Poland,POL,,,1
669,2023-08-18,3,5+0,Sweden,SWE,,,1
669,2023-08-18,3,5+0,Slovenia,SVN,,,1
670,2023-08-22,2,5+1,Germany,DEU,Bayern,DE-BY,1
670,2023-08-22,2,5+1,Denmark,DNK,,,1
670,2023-08-22,2,5+1,Finland,FIN,,,1
670,2023-08-22,3,5+0,Denmark,DNK,,,1
670,2023-08-22,3,5+0,Finland,FIN,,,1
671,2023-08-25,2,5+1,Norway,NOR,,,2
671,2023-08-25,2,5+1,Poland,POL,,,1
671,2023-08-25,2,5+1,Hungary,HUN,,,1
671,2023-08-25,3,5+0,Germany,DEU,Baden-Württemberg,DE-BW,1
671,2023-08-25,3,5+0,Germany,DEU,Nordrhein-Westfalen,DE-NW,1
671,2023-08-25,3,5+0,Germany,DEU,Rheinland-Pfalz,DE-RP,1
671,2023-08-25,3,5+0,Denmark,DNK,,,2
671,2023-08-25,3,5+0,Finland,FIN,,,1
671,2023-08-25,3,5+0,Norway,NOR,,,1
671,2023-08-25,3,5+0,Slovakia,SVK,,,1
671,2023-08-25,3,5+0,Spain,ESP,,,1
671,2023-08-25,3,5+0,Hungary,HUN,,,1
672,2023-08-29,2,5+1,Germany,DEU,Baden-Württemberg,DE-BW,2
672,2023-08-29,3,5+0,Germany,DEU,Bayern,DE-BY,1
672,2023-08-29,3,5+0,Germany,DEU,Hamburg,DE-HH,1
672,2023-08-29,3,5+0,Netherlands,NLD,,,1
673,2023-09-01,2,5+1,Germany,DEU,Nordrhein-Westfalen,DE-NW,1
673,2023-09-01,2,5+1,Finland,FIN,,,1
673,2023-09-01,2,5+1,Latvia,LVA,,,1
673,2023-09-01,2,5+1,Slovakia,SVK,,,1
673,2023-09-01,3,5+0,Germany,DEU,Niedersachsen,DE-NI,1
673,2023-09-01,3,5+0,Poland,POL,,,1
673,2023-09-01,3,5+0,Spain,ESP,,,1
673,2023-09-01,3,5+0,Hungary,HUN,,,1
674,2023-09-05,2,5+1,Lithuania,LTU,,,1
674,2023-09-05,2,5+1,Poland,POL,,,1
674,2023-09-05,2,5+1,Spain,ESP,,,1
674,2023-09-05,3,5+0,Finland,FIN,,,1
674,2023-09-05,3,5+0,Italy,ITA,,,2
674,2023-09-05,3,5+0,Poland,POL,,,3
675,2023-09-08,2,5+1,Germany,DEU,Nordrhein-Westfalen,DE-NW,1
675,2023-09-08,2,5+1,Germany,DEU,Sachsen,DE-SN,1
675,2023-09-08,2,5+1,Finland,FIN,,,1
675,2023-09-08,3,5+0,Germany,DEU,Berlin,DE-BE,1
675,2023-09-08,3,5+0,Germany,DEU,Nordrhein-Westfalen,DE-NW,1
675,2023-09-08,3,5+0,Denmark,DNK,,,1
675,2023-09-08,3,5+0,Italy,ITA,,,1
675,2023-09-08,3,5+0,Poland,POL,,,1
676,2023-09-12,2,5+1,Denmark,DNK,,,1
676,2023-09-12,2,5+1,Finland,FIN,,,1
676,2023-09-12,3,5+0,Germany,DEU,Nordrhein-Westfalen,DE-NW,1
676,2023-09-12,3,5+0,Poland,POL,,,1
677,2023-09-15,2,5+1,Germany,DEU,Bayern,DE-BY,1
677,2023-09-15,2,5+1,Germany,DEU,Brandenburg,DE-BB,1
677,2023-09-15,2,5+1,Germany,DEU,Niedersachsen,DE-NI,1
677,2023-09-15,2,5+1,Germany,DEU,Nordrhein-Westfalen,DE-NW,1
677,2023-09-15,2,5+1,Finland,FIN,,,1
677,2023-09-15,3,5+0,Germany,DEU,Berlin,DE-BE,1
677,2023-09-15,3,5+0,Germany,DEU,Nordrhein-Westfalen,DE-NW,1
677,2023-09-15,3,5+0,Poland,POL,,,1
677,2023-09-15,3,5+0,Sweden,SWE,,,1
678,2023-09-19,1,5+2,Germany,DEU,Nordrhein-Westfalen,DE-NW,1
678,2023-09-19,2,5+1,Germany,DEU,Bayern,DE-BY,1
678,2023-09-19,2,5+1,Germany,DEU,Hamburg,DE-HH,1
678,2023-09-19,2,5+1,Germany,DEU,Nordrhein-Westfalen,DE-NW,14
678,2023-09-19,2,5+1,Denmark,DNK,,,1
678,2023-09-19,2,5+1,Netherlands,NLD,,,1
678,2023-09-19,3,5+0,Germany,DEU,Baden-Württemberg,DE-BW,1
678,2023-09-19,3,5+0,Germany,DEU,Bayern,DE-BY,1
678,2023-09-19,3,5+0,Germany,DEU,Mecklenburg-Vorpommern,DE-MV,1
678,2023-09-19,3,5+0,Italy,ITA,,,1
679,2023-09-22,2,5+1,Germany,DEU,Nordrhein-Westfalen,DE-NW,1
679,2023-09-22,3,5+0,Germany,DEU,Berlin,DE-BE,1
679,2023-09-22,3,5+0,Germany,DEU,Nordrhein-Westfalen,DE-NW,1
679,2023-09-22,3,5+0,Finland,FIN,,,1
679,2023-09-22,3,5+0,Norway,NOR,,,1
679,2023-09-22,3,5+0,Poland,POL,,,1
680,2023-09-26,3,5+0,Germany,DEU,Sachsen,DE-SN,2
680,2023-09-26,3,5+0,Germany,DEU,Schleswig-Holstein,DE-SH,1
680,2023-09-26,3,5+0,Denmark,DNK,,,1
680,2023-09-26,3,5+0,Norway,NOR,,,1
680,2023-09-26,3,5+0,Slovenia,SVN,,,1
680,2023-09-26,3,5+0,Spain,ESP,,,1
681,2023-09-29,2,5+1,Germany,DEU,Bayern,DE-BY,1
681,2023-09-29,2,5+1,Norway,NOR,,,1
681,2023-09-29,2,5+1,Spain,ESP,,,1
681,2023-09-29,3,5+0,Germany,DEU,Hessen,DE-HE,3
681,2023-09-29,3,5+0,Denmark,DNK,,,2
681,2023-09-29,3,5+0,Finland,FIN,,,1
681,2023-09-29,3,5+0,Norway,NOR,,,1
682,2023-10-03,2,5+1,Germany,DEU,Hessen,DE-HE,1
682,2023-10-03,2,5+1,Germany,DEU,Nordrhein-Westfalen,DE-NW,1
682,2023-10-03,2,5+1,Italy,ITA,,,1
682,2023-10-03,3,5+0,Germany,DEU,Baden-Württemberg,DE-BW,1
682,2023-10-03,3,5+0,Lithuania,LTU,,,1
682,2023-10-03,3,5+0,Spain,ESP,,,1
683,2023-10-06,2,5+1,Germany,DEU,Nordrhein-Westfalen,DE-NW,1
683,2023-10-06,2,5+1,Spain,ESP,,,1
683,2023-10-06,3,5+0,Germany,DEU,Bayern,DE-BY,1
683,2023-10-06,3,5+0,Denmark,DNK,,,1
683,2023-10-06,3,5+0,Netherlands,NLD,,,1
683,2023-10-06,3,5+0,Czechia,CZE,,,1
684,2023-10-10,2,5+1,Germany,DEU,Nordrhein-Westfalen,DE-NW,1
684,2023-10-10,3,5+0,Germany,DEU,Baden-Württemberg,DE-BW,1
684,2023-10-10,3,5+0,Germany,DEU,Hessen,DE-HE,1
684,2023-10-10,3,5+0,Germany,DEU,Nordrhein-Westfalen,DE-NW,1
684,2023-10-10,3,5+0,Croatia,HRV,,,1
684,2023-10-10,3,5+0,Sweden,SWE,,,1
684,2023-10-10,3,5+0,Slovenia,SVN,,,1
684,2023-10-10,3,5+0,Spain,ESP,,,1
685,2023-10-13,1,5+2,Germany,DEU,Baden-Württemberg,DE-BW,1
685,2023-10-13,2,5+1,Germany,DEU,Bayern,DE-BY,1
685,2023-10-13,2,5+1,Germany,DEU,Niedersachsen,DE-NI,2
685,2023-10-13,2,5+1,Germany,DEU,Nordrhein-Westfalen,DE-NW,1
685,2023-10-13,2,5+1,Germany,DEU,Thüringen,DE-TH,1
685,2023-10-13,2,5+1,Denmark,DNK,,,1
685,2023-10-13,3,5+0,Germany,DEU,Bayern,DE-BY,2
685,2023-10-13,3,5+0,Germany,DEU,Berlin,DE-BE,1
685,2023-10-13,3,5+0,Germany,DEU,Hessen,DE-HE,1
685,2023-10-13,3,5+0,Germany,DEU,Mecklenburg-Vorpommern,DE-MV,1
685,2023-10-13,3,5+0,Germany,DEU,Rheinland-Pfalz,DE-RP,1
685,2023-10-13,3,5+0,Denmark,DNK,,,1
685,2023-10-13,3,5+0,Croatia,HRV,,,1
685,2023-10-13,3,5+0,Sweden,SWE,,,3
685,2023-10-13,3,5+0,Hungary,HUN,,,1
686,2023-10-17,2,5+1,Germany,DEU,Nordrhein-Westfalen,DE-NW,2
686,2023-10-17,2,5+1,Germany,DEU,Rheinland-Pfalz,DE-RP,1
686,2023-10-17,3,5+0,Germany,DEU,Niedersachsen,DE-NI,1
686,2023-10-17,3,5+0,Finland,FIN,,,1
687,2023-10-20,2,5+1,Germany,DEU,Bayern,DE-BY,2
687,2023-10-20,2,5+1,Germany,DEU,Berlin,DE-BE,1
687,2023-10-20,2,5+1,Germany,DEU,Hessen,DE-HE,2
687,2023-10-20,2,5+1,Germany,DEU,Nordrhein-Westfalen,DE-NW,1
687,2023-10-20,2,5+1,Poland,POL,,,1
687,2023-10-20,2,5+1,Sweden,SWE,,,1
687,2023-10-20,3,5+0,Germany,DEU,Brandenburg,DE-BB,1
687,2023-10-20,3,5+0,Germany,DEU,Nordrhein-Westfalen,DE-NW,3
687,2023-10-20,3,5+0,Denmark,DNK,,,1
687,2023-10-20,3,5+0,Lithuania,LTU,,,1
687,2023-10-20,3,5+0,Sweden,SWE,,,1
687,2023-10-20,3,5+0,Czechia,CZE,,,2
687,2023-10-20,3,5+0,Hungary,HUN,,,1
688,2023-10-24,2,5+1,Germany,DEU,Nordrhein-Westfalen,DE-NW,1
688,2023-10-24,2,5+1,Finland,FIN,,,1
688,2023-10-24,3,5+0,Germany,DEU,Hessen,DE-HE,1
689,2023-10-27,2,5+1,Denmark,DNK,,,1
689,2023-10-27,2,5+1,Norway,NOR,,,1
689,2023-10-27,3,5+0,Germany,DEU,Niedersachsen,DE-NI,1
689,2023-10-27,3,5+0,Netherlands,NLD,,,1
689,2023-10-27,3,5+0,Slovakia,SVK,,,1
690,2023-10-31,1,5+2,Germany,DEU,Nordrhein-Westfalen,DE-NW,1
690,2023-10-31,2,5+1,Germany,DEU,Baden-Württemberg,DE-BW,1
690,2023-10-31,2,5+1,Germany,DEU,Hessen,DE-HE,1
690,2023-10-31,2,5+1,Finland,FIN,,,1
690,2023-10-31,3,5+0,Germany,DEU,Berlin,DE-BE,1
690,2023-10-31,3,5+0,Germany,DEU,Hessen,DE-HE,1
690,2023-10-31,3,5+0,Italy,ITA,,,1
690,2023-10-31,3,5+0,Croatia,HRV,,,1
690,2023-10-31,3,5+0,Netherlands,NLD,,,1
690,2023-10-31,3,5+0,Sweden,SWE,,,1
690,2023-10-31,3,5+0,Hungary,HUN,,,2
691,2023-11-03,2,5+1,Germany,DEU,Baden-Württemberg,DE-BW,1
691,2023-11-03,2,5+1,Germany,DEU,Berlin,DE-BE,1
691,2023-11-03,2,5+1,Germany,DEU,Brandenburg,DE-BB,1
691,2023-11-03,2,5+1,Germany,DEU,Nordrhein-Westfalen,DE-NW,1
691,2023-11-03,2,5+1,Sweden,SWE,,,1
691,2023-11-03,3,5+0,Germany,DEU,Baden-Württemberg,DE-BW,1
691,2023-11-03,3,5+0,Germany,DEU,Nordrhein-Westfalen,DE-NW,2
691,2023-11-03,3,5+0,Germany,DEU,Sachsen-Anhalt,DE-ST,1
691,2023-11-03,3,5+0,Finland,FIN,,,2
691,2023-11-03,3,5+0,Norway,NOR,,,4
691,2023-11-03,3,5+0,Poland,POL,,,1
691,2023-11-03,3,5+0,Spain,ESP,,,1
692,2023-11-07,2,5+1,Poland,POL,,,1
692,2023-11-07,3,5+0,Estonia,EST,,,1
693,2023-11-10,2,5+1,Germany,DEU,Bayern,DE-BY,1
693,2023-11-10,2,5+1,Germany,DEU,Niedersachsen,DE-NI,2
693,2023-11-10,2,5+1,Finland,FIN,,,1
693,2023-11-10,2,5+1,Sweden,SWE,,,1
693,2023-11-10,2,5+1,Slovenia,SVN,,,1
693,2023-11-10,3,5+0,Germany,DEU,Baden-Württemberg,DE-BW,1
693,2023-11-10,3,5+0,Germany,DEU,Brandenburg,DE-BB,1
693,2023-11-10,3,5+0,Germany,DEU,Sachsen,DE-SN,1
693,2023-11-10,3,5+0,Germany,DEU,Sachsen-Anhalt,DE-ST,1
693,2023-11-10,3,5+0,Germany,DEU,Schleswig-Holstein,DE-SH,1
693,2023-11-10,3,5+0,Sweden,SWE,,,1
694,2023-11-14,2,5+1,Germany,DEU,Schleswig-Holstein,DE-SH,1
694,2023-11-14,3,5+0,Germany,DEU,Baden-Württemberg,DE-BW,1
694,2023-11-14,3,5+0,Norway,NOR,,,1
695,2023-11-17,1,5+2,Germany,DEU,Niedersachsen,DE-NI,1
695,2023-11-17,2,5+1,Germany,DEU,Rheinland-Pfalz,DE-RP,1
695,2023-11-17,2,5+1,Germany,DEU,Schleswig-Holstein,DE-SH,1
695,2023-11-17,2,5+1,Finland,FIN,,,2
695,2023-11-17,2,5+1,Poland,POL,,,1
695,2023-11-17,3,5+0,Germany,DEU,Baden-Württemberg,DE-BW,1
695,2023-11-17,3,5+0,Germany,DEU,Bayern,DE-BY,1
695,2023-11-17,3,5+0,Germany,DEU,Nordrhein-Westfalen,DE-NW,2
695,2023-11-17,3,5+0,Norway,NOR,,,1
695,2023-11-17,3,5+0,Poland,POL,,,1
696,2023-11-21,2,5+1,Germany,DEU,Sachsen-Anhalt,DE-ST,1
696,2023-11-21,3,5+0,Germany,DEU,Hessen,DE-HE,1
696,2023-11-21,3,5+0,Germany,DEU,Nordrhein-Westfalen,DE-NW,1
696,2023-11-21,3,5+0,Germany,DEU,Rheinland-Pfalz,DE-RP,1
696,2023-11-21,3,5+0,Finland,FIN,,,1
696,2023-11-21,3,5+0,Croatia,HRV,,,1
696,2023-11-21,3,5+0,Czechia,CZE,,,1
696,2023-11-21,3,5+0,Hungary,HUN,,,1
697,2023-11-24,2,5+1,Finland,FIN,,,1
697,2023-11-24,2,5+1,Norway,NOR,,,1
697,2023-11-24,2,5+1,Sweden,SWE,,,1
697,2023-11-24,2,5+1,Slovakia,SVK,,,1
697,2023-11-24,3,5+0,Germany,DEU,Niedersachsen,DE-NI,3
697,2023-11-24,3,5+0,Germany,DEU,Rheinland-Pfalz,DE-RP,2
697,2023-11-24,3,5+0,Germany,DEU,Sachsen,DE-SN,1
697,2023-11-24,3,5+0,Norway,NOR,,,3
697,2023-11-24,3,5+0,Slovakia,SVK,,,1
697,2023-11-24,3,5+0,Spain,ESP,,,1
698,2023-11-28,2,5+1,Germany,DEU,Niedersachsen,DE-NI,1
698,2023-11-28,2,5+1,Germany,DEU,Nordrhein-Westfalen,DE-NW,1
698,2023-11-28,2,5+1,Germany,DEU,Rheinland-Pfalz,DE-RP,1
698,2023-11-28,2,5+1,Denmark,DNK,,,1
698,2023-11-28,2,5+1,Spain,ESP,,,1
698,2023-11-28,3,5+0,Germany,DEU,Baden-Württemberg,DE-BW,1
698,2023-11-28,3,5+0,Germany,DEU,Bayern,DE-BY,1
698,2023-11-28,3,5+0,Germany,DEU,Schleswig-Holstein,DE-SH,1
698,2023-11-28,3,5+0,Slovenia,SVN,,,1
699,2023-12-01,2,5+1,Denmark,DNK,,,1
699,2023-12-01,3,5+0,Germany,DEU,Hessen,DE-HE,1
699,2023-12-01,3,5+0,Germany,DEU,Nordrhein-Westfalen,DE-NW,2
700,2023-12-05,2,5+1,Germany,DEU,Bayern,DE-BY,1
700,2023-12-05,2,5+1,Germany,DEU,Rheinland-Pfalz,DE-RP,1
700,2023-12-05,2,5+1,Germany,DEU,Sachsen,DE-SN,1
700,2023-12-05,2,5+1,Finland,FIN,,,1
700,2023-12-05,2,5+1,Netherlands,NLD,,,2
700,2023-12-05,2,5+1,Norway,NOR,,,1
700,2023-12-05,3,5+0,Germany,DEU,Nordrhein-Westfalen,DE-NW,1
700,2023-12-05,3,5+0,Finland,FIN,,,1
700,2023-12-05,3,5+0,Spain,ESP,,,1
701,2023-12-08,2,5+1,Germany,DEU,Nordrhein-Westfalen,DE-NW,1
701,2023-12-08,2,5+1,Netherlands,NLD,,,1
701,2023-12-08,2,5+1,Norway,NOR,,,1
701,2023-12-08,3,5+0,Germany,DEU,Baden-Württemberg,DE-BW,1
701,2023-12-08,3,5+0,Germany,DEU,Hessen,DE-HE,1
701,2023-12-08,3,5+0,Germany,DEU,Niedersachsen,DE-NI,2
701,2023-12-08,3,5+0,Germany,DEU,Nordrhein-Westfalen,DE-NW,1
701,2023-12-08,3,5+0,Finland,FIN,,,1
701,2023-12-08,3,5+0,Slovenia,SVN,,,1
702,2023-12-12,2,5+1,Germany,DEU,Baden-Württemberg,DE-BW,1
702,2023-12-12,2,5+1,Germany,DEU,Berlin,DE-BE,1
702,2023-12-12,2,5+1,Netherlands,NLD,,,1
702,2023-12-12,3,5+0,Germany,DEU,Nordrhein-Westfalen,DE-NW,1
702,2023-12-12,3,5+0,Italy,ITA,,,1
703,2023-12-15,2,5+1,Poland,POL,,,2
703,2023-12-15,3,5+0,Germany,DEU,Bayern,DE-BY,1
703,2023-12-15,3,5+0,Germany,DEU,Rheinland-Pfalz,DE-RP,1
703,2023-12-15,3,5+0,Denmark,DNK,,,2
703,2023-12-15,3,5+0,Netherlands,NLD,,,1
703,2023-12-15,3,5+0,Poland,POL,,,1
703,2023-12-15,3,5+0,Spain,ESP,,,2
704,2023-12-19,3,5+0,Germany,DEU,Bayern,DE-BY,1
704,2023-12-19,3,5+0,Germany,DEU,Saarland,DE-SL,1
704,2023-12-19,3,5+0,Finland,FIN,,,1
704,2023-12-19,3,5+0,Croatia,HRV,,,2
704,2023-12-19,3,5+0,Poland,POL,,,1
704,2023-12-19,3,5+0,Spain,ESP,,,1
705,2023-12-22,2,5+1,Germany,DEU,Hessen,DE-HE,1
705,2023-12-22,2,5+1,Spain,ESP,,,1
705,2023-12-22,3,5+0,Germany,DEU,Baden-Württemberg,DE-BW,1
705,2023-12-22,3,5+0,Germany,DEU,Berlin,DE-BE,1
705,2023-12-22,3,5+0,Germany,DEU,Hessen,DE-HE,2
705,2023-12-22,3,5+0,Germany,DEU,Niedersachsen,DE-NI,1
705,2023-12-22,3,5+0,Germany,DEU,Thüringen,DE-TH,1
705,2023-12-22,3,5+0,Estonia,EST,,,1
705,2023-12-22,3,5+0,Finland,FIN,,,1
705,2023-12-22,3,5+0,Norway,NOR,,,1
705,2023-12-22,3,5+0,Spain,ESP,,,1
706,2023-12-26,3,5+0,Germany,DEU,Niedersachsen,DE-NI,1
706,2023-12-26,3,5+0,Germany,DEU,Nordrhein-Westfalen,DE-NW,1
706,2023-12-26,3,5+0,Germany,DEU,Sachsen-Anhalt,DE-ST,1
706,2023-12-26,3,5+0,Finland,FIN,,,2
706,2023-12-26,3,5+0,Sweden,SWE,,,1
706,2023-12-26,3,5+0,Spain,ESP,,,1
707,2023-12-29,2,5+1,Germany,DEU,Bayern,DE-BY,1
707,2023-12-29,2,5+1,Germany,DEU,Hessen,DE-HE,1
707,2023-12-29,3,5+0,Germany,DEU,Hamburg,DE-HH,2
707,2023-12-29,3,5+0,Germany,DEU,Hessen,DE-HE,1
707,2023-12-29,3,5+0,Germany,DEU,Niedersachsen,DE-NI,1
707,2023-12-29,3,5+0,Germany,DEU,Nordrhein-Westfalen,DE-NW,1
707,2023-12-29,3,5+0,Denmark,DNK,,,1
707,2023-12-29,3,5+0,Norway,NOR,,,1
707,2023-12-29,3,5+0,Poland,POL,,,1
708,2024-01-02,2,5+1,Germany,DEU,Berlin,DE-BE,2
708,2024-01-02,2,5+1,Poland,POL,,,1
708,2024-01-02,3,5+0,Germany,DEU,Hessen,DE-HE,1
708,2024-01-02,3,5+0,Germany,DEU,Nordrhein-Westfalen,DE-NW,1
708,2024-01-02,3,5+0,Germany,DEU,Rheinland-Pfalz,DE-RP,1
708,2024-01-02,3,5+0,Germany,DEU,Sachsen,DE-SN,1
708,2024-01-02,3,5+0,Germany,DEU,Schleswig-Holstein,DE-SH,1
708,2024-01-02,3,5+0,Finland,FIN,,,1
708,2024-01-02,3,5+0,Spain,ESP,,,1
708,2024-01-02,3,5+0,Czechia,CZE,,,1
709,2024-01-05,2,5+1,Germany,DEU,Baden-Württemberg,DE-BW,1
709,2024-01-05,2,5+1,Germany,DEU,Bayern,DE-BY,3
709,2024-01-05,2,5+1,Germany,DEU,Berlin,DE-BE,1
709,2024-01-05,2,5+1,Germany,DEU,Hamburg,DE-HH,1
709,2024-01-05,2,5+1,Germany,DEU,Nordrhein-Westfalen,DE-NW,1
709,2024-01-05,2,5+1,Netherlands,NLD,,,1
709,2024-01-05,2,5+1,Spain,ESP,,,1
709,2024-01-05,3,5+0,Germany,DEU,Baden-Württemberg,DE-BW,3
709,2024-01-05,3,5+0,Germany,DEU,Bayern,DE-BY,1
709,2024-01-05,3,5+0,Germany,DEU,Hessen,DE-HE,2
709,2024-01-05,3,5+0,Germany,DEU,Nordrhein-Westfalen,DE-NW,1
709,2024-01-05,3,5+0,Germany,DEU,Rheinland-Pfalz,DE-RP,1
709,2024-01-05,3,5+0,Germany,DEU,Schleswig-Holstein,DE-SH,1
709,2024-01-05,3,5+0,Denmark,DNK,,,1
709,2024-01-05,3,5+0,Finland,FIN,,,1
709,2024-01-05,3,5+0,Italy,ITA,,,1
709,2024-01-05,3,5+0,Netherlands,NLD,,,1
709,2024-01-05,3,5+0,Norway,NOR,,,2
709,2024-01-05,3,5+0,Poland,POL,,,1
709,2024-01-05,3,5+0,Czechia,CZE,,,1
710,2024-01-09,2,5+1,Germany,DEU,Niedersachsen,DE-NI,1
710,2024-01-09,2,5+1,Germany,DEU,Nordrhein-Westfalen,DE-NW,1
710,2024-01-09,2,5+1,Denmark,DNK,,,1
710,2024-01-09,2,5+1,Finland,FIN,,,1
710,2024-01-09,3,5+0,Germany,DEU,Baden-Württemberg,DE-BW,1
710,2024-01-09,3,5+0,Germany,DEU,Bayern,DE-BY,7
710,2024-01-09,3,5+0,Germany,DEU,Brandenburg,DE-BB,1
710,2024-01-09,3,5+0,Germany,DEU,Niedersachsen,DE-NI,1
710,2024-01-09,3,5+0,Germany,DEU,Nordrhein-Westfalen,DE-NW,5
710,2024-01-09,3,5+0,Germany,DEU,Sachsen,DE-SN,1
710,2024-01-09,3,5+0,Denmark,DNK,,,3
710,2024-01-09,3,5+0,Netherlands,NLD,,,1
710,2024-01-09,3,5+0,Norway,NOR,,,1
711,2024-01-12,2,5+1,Germany,DEU,Hamburg,DE-HH,1
711,2024-01-12,2,5+1,Finland,FIN,,,1
711,2024-01-12,2,5+1,Netherlands,NLD,,,1
711,2024-01-12,2,5+1,Norway,NOR,,,1
711,2024-01-12,2,5+1,Spain,ESP,,,1
711,2024-01-12,3,5+0,Germany,DEU,Berlin,DE-BE,1
711,2024-01-12,3,5+0,Germany,DEU,Mecklenburg-Vorpommern,DE-MV,1
711,2024-01-12,3,5+0,Germany,DEU,Niedersachsen,DE-NI,1
711,2024-01-12,3,5+0,Germany,DEU,Nordrhein-Westfalen,DE-NW,2
711,2024-01-12,3,5+0,Germany,DEU,Schleswig-Holstein,DE-SH,1
711,2024-01-12,3,5+0,Sweden,SWE,,,2
712,2024-01-16,1,5+2,Norway,NOR,,,1
712,2024-01-16,2,5+1,Germany,DEU,Baden-Württemberg,DE-BW,2
712,2024-01-16,2,5+1,Germany,DEU,Niedersachsen,DE-NI,1
712,2024-01-16,2,5+1,Germany,DEU,Nordrhein-Westfalen,DE-NW,3
712,2024-01-16,2,5+1,Germany,DEU,Thüringen,DE-TH,1
712,2024-01-16,2,5+1,Denmark,DNK,,,1
712,2024-01-16,2,5+1,Slovenia,SVN,,,1
712,2024-01-16,3,5+0,Germany,DEU,Baden-Württemberg,DE-BW,2
712,2024-01-16,3,5+0,Germany,DEU,Bayern,DE-BY,1
712,2024-01-16,3,5+0,Germany,DEU,Hessen,DE-HE,3
712,2024-01-16,3,5+0,Germany,DEU,Niedersachsen,DE-NI,1
712,2024-01-16,3,5+0,Germany,DEU,Nordrhein-Westfalen,DE-NW,4
712,2024-01-16,3,5+0,Germany,DEU,Schleswig-Holstein,DE-SH,1
712,2024-01-16,3,5+0,Denmark,DNK,,,2
712,2024-01-16,3,5+0,Poland,POL,,,1
713,2024-01-19,2,5+1,Germany,DEU,Bayern,DE-BY,1
713,2024-01-19,2,5+1,Germany,DEU,Hamburg,DE-HH,1
713,2024-01-19,2,5+1,Denmark,DNK,,,1
713,2024-01-19,3,5+0,Germany,DEU,Bayern,DE-BY,1
713,2024-01-19,3,5+0,Germany,DEU,Sachsen,DE-SN,1
713,2024-01-19,3,5+0,Norway,NOR,,,1
714,2024-01-23,2,5+1,Finland,FIN,,,1
714,2024-01-23,2,5+1,Poland,POL,,,1
714,2024-01-23,3,5+0,Germany,DEU,Baden-Württemberg,DE-BW,2
714,2024-01-23,3,5+0,Germany,DEU,Berlin,DE-BE,1
714,2024-01-23,3,5+0,Germany,DEU,Brandenburg,DE-BB,1
714,2024-01-23,3,5+0,Germany,DEU,Niedersachsen,DE-NI,1
714,2024-01-23,3,5+0,Germany,DEU,Nordrhein-Westfalen,DE-NW,2
714,2024-01-23,3,5+0,Finland,FIN,,,1
714,2024-01-23,3,5+0,Spain,ESP,,,2
715,2024-01-26,2,5+1,Poland,POL,,,1
715,2024-01-26,3,5+0,Germany,DEU,Hessen,DE-HE,1
715,2024-01-26,3,5+0,Germany,DEU,Sachsen,DE-SN,1
715,2024-01-26,3,5+0,Croatia,HRV,,,1
715,2024-01-26,3,5+0,Poland,POL,,,1
715,2024-01-26,3,5+0,Sweden,SWE,,,1
716,2024-01-30,2,5+1,Finland,FIN,,,1
716,2024-01-30,3,5+0,Germany,DEU,Niedersachsen,DE-NI,1
716,2024-01-30,3,5+0,Poland,POL,,,1
717,2024-02-02,2,5+1,Germany,DEU,Baden-Württemberg,DE-BW,1
717,2024-02-02,2,5+1,Germany,DEU,Niedersachsen,DE-NI,1
717,2024-02-02,2,5+1,Poland,POL,,,2
717,2024-02-02,2,5+1,Sweden,SWE,,,1
717,2024-02-02,3,5+0,Germany,DEU,Bayern,DE-BY,3
717,2024-02-02,3,5+0,Germany,DEU,Hessen,DE-HE,1
717,2024-02-02,3,5+0,Germany,DEU,Mecklenburg-Vorpommern,DE-MV,1
717,2024-02-02,3,5+0,Germany,DEU,Niedersachsen,DE-NI,1
717,2024-02-02,3,5+0,Germany,DEU,Nordrhein-Westfalen,DE-NW,1
717,2024-02-02,3,5+0,Denmark,DNK,,,1
717,2024-02-02,3,5+0,Finland,FIN,,,1
717,2024-02-02,3,5+0,Italy,ITA,,,2
717,2024-02-02,3,5+0,Norway,NOR,,,3
718,2024-02-06,2,5+1,Germany,DEU,Bayern,DE-BY,1
718,2024-02-06,2,5+1,Germany,DEU,Niedersachsen,DE-NI,1
718,2024-02-06,3,5+0,Netherlands,NLD,,,1
719,2024-02-09,1,5+2,Germany,DEU,Bayern,DE-BY,1
719,2024-02-09,2,5+1,Germany,DEU,Bremen,DE-HB,1
719,2024-02-09,2,5+1,Germany,DEU,Hessen,DE-HE,1
719,2024-02-09,2,5+1,Germany,DEU,Nordrhein-Westfalen,DE-NW,1
719,2024-02-09,2,5+1,Germany,DEU,Rheinland-Pfalz,DE-RP,2
719,2024-02-09,2,5+1,Italy,ITA,,,1
719,2024-02-09,2,5+1,Norway,NOR,,,1
719,2024-02-09,2,5+1,Poland,POL,,,1
719,2024-02-09,2,5+1,Sweden,SWE,,,1
719,2024-02-09,2,5+1,Spain,ESP,,,1
719,2024-02-09,3,5+0,Germany,DEU,Baden-Württemberg,DE-BW,1
719,2024-02-09,3,5+0,Germany,DEU,Bayern,DE-BY,1
719,2024-02-09,3,5+0,Germany,DEU,Berlin,DE-BE,1
719,2024-02-09,3,5+0,Germany,DEU,Brandenburg,DE-BB,1
719,2024-02-09,3,5+0,Germany,DEU,Nordrhein-Westfalen,DE-NW,4
719,2024-02-09,3,5+0,Finland,FIN,,,1
719,2024-02-09,3,5+0,Sweden,SWE,,,1
719,2024-02-09,3,5+0,Slovenia,SVN,,,1
720,2024-02-13,2,5+1,Germany,DEU,Baden-Württemberg,DE-BW,1
720,2024-02-13,2,5+1,Germany,DEU,Bayern,DE-BY,1
720,2024-02-13,3,5+0,Germany,DEU,Berlin,DE-BE,1
720,2024-02-13,3,5+0,Finland,FIN,,,1
721,2024-02-16,2,5+1,Germany,DEU,Nordrhein-Westfalen,DE-NW,1
721,2024-02-16,3,5+0,Germany,DEU,Berlin,DE-BE,1
721,2024-02-16,3,5+0,Germany,DEU,Hamburg,DE-HH,1
721,2024-02-16,3,5+0,Denmark,DNK,,,1
721,2024-02-16,3,5+0,Norway,NOR,,,1
722,2024-02-20,2,5+1,Germany,DEU,Bayern,DE-BY,1
722,2024-02-20,2,5+1,Denmark,DNK,,,1
722,2024-02-20,2,5+1,Finland,FIN,,,1
722,2024-02-20,3,5+0,Germany,DEU,Brandenburg,DE-BB,1
722,2024-02-20,3,5+0,Germany,DEU,Niedersachsen,DE-NI,1
722,2024-02-20,3,5+0,Germany,DEU,Nordrhein-Westfalen,DE-NW,1
722,2024-02-20,3,5+0,Germany,DEU,Schleswig-Holstein,DE-SH,1
722,2024-02-20,3,5+0,Poland,POL,,,1
722,2024-02-20,3,5+0,Spain,ESP,,,2
723,2024-02-23,1,5+2,Germany,DEU,Baden-Württemberg,DE-BW,1
723,2024-02-23,1,5+2,Sweden,SWE,,,1
723,2024-02-23,2,5+1,Denmark,DNK,,,1
723,2024-02-23,2,5+1,Estonia,EST,,,1
723,2024-02-23,2,5+1,Finland,FIN,,,1
723,2024-02-23,2,5+1,Norway,NOR,,,1
723,2024-02-23,3,5+0,Germany,DEU,Bayern,DE-BY,4
723,2024-02-23,3,5+0,Germany,DEU,Berlin,DE-BE,1
723,2024-02-23,3,5+0,Germany,DEU,Hessen,DE-HE,1
723,2024-02-23,3,5+0,Germany,DEU,Nordrhein-Westfalen,DE-NW,1
723,2024-02-23,3,5+0,Germany,DEU,Schleswig-Holstein,DE-SH,1
723,2024-02-23,3,5+0,Netherlands,NLD,,,1
723,2024-02-23,3,5+0,Norway,NOR,,,1
723,2024-02-23,3,5+0,Sweden,SWE,,,1
724,2024-02-27,2,5+1,Germany,DEU,Hamburg,DE-HH,1
724,2024-02-27,3,5+0,Netherlands,NLD,,,1
725,2024-03-01,2,5+1,Germany,DEU,Nordrhein-Westfalen,DE-NW,1
725,2024-03-01,2,5+1,Norway,NOR,,,1
725,2024-03-01,3,5+0,Germany,DEU,Baden-Württemberg,DE-BW,2
725,2024-03-01,3,5+0,Germany,DEU,Hessen,DE-HE,1
725,2024-03-01,3,5+0,Germany,DEU,Sachsen-Anhalt,DE-ST,1
725,2024-03-01,3,5+0,Norway,NOR,,,1
725,2024-03-01,3,5+0,Sweden,SWE,,,2
726,2024-03-05,2,5+1,Hungary,HUN,,,1
726,2024-03-05,3,5+0,Finland,FIN,,,1
726,2024-03-05,3,5+0,Norway,NOR,,,2
726,2024-03-05,3,5+0,Spain,ESP,,,1
726,2024-03-05,3,5+0,Czechia,CZE,,,1
727,2024-03-08,1,5+2,Germany,DEU,Hessen,DE-HE,1
727,2024-03-08,2,5+1,Germany,DEU,Baden-Württemberg,DE-BW,1
727,2024-03-08,2,5+1,Germany,DEU,Bayern,DE-BY,1
727,2024-03-08,2,5+1,Denmark,DNK,,,1
727,2024-03-08,2,5+1,Sweden,SWE,,,2
727,2024-03-08,3,5+0,Germany,DEU,Baden-Württemberg,DE-BW,1
727,2024-03-08,3,5+0,Germany,DEU,Niedersachsen,DE-NI,1
727,2024-03-08,3,5+0,Germany,DEU,Nordrhein-Westfalen,DE-NW,1
727,2024-03-08,3,5+0,Denmark,DNK,,,1
727,2024-03-08,3,5+0,Norway,NOR,,,1
727,2024-03-08,3,5+0,Sweden,SWE,,,2
727,2024-03-08,3,5+0,Spain,ESP,,,1
728,2024-03-12,2,5+1,Germany,DEU,Berlin,DE-BE,1
728,2024-03-12,2,5+1,Germany,DEU,Niedersachsen,DE-NI,1
728,2024-03-12,2,5+1,Netherlands,NLD,,,1
728,2024-03-12,3,5+0,Germany,DEU,Bayern,DE-BY,1
728,2024-03-12,3,5+0,Germany,DEU,Berlin,DE-BE,1
728,2024-03-12,3,5+0,Germany,DEU,Nordrhein-Westfalen,DE-NW,2
728,2024-03-12,3,5+0,Hungary,HUN,,,1
729,2024-03-15,2,5+1,Spain,ESP,,,1
729,2024-03-15,3,5+0,Germany,DEU,Rheinland-Pfalz,DE-RP,1
729,2024-03-15,3,5+0,Norway,NOR,,,1
729,2024-03-15,3,5+0,Slovakia,SVK,,,1
729,2024-03-15,3,5+0,Czechia,CZE,,,1
730,2024-03-19,3,5+0,Germany,DEU,Hessen,DE-HE,1
730,2024-03-19,3,5+0,Germany,DEU,Sachsen-Anhalt,DE-ST,1
730,2024-03-19,3,5+0,Sweden,SWE,,,1
731,2024-03-22,2,5+1,Germany,DEU,Nordrhein-Westfalen,DE-NW,1
731,2024-03-22,2,5+1,Finland,FIN,,,1
731,2024-03-22,2,5+1,Greece,GRC,,,1
731,2024-03-22,3,5+0,Germany,DEU,Niedersachsen,DE-NI,1
731,2024-03-22,3,5+0,Sweden,SWE,,,3
731,2024-03-22,3,5+0,Slovenia,SVN,,,1
732,2024-03-26,2,5+1,Germany,DEU,Thüringen,DE-TH,1
732,2024-03-26,3,5+0,Germany,DEU,Bayern,DE-BY,1
732,2024-03-26,3,5+0,Germany,DEU,Hamburg,DE-HH,1
732,2024-03-26,3,5+0,Germany,DEU,Hessen,DE-HE,1
732,2024-03-26,3,5+0,Iceland,ISL,,,1
732,2024-03-26,3,5+0,Sweden,SWE,,,1
732,2024-03-26,3,5+0,Spain,ESP,,,1
732,2024-03-26,3,5+0,Hungary,HUN,,,1
733,2024-03-29,2,5+1,Finland,FIN,,,1
733,2024-03-29,3,5+0,Germany,DEU,Berlin,DE-BE,2
733,2024-03-29,3,5+0,Germany,DEU,Hessen,DE-HE,1
733,2024-03-29,3,5+0,Germany,DEU,Sachsen,DE-SN,1
733,2024-03-29,3,5+0,Denmark,DNK,,,1
733,2024-03-29,3,5+0,Norway,NOR,,,2
734,2024-04-02,2,5+1,Germany,DEU,Berlin,DE-BE,1
734,2024-04-02,2,5+1,Germany,DEU,Nordrhein-Westfalen,DE-NW,1
734,2024-04-02,2,5+1,Finland,FIN,,,3
734,2024-04-02,3,5+0,Germany,DEU,Hessen,DE-HE,1
734,2024-04-02,3,5+0,Germany,DEU,Mecklenburg-Vorpommern,DE-MV,1
734,2024-04-02,3,5+0,Germany,DEU,Nordrhein-Westfalen,DE-NW,2
734,2024-04-02,3,5+0,Denmark,DNK,,,1
734,2024-04-02,3,5+0,Estonia,EST,,,1
734,2024-04-02,3,5+0,Greece,GRC,,,1
734,2024-04-02,3,5+0,Iceland,ISL,,,1
734,2024-04-02,3,5+0,Italy,ITA,,,1
734,2024-04-02,3,5+0,Norway,NOR,,,2
735,2024-04-05,2,5+1,Germany,DEU,Baden-Württemberg,DE-BW,2
735,2024-04-05,2,5+1,Germany,DEU,Niedersachsen,DE-NI,1
735,2024-04-05,2,5+1,Denmark,DNK,,,1
735,2024-04-05,3,5+0,Germany,DEU,Bayern,DE-BY,2
735,2024-04-05,3,5+0,Germany,DEU,Hessen,DE-HE,1
735,2024-04-05,3,5+0,Germany,DEU,Nordrhein-Westfalen,DE-NW,4
735,2024-04-05,3,5+0,Germany,DEU,Sachsen-Anhalt,DE-ST,1
735,2024-04-05,3,5+0,Germany,DEU,Schleswig-Holstein,DE-SH,1
735,2024-04-05,3,5+0,Denmark,DNK,,,2
735,2024-04-05,3,5+0,Greece,GRC,,,1
735,2024-04-05,3,5+0,Iceland,ISL,,,2
735,2024-04-05,3,5+0,Norway,NOR,,,1
735,2024-04-05,3,5+0,Poland,POL,,,1
735,2024-04-05,3,5+0,Sweden,SWE,,,1
735,2024-04-05,3,5+0,Spain,ESP,,,1
736,2024-04-09,2,5+1,Germany,DEU,Mecklenburg-Vorpommern,DE-MV,1
736,2024-04-09,2,5+1,Sweden,SWE,,,1
736,2024-04-09,3,5+0,Germany,DEU,Niedersachsen,DE-NI,1
736,2024-04-09,3,5+0,Denmark,DNK,,,1
736,2024-04-09,3,5+0,Finland,FIN,,,1
736,2024-04-09,3,5+0,Hungary,HUN,,,1
737,2024-04-12,3,5+0,Germany,DEU,Nordrhein-Westfalen,DE-NW,2
737,2024-04-12,3,5+0,Germany,DEU,Sachsen-Anhalt,DE-ST,1
737,2024-04-12,3,5+0,Denmark,DNK,,,1
737,2024-04-12,3,5+0,Finland,FIN,,,1
737,2024-04-12,3,5+0,Norway,NOR,,,1
737,2024-04-12,3,5+0,Sweden,SWE,,,1
738,2024-04-16,2,5+1,Czechia,CZE,,,1
738,2024-04-16,3,5+0,Germany,DEU,Baden-Württemberg,DE-BW,1
738,2024-04-16,3,5+0,Germany,DEU,Berlin,DE-BE,1
738,2024-04-16,3,5+0,Germany,DEU,Hamburg,DE-HH,1
738,2024-04-16,3,5+0,Germany,DEU,Niedersachsen,DE-NI,1
738,2024-04-16,3,5+0,Germany,DEU,Nordrhein-Westfalen,DE-NW,2
738,2024-04-16,3,5+0,Netherlands,NLD,,,1
738,2024-04-16,3,5+0,Slovakia,SVK,,,1
739,2024-04-19,2,5+1,Germany,DEU,Bayern,DE-BY,1
739,2024-04-19,2,5+1,Germany,DEU,Niedersachsen,DE-NI,3
739,2024-04-19,2,5+1,Spain,ESP,,,1
739,2024-04-19,3,5+0,Germany,DEU,Baden-Württemberg,DE-BW,1
739,2024-04-19,3,5+0,Germany,DEU,Bayern,DE-BY,2
739,2024-04-19,3,5+0,Germany,DEU,Hamburg,DE-HH,1
739,2024-04-19,3,5+0,Germany,DEU,Hessen,DE-HE,3
739,2024-04-19,3,5+0,Germany,DEU,Niedersachsen,DE-NI,4
739,2024-04-19,3,5+0,Germany,DEU,Nordrhein-Westfalen,DE-NW,1
739,2024-04-19,3,5+0,Germany,DEU,Rheinland-Pfalz,DE-RP,1
739,2024-04-19,3,5+0,Denmark,DNK,,,1
739,2024-04-19,3,5+0,Estonia,EST,,,2
739,2024-04-19,3,5+0,Norway,NOR,,,1
739,2024-04-19,3,5+0,Sweden,SWE,,,2
740,2024-04-23,1,5+2,Germany,DEU,Nordrhein-Westfalen,DE-NW,1
740,2024-04-23,1,5+2,Slovenia,SVN,,,1
740,2024-04-23,2,5+1,Germany,DEU,Hessen,DE-HE,1
740,2024-04-23,2,5+1,Germany,DEU,Nordrhein-Westfalen,DE-NW,1
740,2024-04-23,2,5+1,Poland,POL,,,2
740,2024-04-23,2,5+1,Czechia,CZE,,,2
740,2024-04-23,3,5+0,Germany,DEU,Nordrhein-Westfalen,DE-NW,1
740,2024-04-23,3,5+0,Slovakia,SVK,,,1
740,2024-04-23,3,5+0,Czechia,CZE,,,1
741,2024-04-26,2,5+1,Germany,DEU,Nordrhein-Westfalen,DE-NW,1
741,2024-04-26,2,5+1,Germany,DEU,Saarland,DE-SL,1
741,2024-04-26,2,5+1,Germany,DEU,Sachsen,DE-SN,1
741,2024-04-26,3,5+0,Germany,DEU,Baden-Württemberg,DE-BW,1
741,2024-04-26,3,5+0,Germany,DEU,Bayern,DE-BY,1
741,2024-04-26,3,5+0,Germany,DEU,Berlin,DE-BE,1
741,2024-04-26,3,5+0,Germany,DEU,Hamburg,DE-HH,1
741,2024-04-26,3,5+0,Germany,DEU,Hessen,DE-HE,1
741,2024-04-26,3,5+0,Germany,DEU,Sachsen-Anhalt,DE-ST,1
741,2024-04-26,3,5+0,Germany,DEU,Thüringen,DE-TH,1
741,2024-04-26,3,5+0,Finland,FIN,,,3
741,2024-04-26,3,5+0,Norway,NOR,,,1
742,2024-04-30,2,5+1,Germany,DEU,Berlin,DE-BE,1
742,2024-04-30,2,5+1,Germany,DEU,Hessen,DE-HE,2
742,2024-04-30,2,5+1,Germany,DEU,Sachsen-Anhalt,DE-ST,1
742,2024-04-30,2,5+1,Sweden,SWE,,,1
742,2024-04-30,2,5+1,Spain,ESP,,,1
742,2024-04-30,3,5+0,Germany,DEU,Baden-Württemberg,DE-BW,1
742,2024-04-30,3,5+0,Germany,DEU,Niedersachsen,DE-NI,1
743,2024-05-03,2,5+1,Germany,DEU,Brandenburg,DE-BB,1
743,2024-05-03,2,5+1,Germany,DEU,Niedersachsen,DE-NI,2
743,2024-05-03,2,5+1,Germany,DEU,Nordrhein-Westfalen,DE-NW,1
743,2024-05-03,2,5+1,Denmark,DNK,,,1
743,2024-05-03,2,5+1,Finland,FIN,,,1
743,2024-05-03,3,5+0,Germany,DEU,Baden-Württemberg,DE-BW,1
743,2024-05-03,3,5+0,Germany,DEU,Berlin,DE-BE,2
743,2024-05-03,3,5+0,Germany,DEU,Niedersachsen,DE-NI,1
743,2024-05-03,3,5+0,Germany,DEU,Nordrhein-Westfalen,DE-NW,1
743,2024-05-03,3,5+0,Denmark,DNK,,,1
743,2024-05-03,3,5+0,Estonia,EST,,,1
743,2024-05-03,3,5+0,Norway,NOR,,,1
744,2024-05-07,2,5+1,Czechia,CZE,,,1
744,2024-05-07,3,5+0,Germany,DEU,Rheinland-Pfalz,DE-RP,1
744,2024-05-07,3,5+0,Norway,NOR,,,1
744,2024-05-07,3,5+0,Slovenia,SVN,,,1
745,2024-05-10,2,5+1,Estonia,EST,,,1
745,2024-05-10,2,5+1,Poland,POL,,,1
745,2024-05-10,2,5+1,Sweden,SWE,,,1
745,2024-05-10,3,5+0,Germany,DEU,Rheinland-Pfalz,DE-RP,1
745,2024-05-10,3,5+0,Germany,DEU,Sachsen,DE-SN,1
745,2024-05-10,3,5+0,Germany,DEU,Sachsen-Anhalt,DE-ST,1
745,2024-05-10,3,5+0,Denmark,DNK,,,1
745,2024-05-10,3,5+0,Greece,GRC,,,1
745,2024-05-10,3,5+0,Netherlands,NLD,,,1
745,2024-05-10,3,5+0,Norway,NOR,,,1
745,2024-05-10,3,5+0,Hungary,HUN,,,1
746,2024-05-14,2,5+1,Germany,DEU,Nordrhein-Westfalen,DE-NW,1
746,2024-05-14,2,5+1,Denmark,DNK,,,1
746,2024-05-14,2,5+1,Czechia,CZE,,,1
746,2024-05-14,3,5+0,Germany,DEU,Baden-Württemberg,DE-BW,1
746,2024-05-14,3,5+0,Germany,DEU,Berlin,DE-BE,1
746,2024-05-14,3,5+0,Germany,DEU,Nordrhein-Westfalen,DE-NW,2
746,2024-05-14,3,5+0,Germany,DEU,Schleswig-Holstein,DE-SH,2
746,2024-05-14,3,5+0,Finland,FIN,,,2
746,2024-05-14,3,5+0,Italy,ITA,,,1
746,2024-05-14,3,5+0,Netherlands,NLD,,,1
746,2024-05-14,3,5+0,Norway,NOR,,,3
746,2024-05-14,3,5+0,Poland,POL,,,1
746,2024-05-14,3,5+0,Spain,ESP,,,1
747,2024-05-17,2,5+1,Germany,DEU,Bayern,DE-BY,1
747,2024-05-17,2,5+1,Germany,DEU,Brandenburg,DE-BB,1
747,2024-05-17,2,5+1,Germany,DEU,Nordrhein-Westfalen,DE-NW,1
747,2024-05-17,2,5+1,Denmark,DNK,,,1
747,2024-05-17,3,5+0,Germany,DEU,Bayern,DE-BY,1
747,2024-05-17,3,5+0,Germany,DEU,Niedersachsen,DE-NI,1
747,2024-05-17,3,5+0,Finland,FIN,,,1
747,2024-05-17,3,5+0,Norway,NOR,,,2
747,2024-05-17,3,5+0,Poland,POL,,,1
747,2024-05-17,3,5+0,Sweden,SWE,,,1
748,2024-05-21,3,5+0,Germany,DEU,Nordrhein-Westfalen,DE-NW,1
748,2024-05-21,3,5+0,Finland,FIN,,,2
748,2024-05-21,3,5+0,Italy,ITA,,,2
749,2024-05-24,2,5+1,Germany,DEU,Nordrhein-Westfalen,DE-NW,1
749,2024-05-24,2,5+1,Denmark,DNK,,,2
749,2024-05-24,2,5+1,Poland,POL,,,1
749,2024-05-24,2,5+1,Slovenia,SVN,,,1
749,2024-05-24,3,5+0,Germany,DEU,Bayern,DE-BY,3
749,2024-05-24,3,5+0,Germany,DEU,Brandenburg,DE-BB,1
749,2024-05-24,3,5+0,Germany,DEU,Hessen,DE-HE,1
749,2024-05-24,3,5+0,Germany,DEU,Niedersachsen,DE-NI,1
749,2024-05-24,3,5+0,Germany,DEU,Nordrhein-Westfalen,DE-NW,1
749,2024-05-24,3,5+0,Denmark,DNK,,,3
749,2024-05-24,3,5+0,Italy,ITA,,,1
749,2024-05-24,3,5+0,Norway,NOR,,,1
749,2024-05-24,3,5+0,Spain,ESP,,,3
750,2024-05-28,2,5+1,Germany,DEU,Berlin,DE-BE,1
750,2024-05-28,2,5+1,Germany,DEU,Nordrhein-Westfalen,DE-NW,1
750,2024-05-28,2,5+1,Germany,DEU,Sachsen,DE-SN,2
750,2024-05-28,2,5+1,Finland,FIN,,,1
750,2024-05-28,3,5+0,Germany,DEU,Baden-Württemberg,DE-BW,1
750,2024-05-28,3,5+0,Germany,DEU,Nordrhein-Westfalen,DE-NW,1
750,2024-05-28,3,5+0,Germany,DEU,Rheinland-Pfalz,DE-RP,1
750,2024-05-28,3,5+0,Finland,FIN,,,1
751,2024-05-31,2,5+1,Germany,DEU,Baden-Württemberg,DE-BW,1
751,2024-05-31,2,5+1,Germany,DEU,Niedersachsen,DE-NI,2
751,2024-05-31,2,5+1,Sweden,SWE,,,1
751,2024-05-31,3,5+0,Germany,DEU,Baden-Württemberg,DE-BW,1
751,2024-05-31,3,5+0,Germany,DEU,Brandenburg,DE-BB,1
751,2024-05-31,3,5+0,Germany,DEU,Niedersachsen,DE-NI,2
751,2024-05-31,3,5+0,Germany,DEU,Nordrhein-Westfalen,DE-NW,1
751,2024-05-31,3,5+0,Denmark,DNK,,,2
751,2024-05-31,3,5+0,Estonia,EST,,,1
751,2024-05-31,3,5+0,Norway,NOR,,,1
751,2024-05-31,3,5+0,Sweden,SWE,,,3
752,2024-06-04,1,5+2,Denmark,DNK,,,1
752,2024-06-04,2,5+1,Denmark,DNK,,,2
752,2024-06-04,3,5+0,Germany,DEU,Baden-Württemberg,DE-BW,2
752,2024-06-04,3,5+0,Germany,DEU,Bayern,DE-BY,3
752,2024-06-04,3,5+0,Germany,DEU,Berlin,DE-BE,1
752,2024-06-04,3,5+0,Germany,DEU,Hessen,DE-HE,2
752,2024-06-04,3,5+0,Germany,DEU,Niedersachsen,DE-NI,1
752,2024-06-04,3,5+0,Germany,DEU,Nordrhein-Westfalen,DE-NW,1
752,2024-06-04,3,5+0,Germany,DEU,Rheinland-Pfalz,DE-RP,1
752,2024-06-04,3,5+0,Germany,DEU,Schleswig-Holstein,DE-SH,1
752,2024-06-04,3,5+0,Greece,GRC,,,1
753,2024-06-07,2,5+1,Germany,DEU,Baden-Württemberg,DE-BW,1
753,2024-06-07,2,5+1,Germany,DEU,Bayern,DE-BY,1
753,2024-06-07,2,5+1,Germany,DEU,Nordrhein-Westfalen,DE-NW,2
753,2024-06-07,2,5+1,Spain,ESP,,,1
753,2024-06-07,3,5+0,Germany,DEU,Berlin,DE-BE,1
753,2024-06-07,3,5+0,Germany,DEU,Hamburg,DE-HH,1
753,2024-06-07,3,5+0,Germany,DEU,Hessen,DE-HE,1
753,2024-06-07,3,5+0,Germany,DEU,Rheinland-Pfalz,DE-RP,1
753,2024-06-07,3,5+0,Finland,FIN,,,1
753,2024-06-07,3,5+0,Netherlands,NLD,,,1
753,2024-06-07,3,5+0,Poland,POL,,,1
753,2024-06-07,3,5+0,Czechia,CZE,,,1
754,2024-06-11,3,5+0,Germany,DEU,Bayern,DE-BY,1
754,2024-06-11,3,5+0,Germany,DEU,Nordrhein-Westfalen,DE-NW,1
754,2024-06-11,3,5+0,Denmark,DNK,,,1
754,2024-06-11,3,5+0,Finland,FIN,,,2
754,2024-06-11,3,5+0,Norway,NOR,,,2
754,2024-06-11,3,5+0,Slovenia,SVN,,,1
755,2024-06-14,2,5+1,Germany,DEU,Baden-Württemberg,DE-BW,1
755,2024-06-14,2,5+1,Germany,DEU,Bayern,DE-BY,1
755,2024-06-14,2,5+1,Germany,DEU,Rheinland-Pfalz,DE-RP,1
755,2024-06-14,3,5+0,Germany,DEU,Baden-Württemberg,DE-BW,1
755,2024-06-14,3,5+0,Germany,DEU,Nordrhein-Westfalen,DE-NW,1
755,2024-06-14,3,5+0,Germany,DEU,Rheinland-Pfalz,DE-RP,1
755,2024-06-14,3,5+0,Germany,DEU,Thüringen,DE-TH,1
755,2024-06-14,3,5+0,Norway,NOR,,,2
755,2024-06-14,3,5+0,Slovakia,SVK,,,2
756,2024-06-18,2,5+1,Italy,ITA,,,1
756,2024-06-18,2,5+1,Netherlands,NLD,,,1
756,2024-06-18,3,5+0,Germany,DEU,Baden-Württemberg,DE-BW,1
756,2024-06-18,3,5+0,Germany,DEU,Hessen,DE-HE,1
756,2024-06-18,3,5+0,Germany,DEU,Mecklenburg-Vorpommern,DE-MV,1
756,2024-06-18,3,5+0,Denmark,DNK,,,1
756,2024-06-18,3,5+0,Croatia,HRV,,,1
756,2024-06-18,3,5+0,Slovenia,SVN,,,1
757,2024-06-21,2,5+1,Finland,FIN,,,1
757,2024-06-21,2,5+1,Norway,NOR,,,1
757,2024-06-21,2,5+1,Poland,POL,,,1
757,2024-06-21,3,5+0,Germany,DEU,Bayern,DE-BY,1
757,2024-06-21,3,5+0,Germany,DEU,Niedersachsen,DE-NI,1
757,2024-06-21,3,5+0,Germany,DEU,Nordrhein-Westfalen,DE-NW,2
757,2024-06-21,3,5+0,Finland,FIN,,,1
757,2024-06-21,3,5+0,Poland,POL,,,2
758,2024-06-25,2,5+1,Germany,DEU,Bayern,DE-BY,2
758,2024-06-25,2,5+1,Germany,DEU,Hessen,DE-HE,1
758,2024-06-25,3,5+0,Germany,DEU,Brandenburg,DE-BB,1
758,2024-06-25,3,5+0,Germany,DEU,Nordrhein-Westfalen,DE-NW,1
758,2024-06-25,3,5+0,Norway,NOR,,,1
758,2024-06-25,3,5+0,Poland,POL,,,1
758,2024-06-25,3,5+0,Sweden,SWE,,,1
758,2024-06-25,3,5+0,Spain,ESP,,,1
759,2024-06-28,2,5+1,Germany,DEU,Nordrhein-Westfalen,DE-NW,1
759,2024-06-28,2,5+1,Finland,FIN,,,1
759,2024-06-28,3,5+0,Germany,DEU,Baden-Württemberg,DE-BW,3
759,2024-06-28,3,5+0,Germany,DEU,Berlin,DE-BE,1
759,2024-06-28,3,5+0,Germany,DEU,Niedersachsen,DE-NI,1
759,2024-06-28,3,5+0,Germany,DEU,Nordrhein-Westfalen,DE-NW,1
759,2024-06-28,3,5+0,Denmark,DNK,,,1
759,2024-06-28,3,5+0,Greece,GRC,,,1
759,2024-06-28,3,5+0,Italy,ITA,,,1
760,2024-07-02,2,5+1,Germany,DEU,Niedersachsen,DE-NI,1
760,2024-07-02,2,5+1,Netherlands,NLD,,,1
760,2024-07-02,2,5+1,Poland,POL,,,1
760,2024-07-02,3,5+0,Germany,DEU,Hessen,DE-HE,1
760,2024-07-02,3,5+0,Latvia,LVA,,,1
760,2024-07-02,3,5+0,Netherlands,NLD,,,1
760,2024-07-02,3,5+0,Norway,NOR,,,1
760,2024-07-02,3,5+0,Sweden,SWE,,,1
761,2024-07-05,2,5+1,Germany,DEU,Hessen,DE-HE,1
761,2024-07-05,2,5+1,Germany,DEU,Niedersachsen,DE-NI,1
761,2024-07-05,2,5+1,Germany,DEU,Rheinland-Pfalz,DE-RP,1
761,2024-07-05,2,5+1,Finland,FIN,,,1
761,2024-07-05,2,5+1,Sweden,SWE,,,1
761,2024-07-05,3,5+0,Germany,DEU,Hessen,DE-HE,1
761,2024-07-05,3,5+0,Germany,DEU,Niedersachsen,DE-NI,1
761,2024-07-05,3,5+0,Germany,DEU,Nordrhein-Westfalen,DE-NW,2
761,2024-07-05,3,5+0,Germany,DEU,Rheinland-Pfalz,DE-RP,2
761,2024-07-05,3,5+0,Italy,ITA,,,1
761,2024-07-05,3,5+0,Croatia,HRV,,,1
761,2024-07-05,3,5+0,Netherlands,NLD,,,1
761,2024-07-05,3,5+0,Poland,POL,,,1
761,2024-07-05,3,5+0,Slovenia,SVN,,,1
762,2024-07-09,1,5+2,Germany,DEU,Nordrhein-Westfalen,DE-NW,1
762,2024-07-09,2,5+1,Germany,DEU,Hessen,DE-HE,1
762,2024-07-09,2,5+1,Germany,DEU,Rheinland-Pfalz,DE-RP,1
762,2024-07-09,2,5+1,Denmark,DNK,,,1
762,2024-07-09,2,5+1,Poland,POL,,,1
762,2024-07-09,2,5+1,Spain,ESP,,,1
762,2024-07-09,3,5+0,Germany,DEU,Nordrhein-Westfalen,DE-NW,1
762,2024-07-09,3,5+0,Finland,FIN,,,1
762,2024-07-09,3,5+0,Italy,ITA,,,1
763,2024-07-12,2,5+1,Germany,DEU,Sachsen,DE-SN,2
763,2024-07-12,2,5+1,Spain,ESP,,,1
763,2024-07-12,3,5+0,Germany,DEU,Baden-Württemberg,DE-BW,1
763,2024-07-12,3,5+0,Germany,DEU,Brandenburg,DE-BB,1
763,2024-07-12,3,5+0,Germany,DEU,Nordrhein-Westfalen,DE-NW,2
763,2024-07-12,3,5+0,Denmark,DNK,,,1
763,2024-07-12,3,5+0,Norway,NOR,,,2
763,2024-07-12,3,5+0,Slovakia,SVK,,,1
763,2024-07-12,3,5+0,Spain,ESP,,,1
764,2024-07-16,3,5+0,Germany,DEU,Bayern,DE-BY,1
764,2024-07-16,3,5+0,Germany,DEU,Hamburg,DE-HH,1
764,2024-07-16,3,5+0,Slovakia,SVK,,,1
765,2024-07-19,2,5+1,Germany,DEU,Bayern,DE-BY,1
765,2024-07-19,2,5+1,Germany,DEU,Hessen,DE-HE,1
765,2024-07-19,2,5+1,Germany,DEU,Sachsen-Anhalt,DE-ST,1
765,2024-07-19,2,5+1,Finland,FIN,,,1
765,2024-07-19,2,5+1,Netherlands,NLD,,,1
765,2024-07-19,3,5+0,Germany,DEU,Bayern,DE-BY,3
765,2024-07-19,3,5+0,Germany,DEU,Berlin,DE-BE,1
765,2024-07-19,3,5+0,Germany,DEU,Niedersachsen,DE-NI,1
765,2024-07-19,3,5+0,Germany,DEU,Nordrhein-Westfalen,DE-NW,1
765,2024-07-19,3,5+0,Norway,NOR,,,1
766,2024-07-23,2,5+1,Finland,FIN,,,2
766,2024-07-23,2,5+1,Greece,GRC,,,1
766,2024-07-23,3,5+0,Germany,DEU,Brandenburg,DE-BB,1
766,2024-07-23,3,5+0,Germany,DEU,Nordrhein-Westfalen,DE-NW,4
766,2024-07-23,3,5+0,Finland,FIN,,,1
766,2024-07-23,3,5+0,Greece,GRC,,,2
767,2024-07-26,1,5+2,Norway,NOR,,,1
767,2024-07-26,1,5+2,Sweden,SWE,,,1
767,2024-07-26,2,5+1,Germany,DEU,Baden-Württemberg,DE-BW,1
767,2024-07-26,2,5+1,Germany,DEU,Brandenburg,DE-BB,1
767,2024-07-26,2,5+1,Estonia,EST,,,1
767,2024-07-26,2,5+1,Finland,FIN,,,1
767,2024-07-26,2,5+1,Poland,POL,,,1
767,2024-07-26,2,5+1,Sweden,SWE,,,1
767,2024-07-26,2,5+1,Czechia,CZE,,,1
767,2024-07-26,3,5+0,Germany,DEU,Baden-Württemberg,DE-BW,1
767,2024-07-26,3,5+0,Germany,DEU,Bayern,DE-BY,1
767,2024-07-26,3,5+0,Germany,DEU,Berlin,DE-BE,1
767,2024-07-26,3,5+0,Germany,DEU,Brandenburg,DE-BB,2
767,2024-07-26,3,5+0,Germany,DEU,Nordrhein-Westfalen,DE-NW,2
767,2024-07-26,3,5+0,Finland,FIN,,,4
767,2024-07-26,3,5+0,Croatia,HRV,,,1
767,2024-07-26,3,5+0,Norway,NOR,,,2
767,2024-07-26,3,5+0,Sweden,SWE,,,2
768,2024-07-30,2,5+1,Poland,POL,,,1
768,2024-07-30,2,5+1,Spain,ESP,,,1
768,2024-07-30,3,5+0,Germany,DEU,Sachsen,DE-SN,1
768,2024-07-30,3,5+0,Finland,FIN,,,1
768,2024-07-30,3,5+0,Sweden,SWE,,,1
769,2024-08-02,2,5+1,Germany,DEU,Baden-Württemberg,DE-BW,2
769,2024-08-02,2,5+1,Germany,DEU,Nordrhein-Westfalen,DE-NW,1
769,2024-08-02,2,5+1,Denmark,DNK,,,1
769,2024-08-02,2,5+1,Greece,GRC,,,1
769,2024-08-02,2,5+1,Poland,POL,,,1
769,2024-08-02,3,5+0,Germany,DEU,Niedersachsen,DE-NI,1
769,2024-08-02,3,5+0,Germany,DEU,Nordrhein-Westfalen,DE-NW,1
769,2024-08-02,3,5+0,Iceland,ISL,,,1
769,2024-08-02,3,5+0,Sweden,SWE,,,1
770,2024-08-06,2,5+1,Germany,DEU,Nordrhein-Westfalen,DE-NW,1
770,2024-08-06,3,5+0,Germany,DEU,Baden-Württemberg,DE-BW,1
770,2024-08-06,3,5+0,Slovakia,SVK,,,1
771,2024-08-09,2,5+1,Lithuania,LTU,,,1
771,2024-08-09,2,5+1,Poland,POL,,,1
771,2024-08-09,3,5+0,Germany,DEU,Baden-Württemberg,DE-BW,1
771,2024-08-09,3,5+0,Germany,DEU,Berlin,DE-BE,1
771,2024-08-09,3,5+0,Germany,DEU,Hessen,DE-HE,3
771,2024-08-09,3,5+0,Germany,DEU,Niedersachsen,DE-NI,1
771,2024-08-09,3,5+0,Germany,DEU,Nordrhein-Westfalen,DE-NW,2
771,2024-08-09,3,5+0,Finland,FIN,,,1
771,2024-08-09,3,5+0,Greece,GRC,,,1
771,2024-08-09,3,5+0,Sweden,SWE,,,1
771,2024-08-09,3,5+0,Spain,ESP,,,1
771,2024-08-09,3,5+0,Hungary,HUN,,,1
772,2024-08-13,2,5+1,Croatia,HRV,,,1
772,2024-08-13,3,5+0,Slovakia,SVK,,,1
772,2024-08-13,3,5+0,Spain,ESP,,,1
773,2024-08-16,2,5+1,Poland,POL,,,1
773,2024-08-16,2,5+1,Sweden,SWE,,,1
773,2024-08-16,2,5+1,Czechia,CZE,,,1
773,2024-08-16,3,5+0,Germany,DEU,Baden-Württemberg,DE-BW,1
773,2024-08-16,3,5+0,Germany,DEU,Berlin,DE-BE,1
773,2024-08-16,3,5+0,Germany,DEU,Hessen,DE-HE,1
773,2024-08-16,3,5+0,Norway,NOR,,,2
773,2024-08-16,3,5+0,Poland,POL,,,1
773,2024-08-16,3,5+0,Sweden,SWE,,,1
774,2024-08-20,2,5+1,Germany,DEU,Niedersachsen,DE-NI,1
774,2024-08-20,2,5+1,Latvia,LVA,,,1
774,2024-08-20,3,5+0,Germany,DEU,Hamburg,DE-HH,1
774,2024-08-20,3,5+0,Germany,DEU,Nordrhein-Westfalen,DE-NW,1
774,2024-08-20,3,5+0,Norway,NOR,,,2
774,2024-08-20,3,5+0,Czechia,CZE,,,1
775,2024-08-23,2,5+1,Germany,DEU,Baden-Württemberg,DE-BW,2
775,2024-08-23,2,5+1,Germany,DEU,Saarland,DE-SL,1
775,2024-08-23,2,5+1,Germany,DEU,Schleswig-Holstein,DE-SH,1
775,2024-08-23,2,5+1,Poland,POL,,,1
775,2024-08-23,3,5+0,Germany,DEU,Baden-Württemberg,DE-BW,1
775,2024-08-23,3,5+0,Sweden,SWE,,,3
775,2024-08-23,3,5+0,Czechia,CZE,,,1
776,2024-08-27,2,5+1,Germany,DEU,Nordrhein-Westfalen,DE-NW,1
776,2024-08-27,2,5+1,Germany,DEU,Sachsen,DE-SN,1
776,2024-08-27,3,5+0,Germany,DEU,Bayern,DE-BY,1
776,2024-08-27,3,5+0,Germany,DEU,Hamburg,DE-HH,1
776,2024-08-27,3,5+0,Germany,DEU,Hessen,DE-HE,1
776,2024-08-27,3,5+0,Germany,DEU,Nordrhein-Westfalen,DE-NW,1
776,2024-08-27,3,5+0,Germany,DEU,Sachsen,DE-SN,1
776,2024-08-27,3,5+0,Greece,GRC,,,1
776,2024-08-27,3,5+0,Norway,NOR,,,1
776,2024-08-27,3,5+0,Poland,POL,,,2
777,2024-08-30,1,5+2,Germany,DEU,Nordrhein-Westfalen,DE-NW,1
777,2024-08-30,2,5+1,Germany,DEU,Bayern,DE-BY,1
777,2024-08-30,2,5+1,Germany,DEU,Niedersachsen,DE-NI,1
777,2024-08-30,2,5+1,Germany,DEU,Nordrhein-Westfalen,DE-NW,1
777,2024-08-30,2,5+1,Greece,GRC,,,1
777,2024-08-30,2,5+1,Poland,POL,,,1
777,2024-08-30,2,5+1,Hungary,HUN,,,1
777,2024-08-30,3,5+0,Germany,DEU,Baden-Württemberg,DE-BW,3
777,2024-08-30,3,5+0,Germany,DEU,Bayern,DE-BY,2
777,2024-08-30,3,5+0,Germany,DEU,Brandenburg,DE-BB,1
777,2024-08-30,3,5+0,Germany,DEU,Hamburg,DE-HH,1
777,2024-08-30,3,5+0,Germany,DEU,Hessen,DE-HE,1
777,2024-08-30,3,5+0,Germany,DEU,Niedersachsen,DE-NI,1
777,2024-08-30,3,5+0,Germany,DEU,Nordrhein-Westfalen,DE-NW,4
777,2024-08-30,3,5+0,Germany,DEU,Rheinland-Pfalz,DE-RP,1
777,2024-08-30,3,5+0,Germany,DEU,Schleswig-Holstein,DE-SH,3
777,2024-08-30,3,5+0,Lithuania,LTU,,,1
777,2024-08-30,3,5+0,Netherlands,NLD,,,1
777,2024-08-30,3,5+0,Poland,POL,,,1
777,2024-08-30,3,5+0,Slovakia,SVK,,,1
777,2024-08-30,3,5+0,Czechia,CZE,,,1
778,2024-09-03,1,5+2,Poland,POL,,,1
778,2024-09-03,2,5+1,Germany,DEU,Niedersachsen,DE-NI,1
778,2024-09-03,2,5+1,Croatia,HRV,,,1
778,2024-09-03,2,5+1,Spain,ESP,,,1
778,2024-09-03,3,5+0,Germany,DEU,Baden-Württemberg,DE-BW,1
778,2024-09-03,3,5+0,Germany,DEU,Hessen,DE-HE,1
778,2024-09-03,3,5+0,Germany,DEU,Schleswig-Holstein,DE-SH,1
778,2024-09-03,3,5+0,Finland,FIN,,,2
778,2024-09-03,3,5+0,Croatia,HRV,,,1
778,2024-09-03,3,5+0,Netherlands,NLD,,,1
778,2024-09-03,3,5+0,Poland,POL,,,1
778,2024-09-03,3,5+0,Sweden,SWE,,,1
778,2024-09-03,3,5+0,Slovenia,SVN,,,1
779,2024-09-06,2,5+1,Germany,DEU,Baden-Württemberg,DE-BW,1
779,2024-09-06,2,5+1,Germany,DEU,Bayern,DE-BY,1
779,2024-09-06,2,5+1,Spain,ESP,,,1
779,2024-09-06,3,5+0,Germany,DEU,Baden-Württemberg,DE-BW,1
779,2024-09-06,3,5+0,Germany,DEU,Nordrhein-Westfalen,DE-NW,1
779,2024-09-06,3,5+0,Germany,DEU,Rheinland-Pfalz,DE-RP,1
779,2024-09-06,3,5+0,Sweden,SWE,,,1
780,2024-09-10,2,5+1,Sweden,SWE,,,1
780,2024-09-10,3,5+0,Poland,POL,,,1
780,2024-09-10,3,5+0,Spain,ESP,,,1
781,2024-09-13,3,5+0,Germany,DEU,Berlin,DE-BE,1
781,2024-09-13,3,5+0,Germany,DEU,Hessen,DE-HE,1
781,2024-09-13,3,5+0,Denmark,DNK,,,1
781,2024-09-13,3,5+0,Finland,FIN,,,2
781,2024-09-13,3,5+0,Czechia,CZE,,,1
782,2024-09-17,3,5+0,Germany,DEU,Bayern,DE-BY,1
782,2024-09-17,3,5+0,Germany,DEU,Niedersachsen,DE-NI,1
782,2024-09-17,3,5+0,Germany,DEU,Nordrhein-Westfalen,DE-NW,1
782,2024-09-17,3,5+0,Finland,FIN,,,2
782,2024-09-17,3,5+0,Poland,POL,,,1
783,2024-09-20,2,5+1,Germany,DEU,Nordrhein-Westfalen,DE-NW,1
783,2024-09-20,2,5+1,Denmark,DNK,,,1
783,2024-09-20,2,5+1,Hungary,HUN,,,2
783,2024-09-20,3,5+0,Germany,DEU,Baden-Württemberg,DE-BW,1
783,2024-09-20,3,5+0,Germany,DEU,Brandenburg,DE-BB,1
783,2024-09-20,3,5+0,Germany,DEU,Niedersachsen,DE-NI,3
783,2024-09-20,3,5+0,Germany,DEU,Nordrhein-Westfalen,DE-NW,1
783,2024-09-20,3,5+0,Germany,DEU,Sachsen,DE-SN,1
783,2024-09-20,3,5+0,Netherlands,NLD,,,1
783,2024-09-20,3,5+0,Poland,POL,,,1
784,2024-09-24,2,5+1,Germany,DEU,Thüringen,DE-TH,1
784,2024-09-24,2,5+1,Norway,NOR,,,1
784,2024-09-24,3,5+0,Germany,DEU,Baden-Württemberg,DE-BW,1
784,2024-09-24,3,5+0,Germany,DEU,Bayern,DE-BY,1
784,2024-09-24,3,5+0,Germany,DEU,Berlin,DE-BE,1
784,2024-09-24,3,5+0,Germany,DEU,Hamburg,DE-HH,1
784,2024-09-24,3,5+0,Germany,DEU,Mecklenburg-Vorpommern,DE-MV,1
784,2024-09-24,3,5+0,Germany,DEU,Nordrhein-Westfalen,DE-NW,1
784,2024-09-24,3,5+0,Germany,DEU,Thüringen,DE-TH,2
784,2024-09-24,3,5+0,Estonia,EST,,,1
784,2024-09-24,3,5+0,Norway,NOR,,,1
784,2024-09-24,3,5+0,Sweden,SWE,,,1
784,2024-09-24,3,5+0,Spain,ESP,,,1
785,2024-09-27,2,5+1,Germany,DEU,Niedersachsen,DE-NI,1
785,2024-09-27,2,5+1,Germany,DEU,Nordrhein-Westfalen,DE-NW,1
785,2024-09-27,2,5+1,Finland,FIN,,,1
785,2024-09-27,3,5+0,Germany,DEU,Nordrhein-Westfalen,DE-NW,2
785,2024-09-27,3,5+0,Poland,POL,,,1
785,2024-09-27,3,5+0,Czechia,CZE,,,1
786,2024-10-01,2,5+1,Germany,DEU,Nordrhein-Westfalen,DE-NW,1
786,2024-10-01,2,5+1,Netherlands,NLD,,,1
786,2024-10-01,3,5+0,Germany,DEU,Baden-Württemberg,DE-BW,1
786,2024-10-01,3,5+0,Germany,DEU,Bayern,DE-BY,1
786,2024-10-01,3,5+0,Germany,DEU,Berlin,DE-BE,1
786,2024-10-01,3,5+0,Germany,DEU,Sachsen-Anhalt,DE-ST,3
786,2024-10-01,3,5+0,Norway,NOR,,,1
787,2024-10-04,1,5+2,Lithuania,LTU,,,1
787,2024-10-04,2,5+1,Germany,DEU,Baden-Württemberg,DE-BW,1
787,2024-10-04,3,5+0,Germany,DEU,Baden-Württemberg,DE-BW,1
787,2024-10-04,3,5+0,Germany,DEU,Bayern,DE-BY,3
787,2024-10-04,3,5+0,Germany,DEU,Berlin,DE-BE,1
787,2024-10-04,3,5+0,Germany,DEU,Sachsen-Anhalt,DE-ST,1
787,2024-10-04,3,5+0,Denmark,DNK,,,1
787,2024-10-04,3,5+0,Poland,POL,,,1
788,2024-10-08,2,5+1,Germany,DEU,Hessen,DE-HE,1
788,2024-10-08,2,5+1,Denmark,DNK,,,1
788,2024-10-08,2,5+1,Poland,POL,,,1
788,2024-10-08,3,5+0,Germany,DEU,Niedersachsen,DE-NI,1
789,2024-10-11,2,5+1,Germany,DEU,Nordrhein-Westfalen,DE-NW,1
789,2024-10-11,2,5+1,Poland,POL,,,1
789,2024-10-11,3,5+0,Germany,DEU,Niedersachsen,DE-NI,1
789,2024-10-11,3,5+0,Germany,DEU,Nordrhein-Westfalen,DE-NW,1
789,2024-10-11,3,5+0,Greece,GRC,,,1
789,2024-10-11,3,5+0,Sweden,SWE,,,1
789,2024-10-11,3,5+0,Spain,ESP,,,1
789,2024-10-11,3,5+0,Hungary,HUN,,,1
790,2024-10-15,3,5+0,Germany,DEU,Hessen,DE-HE,1
790,2024-10-15,3,5+0,Finland,FIN,,,1
791,2024-10-18,2,5+1,Germany,DEU,Hamburg,DE-HH,1
791,2024-10-18,2,5+1,Italy,ITA,,,1
791,2024-10-18,2,5+1,Hungary,HUN,,,1
791,2024-10-18,3,5+0,Germany,DEU,Nordrhein-Westfalen,DE-NW,1
791,2024-10-18,3,5+0,Spain,ESP,,,1
792,2024-10-22,2,5+1,Norway,NOR,,,1
792,2024-10-22,3,5+0,Netherlands,NLD,,,1
793,2024-10-25,2,5+1,Germany,DEU,Nordrhein-Westfalen,DE-NW,1
793,2024-10-25,2,5+1,Estonia,EST,,,1
793,2024-10-25,2,5+1,Sweden,SWE,,,1
793,2024-10-25,3,5+0,Germany,DEU,Bayern,DE-BY,1
793,2024-10-25,3,5+0,Germany,DEU,Nordrhein-Westfalen,DE-NW,1
793,2024-10-25,3,5+0,Denmark,DNK,,,1
793,2024-10-25,3,5+0,Spain,ESP,,,1
794,2024-10-29,2,5+1,Germany,DEU,Baden-Württemberg,DE-BW,1
794,2024-10-29,2,5+1,Germany,DEU,Bayern,DE-BY,1
794,2024-10-29,2,5+1,Spain,ESP,,,1
794,2024-10-29,3,5+0,Germany,DEU,Mecklenburg-Vorpommern,DE-MV,1
794,2024-10-29,3,5+0,Germany,DEU,Niedersachsen,DE-NI,1
794,2024-10-29,3,5+0,Germany,DEU,Nordrhein-Westfalen,DE-NW,1
794,2024-10-29,3,5+0,Germany,DEU,Rheinland-Pfalz,DE-RP,1
794,2024-10-29,3,5+0,Germany,DEU,Saarland,DE-SL,1
794,2024-10-29,3,5+0,Norway,NOR,,,2
795,2024-11-01,2,5+1,Germany,DEU,Hessen,DE-HE,1
795,2024-11-01,2,5+1,Germany,DEU,Nordrhein-Westfalen,DE-NW,1
795,2024-11-01,3,5+0,Germany,DEU,Bayern,DE-BY,1
795,2024-11-01,3,5+0,Germany,DEU,Hamburg,DE-HH,1
795,2024-11-01,3,5+0,Germany,DEU,Hessen,DE-HE,1
795,2024-11-01,3,5+0,Denmark,DNK,,,1
795,2024-11-01,3,5+0,Finland,FIN,,,4
795,2024-11-01,3,5+0,Italy,ITA,,,1
795,2024-11-01,3,5+0,Hungary,HUN,,,1
796,2024-11-05,2,5+1,Sweden,SWE,,,1
796,2024-11-05,3,5+0,Germany,DEU,Baden-Württemberg,DE-BW,1
796,2024-11-05,3,5+0,Germany,DEU,Bayern,DE-BY,2
796,2024-11-05,3,5+0,Germany,DEU,Hessen,DE-HE,1
796,2024-11-05,3,5+0,Denmark,DNK,,,1
796,2024-11-05,3,5+0,Spain,ESP,,,1
797,2024-11-08,2,5+1,Germany,DEU,Baden-Württemberg,DE-BW,2
797,2024-11-08,2,5+1,Germany,DEU,Berlin,DE-BE,2
797,2024-11-08,2,5+1,Germany,DEU,Nordrhein-Westfalen,DE-NW,2
797,2024-11-08,2,5+1,Germany,DEU,Schleswig-Holstein,DE-SH,1
797,2024-11-08,2,5+1,Finland,FIN,,,1
797,2024-11-08,3,5+0,Germany,DEU,Bayern,DE-BY,1
797,2024-11-08,3,5+0,Germany,DEU,Hessen,DE-HE,3
797,2024-11-08,3,5+0,Germany,DEU,Niedersachsen,DE-NI,1
797,2024-11-08,3,5+0,Germany,DEU,Nordrhein-Westfalen,DE-NW,1
797,2024-11-08,3,5+0,Denmark,DNK,,,1
797,2024-11-08,3,5+0,Poland,POL,,,1
797,2024-11-08,3,5+0,Czechia,CZE,,,1
798,2024-11-12,2,5+1,Germany,DEU,Nordrhein-Westfalen,DE-NW,1
798,2024-11-12,2,5+1,Norway,NOR,,,1
798,2024-11-12,2,5+1,Slovakia,SVK,,,1
798,2024-11-12,3,5+0,Germany,DEU,Bayern,DE-BY,1
798,2024-11-12,3,5+0,Germany,DEU,Hessen,DE-HE,1
798,2024-11-12,3,5+0,Germany,DEU,Nordrhein-Westfalen,DE-NW,1
798,2024-11-12,3,5+0,Germany,DEU,Sachsen,DE-SN,1
798,2024-11-12,3,5+0,Finland,FIN,,,2
798,2024-11-12,3,5+0,Netherlands,NLD,,,1
798,2024-11-12,3,5+0,Poland,POL,,,2
799,2024-11-15,2,5+1,Germany,DEU,Baden-Württemberg,DE-BW,1
799,2024-11-15,2,5+1,Germany,DEU,Hessen,DE-HE,1
799,2024-11-15,2,5+1,Norway,NOR,,,1
799,2024-11-15,3,5+0,Germany,DEU,Baden-Württemberg,DE-BW,1
799,2024-11-15,3,5+0,Germany,DEU,Bayern,DE-BY,2
799,2024-11-15,3,5+0,Germany,DEU,Berlin,DE-BE,6
799,2024-11-15,3,5+0,Germany,DEU,Niedersachsen,DE-NI,2
799,2024-11-15,3,5+0,Germany,DEU,Nordrhein-Westfalen,DE-NW,2
799,2024-11-15,3,5+0,Finland,FIN,,,1
799,2024-11-15,3,5+0,Lithuania,LTU,,,1
799,2024-11-15,3,5+0,Sweden,SWE,,,1
799,2024-11-15,3,5+0,Spain,ESP,,,2
800,2024-11-19,2,5+1,Germany,DEU,Bayern,DE-BY,1
800,2024-11-19,2,5+1,Germany,DEU,Berlin,DE-BE,1
800,2024-11-19,2,5+1,Germany,DEU,Nordrhein-Westfalen,DE-NW,3
800,2024-11-19,2,5+1,Italy,ITA,,,1
800,2024-11-19,2,5+1,Sweden,SWE,,,1
800,2024-11-19,2,5+1,Spain,ESP,,,1
800,2024-11-19,3,5+0,Germany,DEU,Bayern,DE-BY,5
800,2024-11-19,3,5+0,Germany,DEU,Hessen,DE-HE,1
800,2024-11-19,3,5+0,Germany,DEU,Niedersachsen,DE-NI,2
800,2024-11-19,3,5+0,Denmark,DNK,,,4
800,2024-11-19,3,5+0,Netherlands,NLD,,,1
800,2024-11-19,3,5+0,Norway,NOR,,,1
800,2024-11-19,3,5+0,Czechia,CZE,,,1
800,2024-11-19,3,5+0,Hungary,HUN,,,1
801,2024-11-22,2,5+1,Germany,DEU,Baden-Württemberg,DE-BW,1
801,2024-11-22,2,5+1,Germany,DEU,Berlin,DE-BE,1
801,2024-11-22,2,5+1,Germany,DEU,Nordrhein-Westfalen,DE-NW,1
801,2024-11-22,2,5+1,Germany,DEU,Sachsen,DE-SN,1
801,2024-11-22,2,5+1,Italy,ITA,,,1
801,2024-11-22,2,5+1,Norway,NOR,,,1
801,2024-11-22,3,5+0,Germany,DEU,Baden-Württemberg,DE-BW,1
801,2024-11-22,3,5+0,Germany,DEU,Bayern,DE-BY,1
801,2024-11-22,3,5+0,Germany,DEU,Niedersachsen,DE-NI,1
801,2024-11-22,3,5+0,Germany,DEU,Nordrhein-Westfalen,DE-NW,1
801,2024-11-22,3,5+0,Denmark,DNK,,,1
801,2024-11-22,3,5+0,Finland,FIN,,,1
801,2024-11-22,3,5+0,Netherlands,NLD,,,1
801,2024-11-22,3,5+0,Spain,ESP,,,1
802,2024-11-26,2,5+1,Germany,DEU,Baden-Württemberg,DE-BW,1
802,2024-11-26,2,5+1,Slovenia,SVN,,,1
802,2024-11-26,3,5+0,Germany,DEU,Niedersachsen,DE-NI,1
802,2024-11-26,3,5+0,Germany,DEU,Nordrhein-Westfalen,DE-NW,1
802,2024-11-26,3,5+0,Finland,FIN,,,1
802,2024-11-26,3,5+0,Greece,GRC,,,1
802,2024-11-26,3,5+0,Netherlands,NLD,,,1
802,2024-11-26,3,5+0,Slovakia,SVK,,,1
802,2024-11-26,3,5+0,Spain,ESP,,,1
803,2024-11-29,2,5+1,Germany,DEU,Bayern,DE-BY,3
803,2024-11-29,2,5+1,Germany,DEU,Berlin,DE-BE,1
803,2024-11-29,2,5+1,Germany,DEU,Hessen,DE-HE,1
803,2024-11-29,2,5+1,Germany,DEU,Niedersachsen,DE-NI,2
803,2024-11-29,2,5+1,Germany,DEU,Nordrhein-Westfalen,DE-NW,1
803,2024-11-29,2,5+1,Spain,ESP,,,1
803,2024-11-29,3,5+0,Germany,DEU,Baden-Württemberg,DE-BW,1
803,2024-11-29,3,5+0,Germany,DEU,Bayern,DE-BY,4
803,2024-11-29,3,5+0,Germany,DEU,Hessen,DE-HE,1
803,2024-11-29,3,5+0,Germany,DEU,Mecklenburg-Vorpommern,DE-MV,1
803,2024-11-29,3,5+0,Germany,DEU,Niedersachsen,DE-NI,1
803,2024-11-29,3,5+0,Germany,DEU,Nordrhein-Westfalen,DE-NW,1
803,2024-11-29,3,5+0,Denmark,DNK,,,1
803,2024-11-29,3,5+0,Norway,NOR,,,1
803,2024-11-29,3,5+0,Spain,ESP,,,1
804,2024-12-03,2,5+1,Germany,DEU,Niedersachsen,DE-NI,2
804,2024-12-03,2,5+1,Germany,DEU,Nordrhein-Westfalen,DE-NW,1
804,2024-12-03,2,5+1,Denmark,DNK,,,3
804,2024-12-03,2,5+1,Poland,POL,,,1
804,2024-12-03,3,5+0,Germany,DEU,Baden-Württemberg,DE-BW,1
804,2024-12-03,3,5+0,Germany,DEU,Bayern,DE-BY,1
804,2024-12-03,3,5+0,Germany,DEU,Brandenburg,DE-BB,1
804,2024-12-03,3,5+0,Germany,DEU,Bremen,DE-HB,1
804,2024-12-03,3,5+0,Germany,DEU,Hessen,DE-HE,2
804,2024-12-03,3,5+0,Germany,DEU,Niedersachsen,DE-NI,3
804,2024-12-03,3,5+0,Germany,DEU,Nordrhein-Westfalen,DE-NW,1
804,2024-12-03,3,5+0,Germany,DEU,Sachsen,DE-SN,1
804,2024-12-03,3,5+0,Germany,DEU,Schleswig-Holstein,DE-SH,1
804,2024-12-03,3,5+0,Netherlands,NLD,,,1
804,2024-12-03,3,5+0,Norway,NOR,,,2
804,2024-12-03,3,5+0,Poland,POL,,,2
805,2024-12-06,1,5+2,Germany,DEU,Nordrhein-Westfalen,DE-NW,1
805,2024-12-06,1,5+2,Germany,DEU,Rheinland-Pfalz,DE-RP,1
805,2024-12-06,2,5+1,Germany,DEU,Hessen,DE-HE,1
805,2024-12-06,2,5+1,Germany,DEU,Nordrhein-Westfalen,DE-NW,1
805,2024-12-06,3,5+0,Germany,DEU,Baden-Württemberg,DE-BW,1
805,2024-12-06,3,5+0,Germany,DEU,Bayern,DE-BY,3
805,2024-12-06,3,5+0,Germany,DEU,Brandenburg,DE-BB,1
805,2024-12-06,3,5+0,Germany,DEU,Hamburg,DE-HH,1
805,2024-12-06,3,5+0,Germany,DEU,Hessen,DE-HE,1
805,2024-12-06,3,5+0,Denmark,DNK,,,1
805,2024-12-06,3,5+0,Finland,FIN,,,1
805,2024-12-06,3,5+0,Norway,NOR,,,1
805,2024-12-06,3,5+0,Poland,POL,,,1
805,2024-12-06,3,5+0,Spain,ESP,,,1
806,2024-12-10,2,5+1,Germany,DEU,Hamburg,DE-HH,1
806,2024-12-10,2,5+1,Germany,DEU,Niedersachsen,DE-NI,1
806,2024-12-10,2,5+1,Finland,FIN,,,1
806,2024-12-10,2,5+1,Netherlands,NLD,,,1
806,2024-12-10,2,5+1,Czechia,CZE,,,1
806,2024-12-10,3,5+0,Germany,DEU,Baden-Württemberg,DE-BW,1
806,2024-12-10,3,5+0,Germany,DEU,Hessen,DE-HE,1
806,2024-12-10,3,5+0,Germany,DEU,Niedersachsen,DE-NI,1
806,2024-12-10,3,5+0,Germany,DEU,Nordrhein-Westfalen,DE-NW,1
806,2024-12-10,3,5+0,Finland,FIN,,,1
806,2024-12-10,3,5+0,Norway,NOR,,,1
806,2024-12-10,3,5+0,Sweden,SWE,,,1
806,2024-12-10,3,5+0,Hungary,HUN,,,1
807,2024-12-13,1,5+2,Poland,POL,,,1
807,2024-12-13,2,5+1,Germany,DEU,Berlin,DE-BE,1
807,2024-12-13,2,5+1,Germany,DEU,Hamburg,DE-HH,1
807,2024-12-13,2,5+1,Germany,DEU,Nordrhein-Westfalen,DE-NW,1
807,2024-12-13,2,5+1,Czechia,CZE,,,1
807,2024-12-13,3,5+0,Germany,DEU,Baden-Württemberg,DE-BW,2
807,2024-12-13,3,5+0,Germany,DEU,Nordrhein-Westfalen,DE-NW,1
807,2024-12-13,3,5+0,Denmark,DNK,,,4
807,2024-12-13,3,5+0,Poland,POL,,,1
807,2024-12-13,3,5+0,Slovakia,SVK,,,1
808,2024-12-17,2,5+1,Germany,DEU,Baden-Württemberg,DE-BW,1
808,2024-12-17,2,5+1,Germany,DEU,Hessen,DE-HE,1
808,2024-12-17,2,5+1,Germany,DEU,Schleswig-Holstein,DE-SH,2
808,2024-12-17,2,5+1,Croatia,HRV,,,1
808,2024-12-17,2,5+1,Czechia,CZE,,,1
808,2024-12-17,3,5+0,Germany,DEU,Baden-Württemberg,DE-BW,1
808,2024-12-17,3,5+0,Germany,DEU,Bayern,DE-BY,1
808,2024-12-17,3,5+0,Germany,DEU,Berlin,DE-BE,1
808,2024-12-17,3,5+0,Germany,DEU,Niedersachsen,DE-NI,1
808,2024-12-17,3,5+0,Germany,DEU,Saarland,DE-SL,1
808,2024-12-17,3,5+0,Finland,FIN,,,1
808,2024-12-17,3,5+0,Sweden,SWE,,,1
809,2024-12-20,2,5+1,Netherlands,NLD,,,1
809,2024-12-20,2,5+1,Slovakia,SVK,,,1
809,2024-12-20,2,5+1,Czechia,CZE,,,1
809,2024-12-20,3,5+0,Finland,FIN,,,1
809,2024-12-20,3,5+0,Norway,NOR,,,1
809,2024-12-20,3,5+0,Sweden,SWE,,,1
809,2024-12-20,3,5+0,Czechia,CZE,,,1
810,2024-12-24,2,5+1,Finland,FIN,,,1
810,2024-12-24,2,5+1,Norway,NOR,,,1
810,2024-12-24,2,5+1,Poland,POL,,,2
810,2024-12-24,2,5+1,Sweden,SWE,,,1
810,2024-12-24,2,5+1,Spain,ESP,,,2
810,2024-12-24,3,5+0,Germany,DEU,Bayern,DE-BY,3
810,2024-12-24,3,5+0,Germany,DEU,Berlin,DE-BE,2
810,2024-12-24,3,5+0,Germany,DEU,Bremen,DE-HB,1
810,2024-12-24,3,5+0,Germany,DEU,Nordrhein-Westfalen,DE-NW,1
810,2024-12-24,3,5+0,Denmark,DNK,,,1
810,2024-12-24,3,5+0,Norway,NOR,,,2
810,2024-12-24,3,5+0,Slovenia,SVN,,,1
810,2024-12-24,3,5+0,Czechia,CZE,,,1
810,2024-12-24,3,5+0,Hungary,HUN,,,1
811,2024-12-27,2,5+1,Germany,DEU,Nordrhein-Westfalen,DE-NW,1
811,2024-12-27,2,5+1,Denmark,DNK,,,2
811,2024-12-27,2,5+1,Norway,NOR,,,1
811,2024-12-27,2,5+1,Slovenia,SVN,,,1
811,2024-12-27,3,5+0,Germany,DEU,Baden-Württemberg,DE-BW,1
811,2024-12-27,3,5+0,Germany,DEU,Nordrhein-Westfalen,DE-NW,1
811,2024-12-27,3,5+0,Denmark,DNK,,,2
811,2024-12-27,3,5+0,Finland,FIN,,,1
811,2024-12-27,3,5+0,Poland,POL,,,1
811,2024-12-27,3,5+0,Sweden,SWE,,,1
811,2024-12-27,3,5+0,Spain,ESP,,,1
812,2024-12-31,2,5+1,Germany,DEU,Hessen,DE-HE,1
812,2024-12-31,3,5+0,Germany,DEU,Bayern,DE-BY,1
812,2024-12-31,3,5+0,Germany,DEU,Hessen,DE-HE,1
812,2024-12-31,3,5+0,Germany,DEU,Mecklenburg-Vorpommern,DE-MV,1
812,2024-12-31,3,5+0,Germany,DEU,Nordrhein-Westfalen,DE-NW,1
812,2024-12-31,3,5+0,Norway,NOR,,,1
812,2024-12-31,3,5+0,Spain,ESP,,,2
813,2025-01-03,2,5+1,Germany,DEU,Sachsen,DE-SN,1
813,2025-01-03,2,5+1,Germany,DEU,Schleswig-Holstein,DE-SH,1
813,2025-01-03,2,5+1,Norway,NOR,,,1
813,2025-01-03,2,5+1,Sweden,SWE,,,1
813,2025-01-03,2,5+1,Spain,ESP,,,2
813,2025-01-03,3,5+0,Germany,DEU,Baden-Württemberg,DE-BW,1
813,2025-01-03,3,5+0,Germany,DEU,Bayern,DE-BY,1
813,2025-01-03,3,5+0,Germany,DEU,Nordrhein-Westfalen,DE-NW,1
813,2025-01-03,3,5+0,Denmark,DNK,,,1
813,2025-01-03,3,5+0,Finland,FIN,,,1
813,2025-01-03,3,5+0,Slovenia,SVN,,,1
813,2025-01-03,3,5+0,Czechia,CZE,,,1
814,2025-01-07,2,5+1,Germany,DEU,Schleswig-Holstein,DE-SH,1
814,2025-01-07,3,5+0,Germany,DEU,Hessen,DE-HE,1
814,2025-01-07,3,5+0,Germany,DEU,Rheinland-Pfalz,DE-RP,1
814,2025-01-07,3,5+0,Germany,DEU,Schleswig-Holstein,DE-SH,1
814,2025-01-07,3,5+0,Spain,ESP,,,1
815,2025-01-10,1,5+2,Germany,DEU,Rheinland-Pfalz,DE-RP,1
815,2025-01-10,2,5+1,Germany,DEU,Hessen,DE-HE,1
815,2025-01-10,2,5+1,Germany,DEU,Nordrhein-Westfalen,DE-NW,1
815,2025-01-10,2,5+1,Denmark,DNK,,,1
815,2025-01-10,2,5+1,Poland,POL,,,1
815,2025-01-10,3,5+0,Germany,DEU,Berlin,DE-BE,1
815,2025-01-10,3,5+0,Germany,DEU,Nordrhein-Westfalen,DE-NW,2
815,2025-01-10,3,5+0,Germany,DEU,Saarland,DE-SL,1
815,2025-01-10,3,5+0,Germany,DEU,Thüringen,DE-TH,1
815,2025-01-10,3,5+0,Finland,FIN,,,1
815,2025-01-10,3,5+0,Italy,ITA,,,1
815,2025-01-10,3,5+0,Norway,NOR,,,1
815,2025-01-10,3,5+0,Sweden,SWE,,,1
816,2025-01-14,2,5+1,Germany,DEU,Hessen,DE-HE,1
816,2025-01-14,2,5+1,Germany,DEU,Nordrhein-Westfalen,DE-NW,1
816,2025-01-14,2,5+1,Germany,DEU,Schleswig-Holstein,DE-SH,1
816,2025-01-14,2,5+1,Greece,GRC,,,1
816,2025-01-14,2,5+1,Croatia,HRV,,,2
816,2025-01-14,3,5+0,Germany,DEU,Baden-Württemberg,DE-BW,1
816,2025-01-14,3,5+0,Germany,DEU,Berlin,DE-BE,2
816,2025-01-14,3,5+0,Germany,DEU,Brandenburg,DE-BB,1
816,2025-01-14,3,5+0,Germany,DEU,Hessen,DE-HE,1
816,2025-01-14,3,5+0,Germany,DEU,Niedersachsen,DE-NI,1
816,2025-01-14,3,5+0,Germany,DEU,Nordrhein-Westfalen,DE-NW,2
816,2025-01-14,3,5+0,Germany,DEU,Rheinland-Pfalz,DE-RP,1
816,2025-01-14,3,5+0,Germany,DEU,Thüringen,DE-TH,1
816,2025-01-14,3,5+0,Finland,FIN,,,2
816,2025-01-14,3,5+0,Norway,NOR,,,1
816,2025-01-14,3,5+0,Poland,POL,,,1
816,2025-01-14,3,5+0,Sweden,SWE,,,1
816,2025-01-14,3,5+0,Hungary,HUN,,,1
817,2025-01-17,2,5+1,Germany,DEU,Baden-Württemberg,DE-BW,1
817,2025-01-17,2,5+1,Germany,DEU,Bayern,DE-BY,1
817,2025-01-17,2,5+1,Germany,DEU,Nordrhein-Westfalen,DE-NW,1
817,2025-01-17,3,5+0,Germany,DEU,Bayern,DE-BY,3
817,2025-01-17,3,5+0,Germany,DEU,Berlin,DE-BE,1
817,2025-01-17,3,5+0,Germany,DEU,Hessen,DE-HE,1
817,2025-01-17,3,5+0,Germany,DEU,Niedersachsen,DE-NI,1
817,2025-01-17,3,5+0,Germany,DEU,Nordrhein-Westfalen,DE-NW,1
817,2025-01-17,3,5+0,Germany,DEU,Rheinland-Pfalz,DE-RP,1
817,2025-01-17,3,5+0,Finland,FIN,,,1
817,2025-01-17,3,5+0,Greece,GRC,,,1
817,2025-01-17,3,5+0,Iceland,ISL,,,1
817,2025-01-17,3,5+0,Sweden,SWE,,,1
818,2025-01-21,2,5+1,Germany,DEU,Thüringen,DE-TH,1
818,2025-01-21,3,5+0,Germany,DEU,Baden-Württemberg,DE-BW,1
818,2025-01-21,3,5+0,Germany,DEU,Hamburg,DE-HH,1
818,2025-01-21,3,5+0,Germany,DEU,Rheinland-Pfalz,DE-RP,1
818,2025-01-21,3,5+0,Denmark,DNK,,,1
818,2025-01-21,3,5+0,Finland,FIN,,,1
818,2025-01-21,3,5+0,Poland,POL,,,1
818,2025-01-21,3,5+0,Slovenia,SVN,,,1
819,2025-01-24,2,5+1,Germany,DEU,Berlin,DE-BE,1
819,2025-01-24,2,5+1,Finland,FIN,,,1
819,2025-01-24,2,5+1,Italy,ITA,,,1
819,2025-01-24,3,5+0,Germany,DEU,Bayern,DE-BY,1
819,2025-01-24,3,5+0,Germany,DEU,Hamburg,DE-HH,1
819,2025-01-24,3,5+0,Germany,DEU,Niedersachsen,DE-NI,1
819,2025-01-24,3,5+0,Germany,DEU,Nordrhein-Westfalen,DE-NW,1
819,2025-01-24,3,5+0,Denmark,DNK,,,3
819,2025-01-24,3,5+0,Italy,ITA,,,1
819,2025-01-24,3,5+0,Sweden,SWE,,,1
820,2025-01-28,3,5+0,Germany,DEU,Berlin,DE-BE,1
820,2025-01-28,3,5+0,Germany,DEU,Hessen,DE-HE,1
820,2025-01-28,3,5+0,Denmark,DNK,,,1
820,2025-01-28,3,5+0,Finland,FIN,,,1
820,2025-01-28,3,5+0,Norway,NOR,,,2
820,2025-01-28,3,5+0,Poland,POL,,,1
820,2025-01-28,3,5+0,Sweden,SWE,,,1
820,2025-01-28,3,5+0,Slovakia,SVK,,,1
821,2025-01-31,2,5+1,Germany,DEU,Hessen,DE-HE,1
821,2025-01-31,2,5+1,Germany,DEU,Sachsen,DE-SN,1
821,2025-01-31,2,5+1,Slovakia,SVK,,,1
821,2025-01-31,2,5+1,Czechia,CZE,,,1
821,2025-01-31,3,5+0,Finland,FIN,,,1
821,2025-01-31,3,5+0,Croatia,HRV,,,1
821,2025-01-31,3,5+0,Norway,NOR,,,1
821,2025-01-31,3,5+0,Poland,POL,,,1
822,2025-02-04,2,5+1,Germany,DEU,Hessen,DE-HE,2
822,2025-02-04,3,5+0,Czechia,CZE,,,1
823,2025-02-07,2,5+1,Germany,DEU,Bayern,DE-BY,1
823,2025-02-07,2,5+1,Denmark,DNK,,,1
823,2025-02-07,2,5+1,Poland,POL,,,1
823,2025-02-07,3,5+0,Germany,DEU,Baden-Württemberg,DE-BW,1
823,2025-02-07,3,5+0,Germany,DEU,Hamburg,DE-HH,1
823,2025-02-07,3,5+0,Germany,DEU,Nordrhein-Westfalen,DE-NW,1
823,2025-02-07,3,5+0,Germany,DEU,Rheinland-Pfalz,DE-RP,1
823,2025-02-07,3,5+0,Germany,DEU,Sachsen,DE-SN,1
823,2025-02-07,3,5+0,Germany,DEU,Thüringen,DE-TH,1
823,2025-02-07,3,5+0,Denmark,DNK,,,1
823,2025-02-07,3,5+0,Greece,GRC,,,2
823,2025-02-07,3,5+0,Netherlands,NLD,,,1
823,2025-02-07,3,5+0,Norway,NOR,,,3
823,2025-02-07,3,5+0,Spain,ESP,,,1
824,2025-02-11,1,5+2,Germany,DEU,Hessen,DE-HE,1
824,2025-02-11,2,5+1,Germany,DEU,Bayern,DE-BY,1
824,2025-02-11,2,5+1,Germany,DEU,Sachsen,DE-SN,1
824,2025-02-11,2,5+1,Slovakia,SVK,,,1
824,2025-02-11,3,5+0,Germany,DEU,Baden-Württemberg,DE-BW,2
824,2025-02-11,3,5+0,Germany,DEU,Niedersachsen,DE-NI,1
824,2025-02-11,3,5+0,Denmark,DNK,,,1
824,2025-02-11,3,5+0,Finland,FIN,,,1
824,2025-02-11,3,5+0,Italy,ITA,,,1
824,2025-02-11,3,5+0,Lithuania,LTU,,,1
824,2025-02-11,3,5+0,Norway,NOR,,,1
824,2025-02-11,3,5+0,Slovakia,SVK,,,1
824,2025-02-11,3,5+0,Slovenia,SVN,,,1
824,2025-02-11,3,5+0,Czechia,CZE,,,2
825,2025-02-14,1,5+2,Norway,NOR,,,1
825,2025-02-14,2,5+1,Norway,NOR,,,1
825,2025-02-14,3,5+0,Germany,DEU,Nordrhein-Westfalen,DE-NW,1
825,2025-02-14,3,5+0,Denmark,DNK,,,2
825,2025-02-14,3,5+0,Norway,NOR,,,1
825,2025-02-14,3,5+0,Sweden,SWE,,,2
826,2025-02-18,2,5+1,Germany,DEU,Nordrhein-Westfalen,DE-NW,2
826,2025-02-18,2,5+1,Germany,DEU,Sachsen,DE-SN,1
826,2025-02-18,3,5+0,Iceland,ISL,,,1
827,2025-02-21,2,5+1,Sweden,SWE,,,1
827,2025-02-21,3,5+0,Germany,DEU,Nordrhein-Westfalen,DE-NW,1
827,2025-02-21,3,5+0,Finland,FIN,,,1
827,2025-02-21,3,5+0,Italy,ITA,,,1
827,2025-02-21,3,5+0,Norway,NOR,,,1
827,2025-02-21,3,5+0,Sweden,SWE,,,1
827,2025-02-21,3,5+0,Czechia,CZE,,,1
828,2025-02-25,2,5+1,Sweden,SWE,,,1
828,2025-02-25,3,5+0,Finland,FIN,,,2
829,2025-02-28,2,5+1,Germany,DEU,Nordrhein-Westfalen,DE-NW,1
829,2025-02-28,2,5+1,Denmark,DNK,,,2
829,2025-02-28,2,5+1,Spain,ESP,,,1
829,2025-02-28,3,5+0,Germany,DEU,Bayern,DE-BY,1
829,2025-02-28,3,5+0,Germany,DEU,Berlin,DE-BE,2
829,2025-02-28,3,5+0,Germany,DEU,Niedersachsen,DE-NI,1
829,2025-02-28,3,5+0,Germany,DEU,Rheinland-Pfalz,DE-RP,1
829,2025-02-28,3,5+0,Finland,FIN,,,2
829,2025-02-28,3,5+0,Spain,ESP,,,1
830,2025-03-04,2,5+1,Germany,DEU,Nordrhein-Westfalen,DE-NW,1
830,2025-03-04,2,5+1,Czechia,CZE,,,1
830,2025-03-04,3,5+0,Germany,DEU,Baden-Württemberg,DE-BW,2
830,2025-03-04,3,5+0,Germany,DEU,Bayern,DE-BY,2
830,2025-03-04,3,5+0,Sweden,SWE,,,1
830,2025-03-04,3,5+0,Slovakia,SVK,,,2
830,2025-03-04,3,5+0,Czechia,CZE,,,1
830,2025-03-04,3,5+0,Hungary,HUN,,,1
831,2025-03-07,2,5+1,Germany,DEU,Nordrhein-Westfalen,DE-NW,2
831,2025-03-07,2,5+1,Norway,NOR,,,1
831,2025-03-07,3,5+0,Germany,DEU,Niedersachsen,DE-NI,1
831,2025-03-07,3,5+0,Germany,DEU,Nordrhein-Westfalen,DE-NW,2
831,2025-03-07,3,5+0,Finland,FIN,,,2
831,2025-03-07,3,5+0,Lithuania,LTU,,,1
831,2025-03-07,3,5+0,Slovakia,SVK,,,1
832,2025-03-11,2,5+1,Germany,DEU,Hamburg,DE-HH,1
832,2025-03-11,2,5+1,Denmark,DNK,,,1
832,2025-03-11,3,5+0,Germany,DEU,Bayern,DE-BY,2
832,2025-03-11,3,5+0,Germany,DEU,Berlin,DE-BE,1
832,2025-03-11,3,5+0,Germany,DEU,Niedersachsen,DE-NI,1
832,2025-03-11,3,5+0,Germany,DEU,Rheinland-Pfalz,DE-RP,1
832,2025-03-11,3,5+0,Germany,DEU,Sachsen,DE-SN,1
832,2025-03-11,3,5+0,Latvia,LVA,,,1
832,2025-03-11,3,5+0,Poland,POL,,,1
833,2025-03-14,2,5+1,Germany,DEU,Baden-Württemberg,DE-BW,1
833,2025-03-14,2,5+1,Germany,DEU,Bayern,DE-BY,1
833,2025-03-14,2,5+1,Germany,DEU,Berlin,DE-BE,1
833,2025-03-14,2,5+1,Germany,DEU,Niedersachsen,DE-NI,1
833,2025-03-14,2,5+1,Germany,DEU,Nordrhein-Westfalen,DE-NW,3
833,2025-03-14,2,5+1,Croatia,HRV,,,1
833,2025-03-14,2,5+1,Hungary,HUN,,,1
833,2025-03-14,3,5+0,Germany,DEU,Hessen,DE-HE,1
833,2025-03-14,3,5+0,Germany,DEU,Niedersachsen,DE-NI,2
833,2025-03-14,3,5+0,Germany,DEU,Nordrhein-Westfalen,DE-NW,4
833,2025-03-14,3,5+0,Germany,DEU,Sachsen,DE-SN,1
833,2025-03-14,3,5+0,Finland,FIN,,,1
833,2025-03-14,3,5+0,Greece,GRC,,,1
833,2025-03-14,3,5+0,Croatia,HRV,,,1
833,2025-03-14,3,5+0,Latvia,LVA,,,2
833,2025-03-14,3,5+0,Netherlands,NLD,,,1
833,2025-03-14,3,5+0,Sweden,SWE,,,1
833,2025-03-14,3,5+0,Hungary,HUN,,,2
834,2025-03-18,2,5+1,Germany,DEU,Baden-Württemberg,DE-BW,1
834,2025-03-18,2,5+1,Germany,DEU,Berlin,DE-BE,1
834,2025-03-18,3,5+0,Denmark,DNK,,,1
834,2025-03-18,3,5+0,Finland,FIN,,,1
834,2025-03-18,3,5+0,Czechia,CZE,,,1
835,2025-03-21,2,5+1,Germany,DEU,Nordrhein-Westfalen,DE-NW,1
835,2025-03-21,2,5+1,Denmark,DNK,,,1
835,2025-03-21,2,5+1,Finland,FIN,,,1
835,2025-03-21,2,5+1,Croatia,HRV,,,1
835,2025-03-21,2,5+1,Slovakia,SVK,,,1
835,2025-03-21,2,5+1,Spain,ESP,,,1
835,2025-03-21,3,5+0,Germany,DEU,Baden-Württemberg,DE-BW,1
835,2025-03-21,3,5+0,Germany,DEU,Bayern,DE-BY,4
835,2025-03-21,3,5+0,Germany,DEU,Berlin,DE-BE,1
835,2025-03-21,3,5+0,Germany,DEU,Hessen,DE-HE,4
835,2025-03-21,3,5+0,Germany,DEU,Nordrhein-Westfalen,DE-NW,3
835,2025-03-21,3,5+0,Germany,DEU,Sachsen,DE-SN,1
835,2025-03-21,3,5+0,Germany,DEU,Sachsen-Anhalt,DE-ST,1
835,2025-03-21,3,5+0,Germany,DEU,Schleswig-Holstein,DE-SH,1
835,2025-03-21,3,5+0,Germany,DEU,Thüringen,DE-TH,1
835,2025-03-21,3,5+0,Denmark,DNK,,,1
835,2025-03-21,3,5+0,Finland,FIN,,,1
835,2025-03-21,3,5+0,Italy,ITA,,,1
835,2025-03-21,3,5+0,Norway,NOR,,,4
836,2025-03-25,1,5+2,Sweden,SWE,,,1
836,2025-03-25,2,5+1,Germany,DEU,Bayern,DE-BY,2
836,2025-03-25,2,5+1,Germany,DEU,Berlin,DE-BE,1
836,2025-03-25,2,5+1,Denmark,DNK,,,1
836,2025-03-25,2,5+1,Poland,POL,,,2
836,2025-03-25,3,5+0,Germany,DEU,Baden-Württemberg,DE-BW,1
836,2025-03-25,3,5+0,Germany,DEU,Nordrhein-Westfalen,DE-NW,1
836,2025-03-25,3,5+0,Germany,DEU,Sachsen,DE-SN,1
836,2025-03-25,3,5+0,Norway,NOR,,,2
836,2025-03-25,3,5+0,Poland,POL,,,1
836,2025-03-25,3,5+0,Sweden,SWE,,,1
837,2025-03-28,2,5+1,Germany,DEU,Baden-Württemberg,DE-BW,1
837,2025-03-28,2,5+1,Germany,DEU,Berlin,DE-BE,1
837,2025-03-28,2,5+1,Denmark,DNK,,,1
837,2025-03-28,2,5+1,Spain,ESP,,,1
837,2025-03-28,3,5+0,Germany,DEU,Baden-Württemberg,DE-BW,2
837,2025-03-28,3,5+0,Germany,DEU,Bayern,DE-BY,2
837,2025-03-28,3,5+0,Germany,DEU,Hamburg,DE-HH,1
837,2025-03-28,3,5+0,Germany,DEU,Rheinland-Pfalz,DE-RP,1
837,2025-03-28,3,5+0,Germany,DEU,Sachsen-Anhalt,DE-ST,2
837,2025-03-28,3,5+0,Germany,DEU,Schleswig-Holstein,DE-SH,1
838,2025-04-01,2,5+1,Poland,POL,,,1
838,2025-04-01,3,5+0,Germany,DEU,Rheinland-Pfalz,DE-RP,1
838,2025-04-01,3,5+0,Finland,FIN,,,1
838,2025-04-01,3,5+0,Norway,NOR,,,2
838,2025-04-01,3,5+0,Sweden,SWE,,,1
838,2025-04-01,3,5+0,Slovakia,SVK,,,1
839,2025-04-04,2,5+1,Germany,DEU,Bayern,DE-BY,1
839,2025-04-04,2,5+1,Germany,DEU,Nordrhein-Westfalen,DE-NW,2
839,2025-04-04,2,5+1,Finland,FIN,,,1
839,2025-04-04,3,5+0,Denmark,DNK,,,1
839,2025-04-04,3,5+0,Norway,NOR,,,2
839,2025-04-04,3,5+0,Slovakia,SVK,,,1
839,2025-04-04,3,5+0,Spain,ESP,,,1
840,2025-04-08,2,5+1,Finland,FIN,,,2
840,2025-04-08,3,5+0,Finland,FIN,,,2
840,2025-04-08,3,5+0,Netherlands,NLD,,,1
840,2025-04-08,3,5+0,Spain,ESP,,,1
841,2025-04-11,2,5+1,Germany,DEU,Bayern,DE-BY,1
841,2025-04-11,2,5+1,Germany,DEU,Berlin,DE-BE,1
841,2025-04-11,2,5+1,Germany,DEU,Hamburg,DE-HH,1
841,2025-04-11,2,5+1,Latvia,LVA,,,1
841,2025-04-11,2,5+1,Sweden,SWE,,,1
841,2025-04-11,3,5+0,Germany,DEU,Bayern,DE-BY,1
841,2025-04-11,3,5+0,Germany,DEU,Nordrhein-Westfalen,DE-NW,1
841,2025-04-11,3,5+0,Denmark,DNK,,,1
841,2025-04-11,3,5+0,Norway,NOR,,,1
841,2025-04-11,3,5+0,Slovakia,SVK,,,1
842,2025-04-15,2,5+1,Finland,FIN,,,2
842,2025-04-15,2,5+1,Czechia,CZE,,,1
842,2025-04-15,3,5+0,Germany,DEU,Baden-Württemberg,DE-BW,1
842,2025-04-15,3,5+0,Germany,DEU,Bayern,DE-BY,1
842,2025-04-15,3,5+0,Germany,DEU,Niedersachsen,DE-NI,1
842,2025-04-15,3,5+0,Denmark,DNK,,,1
842,2025-04-15,3,5+0,Finland,FIN,,,1
842,2025-04-15,3,5+0,Netherlands,NLD,,,1
842,2025-04-15,3,5+0,Norway,NOR,,,1
843,2025-04-18,2,5+1,Germany,DEU,Baden-Württemberg,DE-BW,1
843,2025-04-18,2,5+1,Norway,NOR,,,1
843,2025-04-18,2,5+1,Slovakia,SVK,,,3
843,2025-04-18,3,5+0,Germany,DEU,Bayern,DE-BY,1
843,2025-04-18,3,5+0,Germany,DEU,Hessen,DE-HE,1
843,2025-04-18,3,5+0,Germany,DEU,Nordrhein-Westfalen,DE-NW,3
843,2025-04-18,3,5+0,Finland,FIN,,,1
843,2025-04-18,3,5+0,Netherlands,NLD,,,1
843,2025-04-18,3,5+0,Slovakia,SVK,,,3
843,2025-04-18,3,5+0,Spain,ESP,,,1
844,2025-04-22,2,5+1,Germany,DEU,Niedersachsen,DE-NI,1
844,2025-04-22,2,5+1,Norway,NOR,,,1
844,2025-04-22,2,5+1,Slovakia,SVK,,,1
844,2025-04-22,3,5+0,Germany,DEU,Hessen,DE-HE,1
844,2025-04-22,3,5+0,Denmark,DNK,,,1
844,2025-04-22,3,5+0,Finland,FIN,,,2
844,2025-04-22,3,5+0,Poland,POL,,,2
844,2025-04-22,3,5+0,Slovakia,SVK,,,1
845,2025-04-25,2,5+1,Germany,DEU,Baden-Württemberg,DE-BW,1
845,2025-04-25,2,5+1,Germany,DEU,Hessen,DE-HE,1
845,2025-04-25,2,5+1,Finland,FIN,,,3
845,2025-04-25,3,5+0,Germany,DEU,Nordrhein-Westfalen,DE-NW,1
845,2025-04-25,3,5+0,Denmark,DNK,,,1
845,2025-04-25,3,5+0,Finland,FIN,,,1
845,2025-04-25,3,5+0,Greece,GRC,,,1
845,2025-04-25,3,5+0,Poland,POL,,,2
845,2025-04-25,3,5+0,Sweden,SWE,,,1
845,2025-04-25,3,5+0,Slovakia,SVK,,,1
845,2025-04-25,3,5+0,Slovenia,SVN,,,1
845,2025-04-25,3,5+0,Spain,ESP,,,1
845,2025-04-25,3,5+0,Czechia,CZE,,,1
846,2025-04-29,2,5+1,Germany,DEU,Bayern,DE-BY,1
846,2025-04-29,2,5+1,Germany,DEU,Nordrhein-Westfalen,DE-NW,1
846,2025-04-29,2,5+1,Germany,DEU,Thüringen,DE-TH,1
846,2025-04-29,2,5+1,Croatia,HRV,,,1
846,2025-04-29,2,5+1,Netherlands,NLD,,,1
846,2025-04-29,2,5+1,Poland,POL,,,1
846,2025-04-29,3,5+0,Germany,DEU,Hessen,DE-HE,1
846,2025-04-29,3,5+0,Germany,DEU,Nordrhein-Westfalen,DE-NW,1
846,2025-04-29,3,5+0,Germany,DEU,Schleswig-Holstein,DE-SH,1
846,2025-04-29,3,5+0,Denmark,DNK,,,1
846,2025-04-29,3,5+0,Greece,GRC,,,1
847,2025-05-02,2,5+1,Germany,DEU,Baden-Württemberg,DE-BW,1
847,2025-05-02,2,5+1,Germany,DEU,Bayern,DE-BY,2
847,2025-05-02,2,5+1,Germany,DEU,Berlin,DE-BE,1
847,2025-05-02,2,5+1,Germany,DEU,Bremen,DE-HB,1
847,2025-05-02,2,5+1,Germany,DEU,Hessen,DE-HE,1
847,2025-05-02,2,5+1,Germany,DEU,Niedersachsen,DE-NI,1
847,2025-05-02,2,5+1,Germany,DEU,Nordrhein-Westfalen,DE-NW,1
847,2025-05-02,2,5+1,Germany,DEU,Sachsen-Anhalt,DE-ST,1
847,2025-05-02,3,5+0,Germany,DEU,Baden-Württemberg,DE-BW,3
847,2025-05-02,3,5+0,Germany,DEU,Bayern,DE-BY,1
847,2025-05-02,3,5+0,Germany,DEU,Niedersachsen,DE-NI,1
847,2025-05-02,3,5+0,Germany,DEU,Nordrhein-Westfalen,DE-NW,2
847,2025-05-02,3,5+0,Germany,DEU,Saarland,DE-SL,1
847,2025-05-02,3,5+0,Italy,ITA,,,1
847,2025-05-02,3,5+0,Croatia,HRV,,,1
847,2025-05-02,3,5+0,Norway,NOR,,,1
848,2025-05-06,2,5+1,Germany,DEU,Niedersachsen,DE-NI,1
848,2025-05-06,2,5+1,Germany,DEU,Schleswig-Holstein,DE-SH,1
848,2025-05-06,2,5+1,Denmark,DNK,,,1
848,2025-05-06,3,5+0,Germany,DEU,Baden-Württemberg,DE-BW,1
848,2025-05-06,3,5+0,Germany,DEU,Berlin,DE-BE,1
848,2025-05-06,3,5+0,Germany,DEU,Brandenburg,DE-BB,1
848,2025-05-06,3,5+0,Germany,DEU,Nordrhein-Westfalen,DE-NW,2
848,2025-05-06,3,5+0,Germany,DEU,Rheinland-Pfalz,DE-RP,1
848,2025-05-06,3,5+0,Denmark,DNK,,,1
848,2025-05-06,3,5+0,Netherlands,NLD,,,1
848,2025-05-06,3,5+0,Sweden,SWE,,,1
849,2025-05-09,1,5+2,Germany,DEU,Baden-Württemberg,DE-BW,1
849,2025-05-09,2,5+1,Germany,DEU,Niedersachsen,DE-NI,1
849,2025-05-09,2,5+1,Estonia,EST,,,1
849,2025-05-09,2,5+1,Finland,FIN,,,1
849,2025-05-09,2,5+1,Norway,NOR,,,1
849,2025-05-09,2,5+1,Slovakia,SVK,,,1
849,2025-05-09,3,5+0,Germany,DEU,Baden-Württemberg,DE-BW,1
849,2025-05-09,3,5+0,Germany,DEU,Bayern,DE-BY,1
849,2025-05-09,3,5+0,Germany,DEU,Niedersachsen,DE-NI,2
849,2025-05-09,3,5+0,Germany,DEU,Nordrhein-Westfalen,DE-NW,4
849,2025-05-09,3,5+0,Germany,DEU,Sachsen,DE-SN,1
849,2025-05-09,3,5+0,Finland,FIN,,,1
849,2025-05-09,3,5+0,Norway,NOR,,,1
849,2025-05-09,3,5+0,Spain,ESP,,,1
850,2025-05-13,3,5+0,Germany,DEU,Bayern,DE-BY,2
850,2025-05-13,3,5+0,Germany,DEU,Nordrhein-Westfalen,DE-NW,1
850,2025-05-13,3,5+0,Germany,DEU,Rheinland-Pfalz,DE-RP,1
850,2025-05-13,3,5+0,Denmark,DNK,,,1
851,2025-05-16,2,5+1,Germany,DEU,Bayern,DE-BY,1
851,2025-05-16,3,5+0,Germany,DEU,Baden-Württemberg,DE-BW,1
851,2025-05-16,3,5+0,Germany,DEU,Nordrhein-Westfalen,DE-NW,2
851,2025-05-16,3,5+0,Germany,DEU,Thüringen,DE-TH,1
851,2025-05-16,3,5+0,Denmark,DNK,,,1
851,2025-05-16,3,5+0,Finland,FIN,,,2
851,2025-05-16,3,5+0,Norway,NOR,,,3
851,2025-05-16,3,5+0,Poland,POL,,,2
851,2025-05-16,3,5+0,Czechia,CZE,,,1
851,2025-05-16,3,5+0,Hungary,HUN,,,1
852,2025-05-20,2,5+1,Germany,DEU,Nordrhein-Westfalen,DE-NW,1
852,2025-05-20,2,5+1,Germany,DEU,Saarland,DE-SL,1
852,2025-05-20,3,5+0,Germany,DEU,Bayern,DE-BY,1
852,2025-05-20,3,5+0,Germany,DEU,Niedersachsen,DE-NI,1
852,2025-05-20,3,5+0,Germany,DEU,Nordrhein-Westfalen,DE-NW,2
852,2025-05-20,3,5+0,Denmark,DNK,,,1
852,2025-05-20,3,5+0,Croatia,HRV,,,1
852,2025-05-20,3,5+0,Czechia,CZE,,,1
853,2025-05-23,1,5+2,Slovenia,SVN,,,1
853,2025-05-23,2,5+1,Czechia,CZE,,,1
853,2025-05-23,3,5+0,Germany,DEU,Bayern,DE-BY,1
853,2025-05-23,3,5+0,Germany,DEU,Nordrhein-Westfalen,DE-NW,3
853,2025-05-23,3,5+0,Netherlands,NLD,,,2
853,2025-05-23,3,5+0,Sweden,SWE,,,1
854,2025-05-27,2,5+1,Germany,DEU,Nordrhein-Westfalen,DE-NW,1
854,2025-05-27,2,5+1,Poland,POL,,,1
854,2025-05-27,3,5+0,Germany,DEU,Niedersachsen,DE-NI,1
854,2025-05-27,3,5+0,Denmark,DNK,,,1
854,2025-05-27,3,5+0,Finland,FIN,,,1
854,2025-05-27,3,5+0,Sweden,SWE,,,2
854,2025-05-27,3,5+0,Czechia,CZE,,,1
854,2025-05-27,3,5+0,Hungary,HUN,,,1
855,2025-05-30,1,5+2,Germany,DEU,Niedersachsen,DE-NI,1
855,2025-05-30,2,5+1,Germany,DEU,Berlin,DE-BE,1
855,2025-05-30,2,5+1,Germany,DEU,Niedersachsen,DE-NI,1
855,2025-05-30,2,5+1,Germany,DEU,Rheinland-Pfalz,DE-RP,1
855,2025-05-30,2,5+1,Finland,FIN,,,2
855,2025-05-30,3,5+0,Finland,FIN,,,1
856,2025-06-03,2,5+1,Germany,DEU,Bayern,DE-BY,1
856,2025-06-03,2,5+1,Germany,DEU,Nordrhein-Westfalen,DE-NW,1
856,2025-06-03,2,5+1,Greece,GRC,,,1
856,2025-06-03,2,5+1,Croatia,HRV,,,1
856,2025-06-03,2,5+1,Sweden,SWE,,,2
856,2025-06-03,3,5+0,Germany,DEU,Niedersachsen,DE-NI,1
856,2025-06-03,3,5+0,Denmark,DNK,,,1
856,2025-06-03,3,5+0,Finland,FIN,,,2
856,2025-06-03,3,5+0,Norway,NOR,,,1
856,2025-06-03,3,5+0,Sweden,SWE,,,1
857,2025-06-06,2,5+1,Germany,DEU,Brandenburg,DE-BB,1
857,2025-06-06,3,5+0,Germany,DEU,Baden-Württemberg,DE-BW,1
857,2025-06-06,3,5+0,Germany,DEU,Niedersachsen,DE-NI,1
857,2025-06-06,3,5+0,Germany,DEU,Nordrhein-Westfalen,DE-NW,4
857,2025-06-06,3,5+0,Germany,DEU,Rheinland-Pfalz,DE-RP,1
857,2025-06-06,3,5+0,Denmark,DNK,,,1
857,2025-06-06,3,5+0,Finland,FIN,,,1
858,2025-06-10,2,5+1,Germany,DEU,Mecklenburg-Vorpommern,DE-MV,1
858,2025-06-10,2,5+1,Denmark,DNK,,,1
858,2025-06-10,2,5+1,Greece,GRC,,,1
858,2025-06-10,2,5+1,Norway,NOR,,,1
858,2025-06-10,2,5+1,Poland,POL,,,1
858,2025-06-10,3,5+0,Germany,DEU,Bayern,DE-BY,1
858,2025-06-10,3,5+0,Germany,DEU,Niedersachsen,DE-NI,2
858,2025-06-10,3,5+0,Denmark,DNK,,,1
858,2025-06-10,3,5+0,Netherlands,NLD,,,1
858,2025-06-10,3,5+0,Norway,NOR,,,1
858,2025-06-10,3,5+0,Sweden,SWE,,,1
858,2025-06-10,3,5+0,Slovenia,SVN,,,1
858,2025-06-10,3,5+0,Hungary,HUN,,,1
859,2025-06-13,2,5+1,Germany,DEU,Berlin,DE-BE,1
859,2025-06-13,2,5+1,Latvia,LVA,,,1
859,2025-06-13,2,5+1,Norway,NOR,,,1
859,2025-06-13,2,5+1,Sweden,SWE,,,2
859,2025-06-13,2,5+1,Czechia,CZE,,,1
859,2025-06-13,3,5+0,Germany,DEU,Sachsen,DE-SN,1
859,2025-06-13,3,5+0,Estonia,EST,,,1
859,2025-06-13,3,5+0,Italy,ITA,,,1
859,2025-06-13,3,5+0,Croatia,HRV,,,1
860,2025-06-17,1,5+2,Germany,DEU,Bayern,DE-BY,1
860,2025-06-17,2,5+1,Germany,DEU,Hessen,DE-HE,1
860,2025-06-17,2,5+1,Germany,DEU,Schleswig-Holstein,DE-SH,4
860,2025-06-17,2,5+1,Iceland,ISL,,,1
860,2025-06-17,3,5+0,Germany,DEU,Bayern,DE-BY,1
860,2025-06-17,3,5+0,Germany,DEU,Berlin,DE-BE,1
860,2025-06-17,3,5+0,Germany,DEU,Rheinland-Pfalz,DE-RP,1
860,2025-06-17,3,5+0,Germany,DEU,Sachsen,DE-SN,1
860,2025-06-17,3,5+0,Germany,DEU,Schleswig-Holstein,DE-SH,7
860,2025-06-17,3,5+0,Denmark,DNK,,,1
860,2025-06-17,3,5+0,Sweden,SWE,,,2
861,2025-06-20,2,5+1,Germany,DEU,Bayern,DE-BY,1
861,2025-06-20,2,5+1,Germany,DEU,Brandenburg,DE-BB,1
861,2025-06-20,2,5+1,Hungary,HUN,,,1
861,2025-06-20,3,5+0,Germany,DEU,Hessen,DE-HE,1
861,2025-06-20,3,5+0,Germany,DEU,Niedersachsen,DE-NI,1
861,2025-06-20,3,5+0,Germany,DEU,Nordrhein-Westfalen,DE-NW,2
861,2025-06-20,3,5+0,Denmark,DNK,,,2
861,2025-06-20,3,5+0,Estonia,EST,,,1
861,2025-06-20,3,5+0,Poland,POL,,,1
862,2025-06-24,2,5+1,Germany,DEU,Rheinland-Pfalz,DE-RP,1
862,2025-06-24,2,5+1,Germany,DEU,Schleswig-Holstein,DE-SH,1
862,2025-06-24,3,5+0,Norway,NOR,,,1
863,2025-06-27,2,5+1,Germany,DEU,Nordrhein-Westfalen,DE-NW,1
863,2025-06-27,2,5+1,Denmark,DNK,,,1
863,2025-06-27,2,5+1,Netherlands,NLD,,,1
863,2025-06-27,3,5+0,Germany,DEU,Niedersachsen,DE-NI,2
863,2025-06-27,3,5+0,Germany,DEU,Thüringen,DE-TH,1
863,2025-06-27,3,5+0,Poland,POL,,,1
863,2025-06-27,3,5+0,Czechia,CZE,,,1
864,2025-07-01,2,5+1,Finland,FIN,,,1
864,2025-07-01,3,5+0,Denmark,DNK,,,1
864,2025-07-01,3,5+0,Finland,FIN,,,2
864,2025-07-01,3,5+0,Greece,GRC,,,1
864,2025-07-01,3,5+0,Poland,POL,,,1
865,2025-07-04,2,5+1,Germany,DEU,Berlin,DE-BE,2
865,2025-07-04,2,5+1,Denmark,DNK,,,1
865,2025-07-04,2,5+1,Croatia,HRV,,,1
865,2025-07-04,3,5+0,Germany,DEU,Baden-Württemberg,DE-BW,1
865,2025-07-04,3,5+0,Germany,DEU,Berlin,DE-BE,2
865,2025-07-04,3,5+0,Germany,DEU,Bremen,DE-HB,1
865,2025-07-04,3,5+0,Germany,DEU,Nordrhein-Westfalen,DE-NW,1
865,2025-07-04,3,5+0,Finland,FIN,,,1
865,2025-07-04,3,5+0,Sweden,SWE,,,2
866,2025-07-08,3,5+0,Germany,DEU,Baden-Württemberg,DE-BW,1
866,2025-07-08,3,5+0,Germany,DEU,Nordrhein-Westfalen,DE-NW,2
866,2025-07-08,3,5+0,Germany,DEU,Saarland,DE-SL,1
866,2025-07-08,3,5+0,Denmark,DNK,,,1
867,2025-07-11,2,5+1,Germany,DEU,Bayern,DE-BY,1
867,2025-07-11,2,5+1,Denmark,DNK,,,2
867,2025-07-11,2,5+1,Italy,ITA,,,1
867,2025-07-11,3,5+0,Germany,DEU,Baden-Württemberg,DE-BW,1
867,2025-07-11,3,5+0,Germany,DEU,Bayern,DE-BY,1
867,2025-07-11,3,5+0,Germany,DEU,Hessen,DE-HE,1
867,2025-07-11,3,5+0,Germany,DEU,Sachsen-Anhalt,DE-ST,1
867,2025-07-11,3,5+0,Denmark,DNK,,,1
867,2025-07-11,3,5+0,Finland,FIN,,,1
867,2025-07-11,3,5+0,Czechia,CZE,,,1
868,2025-07-15,2,5+1,Germany,DEU,Nordrhein-Westfalen,DE-NW,1
868,2025-07-15,2,5+1,Germany,DEU,Rheinland-Pfalz,DE-RP,1
868,2025-07-15,2,5+1,Poland,POL,,,1
868,2025-07-15,3,5+0,Germany,DEU,Baden-Württemberg,DE-BW,3
868,2025-07-15,3,5+0,Germany,DEU,Bayern,DE-BY,1
868,2025-07-15,3,5+0,Germany,DEU,Brandenburg,DE-BB,1
868,2025-07-15,3,5+0,Germany,DEU,Hamburg,DE-HH,1
868,2025-07-15,3,5+0,Germany,DEU,Hessen,DE-HE,1
868,2025-07-15,3,5+0,Germany,DEU,Nordrhein-Westfalen,DE-NW,1
868,2025-07-15,3,5+0,Germany,DEU,Sachsen,DE-SN,2
868,2025-07-15,3,5+0,Finland,FIN,,,1
868,2025-07-15,3,5+0,Italy,ITA,,,1
868,2025-07-15,3,5+0,Norway,NOR,,,2
868,2025-07-15,3,5+0,Spain,ESP,,,2
869,2025-07-18,2,5+1,Germany,DEU,Hamburg,DE-HH,1
869,2025-07-18,2,5+1,Germany,DEU,Niedersachsen,DE-NI,2
869,2025-07-18,2,5+1,Germany,DEU,Sachsen,DE-SN,1
869,2025-07-18,2,5+1,Finland,FIN,,,1
869,2025-07-18,3,5+0,Germany,DEU,Berlin,DE-BE,1
869,2025-07-18,3,5+0,Germany,DEU,Brandenburg,DE-BB,1
869,2025-07-18,3,5+0,Germany,DEU,Hessen,DE-HE,1
869,2025-07-18,3,5+0,Germany,DEU,Sachsen,DE-SN,1
869,2025-07-18,3,5+0,Croatia,HRV,,,2
869,2025-07-18,3,5+0,Sweden,SWE,,,1
870,2025-07-22,2,5+1,Germany,DEU,Baden-Württemberg,DE-BW,1
870,2025-07-22,2,5+1,Germany,DEU,Nordrhein-Westfalen,DE-NW,1
870,2025-07-22,2,5+1,Germany,DEU,Rheinland-Pfalz,DE-RP,2
870,2025-07-22,2,5+1,Italy,ITA,,,3
870,2025-07-22,3,5+0,Germany,DEU,Brandenburg,DE-BB,1
870,2025-07-22,3,5+0,Germany,DEU,Mecklenburg-Vorpommern,DE-MV,1
870,2025-07-22,3,5+0,Germany,DEU,Nordrhein-Westfalen,DE-NW,3
870,2025-07-22,3,5+0,Denmark,DNK,,,2
870,2025-07-22,3,5+0,Italy,ITA,,,3
871,2025-07-25,1,5+2,Germany,DEU,Sachsen-Anhalt,DE-ST,1
871,2025-07-25,1,5+2,Finland,FIN,,,1
871,2025-07-25,2,5+1,Germany,DEU,Bayern,DE-BY,1
871,2025-07-25,2,5+1,Germany,DEU,Nordrhein-Westfalen,DE-NW,1
871,2025-07-25,2,5+1,Finland,FIN,,,1
871,2025-07-25,2,5+1,Croatia,HRV,,,1
871,2025-07-25,2,5+1,Poland,POL,,,1
871,2025-07-25,2,5+1,Sweden,SWE,,,1
871,2025-07-25,3,5+0,Germany,DEU,Baden-Württemberg,DE-BW,1
871,2025-07-25,3,5+0,Germany,DEU,Berlin,DE-BE,1
871,2025-07-25,3,5+0,Germany,DEU,Niedersachsen,DE-NI,4
871,2025-07-25,3,5+0,Germany,DEU,Nordrhein-Westfalen,DE-NW,3
871,2025-07-25,3,5+0,Germany,DEU,Rheinland-Pfalz,DE-RP,1
871,2025-07-25,3,5+0,Finland,FIN,,,1
871,2025-07-25,3,5+0,Norway,NOR,,,1
871,2025-07-25,3,5+0,Slovakia,SVK,,,2
871,2025-07-25,3,5+0,Slovenia,SVN,,,1
872,2025-07-29,3,5+0,Czechia,CZE,,,2
873,2025-08-01,2,5+1,Germany,DEU,Niedersachsen,DE-NI,1
873,2025-08-01,2,5+1,Germany,DEU,Nordrhein-Westfalen,DE-NW,1
873,2025-08-01,2,5+1,Germany,DEU,Rheinland-Pfalz,DE-RP,1
873,2025-08-01,2,5+1,Estonia,EST,,,1
873,2025-08-01,2,5+1,Latvia,LVA,,,1
873,2025-08-01,2,5+1,Norway,NOR,,,1
873,2025-08-01,2,5+1,Sweden,SWE,,,2
873,2025-08-01,3,5+0,Germany,DEU,Nordrhein-Westfalen,DE-NW,1
873,2025-08-01,3,5+0,Germany,DEU,Rheinland-Pfalz,DE-RP,1
873,2025-08-01,3,5+0,Finland,FIN,,,2
873,2025-08-01,3,5+0,Norway,NOR,,,2
873,2025-08-01,3,5+0,Slovakia,SVK,,,1
873,2025-08-01,3,5+0,Czechia,CZE,,,1
873,2025-08-01,3,5+0,Hungary,HUN,,,1
874,2025-08-05,2,5+1,Germany,DEU,Nordrhein-Westfalen,DE-NW,1
874,2025-08-05,3,5+0,Germany,DEU,Berlin,DE-BE,1
874,2025-08-05,3,5+0,Germany,DEU,Nordrhein-Westfalen,DE-NW,2
874,2025-08-05,3,5+0,Germany,DEU,Rheinland-Pfalz,DE-RP,1
874,2025-08-05,3,5+0,Denmark,DNK,,,1
874,2025-08-05,3,5+0,Sweden,SWE,,,1
875,2025-08-08,1,5+2,Sweden,SWE,,,1
875,2025-08-08,2,5+1,Germany,DEU,Bayern,DE-BY,1
875,2025-08-08,2,5+1,Germany,DEU,Sachsen-Anhalt,DE-ST,1
875,2025-08-08,3,5+0,Germany,DEU,Bayern,DE-BY,2
875,2025-08-08,3,5+0,Germany,DEU,Nordrhein-Westfalen,DE-NW,2
875,2025-08-08,3,5+0,Denmark,DNK,,,2
875,2025-08-08,3,5+0,Sweden,SWE,,,1
875,2025-08-08,3,5+0,Spain,ESP,,,1
876,2025-08-12,2,5+1,Germany,DEU,Nordrhein-Westfalen,DE-NW,1
876,2025-08-12,2,5+1,Greece,GRC,,,1
876,2025-08-12,3,5+0,Germany,DEU,Brandenburg,DE-BB,1
876,2025-08-12,3,5+0,Denmark,DNK,,,1
876,2025-08-12,3,5+0,Finland,FIN,,,1
876,2025-08-12,3,5+0,Poland,POL,,,1
876,2025-08-12,3,5+0,Hungary,HUN,,,1
877,2025-08-15,2,5+1,Germany,DEU,Nordrhein-Westfalen,DE-NW,1
877,2025-08-15,3,5+0,Germany,DEU,Niedersachsen,DE-NI,1
877,2025-08-15,3,5+0,Germany,DEU,Nordrhein-Westfalen,DE-NW,1
877,2025-08-15,3,5+0,Germany,DEU,Schleswig-Holstein,DE-SH,1
877,2025-08-15,3,5+0,Poland,POL,,,1
877,2025-08-15,3,5+0,Sweden,SWE,,,1
877,2025-08-15,3,5+0,Slovakia,SVK,,,1
877,2025-08-15,3,5+0,Spain,ESP,,,1
877,2025-08-15,3,5+0,Hungary,HUN,,,1
878,2025-08-19,2,5+1,Estonia,EST,,,1
878,2025-08-19,2,5+1,Sweden,SWE,,,1
878,2025-08-19,2,5+1,Slovenia,SVN,,,1
878,2025-08-19,3,5+0,Germany,DEU,Hessen,DE-HE,1
878,2025-08-19,3,5+0,Germany,DEU,Niedersachsen,DE-NI,2
878,2025-08-19,3,5+0,Finland,FIN,,,1
878,2025-08-19,3,5+0,Italy,ITA,,,1
878,2025-08-19,3,5+0,Sweden,SWE,,,2
879,2025-08-22,3,5+0,Germany,DEU,Bayern,DE-BY,1
879,2025-08-22,3,5+0,Germany,DEU,Brandenburg,DE-BB,1
879,2025-08-22,3,5+0,Germany,DEU,Niedersachsen,DE-NI,2
879,2025-08-22,3,5+0,Germany,DEU,Nordrhein-Westfalen,DE-NW,5
879,2025-08-22,3,5+0,Germany,DEU,Thüringen,DE-TH,3
879,2025-08-22,3,5+0,Denmark,DNK,,,1
879,2025-08-22,3,5+0,Finland,FIN,,,3
879,2025-08-22,3,5+0,Italy,ITA,,,1
879,2025-08-22,3,5+0,Norway,NOR,,,1
879,2025-08-22,3,5+0,Poland,POL,,,1
879,2025-08-22,3,5+0,Sweden,SWE,,,1
880,2025-08-26,2,5+1,Germany,DEU,Thüringen,DE-TH,1
880,2025-08-26,2,5+1,Poland,POL,,,1
880,2025-08-26,3,5+0,Germany,DEU,Berlin,DE-BE,1
880,2025-08-26,3,5+0,Germany,DEU,Nordrhein-Westfalen,DE-NW,1
880,2025-08-26,3,5+0,Sweden,SWE,,,1
880,2025-08-26,3,5+0,Hungary,HUN,,,1
881,2025-08-29,2,5+1,Germany,DEU,Bayern,DE-BY,2
881,2025-08-29,2,5+1,Germany,DEU,Nordrhein-Westfalen,DE-NW,1
881,2025-08-29,2,5+1,Germany,DEU,Sachsen,DE-SN,1
881,2025-08-29,2,5+1,Spain,ESP,,,1
881,2025-08-29,3,5+0,Germany,DEU,Baden-Württemberg,DE-BW,1
881,2025-08-29,3,5+0,Germany,DEU,Hamburg,DE-HH,2
881,2025-08-29,3,5+0,Finland,FIN,,,1
881,2025-08-29,3,5+0,Netherlands,NLD,,,1
881,2025-08-29,3,5+0,Poland,POL,,,2
881,2025-08-29,3,5+0,Sweden,SWE,,,2
881,2025-08-29,3,5+0,Spain,ESP,,,1
882,2025-09-02,2,5+1,Germany,DEU,Saarland,DE-SL,1
882,2025-09-02,3,5+0,Germany,DEU,Niedersachsen,DE-NI,1
882,2025-09-02,3,5+0,Germany,DEU,Nordrhein-Westfalen,DE-NW,1
882,2025-09-02,3,5+0,Norway,NOR,,,1
883,2025-09-05,2,5+1,Germany,DEU,Bayern,DE-BY,1
883,2025-09-05,3,5+0,Germany,DEU,Hessen,DE-HE,3
883,2025-09-05,3,5+0,Germany,DEU,Niedersachsen,DE-NI,1
883,2025-09-05,3,5+0,Denmark,DNK,,,1
883,2025-09-05,3,5+0,Finland,FIN,,,1
883,2025-09-05,3,5+0,Netherlands,NLD,,,1
883,2025-09-05,3,5+0,Norway,NOR,,,2
883,2025-09-05,3,5+0,Sweden,SWE,,,1
884,2025-09-09,2,5+1,Germany,DEU,Baden-Württemberg,DE-BW,1
884,2025-09-09,2,5+1,Germany,DEU,Brandenburg,DE-BB,1
884,2025-09-09,2,5+1,Finland,FIN,,,1
884,2025-09-09,3,5+0,Germany,DEU,Berlin,DE-BE,1
884,2025-09-09,3,5+0,Germany,DEU,Niedersachsen,DE-NI,1
884,2025-09-09,3,5+0,Germany,DEU,Nordrhein-Westfalen,DE-NW,5
884,2025-09-09,3,5+0,Germany,DEU,Schleswig-Holstein,DE-SH,1
884,2025-09-09,3,5+0,Denmark,DNK,,,1
884,2025-09-09,3,5+0,Finland,FIN,,,1
884,2025-09-09,3,5+0,Norway,NOR,,,1
884,2025-09-09,3,5+0,Spain,ESP,,,1
885,2025-09-12,2,5+1,Germany,DEU,Baden-Württemberg,DE-BW,1
885,2025-09-12,2,5+1,Germany,DEU,Hessen,DE-HE,1
885,2025-09-12,2,5+1,Germany,DEU,Nordrhein-Westfalen,DE-NW,3
885,2025-09-12,2,5+1,Hungary,HUN,,,1
885,2025-09-12,3,5+0,Germany,DEU,Bayern,DE-BY,2
885,2025-09-12,3,5+0,Germany,DEU,Niedersachsen,DE-NI,1
885,2025-09-12,3,5+0,Germany,DEU,Nordrhein-Westfalen,DE-NW,5
885,2025-09-12,3,5+0,Germany,DEU,Rheinland-Pfalz,DE-RP,2
885,2025-09-12,3,5+0,Denmark,DNK,,,1
885,2025-09-12,3,5+0,Croatia,HRV,,,2
885,2025-09-12,3,5+0,Lithuania,LTU,,,2
885,2025-09-12,3,5+0,Norway,NOR,,,1
885,2025-09-12,3,5+0,Sweden,SWE,,,2
885,2025-09-12,3,5+0,Spain,ESP,,,2
885,2025-09-12,3,5+0,Hungary,HUN,,,1
886,2025-09-16,2,5+1,Germany,DEU,Bayern,DE-BY,1
886,2025-09-16,2,5+1,Germany,DEU,Schleswig-Holstein,DE-SH,1
886,2025-09-16,2,5+1,Finland,FIN,,,1
886,2025-09-16,2,5+1,Sweden,SWE,,,1
886,2025-09-16,3,5+0,Germany,DEU,Baden-Württemberg,DE-BW,1
886,2025-09-16,3,5+0,Germany,DEU,Bayern,DE-BY,2
886,2025-09-16,3,5+0,Germany,DEU,Nordrhein-Westfalen,DE-NW,1
886,2025-09-16,3,5+0,Germany,DEU,Sachsen,DE-SN,1
886,2025-09-16,3,5+0,Estonia,EST,,,1
886,2025-09-16,3,5+0,Czechia,CZE,,,1
887,2025-09-19,2,5+1,Germany,DEU,Bayern,DE-BY,1
887,2025-09-19,2,5+1,Germany,DEU,Nordrhein-Westfalen,DE-NW,1
887,2025-09-19,2,5+1,Finland,FIN,,,1
887,2025-09-19,2,5+1,Norway,NOR,,,1
887,2025-09-19,3,5+0,Germany,DEU,Baden-Württemberg,DE-BW,1
887,2025-09-19,3,5+0,Germany,DEU,Nordrhein-Westfalen,DE-NW,1
887,2025-09-19,3,5+0,Denmark,DNK,,,2
887,2025-09-19,3,5+0,Finland,FIN,,,2
887,2025-09-19,3,5+0,Poland,POL,,,1
887,2025-09-19,3,5+0,Sweden,SWE,,,1
888,2025-09-23,1,5+2,Germany,DEU,Berlin,DE-BE,1
888,2025-09-23,2,5+1,Germany,DEU,Nordrhein-Westfalen,DE-NW,1
888,2025-09-23,3,5+0,Germany,DEU,Baden-Württemberg,DE-BW,1
888,2025-09-23,3,5+0,Germany,DEU,Hamburg,DE-HH,1
888,2025-09-23,3,5+0,Germany,DEU,Nordrhein-Westfalen,DE-NW,4
888,2025-09-23,3,5+0,Germany,DEU,Sachsen,DE-SN,1
888,2025-09-23,3,5+0,Germany,DEU,Sachsen-Anhalt,DE-ST,1
888,2025-09-23,3,5+0,Finland,FIN,,,1
888,2025-09-23,3,5+0,Sweden,SWE,,,2
888,2025-09-23,3,5+0,Czechia,CZE,,,1
889,2025-09-26,2,5+1,Germany,DEU,Baden-Württemberg,DE-BW,1
889,2025-09-26,2,5+1,Germany,DEU,Hessen,DE-HE,1
889,2025-09-26,2,5+1,Denmark,DNK,,,1
889,2025-09-26,3,5+0,Germany,DEU,Baden-Württemberg,DE-BW,2
889,2025-09-26,3,5+0,Germany,DEU,Berlin,DE-BE,1
889,2025-09-26,3,5+0,Germany,DEU,Hessen,DE-HE,1
889,2025-09-26,3,5+0,Germany,DEU,Nordrhein-Westfalen,DE-NW,1
889,2025-09-26,3,5+0,Germany,DEU,Sachsen-Anhalt,DE-ST,1
889,2025-09-26,3,5+0,Greece,GRC,,,1
889,2025-09-26,3,5+0,Norway,NOR,,,1
889,2025-09-26,3,5+0,Czechia,CZE,,,1
890,2025-09-30,2,5+1,Germany,DEU,Berlin,DE-BE,1
890,2025-09-30,2,5+1,Germany,DEU,Hessen,DE-HE,1
890,2025-09-30,2,5+1,Germany,DEU,Niedersachsen,DE-NI,1
890,2025-09-30,2,5+1,Italy,ITA,,,1
890,2025-09-30,2,5+1,Poland,POL,,,1
890,2025-09-30,2,5+1,Spain,ESP,,,1
890,2025-09-30,3,5+0,Germany,DEU,Baden-Württemberg,DE-BW,2
890,2025-09-30,3,5+0,Germany,DEU,Bayern,DE-BY,1
890,2025-09-30,3,5+0,Germany,DEU,Nordrhein-Westfalen,DE-NW,2
890,2025-09-30,3,5+0,Germany,DEU,Sachsen-Anhalt,DE-ST,2
890,2025-09-30,3,5+0,Greece,GRC,,,1
890,2025-09-30,3,5+0,Italy,ITA,,,1
890,2025-09-30,3,5+0,Poland,POL,,,1
890,2025-09-30,3,5+0,Slovenia,SVN,,,1
890,2025-09-30,3,5+0,Spain,ESP,,,1
890,2025-09-30,3,5+0,Czechia,CZE,,,1
891,2025-10-03,2,5+1,Germany,DEU,Bayern,DE-BY,1
891,2025-10-03,2,5+1,Germany,DEU,Nordrhein-Westfalen,DE-NW,1
891,2025-10-03,2,5+1,Denmark,DNK,,,1
891,2025-10-03,3,5+0,Germany,DEU,Bayern,DE-BY,1
891,2025-10-03,3,5+0,Germany,DEU,Berlin,DE-BE,1
891,2025-10-03,3,5+0,Germany,DEU,Brandenburg,DE-BB,1
891,2025-10-03,3,5+0,Germany,DEU,Hamburg,DE-HH,1
891,2025-10-03,3,5+0,Germany,DEU,Niedersachsen,DE-NI,1
891,2025-10-03,3,5+0,Germany,DEU,Nordrhein-Westfalen,DE-NW,2
891,2025-10-03,3,5+0,Denmark,DNK,,,3
891,2025-10-03,3,5+0,Italy,ITA,,,1
891,2025-10-03,3,5+0,Croatia,HRV,,,1
891,2025-10-03,3,5+0,Netherlands,NLD,,,1
891,2025-10-03,3,5+0,Norway,NOR,,,7
892,2025-10-07,2,5+1,Germany,DEU,Berlin,DE-BE,1
892,2025-10-07,2,5+1,Germany,DEU,Niedersachsen,DE-NI,1
892,2025-10-07,2,5+1,Germany,DEU,Thüringen,DE-TH,1
892,2025-10-07,3,5+0,Germany,DEU,Baden-Württemberg,DE-BW,1
892,2025-10-07,3,5+0,Germany,DEU,Bayern,DE-BY,1
892,2025-10-07,3,5+0,Germany,DEU,Nordrhein-Westfalen,DE-NW,1
892,2025-10-07,3,5+0,Finland,FIN,,,1
892,2025-10-07,3,5+0,Italy,ITA,,,1
893,2025-10-10,2,5+1,Germany,DEU,Baden-Württemberg,DE-BW,1
893,2025-10-10,2,5+1,Germany,DEU,Niedersachsen,DE-NI,1
893,2025-10-10,2,5+1,Germany,DEU,Thüringen,DE-TH,1
893,2025-10-10,2,5+1,Denmark,DNK,,,1
893,2025-10-10,2,5+1,Sweden,SWE,,,1
893,2025-10-10,3,5+0,Germany,DEU,Bayern,DE-BY,1
893,2025-10-10,3,5+0,Germany,DEU,Nordrhein-Westfalen,DE-NW,1
893,2025-10-10,3,5+0,Sweden,SWE,,,1
894,2025-10-14,2,5+1,Germany,DEU,Niedersachsen,DE-NI,1
894,2025-10-14,2,5+1,Germany,DEU,Nordrhein-Westfalen,DE-NW,2
894,2025-10-14,2,5+1,Denmark,DNK,,,1
894,2025-10-14,2,5+1,Netherlands,NLD,,,1
894,2025-10-14,2,5+1,Spain,ESP,,,1
894,2025-10-14,3,5+0,Germany,DEU,Bayern,DE-BY,2
894,2025-10-14,3,5+0,Germany,DEU,Rheinland-Pfalz,DE-RP,1
894,2025-10-14,3,5+0,Denmark,DNK,,,1
894,2025-10-14,3,5+0,Sweden,SWE,,,2
894,2025-10-14,3,5+0,Hungary,HUN,,,1
895,2025-10-17,1,5+2,Germany,DEU,Hessen,DE-HE,1
895,2025-10-17,2,5+1,Germany,DEU,Baden-Württemberg,DE-BW,1
895,2025-10-17,2,5+1,Poland,POL,,,1
895,2025-10-17,3,5+0,Germany,DEU,Baden-Württemberg,DE-BW,1
895,2025-10-17,3,5+0,Germany,DEU,Bayern,DE-BY,1
895,2025-10-17,3,5+0,Germany,DEU,Brandenburg,DE-BB,1
895,2025-10-17,3,5+0,Germany,DEU,Hessen,DE-HE,1
895,2025-10-17,3,5+0,Germany,DEU,Niedersachsen,DE-NI,1
895,2025-10-17,3,5+0,Germany,DEU,Saarland,DE-SL,1
895,2025-10-17,3,5+0,Germany,DEU,Sachsen,DE-SN,1
895,2025-10-17,3,5+0,Germany,DEU,Thüringen,DE-TH,2
895,2025-10-17,3,5+0,Sweden,SWE,,,1
895,2025-10-17,3,5+0,Spain,ESP,,,1
896,2025-10-21,2,5+1,Germany,DEU,Baden-Württemberg,DE-BW,1
896,2025-10-21,2,5+1,Germany,DEU,Brandenburg,DE-BB,1
896,2025-10-21,2,5+1,Germany,DEU,Nordrhein-Westfalen,DE-NW,1
896,2025-10-21,2,5+1,Slovakia,SVK,,,1
896,2025-10-21,3,5+0,Germany,DEU,Baden-Württemberg,DE-BW,1
896,2025-10-21,3,5+0,Germany,DEU,Bayern,DE-BY,2
896,2025-10-21,3,5+0,Germany,DEU,Nordrhein-Westfalen,DE-NW,1
896,2025-10-21,3,5+0,Greece,GRC,,,1
896,2025-10-21,3,5+0,Poland,POL,,,1
896,2025-10-21,3,5+0,Spain,ESP,,,1
897,2025-10-24,2,5+1,Germany,DEU,Nordrhein-Westfalen,DE-NW,1
897,2025-10-24,2,5+1,Norway,NOR,,,1
897,2025-10-24,3,5+0,Germany,DEU,Berlin,DE-BE,1
897,2025-10-24,3,5+0,Germany,DEU,Nordrhein-Westfalen,DE-NW,1
897,2025-10-24,3,5+0,Germany,DEU,Rheinland-Pfalz,DE-RP,1
897,2025-10-24,3,5+0,Germany,DEU,Sachsen,DE-SN,1
897,2025-10-24,3,5+0,Germany,DEU,Schleswig-Holstein,DE-SH,1
897,2025-10-24,3,5+0,Denmark,DNK,,,1
897,2025-10-24,3,5+0,Norway,NOR,,,1
897,2025-10-24,3,5+0,Sweden,SWE,,,1
897,2025-10-24,3,5+0,Czechia,CZE,,,1
898,2025-10-28,2,5+1,Germany,DEU,Rheinland-Pfalz,DE-RP,1
898,2025-10-28,2,5+1,Greece,GRC,,,1
898,2025-10-28,3,5+0,Germany,DEU,Bayern,DE-BY,1
898,2025-10-28,3,5+0,Germany,DEU,Nordrhein-Westfalen,DE-NW,2
898,2025-10-28,3,5+0,Finland,FIN,,,1
898,2025-10-28,3,5+0,Hungary,HUN,,,1
899,2025-10-31,2,5+1,Germany,DEU,Berlin,DE-BE,2
899,2025-10-31,2,5+1,Germany,DEU,Niedersachsen,DE-NI,1
899,2025-10-31,2,5+1,Denmark,DNK,,,1
899,2025-10-31,2,5+1,Finland,FIN,,,1
899,2025-10-31,2,5+1,Spain,ESP,,,1
899,2025-10-31,2,5+1,Hungary,HUN,,,1
899,2025-10-31,3,5+0,Germany,DEU,Mecklenburg-Vorpommern,DE-MV,1
899,2025-10-31,3,5+0,Germany,DEU,Niedersachsen,DE-NI,1
899,2025-10-31,3,5+0,Denmark,DNK,,,1
899,2025-10-31,3,5+0,Finland,FIN,,,1
899,2025-10-31,3,5+0,Sweden,SWE,,,1
899,2025-10-31,3,5+0,Slovakia,SVK,,,1
900,2025-11-04,2,5+1,Germany,DEU,Bayern,DE-BY,1
900,2025-11-04,3,5+0,Germany,DEU,Niedersachsen,DE-NI,1
900,2025-11-04,3,5+0,Greece,GRC,,,1
900,2025-11-04,3,5+0,Slovenia,SVN,,,1
900,2025-11-04,3,5+0,Spain,ESP,,,1
901,2025-11-07,1,5+2,Germany,DEU,Nordrhein-Westfalen,DE-NW,1
901,2025-11-07,2,5+1,Germany,DEU,Baden-Württemberg,DE-BW,1
901,2025-11-07,2,5+1,Slovenia,SVN,,,1
901,2025-11-07,2,5+1,Czechia,CZE,,,1
901,2025-11-07,3,5+0,Germany,DEU,Baden-Württemberg,DE-BW,1
901,2025-11-07,3,5+0,Germany,DEU,Bayern,DE-BY,1
901,2025-11-07,3,5+0,Germany,DEU,Hessen,DE-HE,1
901,2025-11-07,3,5+0,Germany,DEU,Mecklenburg-Vorpommern,DE-MV,1
902,2025-11-11,2,5+1,Spain,ESP,,,1
902,2025-11-11,3,5+0,Germany,DEU,Bayern,DE-BY,1
902,2025-11-11,3,5+0,Germany,DEU,Hessen,DE-HE,1
902,2025-11-11,3,5+0,Germany,DEU,Nordrhein-Westfalen,DE-NW,1
902,2025-11-11,3,5+0,Hungary,HUN,,,1
903,2025-11-14,3,5+0,Germany,DEU,Baden-Württemberg,DE-BW,1
904,2025-11-18,3,5+0,Germany,DEU,Bayern,DE-BY,1
904,2025-11-18,3,5+0,Germany,DEU,Hessen,DE-HE,1
904,2025-11-18,3,5+0,Finland,FIN,,,1
904,2025-11-18,3,5+0,Czechia,CZE,,,1
905,2025-11-21,1,5+2,Germany,DEU,Baden-Württemberg,DE-BW,2
905,2025-11-21,1,5+2,Germany,DEU,Bayern,DE-BY,3
905,2025-11-21,2,5+1,Denmark,DNK,,,1
905,2025-11-21,2,5+1,Sweden,SWE,,,1
905,2025-11-21,2,5+1,Spain,ESP,,,1
905,2025-11-21,3,5+0,Sweden,SWE,,,1
905,2025-11-21,3,5+0,Hungary,HUN,,,1
906,2025-11-25,2,5+1,Germany,DEU,Berlin,DE-BE,1
906,2025-11-25,2,5+1,Sweden,SWE,,,1
906,2025-11-25,3,5+0,Germany,DEU,Nordrhein-Westfalen,DE-NW,2
906,2025-11-25,3,5+0,Netherlands,NLD,,,2
907,2025-11-28,2,5+1,Denmark,DNK,,,1
907,2025-11-28,2,5+1,Czechia,CZE,,,1
907,2025-11-28,3,5+0,Germany,DEU,Niedersachsen,DE-NI,1
907,2025-11-28,3,5+0,Germany,DEU,Sachsen-Anhalt,DE-ST,1
907,2025-11-28,3,5+0,Denmark,DNK,,,1
907,2025-11-28,3,5+0,Croatia,HRV,,,1
907,2025-11-28,3,5+0,Norway,NOR,,,1
907,2025-11-28,3,5+0,Spain,ESP,,,1
908,2025-12-02,1,5+2,Denmark,DNK,,,1
908,2025-12-02,2,5+1,Greece,GRC,,,1
908,2025-12-02,3,5+0,Germany,DEU,Bayern,DE-BY,1
908,2025-12-02,3,5+0,Germany,DEU,Nordrhein-Westfalen,DE-NW,1
908,2025-12-02,3,5+0,Denmark,DNK,,,1
908,2025-12-02,3,5+0,Finland,FIN,,,1
908,2025-12-02,3,5+0,Norway,NOR,,,1
908,2025-12-02,3,5+0,Slovenia,SVN,,,1
909,2025-12-05,1,5+2,Germany,DEU,Baden-Württemberg,DE-BW,1
909,2025-12-05,2,5+1,Germany,DEU,Sachsen,DE-SN,1
909,2025-12-05,2,5+1,Germany,DEU,Schleswig-Holstein,DE-SH,1
909,2025-12-05,2,5+1,Finland,FIN,,,1
909,2025-12-05,3,5+0,Germany,DEU,Baden-Württemberg,DE-BW,1
909,2025-12-05,3,5+0,Germany,DEU,Bayern,DE-BY,1
909,2025-12-05,3,5+0,Germany,DEU,Sachsen,DE-SN,2
909,2025-12-05,3,5+0,Finland,FIN,,,1
909,2025-12-05,3,5+0,Netherlands,NLD,,,1
909,2025-12-05,3,5+0,Norway,NOR,,,1
909,2025-12-05,3,5+0,Slovakia,SVK,,,1
910,2025-12-09,2,5+1,Germany,DEU,Nordrhein-Westfalen,DE-NW,1
910,2025-12-09,2,5+1,Slovenia,SVN,,,1
910,2025-12-09,3,5+0,Germany,DEU,Hessen,DE-HE,1
910,2025-12-09,3,5+0,Germany,DEU,Sachsen,DE-SN,1
911,2025-12-12,2,5+1,Germany,DEU,Baden-Württemberg,DE-BW,1
911,2025-12-12,2,5+1,Germany,DEU,Hamburg,DE-HH,1
911,2025-12-12,2,5+1,Germany,DEU,Nordrhein-Westfalen,DE-NW,1
911,2025-12-12,3,5+0,Germany,DEU,Hessen,DE-HE,2
911,2025-12-12,3,5+0,Denmark,DNK,,,1
911,2025-12-12,3,5+0,Norway,NOR,,,1
911,2025-12-12,3,5+0,Sweden,SWE,,,2
912,2025-12-16,2,5+1,Germany,DEU,Nordrhein-Westfalen,DE-NW,1
912,2025-12-16,2,5+1,Croatia,HRV,,,1
912,2025-12-16,3,5+0,Germany,DEU,Berlin,DE-BE,1
912,2025-12-16,3,5+0,Netherlands,NLD,,,1
912,2025-12-16,3,5+0,Norway,NOR,,,1
912,2025-12-16,3,5+0,Poland,POL,,,1
913,2025-12-19,2,5+1,Germany,DEU,Niedersachsen,DE-NI,1
913,2025-12-19,2,5+1,Norway,NOR,,,2
913,2025-12-19,2,5+1,Poland,POL,,,1
913,2025-12-19,3,5+0,Germany,DEU,Baden-Württemberg,DE-BW,1
913,2025-12-19,3,5+0,Germany,DEU,Niedersachsen,DE-NI,1
913,2025-12-19,3,5+0,Germany,DEU,Rheinland-Pfalz,DE-RP,1
913,2025-12-19,3,5+0,Finland,FIN,,,1
913,2025-12-19,3,5+0,Norway,NOR,,,2
913,2025-12-19,3,5+0,Poland,POL,,,1
914,2025-12-23,2,5+1,Germany,DEU,Baden-Württemberg,DE-BW,2
914,2025-12-23,3,5+0,Sweden,SWE,,,1
914,2025-12-23,3,5+0,Slovakia,SVK,,,1
914,2025-12-23,3,5+0,Slovenia,SVN,,,1
915,2025-12-26,2,5+1,Denmark,DNK,,,1
915,2025-12-26,2,5+1,Sweden,SWE,,,1
915,2025-12-26,3,5+0,Germany,DEU,Sachsen-Anhalt,DE-ST,1
915,2025-12-26,3,5+0,Denmark,DNK,,,1
916,2025-12-30,2,5+1,Germany,DEU,Hessen,DE-HE,1
916,2025-12-30,2,5+1,Germany,DEU,Rheinland-Pfalz,DE-RP,2
916,2025-12-30,2,5+1,Czechia,CZE,,,1
916,2025-12-30,3,5+0,Germany,DEU,Baden-Württemberg,DE-BW,2
916,2025-12-30,3,5+0,Germany,DEU,Bremen,DE-HB,1
916,2025-12-30,3,5+0,Germany,DEU,Hessen,DE-HE,2
916,2025-12-30,3,5+0,Germany,DEU,Niedersachsen,DE-NI,2
916,2025-12-30,3,5+0,Germany,DEU,Rheinland-Pfalz,DE-RP,1
916,2025-12-30,3,5+0,Germany,DEU,Sachsen,DE-SN,1
916,2025-12-30,3,5+0,Denmark,DNK,,,1
916,2025-12-30,3,5+0,Finland,FIN,,,1
916,2025-12-30,3,5+0,Greece,GRC,,,1
916,2025-12-30,3,5+0,Norway,NOR,,,2
916,2025-12-30,3,5+0,Poland,POL,,,1
916,2025-12-30,3,5+0,Sweden,SWE,,,1
917,2026-01-02,1,5+2,Finland,FIN,,,1
917,2026-01-02,2,5+1,Germany,DEU,Baden-Württemberg,DE-BW,1
917,2026-01-02,2,5+1,Germany,DEU,Berlin,DE-BE,1
917,2026-01-02,2,5+1,Germany,DEU,Sachsen-Anhalt,DE-ST,1
917,2026-01-02,2,5+1,Norway,NOR,,,1
917,2026-01-02,3,5+0,Germany,DEU,Baden-Württemberg,DE-BW,3
917,2026-01-02,3,5+0,Germany,DEU,Hamburg,DE-HH,1
917,2026-01-02,3,5+0,Germany,DEU,Hessen,DE-HE,1
917,2026-01-02,3,5+0,Germany,DEU,Niedersachsen,DE-NI,1
917,2026-01-02,3,5+0,Germany,DEU,Nordrhein-Westfalen,DE-NW,1
917,2026-01-02,3,5+0,Germany,DEU,Rheinland-Pfalz,DE-RP,1
917,2026-01-02,3,5+0,Netherlands,NLD,,,1
917,2026-01-02,3,5+0,Sweden,SWE,,,1
917,2026-01-02,3,5+0,Slovakia,SVK,,,1
918,2026-01-06,3,5+0,Germany,DEU,Berlin,DE-BE,1
918,2026-01-06,3,5+0,Germany,DEU,Mecklenburg-Vorpommern,DE-MV,1
918,2026-01-06,3,5+0,Denmark,DNK,,,1
918,2026-01-06,3,5+0,Finland,FIN,,,2
919,2026-01-09,2,5+1,Germany,DEU,Hessen,DE-HE,1
919,2026-01-09,2,5+1,Germany,DEU,Schleswig-Holstein,DE-SH,1
919,2026-01-09,2,5+1,Denmark,DNK,,,1
919,2026-01-09,3,5+0,Germany,DEU,Bayern,DE-BY,1
919,2026-01-09,3,5+0,Germany,DEU,Niedersachsen,DE-NI,1
919,2026-01-09,3,5+0,Denmark,DNK,,,3
919,2026-01-09,3,5+0,Finland,FIN,,,3
919,2026-01-09,3,5+0,Croatia,HRV,,,6
919,2026-01-09,3,5+0,Sweden,SWE,,,3
920,2026-01-13,2,5+1,Germany,DEU,Baden-Württemberg,DE-BW,1
920,2026-01-13,2,5+1,Germany,DEU,Bayern,DE-BY,1
920,2026-01-13,2,5+1,Germany,DEU,Niedersachsen,DE-NI,1
920,2026-01-13,2,5+1,Germany,DEU,Nordrhein-Westfalen,DE-NW,1
920,2026-01-13,2,5+1,Finland,FIN,,,1
920,2026-01-13,2,5+1,Spain,ESP,,,1
920,2026-01-13,3,5+0,Germany,DEU,Baden-Württemberg,DE-BW,4
920,2026-01-13,3,5+0,Germany,DEU,Nordrhein-Westfalen,DE-NW,2
920,2026-01-13,3,5+0,Germany,DEU,Thüringen,DE-TH,1
920,2026-01-13,3,5+0,Finland,FIN,,,3
920,2026-01-13,3,5+0,Italy,ITA,,,1
921,2026-01-16,2,5+1,Germany,DEU,Berlin,DE-BE,1
921,2026-01-16,2,5+1,Denmark,DNK,,,1
921,2026-01-16,2,5+1,Finland,FIN,,,1
921,2026-01-16,2,5+1,Slovakia,SVK,,,1
921,2026-01-16,2,5+1,Spain,ESP,,,1
921,2026-01-16,3,5+0,Germany,DEU,Baden-Württemberg,DE-BW,1
921,2026-01-16,3,5+0,Germany,DEU,Bayern,DE-BY,1
921,2026-01-16,3,5+0,Germany,DEU,Niedersachsen,DE-NI,1
921,2026-01-16,3,5+0,Germany,DEU,Nordrhein-Westfalen,DE-NW,4
921,2026-01-16,3,5+0,Greece,GRC,,,1
921,2026-01-16,3,5+0,Netherlands,NLD,,,1
922,2026-01-20,2,5+1,Germany,DEU,Berlin,DE-BE,1
922,2026-01-20,2,5+1,Croatia,HRV,,,1
922,2026-01-20,2,5+1,Norway,NOR,,,1
922,2026-01-20,3,5+0,Germany,DEU,Bayern,DE-BY,1
922,2026-01-20,3,5+0,Germany,DEU,Berlin,DE-BE,1
922,2026-01-20,3,5+0,Germany,DEU,Hessen,DE-HE,1
922,2026-01-20,3,5+0,Germany,DEU,Nordrhein-Westfalen,DE-NW,1
922,2026-01-20,3,5+0,Germany,DEU,Schleswig-Holstein,DE-SH,1
922,2026-01-20,3,5+0,Norway,NOR,,,1
922,2026-01-20,3,5+0,Sweden,SWE,,,2
922,2026-01-20,3,5+0,Slovenia,SVN,,,1
923,2026-01-23,1,5+2,Germany,DEU,Saarland,DE-SL,1
923,2026-01-23,2,5+1,Norway,NOR,,,1
923,2026-01-23,2,5+1,Sweden,SWE,,,2
923,2026-01-23,3,5+0,Germany,DEU,Baden-Württemberg,DE-BW,1
923,2026-01-23,3,5+0,Germany,DEU,Bayern,DE-BY,1
923,2026-01-23,3,5+0,Poland,POL,,,2
924,2026-01-27,2,5+1,Germany,DEU,Baden-Württemberg,DE-BW,1
924,2026-01-27,2,5+1,Finland,FIN,,,1
924,2026-01-27,2,5+1,Croatia,HRV,,,1
924,2026-01-27,3,5+0,Germany,DEU,Baden-Württemberg,DE-BW,1
924,2026-01-27,3,5+0,Germany,DEU,Nordrhein-Westfalen,DE-NW,1
924,2026-01-27,3,5+0,Denmark,DNK,,,1
925,2026-01-30,1,5+2,Finland,FIN,,,1
925,2026-01-30,2,5+1,Germany,DEU,Berlin,DE-BE,1
925,2026-01-30,3,5+0,Germany,DEU,Bayern,DE-BY,1
925,2026-01-30,3,5+0,Germany,DEU,Mecklenburg-Vorpommern,DE-MV,1
925,2026-01-30,3,5+0,Germany,DEU,Nordrhein-Westfalen,DE-NW,1
925,2026-01-30,3,5+0,Germany,DEU,Sachsen-Anhalt,DE-ST,1
925,2026-01-30,3,5+0,Finland,FIN,,,1
925,2026-01-30,3,5+0,Croatia,HRV,,,1
925,2026-01-30,3,5+0,Norway,NOR,,,1
926,2026-02-03,3,5+0,Germany,DEU,Bayern,DE-BY,1
926,2026-02-03,3,5+0,Germany,DEU,Niedersachsen,DE-NI,2
926,2026-02-03,3,5+0,Finland,FIN,,,1
926,2026-02-03,3,5+0,Sweden,SWE,,,2
926,2026-02-03,3,5+0,Czechia,CZE,,,1
927,2026-02-06,2,5+1,Germany,DEU,Bayern,DE-BY,1
927,2026-02-06,2,5+1,Denmark,DNK,,,1
927,2026-02-06,3,5+0,Germany,DEU,Baden-Württemberg,DE-BW,1
927,2026-02-06,3,5+0,Germany,DEU,Bayern,DE-BY,1
927,2026-02-06,3,5+0,Germany,DEU,Hamburg,DE-HH,1
927,2026-02-06,3,5+0,Netherlands,NLD,,,1
928,2026-02-10,2,5+1,Germany,DEU,Niedersachsen,DE-NI,1
928,2026-02-10,2,5+1,Spain,ESP,,,1
928,2026-02-10,3,5+0,Germany,DEU,Baden-Württemberg,DE-BW,2
928,2026-02-10,3,5+0,Germany,DEU,Berlin,DE-BE,1
928,2026-02-10,3,5+0,Germany,DEU,Hessen,DE-HE,1
928,2026-02-10,3,5+0,Germany,DEU,Niedersachsen,DE-NI,1
928,2026-02-10,3,5+0,Germany,DEU,Nordrhein-Westfalen,DE-NW,1
928,2026-02-10,3,5+0,Germany,DEU,Sachsen,DE-SN,2
928,2026-02-10,3,5+0,Sweden,SWE,,,1
929,2026-02-13,2,5+1,Germany,DEU,Bayern,DE-BY,1
929,2026-02-13,2,5+1,Germany,DEU,Nordrhein-Westfalen,DE-NW,1
929,2026-02-13,3,5+0,Germany,DEU,Baden-Württemberg,DE-BW,1
929,2026-02-13,3,5+0,Germany,DEU,Bayern,DE-BY,1
929,2026-02-13,3,5+0,Germany,DEU,Niedersachsen,DE-NI,1
929,2026-02-13,3,5+0,Norway,NOR,,,1
929,2026-02-13,3,5+0,Czechia,CZE,,,1
929,2026-02-13,3,5+0,Hungary,HUN,,,1
930,2026-02-17,2,5+1,Germany,DEU,Berlin,DE-BE,1
930,2026-02-17,3,5+0,Germany,DEU,Hessen,DE-HE,1
930,2026-02-17,3,5+0,Finland,FIN,,,1
930,2026-02-17,3,5+0,Greece,GRC,,,1
931,2026-02-20,2,5+1,Germany,DEU,Bayern,DE-BY,2
931,2026-02-20,2,5+1,Germany,DEU,Nordrhein-Westfalen,DE-NW,2
931,2026-02-20,2,5+1,Germany,DEU,Schleswig-Holstein,DE-SH,1
931,2026-02-20,2,5+1,Slovakia,SVK,,,1
931,2026-02-20,2,5+1,Spain,ESP,,,1
931,2026-02-20,3,5+0,Germany,DEU,Baden-Württemberg,DE-BW,1
931,2026-02-20,3,5+0,Germany,DEU,Berlin,DE-BE,2
931,2026-02-20,3,5+0,Germany,DEU,Brandenburg,DE-BB,1
931,2026-02-20,3,5+0,Germany,DEU,Nordrhein-Westfalen,DE-NW,1
931,2026-02-20,3,5+0,Finland,FIN,,,1
931,2026-02-20,3,5+0,Norway,NOR,,,1
931,2026-02-20,3,5+0,Sweden,SWE,,,2
932,2026-02-24,2,5+1,Germany,DEU,Niedersachsen,DE-NI,1
932,2026-02-24,2,5+1,Germany,DEU,Schleswig-Holstein,DE-SH,1
932,2026-02-24,2,5+1,Denmark,DNK,,,1
932,2026-02-24,2,5+1,Norway,NOR,,,1
932,2026-02-24,2,5+1,Poland,POL,,,1
932,2026-02-24,3,5+0,Norway,NOR,,,1
932,2026-02-24,3,5+0,Slovakia,SVK,,,1
932,2026-02-24,3,5+0,Spain,ESP,,,1
932,2026-02-24,3,5+0,Czechia,CZE,,,1
933,2026-02-27,1,5+2,Germany,DEU,Baden-Württemberg,DE-BW,1
933,2026-02-27,2,5+1,Germany,DEU,Hessen,DE-HE,1
933,2026-02-27,2,5+1,Germany,DEU,Nordrhein-Westfalen,DE-NW,1
933,2026-02-27,2,5+1,Sweden,SWE,,,1
933,2026-02-27,2,5+1,Spain,ESP,,,2
933,2026-02-27,2,5+1,Czechia,CZE,,,1
933,2026-02-27,3,5+0,Germany,DEU,Nordrhein-Westfalen,DE-NW,1
933,2026-02-27,3,5+0,Denmark,DNK,,,2
933,2026-02-27,3,5+0,Finland,FIN,,,1
933,2026-02-27,3,5+0,Netherlands,NLD,,,1
933,2026-02-27,3,5+0,Norway,NOR,,,1
933,2026-02-27,3,5+0,Slovenia,SVN,,,2
934,2026-03-03,1,5+2,Slovenia,SVN,,,1
934,2026-03-03,3,5+0,Germany,DEU,Bayern,DE-BY,3
934,2026-03-03,3,5+0,Germany,DEU,Berlin,DE-BE,1
934,2026-03-03,3,5+0,Denmark,DNK,,,1
934,2026-03-03,3,5+0,Finland,FIN,,,1
934,2026-03-03,3,5+0,Greece,GRC,,,1
934,2026-03-03,3,5+0,Croatia,HRV,,,1
934,2026-03-03,3,5+0,Sweden,SWE,,,1
935,2026-03-06,3,5+0,Germany,DEU,Bayern,DE-BY,1
935,2026-03-06,3,5+0,Germany,DEU,Berlin,DE-BE,1
935,2026-03-06,3,5+0,Germany,DEU,Hamburg,DE-HH,1
935,2026-03-06,3,5+0,Germany,DEU,Nordrhein-Westfalen,DE-NW,1
935,2026-03-06,3,5+0,Greece,GRC,,,1
935,2026-03-06,3,5+0,Sweden,SWE,,,1
935,2026-03-06,3,5+0,Spain,ESP,,,1
935,2026-03-06,3,5+0,Hungary,HUN,,,1
936,2026-03-10,2,5+1,Germany,DEU,Baden-Württemberg,DE-BW,1
936,2026-03-10,2,5+1,Germany,DEU,Rheinland-Pfalz,DE-RP,1
936,2026-03-10,2,5+1,Germany,DEU,Thüringen,DE-TH,1
936,2026-03-10,2,5+1,Finland,FIN,,,1
936,2026-03-10,2,5+1,Greece,GRC,,,1
936,2026-03-10,2,5+1,Sweden,SWE,,,1
936,2026-03-10,3,5+0,Germany,DEU,Baden-Württemberg,DE-BW,1
936,2026-03-10,3,5+0,Sweden,SWE,,,1
936,2026-03-10,3,5+0,Slovakia,SVK,,,1
937,2026-03-13,2,5+1,Germany,DEU,Bayern,DE-BY,2
937,2026-03-13,2,5+1,Germany,DEU,Niedersachsen,DE-NI,1
937,2026-03-13,2,5+1,Germany,DEU,Nordrhein-Westfalen,DE-NW,2
937,2026-03-13,2,5+1,Slovenia,SVN,,,1
937,2026-03-13,2,5+1,Hungary,HUN,,,2
937,2026-03-13,3,5+0,Germany,DEU,Niedersachsen,DE-NI,1
937,2026-03-13,3,5+0,Germany,DEU,Nordrhein-Westfalen,DE-NW,2
937,2026-03-13,3,5+0,Germany,DEU,Rheinland-Pfalz,DE-RP,1
937,2026-03-13,3,5+0,Italy,ITA,,,1
937,2026-03-13,3,5+0,Sweden,SWE,,,1
938,2026-03-17,2,5+1,Germany,DEU,Hessen,DE-HE,1
938,2026-03-17,2,5+1,Finland,FIN,,,1
938,2026-03-17,2,5+1,Poland,POL,,,1
938,2026-03-17,2,5+1,Spain,ESP,,,1
938,2026-03-17,3,5+0,Germany,DEU,Hessen,DE-HE,1
938,2026-03-17,3,5+0,Germany,DEU,Schleswig-Holstein,DE-SH,1
938,2026-03-17,3,5+0,Netherlands,NLD,,,3
939,2026-03-20,2,5+1,Germany,DEU,Baden-Württemberg,DE-BW,1
939,2026-03-20,2,5+1,Germany,DEU,Nordrhein-Westfalen,DE-NW,1
939,2026-03-20,3,5+0,Germany,DEU,Nordrhein-Westfalen,DE-NW,2
939,2026-03-20,3,5+0,Finland,FIN,,,2
939,2026-03-20,3,5+0,Poland,POL,,,1
939,2026-03-20,3,5+0,Spain,ESP,,,1
940,2026-03-24,2,5+1,Sweden,SWE,,,1
940,2026-03-24,2,5+1,Slovakia,SVK,,,1
940,2026-03-24,2,5+1,Spain,ESP,,,1
940,2026-03-24,2,5+1,Hungary,HUN,,,1
940,2026-03-24,3,5+0,Germany,DEU,Niedersachsen,DE-NI,1
940,2026-03-24,3,5+0,Germany,DEU,Nordrhein-Westfalen,DE-NW,2
940,2026-03-24,3,5+0,Sweden,SWE,,,1
941,2026-03-27,2,5+1,Germany,DEU,Nordrhein-Westfalen,DE-NW,2
941,2026-03-27,2,5+1,Germany,DEU,Schleswig-Holstein,DE-SH,1
941,2026-03-27,2,5+1,Croatia,HRV,,,1
941,2026-03-27,2,5+1,Norway,NOR,,,1
941,2026-03-27,2,5+1,Poland,POL,,,1
941,2026-03-27,3,5+0,Germany,DEU,Hessen,DE-HE,1
941,2026-03-27,3,5+0,Germany,DEU,Nordrhein-Westfalen,DE-NW,3
941,2026-03-27,3,5+0,Germany,DEU,Rheinland-Pfalz,DE-RP,1
941,2026-03-27,3,5+0,Germany,DEU,Sachsen-Anhalt,DE-ST,1
941,2026-03-27,3,5+0,Germany,DEU,Schleswig-Holstein,DE-SH,1
941,2026-03-27,3,5+0,Germany,DEU,Thüringen,DE-TH,1
941,2026-03-27,3,5+0,Denmark,DNK,,,1
941,2026-03-27,3,5+0,Netherlands,NLD,,,2
941,2026-03-27,3,5+0,Poland,POL,,,1
941,2026-03-27,3,5+0,Spain,ESP,,,1
941,2026-03-27,3,5+0,Czechia,CZE,,,1
941,2026-03-27,3,5+0,Hungary,HUN,,,1
942,2026-03-31,1,5+2,Germany,DEU,Nordrhein-Westfalen,DE-NW,1
942,2026-03-31,2,5+1,Finland,FIN,,,1
942,2026-03-31,2,5+1,Poland,POL,,,1
942,2026-03-31,2,5+1,Hungary,HUN,,,1
942,2026-03-31,3,5+0,Germany,DEU,Berlin,DE-BE,1
942,2026-03-31,3,5+0,Germany,DEU,Nordrhein-Westfalen,DE-NW,1
942,2026-03-31,3,5+0,Czechia,CZE,,,1
943,2026-04-03,1,5+2,Denmark,DNK,,,1
943,2026-04-03,2,5+1,Germany,DEU,Niedersachsen,DE-NI,1
943,2026-04-03,2,5+1,Germany,DEU,Nordrhein-Westfalen,DE-NW,1
943,2026-04-03,2,5+1,Germany,DEU,Rheinland-Pfalz,DE-RP,1
943,2026-04-03,2,5+1,Finland,FIN,,,1
943,2026-04-03,2,5+1,Sweden,SWE,,,1
943,2026-04-03,3,5+0,Germany,DEU,Baden-Württemberg,DE-BW,1
943,2026-04-03,3,5+0,Germany,DEU,Brandenburg,DE-BB,1
943,2026-04-03,3,5+0,Germany,DEU,Nordrhein-Westfalen,DE-NW,1
943,2026-04-03,3,5+0,Norway,NOR,,,1
943,2026-04-03,3,5+0,Poland,POL,,,1
943,2026-04-03,3,5+0,Sweden,SWE,,,1
943,2026-04-03,3,5+0,Hungary,HUN,,,1
944,2026-04-07,1,5+2,Finland,FIN,,,1
944,2026-04-07,1,5+2,Slovakia,SVK,,,1
944,2026-04-07,2,5+1,Germany,DEU,Thüringen,DE-TH,1
944,2026-04-07,2,5+1,Denmark,DNK,,,1
944,2026-04-07,2,5+1,Finland,FIN,,,1
944,2026-04-07,3,5+0,Germany,DEU,Niedersachsen,DE-NI,1
944,2026-04-07,3,5+0,Germany,DEU,Nordrhein-Westfalen,DE-NW,1
944,2026-04-07,3,5+0,Germany,DEU,Sachsen-Anhalt,DE-ST,1
944,2026-04-07,3,5+0,Estonia,EST,,,1
944,2026-04-07,3,5+0,Sweden,SWE,,,1
944,2026-04-07,3,5+0,Slovenia,SVN,,,1
945,2026-04-10,3,5+0,Germany,DEU,Hessen,DE-HE,2
945,2026-04-10,3,5+0,Iceland,ISL,,,1
945,2026-04-10,3,5+0,Croatia,HRV,,,1
945,2026-04-10,3,5+0,Norway,NOR,,,2
945,2026-04-10,3,5+0,Sweden,SWE,,,1
946,2026-04-14,3,5+0,Germany,DEU,Berlin,DE-BE,1
946,2026-04-14,3,5+0,Norway,NOR,,,1
946,2026-04-14,3,5+0,Hungary,HUN,,,1
947,2026-04-17,3,5+0,Germany,DEU,Baden-Württemberg,DE-BW,1
947,2026-04-17,3,5+0,Germany,DEU,Saarland,DE-SL,1
947,2026-04-17,3,5+0,Spain,ESP,,,1
948,2026-04-21,2,5+1,Germany,DEU,Bayern,DE-BY,1
948,2026-04-21,2,5+1,Spain,ESP,,,1
948,2026-04-21,3,5+0,Germany,DEU,Rheinland-Pfalz,DE-RP,1
948,2026-04-21,3,5+0,Greece,GRC,,,1
948,2026-04-21,3,5+0,Croatia,HRV,,,1
948,2026-04-21,3,5+0,Norway,NOR,,,1
948,2026-04-21,3,5+0,Sweden,SWE,,,1
949,2026-04-24,2,5+1,Finland,FIN,,,1
949,2026-04-24,2,5+1,Norway,NOR,,,1
949,2026-04-24,3,5+0,Germany,DEU,Bayern,DE-BY,1
949,2026-04-24,3,5+0,Denmark,DNK,,,1
949,2026-04-24,3,5+0,Finland,FIN,,,1
949,2026-04-24,3,5+0,Italy,ITA,,,1
949,2026-04-24,3,5+0,Norway,NOR,,,3
949,2026-04-24,3,5+0,Poland,POL,,,1
949,2026-04-24,3,5+0,Sweden,SWE,,,1
949,2026-04-24,3,5+0,Slovakia,SVK,,,1
950,2026-04-28,2,5+1,Germany,DEU,Berlin,DE-BE,1
950,2026-04-28,2,5+1,Germany,DEU,Nordrhein-Westfalen,DE-NW,1
950,2026-04-28,2,5+1,Netherlands,NLD,,,1
950,2026-04-28,3,5+0,Germany,DEU,Bayern,DE-BY,1
950,2026-04-28,3,5+0,Germany,DEU,Niedersachsen,DE-NI,1
950,2026-04-28,3,5+0,Estonia,EST,,,1
950,2026-04-28,3,5+0,Finland,FIN,,,1
950,2026-04-28,3,5+0,Latvia,LVA,,,1
950,2026-04-28,3,5+0,Sweden,SWE,,,1
951,2026-05-01,2,5+1,Germany,DEU,Niedersachsen,DE-NI,1
951,2026-05-01,2,5+1,Germany,DEU,Rheinland-Pfalz,DE-RP,1
951,2026-05-01,2,5+1,Sweden,SWE,,,1
951,2026-05-01,3,5+0,Germany,DEU,Hamburg,DE-HH,1
951,2026-05-01,3,5+0,Germany,DEU,Hessen,DE-HE,1
951,2026-05-01,3,5+0,Germany,DEU,Sachsen,DE-SN,1
951,2026-05-01,3,5+0,Finland,FIN,,,1
951,2026-05-01,3,5+0,Croatia,HRV,,,1
951,2026-05-01,3,5+0,Norway,NOR,,,1
951,2026-05-01,3,5+0,Sweden,SWE,,,1
952,2026-05-05,3,5+0,Germany,DEU,Baden-Württemberg,DE-BW,1
952,2026-05-05,3,5+0,Germany,DEU,Nordrhein-Westfalen,DE-NW,1
952,2026-05-05,3,5+0,Finland,FIN,,,1
953,2026-05-08,2,5+1,Germany,DEU,Baden-Württemberg,DE-BW,1
953,2026-05-08,2,5+1,Denmark,DNK,,,2
953,2026-05-08,2,5+1,Croatia,HRV,,,1
953,2026-05-08,2,5+1,Norway,NOR,,,1
953,2026-05-08,3,5+0,Finland,FIN,,,1
953,2026-05-08,3,5+0,Croatia,HRV,,,1
953,2026-05-08,3,5+0,Norway,NOR,,,2
954,2026-05-12,2,5+1,Germany,DEU,Baden-Württemberg,DE-BW,1
954,2026-05-12,2,5+1,Finland,FIN,,,1
954,2026-05-12,2,5+1,Croatia,HRV,,,2
954,2026-05-12,2,5+1,Poland,POL,,,1
954,2026-05-12,3,5+0,Germany,DEU,Baden-Württemberg,DE-BW,3
954,2026-05-12,3,5+0,Germany,DEU,Niedersachsen,DE-NI,2
954,2026-05-12,3,5+0,Denmark,DNK,,,2
954,2026-05-12,3,5+0,Italy,ITA,,,1
954,2026-05-12,3,5+0,Netherlands,NLD,,,1
954,2026-05-12,3,5+0,Norway,NOR,,,1
954,2026-05-12,3,5+0,Spain,ESP,,,2
955,2026-05-15,2,5+1,Germany,DEU,Nordrhein-Westfalen,DE-NW,1
955,2026-05-15,2,5+1,Germany,DEU,Sachsen,DE-SN,1
955,2026-05-15,3,5+0,Germany,DEU,Brandenburg,DE-BB,1
955,2026-05-15,3,5+0,Germany,DEU,Hessen,DE-HE,3
955,2026-05-15,3,5+0,Germany,DEU,Niedersachsen,DE-NI,1
955,2026-05-15,3,5+0,Germany,DEU,Nordrhein-Westfalen,DE-NW,1
955,2026-05-15,3,5+0,Netherlands,NLD,,,1
955,2026-05-15,3,5+0,Norway,NOR,,,1
955,2026-05-15,3,5+0,Poland,POL,,,1
955,2026-05-15,3,5+0,Sweden,SWE,,,2
956,2026-05-19,2,5+1,Germany,DEU,Hamburg,DE-HH,1
956,2026-05-19,2,5+1,Germany,DEU,Nordrhein-Westfalen,DE-NW,1
956,2026-05-19,2,5+1,Germany,DEU,Sachsen-Anhalt,DE-ST,1
956,2026-05-19,2,5+1,Norway,NOR,,,1
956,2026-05-19,3,5+0,Germany,DEU,Baden-Württemberg,DE-BW,1
956,2026-05-19,3,5+0,Germany,DEU,Bayern,DE-BY,3
956,2026-05-19,3,5+0,Germany,DEU,Niedersachsen,DE-NI,1
956,2026-05-19,3,5+0,Germany,DEU,Nordrhein-Westfalen,DE-NW,1
956,2026-05-19,3,5+0,Norway,NOR,,,2
956,2026-05-19,3,5+0,Poland,POL,,,2
956,2026-05-19,3,5+0,Sweden,SWE,,,1
957,2026-05-22,2,5+1,Germany,DEU,Hessen,DE-HE,1
957,2026-05-22,2,5+1,Germany,DEU,Mecklenburg-Vorpommern,DE-MV,1
957,2026-05-22,2,5+1,Germany,DEU,Niedersachsen,DE-NI,1
957,2026-05-22,2,5+1,Germany,DEU,Nordrhein-Westfalen,DE-NW,1
957,2026-05-22,2,5+1,Germany,DEU,Saarland,DE-SL,1
957,2026-05-22,2,5+1,Finland,FIN,,,1
957,2026-05-22,2,5+1,Iceland,ISL,,,1
957,2026-05-22,2,5+1,Sweden,SWE,,,2
957,2026-05-22,2,5+1,Slovenia,SVN,,,1
957,2026-05-22,3,5+0,Germany,DEU,Baden-Württemberg,DE-BW,2
957,2026-05-22,3,5+0,Germany,DEU,Brandenburg,DE-BB,1
957,2026-05-22,3,5+0,Germany,DEU,Niedersachsen,DE-NI,1
957,2026-05-22,3,5+0,Germany,DEU,Nordrhein-Westfalen,DE-NW,1
957,2026-05-22,3,5+0,Finland,FIN,,,2
957,2026-05-22,3,5+0,Spain,ESP,,,1
957,2026-05-22,3,5+0,Czechia,CZE,,,1
958,2026-05-26,1,5+2,Czechia,CZE,,,1
958,2026-05-26,2,5+1,Germany,DEU,Nordrhein-Westfalen,DE-NW,1
958,2026-05-26,2,5+1,Germany,DEU,Sachsen,DE-SN,2
958,2026-05-26,2,5+1,Germany,DEU,Thüringen,DE-TH,1
958,2026-05-26,2,5+1,Norway,NOR,,,1
958,2026-05-26,3,5+0,Germany,DEU,Baden-Württemberg,DE-BW,3
958,2026-05-26,3,5+0,Germany,DEU,Bayern,DE-BY,2
958,2026-05-26,3,5+0,Germany,DEU,Niedersachsen,DE-NI,1
958,2026-05-26,3,5+0,Germany,DEU,Nordrhein-Westfalen,DE-NW,4
958,2026-05-26,3,5+0,Germany,DEU,Thüringen,DE-TH,1
958,2026-05-26,3,5+0,Denmark,DNK,,,2
958,2026-05-26,3,5+0,Poland,POL,,,1
958,2026-05-26,3,5+0,Sweden,SWE,,,2
958,2026-05-26,3,5+0,Slovakia,SVK,,,1
958,2026-05-26,3,5+0,Slovenia,SVN,,,1
959,2026-05-29,2,5+1,Norway,NOR,,,1
959,2026-05-29,3,5+0,Germany,DEU,Mecklenburg-Vorpommern,DE-MV,1
959,2026-05-29,3,5+0,Denmark,DNK,,,2
959,2026-05-29,3,5+0,Norway,NOR,,,1
959,2026-05-29,3,5+0,Poland,POL,,,1
959,2026-05-29,3,5+0,Sweden,SWE,,,1
960,2026-06-02,2,5+1,Italy,ITA,,,1
960,2026-06-02,3,5+0,Germany,DEU,Baden-Württemberg,DE-BW,1
961,2026-06-05,2,5+1,Finland,FIN,,,1
961,2026-06-05,2,5+1,Italy,ITA,,,1
961,2026-06-05,3,5+0,Denmark,DNK,,,1
961,2026-06-05,3,5+0,Finland,FIN,,,1
961,2026-06-05,3,5+0,Poland,POL,,,2
962,2026-06-09,2,5+1,Germany,DEU,Hamburg,DE-HH,1
962,2026-06-09,2,5+1,Germany,DEU,Niedersachsen,DE-NI,1
962,2026-06-09,2,5+1,Germany,DEU,Nordrhein-Westfalen,DE-NW,2
962,2026-06-09,2,5+1,Norway,NOR,,,1
962,2026-06-09,3,5+0,Germany,DEU,Nordrhein-Westfalen,DE-NW,1
962,2026-06-09,3,5+0,Greece,GRC,,,1
962,2026-06-09,3,5+0,Netherlands,NLD,,,1
963,2026-06-12,2,5+1,Finland,FIN,,,2
963,2026-06-12,2,5+1,Norway,NOR,,,1
963,2026-06-12,2,5+1,Slovakia,SVK,,,1
963,2026-06-12,3,5+0,Germany,DEU,Baden-Württemberg,DE-BW,1
963,2026-06-12,3,5+0,Germany,DEU,Berlin,DE-BE,1
963,2026-06-12,3,5+0,Germany,DEU,Hessen,DE-HE,1
963,2026-06-12,3,5+0,Germany,DEU,Mecklenburg-Vorpommern,DE-MV,1
963,2026-06-12,3,5+0,Germany,DEU,Niedersachsen,DE-NI,1
963,2026-06-12,3,5+0,Germany,DEU,Nordrhein-Westfalen,DE-NW,1
963,2026-06-12,3,5+0,Denmark,DNK,,,1
963,2026-06-12,3,5+0,Finland,FIN,,,2
963,2026-06-12,3,5+0,Netherlands,NLD,,,1
963,2026-06-12,3,5+0,Sweden,SWE,,,1
963,2026-06-12,3,5+0,Slovenia,SVN,,,1
963,2026-06-12,3,5+0,Hungary,HUN,,,1
964,2026-06-16,2,5+1,Finland,FIN,,,1
964,2026-06-16,2,5+1,Czechia,CZE,,,1
964,2026-06-16,3,5+0,Denmark,DNK,,,1
965,2026-06-19,2,5+1,Germany,DEU,Baden-Württemberg,DE-BW,1
965,2026-06-19,2,5+1,Germany,DEU,Niedersachsen,DE-NI,1
965,2026-06-19,2,5+1,Netherlands,NLD,,,1
965,2026-06-19,2,5+1,Sweden,SWE,,,1
965,2026-06-19,3,5+0,Germany,DEU,Baden-Württemberg,DE-BW,1
965,2026-06-19,3,5+0,Germany,DEU,Hessen,DE-HE,1
965,2026-06-19,3,5+0,Germany,DEU,Nordrhein-Westfalen,DE-NW,1
965,2026-06-19,3,5+0,Denmark,DNK,,,2
965,2026-06-19,3,5+0,Slovenia,SVN,,,1
965,2026-06-19,3,5+0,Spain,ESP,,,1
966,2026-06-23,2,5+1,Germany,DEU,Nordrhein-Westfalen,DE-NW,1
966,2026-06-23,2,5+1,Finland,FIN,,,1
966,2026-06-23,2,5+1,Norway,NOR,,,1
966,2026-06-23,3,5+0,Germany,DEU,Baden-Württemberg,DE-BW,1
966,2026-06-23,3,5+0,Germany,DEU,Berlin,DE-BE,1
966,2026-06-23,3,5+0,Denmark,DNK,,,1
966,2026-06-23,3,5+0,Netherlands,NLD,,,2
966,2026-06-23,3,5+0,Poland,POL,,,1
966,2026-06-23,3,5+0,Czechia,CZE,,,1
967,2026-06-26,1,5+2,Germany,DEU,Nordrhein-Westfalen,DE-NW,1
967,2026-06-26,2,5+1,Germany,DEU,Bayern,DE-BY,2
967,2026-06-26,2,5+1,Germany,DEU,Niedersachsen,DE-NI,1
967,2026-06-26,2,5+1,Estonia,EST,,,1
967,2026-06-26,2,5+1,Sweden,SWE,,,1
967,2026-06-26,3,5+0,Germany,DEU,Hamburg,DE-HH,1
967,2026-06-26,3,5+0,Germany,DEU,Niedersachsen,DE-NI,1
967,2026-06-26,3,5+0,Iceland,ISL,,,1
968,2026-06-30,2,5+1,Germany,DEU,Bremen,DE-HB,1
968,2026-06-30,2,5+1,Croatia,HRV,,,1
968,2026-06-30,2,5+1,Slovakia,SVK,,,1
968,2026-06-30,3,5+0,Germany,DEU,Berlin,DE-BE,1
968,2026-06-30,3,5+0,Norway,NOR,,,1
968,2026-06-30,3,5+0,Sweden,SWE,,,1
969,2026-07-03,2,5+1,Germany,DEU,Bayern,DE-BY,1
969,2026-07-03,2,5+1,Sweden,SWE,,,1
969,2026-07-03,3,5+0,Germany,DEU,Bayern,DE-BY,1
969,2026-07-03,3,5+0,Germany,DEU,Nordrhein-Westfalen,DE-NW,2
969,2026-07-03,3,5+0,Finland,FIN,,,1
969,2026-07-03,3,5+0,Norway,NOR,,,1
969,2026-07-03,3,5+0,Sweden,SWE,,,2
970,2026-07-07,3,5+0,Germany,DEU,Berlin,DE-BE,1
971,2026-07-10,2,5+1,Germany,DEU,Niedersachsen,DE-NI,1
971,2026-07-10,2,5+1,Germany,DEU,Sachsen,DE-SN,1
971,2026-07-10,2,5+1,Germany,DEU,Schleswig-Holstein,DE-SH,2
971,2026-07-10,2,5+1,Croatia,HRV,,,1
971,2026-07-10,2,5+1,Spain,ESP,,,1
971,2026-07-10,3,5+0,Germany,DEU,Baden-Württemberg,DE-BW,3
971,2026-07-10,3,5+0,Germany,DEU,Niedersachsen,DE-NI,1
971,2026-07-10,3,5+0,Germany,DEU,Nordrhein-Westfalen,DE-NW,5
971,2026-07-10,3,5+0,Germany,DEU,Rheinland-Pfalz,DE-RP,1
971,2026-07-10,3,5+0,Denmark,DNK,,,1
971,2026-07-10,3,5+0,Iceland,ISL,,,1
971,2026-07-10,3,5+0,Norway,NOR,,,1
971,2026-07-10,3,5+0,Poland,POL,,,1
971,2026-07-10,3,5+0,Czechia,CZE,,,1
972,2026-07-14,2,5+1,Denmark,DNK,,,1
972,2026-07-14,2,5+1,Finland,FIN,,,1
972,2026-07-14,2,5+1,Sweden,SWE,,,1
972,2026-07-14,2,5+1,Czechia,CZE,,,1
972,2026-07-14,3,5+0,Norway,NOR,,,1
973,2026-07-17,2,5+1,Germany,DEU,Niedersachsen,DE-NI,1
973,2026-07-17,2,5+1,Germany,DEU,Nordrhein-Westfalen,DE-NW,1
973,2026-07-17,2,5+1,Germany,DEU,Rheinland-Pfalz,DE-RP,1
973,2026-07-17,2,5+1,Finland,FIN,,,1
973,2026-07-17,2,5+1,Sweden,SWE,,,1
973,2026-07-17,2,5+1,Spain,ESP,,,1
973,2026-07-17,3,5+0,Germany,DEU,Bayern,DE-BY,1
973,2026-07-17,3,5+0,Germany,DEU,Nordrhein-Westfalen,DE-NW,1
973,2026-07-17,3,5+0,Netherlands,NLD,,,1
973,2026-07-17,3,5+0,Slovakia,SVK,,,1
974,2026-07-21,2,5+1,Germany,DEU,Baden-Württemberg,DE-BW,1
974,2026-07-21,2,5+1,Germany,DEU,Bayern,DE-BY,2
974,2026-07-21,2,5+1,Iceland,ISL,,,1
974,2026-07-21,2,5+1,Netherlands,NLD,,,1
974,2026-07-21,3,5+0,Germany,DEU,Baden-Württemberg,DE-BW,1
974,2026-07-21,3,5+0,Estonia,EST,,,1
974,2026-07-21,3,5+0,Finland,FIN,,,1
974,2026-07-21,3,5+0,Sweden,SWE,,,1
975,2026-07-24,1,5+2,Spain,ESP,,,1
975,2026-07-24,2,5+1,Germany,DEU,Hessen,DE-HE,1
975,2026-07-24,2,5+1,Germany,DEU,Niedersachsen,DE-NI,1
975,2026-07-24,2,5+1,Germany,DEU,Nordrhein-Westfalen,DE-NW,1
975,2026-07-24,3,5+0,Germany,DEU,Bayern,DE-BY,2
975,2026-07-24,3,5+0,Germany,DEU,Brandenburg,DE-BB,1
975,2026-07-24,3,5+0,Germany,DEU,Hamburg,DE-HH,1
975,2026-07-24,3,5+0,Germany,DEU,Hessen,DE-HE,1
975,2026-07-24,3,5+0,Germany,DEU,Niedersachsen,DE-NI,2
975,2026-07-24,3,5+0,Germany,DEU,Nordrhein-Westfalen,DE-NW,3
975,2026-07-24,3,5+0,Germany,DEU,Saarland,DE-SL,1
975,2026-07-24,3,5+0,Germany,DEU,Sachsen,DE-SN,1
975,2026-07-24,3,5+0,Denmark,DNK,,,1
975,2026-07-24,3,5+0,Finland,FIN,,,4
975,2026-07-24,3,5+0,Croatia,HRV,,,2
975,2026-07-24,3,5+0,Netherlands,NLD,,,1
975,2026-07-24,3,5+0,Norway,NOR,,,1
975,2026-07-24,3,5+0,Spain,ESP,,,1
975,2026-07-24,3,5+0,Czechia,CZE,,,2
976,2026-07-28,2,5+1,Denmark,DNK,,,1
976,2026-07-28,3,5+0,Germany,DEU,Nordrhein-Westfalen,DE-NW,1
976,2026-07-28,3,5+0,Denmark,DNK,,,1
976,2026-07-28,3,5+0,Netherlands,NLD,,,1
976,2026-07-28,3,5+0,Poland,POL,,,1
977,2026-07-31,2,5+1,Germany,DEU,Niedersachsen,DE-NI,1
977,2026-07-31,2,5+1,Netherlands,NLD,,,1
977,2026-07-31,2,5+1,Norway,NOR,,,1
977,2026-07-31,3,5+0,Germany,DEU,Niedersachsen,DE-NI,1
977,2026-07-31,3,5+0,Croatia,HRV,,,1
977,2026-07-31,3,5+0,Netherlands,NLD,,,1
978,2026-08-04,2,5+1,Norway,NOR,,,1
978,2026-08-04,3,5+0,Germany,DEU,Baden-Württemberg,DE-BW,1
978,2026-08-04,3,5+0,Germany,DEU,Berlin,DE-BE,3
978,2026-08-04,3,5+0,Germany,DEU,Niedersachsen,DE-NI,1
978,2026-08-04,3,5+0,Italy,ITA,,,1
978,2026-08-04,3,5+0,Sweden,SWE,,,1
978,2026-08-04,3,5+0,Slovakia,SVK,,,1
978,2026-08-04,3,5+0,Slovenia,SVN,,,1
978,2026-08-04,3,5+0,Hungary,HUN,,,1
979,2026-08-07,1,5+2,Germany,DEU,Nordrhein-Westfalen,DE-NW,1
979,2026-08-07,2,5+1,Germany,DEU,Hessen,DE-HE,1
979,2026-08-07,2,5+1,Germany,DEU,Nordrhein-Westfalen,DE-NW,2
979,2026-08-07,2,5+1,Poland,POL,,,1
979,2026-08-07,2,5+1,Sweden,SWE,,,2
979,2026-08-07,3,5+0,Germany,DEU,Baden-Württemberg,DE-BW,2
979,2026-08-07,3,5+0,Germany,DEU,Niedersachsen,DE-NI,2
979,2026-08-07,3,5+0,Germany,DEU,Nordrhein-Westfalen,DE-NW,1
979,2026-08-07,3,5+0,Denmark,DNK,,,1
979,2026-08-07,3,5+0,Finland,FIN,,,1
979,2026-08-07,3,5+0,Croatia,HRV,,,1
979,2026-08-07,3,5+0,Norway,NOR,,,1
979,2026-08-07,3,5+0,Sweden,SWE,,,3
979,2026-08-07,3,5+0,Hungary,HUN,,,1
980,2026-08-11,2,5+1,Germany,DEU,Berlin,DE-BE,1
980,2026-08-11,2,5+1,Finland,FIN,,,2
980,2026-08-11,3,5+0,Germany,DEU,Baden-Württemberg,DE-BW,1
980,2026-08-11,3,5+0,Germany,DEU,Bayern,DE-BY,1
980,2026-08-11,3,5+0,Germany,DEU,Berlin,DE-BE,1
980,2026-08-11,3,5+0,Germany,DEU,Nordrhein-Westfalen,DE-NW,1
980,2026-08-11,3,5+0,Croatia,HRV,,,1
980,2026-08-11,3,5+0,Spain,ESP,,,1
981,2026-08-14,2,5+1,Germany,DEU,Hamburg,DE-HH,1
981,2026-08-14,2,5+1,Germany,DEU,Nordrhein-Westfalen,DE-NW,1
981,2026-08-14,2,5+1,Spain,ESP,,,1
981,2026-08-14,3,5+0,Germany,DEU,Rheinland-Pfalz,DE-RP,1
981,2026-08-14,3,5+0,Denmark,DNK,,,2
981,2026-08-14,3,5+0,Sweden,SWE,,,1
981,2026-08-14,3,5+0,Spain,ESP,,,2
982,2026-08-18,2,5+1,Germany,DEU,Bayern,DE-BY,1
982,2026-08-18,2,5+1,Lithuania,LTU,,,1
982,2026-08-18,2,5+1,Sweden,SWE,,,1
982,2026-08-18,3,5+0,Germany,DEU,Niedersachsen,DE-NI,1
982,2026-08-18,3,5+0,Germany,DEU,Nordrhein-Westfalen,DE-NW,1
983,2026-08-21,2,5+1,Germany,DEU,Hessen,DE-HE,1
983,2026-08-21,2,5+1,Denmark,DNK,,,1
983,2026-08-21,3,5+0,Denmark,DNK,,,1
983,2026-08-21,3,5+0,Norway,NOR,,,1
984,2026-08-25,1,5+2,Germany,DEU,Schleswig-Holstein,DE-SH,1
984,2026-08-25,2,5+1,Hungary,HUN,,,1
984,2026-08-25,3,5+0,Germany,DEU,Bayern,DE-BY,1
984,2026-08-25,3,5+0,Germany,DEU,Schleswig-Holstein,DE-SH,2
984,2026-08-25,3,5+0,Estonia,EST,,,1
984,2026-08-25,3,5+0,Norway,NOR,,,1
985,2026-08-28,2,5+1,Germany,DEU,Nordrhein-Westfalen,DE-NW,1
985,2026-08-28,3,5+0,Germany,DEU,Hessen,DE-HE,1
985,2026-08-28,3,5+0,Germany,DEU,Rheinland-Pfalz,DE-RP,1
985,2026-08-28,3,5+0,Germany,DEU,Thüringen,DE-TH,1
985,2026-08-28,3,5+0,Greece,GRC,,,1
985,2026-08-28,3,5+0,Netherlands,NLD,,,1
985,2026-08-28,3,5+0,Poland,POL,,,1
985,2026-08-28,3,5+0,Sweden,SWE,,,2
986,2026-09-01,2,5+1,Germany,DEU,Niedersachsen,DE-NI,1
986,2026-09-01,3,5+0,Germany,DEU,Hessen,DE-HE,1
986,2026-09-01,3,5+0,Germany,DEU,Saarland,DE-SL,1
986,2026-09-01,3,5+0,Denmark,DNK,,,1
986,2026-09-01,3,5+0,Norway,NOR,,,2
987,2026-09-04,3,5+0,Germany,DEU,Rheinland-Pfalz,DE-RP,1
987,2026-09-04,3,5+0,Latvia,LVA,,,1
987,2026-09-04,3,5+0,Norway,NOR,,,1
987,2026-09-04,3,5+0,Poland,POL,,,1
987,2026-09-04,3,5+0,Czechia,CZE,,,1
988,2026-09-08,2,5+1,Germany,DEU,Nordrhein-Westfalen,DE-NW,1
988,2026-09-08,2,5+1,Germany,DEU,Sachsen,DE-SN,1
988,2026-09-08,2,5+1,Poland,POL,,,1
988,2026-09-08,2,5+1,Slovakia,SVK,,,1
988,2026-09-08,2,5+1,Slovenia,SVN,,,1
988,2026-09-08,3,5+0,Germany,DEU,Niedersachsen,DE-NI,2
988,2026-09-08,3,5+0,Germany,DEU,Nordrhein-Westfalen,DE-NW,3
988,2026-09-08,3,5+0,Finland,FIN,,,1
988,2026-09-08,3,5+0,Slovakia,SVK,,,1
989,2026-09-11,2,5+1,Denmark,DNK,,,1
989,2026-09-11,2,5+1,Croatia,HRV,,,1
989,2026-09-11,2,5+1,Norway,NOR,,,2
989,2026-09-11,2,5+1,Sweden,SWE,,,1
989,2026-09-11,3,5+0,Germany,DEU,Brandenburg,DE-BB,1
989,2026-09-11,3,5+0,Germany,DEU,Hamburg,DE-HH,1
989,2026-09-11,3,5+0,Germany,DEU,Niedersachsen,DE-NI,1
989,2026-09-11,3,5+0,Germany,DEU,Schleswig-Holstein,DE-SH,1
989,2026-09-11,3,5+0,Finland,FIN,,,1
989,2026-09-11,3,5+0,Norway,NOR,,,1
989,2026-09-11,3,5+0,Sweden,SWE,,,2
989,2026-09-11,3,5+0,Hungary,HUN,,,2
990,2026-09-15,2,5+1,Germany,DEU,Berlin,DE-BE,1
990,2026-09-15,2,5+1,Poland,POL,,,1
990,2026-09-15,3,5+0,Germany,DEU,Baden-Württemberg,DE-BW,1
990,2026-09-15,3,5+0,Denmark,DNK,,,1
990,2026-09-15,3,5+0,Finland,FIN,,,1
990,2026-09-15,3,5+0,Spain,ESP,,,1
