draw_id,draw_date,year,month,iso_week,weekday_name,api_incomplete_flag,era,draw_frequency,formula,main_pool_size,euro_pool_size,main_n1,main_n2,main_n3,main_n4,main_n5,euro_e1,euro_e2,main_numbers_draw_order,euro_numbers_draw_order,stake_eur,advertised_jackpot_eur,jackpot_won,jackpot_winners,jackpot_share_eur,jackpot_total_paid_eur,next_draw_date,next_jackpot_eur,total_winners,total_payout_eur
1,2012-03-23,2012,3,12,Friday,False,2of8_friday,Friday,5 aus 50 und 2 aus 8,50,8,5,8,21,37,46,6,8,"5,46,37,21,8","8,6",13155414.0,10000000.0,False,0,,0.0,2012-03-30,11000000.0,283656,3344032.8
2,2012-03-30,2012,3,13,Friday,False,2of8_friday,Friday,5 aus 50 und 2 aus 8,50,8,5,7,12,19,26,1,5,"19,5,7,12,26","1,5",11727162.0,11000000.0,False,0,,0.0,2012-04-06,12000000.0,338278,3594783.0
3,2012-04-06,2012,4,14,Friday,False,2of8_friday,Friday,5 aus 50 und 2 aus 8,50,8,7,8,34,36,38,4,5,"36,38,34,8,7","5,4",12505570.0,12000000.0,False,0,,0.0,2012-04-13,14000000.0,298684,3478457.2
4,2012-04-13,2012,4,15,Friday,False,2of8_friday,Friday,5 aus 50 und 2 aus 8,50,8,5,11,12,27,32,1,3,"12,27,32,5,11","3,1",13027098.0,14000000.0,False,0,,0.0,2012-04-20,15000000.0,361009,3207821.5
5,2012-04-20,2012,4,16,Friday,False,2of8_friday,Friday,5 aus 50 und 2 aus 8,50,8,10,16,30,41,45,2,8,"30,16,45,41,10","2,8",12608568.0,15000000.0,False,0,,0.0,2012-04-27,16000000.0,272768,3933632.1
6,2012-04-27,2012,4,17,Friday,False,2of8_friday,Friday,5 aus 50 und 2 aus 8,50,8,10,13,19,40,45,3,5,"40,13,10,19,45","3,5",12128078.0,16000000.0,False,0,,0.0,2012-05-04,18000000.0,311380,3310632.2
7,2012-05-04,2012,5,18,Friday,False,2of8_friday,Friday,5 aus 50 und 2 aus 8,50,8,29,30,35,41,45,3,5,"29,45,41,35,30","5,3",12061678.0,18000000.0,False,0,,0.0,2012-05-11,19000000.0,256137,3138632.8
8,2012-05-11,2012,5,19,Friday,False,2of8_friday,Friday,5 aus 50 und 2 aus 8,50,8,15,21,38,39,47,1,5,"38,21,39,47,15","1,5",12640608.0,19000000.0,True,1,19536863.8,19536863.8,2012-05-18,10000000.0,262283,23371028.2
9,2012-05-18,2012,5,20,Friday,False,2of8_friday,Friday,5 aus 50 und 2 aus 8,50,8,12,18,43,44,46,4,5,"46,43,12,44,18","5,4",11141190.0,10000000.0,False,0,,0.0,2012-05-25,11000000.0,258741,3101945.8
10,2012-05-25,2012,5,21,Friday,False,2of8_friday,Friday,5 aus 50 und 2 aus 8,50,8,4,11,26,32,41,5,7,"32,11,41,26,4","5,7",10681774.0,11000000.0,False,0,,0.0,2012-06-01,12000000.0,257304,2900147.1
11,2012-06-01,2012,6,22,Friday,False,2of8_friday,Friday,5 aus 50 und 2 aus 8,50,8,11,28,34,37,38,3,7,"34,38,28,37,11","3,7",10897248.0,12000000.0,False,0,,0.0,2012-06-08,13000000.0,311429,2839742.2
12,2012-06-08,2012,6,23,Friday,False,2of8_friday,Friday,5 aus 50 und 2 aus 8,50,8,10,15,16,36,44,7,8,"44,36,10,16,15","7,8",11088516.0,13000000.0,False,0,,0.0,2012-06-15,15000000.0,242792,3286719.9
13,2012-06-15,2012,6,24,Friday,False,2of8_friday,Friday,5 aus 50 und 2 aus 8,50,8,6,10,17,18,42,1,3,"17,6,10,42,18","3,1",11132242.0,15000000.0,False,0,,0.0,2012-06-22,16000000.0,265119,3038017.8
14,2012-06-22,2012,6,25,Friday,False,2of8_friday,Friday,5 aus 50 und 2 aus 8,50,8,13,14,16,47,49,1,7,"14,49,16,47,13","1,7",11181140.0,16000000.0,False,0,,0.0,2012-06-29,17000000.0,249482,3040043.2
15,2012-06-29,2012,6,26,Friday,False,2of8_friday,Friday,5 aus 50 und 2 aus 8,50,8,5,8,19,33,36,2,3,"8,5,19,36,33","2,3",11447588.0,17000000.0,False,0,,0.0,2012-07-06,18000000.0,310075,3416119.5
16,2012-07-06,2012,7,27,Friday,False,2of8_friday,Friday,5 aus 50 und 2 aus 8,50,8,10,22,24,33,38,2,6,"38,22,24,10,33","6,2",12008478.0,18000000.0,False,0,,0.0,2012-07-13,20000000.0,317843,3267383.4
17,2012-07-13,2012,7,28,Friday,False,2of8_friday,Friday,5 aus 50 und 2 aus 8,50,8,8,12,27,31,37,3,6,"12,8,31,27,37","6,3",13483642.0,20000000.0,False,0,,0.0,2012-07-20,21000000.0,370079,3823052.5
18,2012-07-20,2012,7,29,Friday,False,2of8_friday,Friday,5 aus 50 und 2 aus 8,50,8,6,9,13,14,25,1,8,"9,13,25,6,14","8,1",12944940.0,21000000.0,False,0,,0.0,2012-07-27,23000000.0,327159,3601936.2
19,2012-07-27,2012,7,30,Friday,False,2of8_friday,Friday,5 aus 50 und 2 aus 8,50,8,9,22,23,34,35,1,3,"9,34,35,23,22","1,3",13120050.0,23000000.0,False,0,,0.0,2012-08-03,24000000.0,325030,3658311.6
20,2012-08-03,2012,8,31,Friday,False,2of8_friday,Friday,5 aus 50 und 2 aus 8,50,8,12,15,18,24,25,4,5,"12,25,24,18,15","4,5",14542212.0,24000000.0,False,0,,0.0,2012-08-10,26000000.0,404837,4060616.6
21,2012-08-10,2012,8,32,Friday,False,2of8_friday,Friday,5 aus 50 und 2 aus 8,50,8,6,11,40,46,48,3,6,"40,46,48,6,11","3,6",21983676.0,26000000.0,False,0,,0.0,2012-08-17,10000000.0,509461,33129349.3
22,2012-08-17,2012,8,33,Friday,False,2of8_friday,Friday,5 aus 50 und 2 aus 8,50,8,3,16,30,34,35,2,5,"34,35,3,30,16","2,5",11979506.0,10000000.0,False,0,,0.0,2012-08-24,11000000.0,290924,3336709.4
23,2012-08-24,2012,8,34,Friday,False,2of8_friday,Friday,5 aus 50 und 2 aus 8,50,8,9,20,21,33,49,5,7,"49,20,9,21,33","7,5",11502104.0,11000000.0,True,1,11265231.4,11265231.4,2012-08-31,10000000.0,285209,14471893.9
24,2012-08-31,2012,8,35,Friday,False,2of8_friday,Friday,5 aus 50 und 2 aus 8,50,8,8,22,28,40,42,4,8,"40,28,8,42,22","8,4",11568548.0,10000000.0,False,0,,0.0,2012-09-07,11000000.0,277678,3229603.3
25,2012-09-07,2012,9,36,Friday,False,2of8_friday,Friday,5 aus 50 und 2 aus 8,50,8,15,23,25,46,49,2,4,"15,23,25,46,49","2,4",11642882.0,11000000.0,False,0,,0.0,2012-09-14,12000000.0,263318,2949038.4
26,2012-09-14,2012,9,37,Friday,False,2of8_friday,Friday,5 aus 50 und 2 aus 8,50,8,10,14,15,24,47,4,8,"14,15,47,10,24","4,8",11707412.0,12000000.0,False,0,,0.0,2012-09-21,14000000.0,273077,2962753.7
27,2012-09-21,2012,9,38,Friday,False,2of8_friday,Friday,5 aus 50 und 2 aus 8,50,8,18,29,41,44,49,1,5,"41,49,29,44,18","5,1",12088106.0,14000000.0,False,0,,0.0,2012-09-28,15000000.0,258660,3878562.1
28,2012-09-28,2012,9,39,Friday,False,2of8_friday,Friday,5 aus 50 und 2 aus 8,50,8,5,14,16,34,39,1,6,"5,14,16,39,34","6,1",12677730.0,15000000.0,False,0,,0.0,2012-10-05,16000000.0,271655,3452233.5
29,2012-10-05,2012,10,40,Friday,False,2of8_friday,Friday,5 aus 50 und 2 aus 8,50,8,26,28,40,49,50,2,7,"26,28,49,40,50","7,2",12893822.0,16000000.0,False,0,,0.0,2012-10-12,18000000.0,311961,3188781.1
30,2012-10-12,2012,10,41,Friday,False,2of8_friday,Friday,5 aus 50 und 2 aus 8,50,8,6,11,17,43,49,4,8,"43,6,49,17,11","4,8",13597774.0,18000000.0,False,0,,0.0,2012-10-19,19000000.0,324271,4356957.4
31,2012-10-19,2012,10,42,Friday,False,2of8_friday,Friday,5 aus 50 und 2 aus 8,50,8,6,14,18,19,48,3,8,"18,14,6,48,19","8,3",13938986.0,19000000.0,False,0,,0.0,2012-10-26,21000000.0,347797,3456392.1
32,2012-10-26,2012,10,43,Friday,False,2of8_friday,Friday,5 aus 50 und 2 aus 8,50,8,7,17,18,19,22,4,5,"19,22,7,18,17","5,4",14364334.0,21000000.0,True,1,21320215.0,21320215.0,2012-11-02,10000000.0,397572,25063271.5
33,2012-11-02,2012,11,44,Friday,False,2of8_friday,Friday,5 aus 50 und 2 aus 8,50,8,3,5,7,12,31,5,7,"12,5,7,31,3","5,7",12114622.0,10000000.0,False,0,,0.0,2012-11-09,11000000.0,367809,4083528.7
34,2012-11-09,2012,11,45,Friday,False,2of8_friday,Friday,5 aus 50 und 2 aus 8,50,8,25,29,38,41,44,3,8,"44,29,38,41,25","8,3",11851646.0,11000000.0,False,0,,0.0,2012-11-16,12000000.0,270699,3309290.6
35,2012-11-16,2012,11,46,Friday,False,2of8_friday,Friday,5 aus 50 und 2 aus 8,50,8,1,4,7,21,26,4,7,"4,1,21,26,7","4,7",12104422.0,12000000.0,False,0,,0.0,2012-11-23,14000000.0,328164,3065440.1
36,2012-11-23,2012,11,47,Friday,False,2of8_friday,Friday,5 aus 50 und 2 aus 8,50,8,1,21,32,36,50,2,5,"50,1,21,32,36","2,5",12081500.0,14000000.0,False,0,,0.0,2012-11-30,15000000.0,270796,2997061.3
37,2012-11-30,2012,11,48,Friday,False,2of8_friday,Friday,5 aus 50 und 2 aus 8,50,8,2,13,21,24,37,6,7,"21,2,24,13,37","6,7",12681674.0,15000000.0,False,0,,0.0,2012-12-07,16000000.0,318912,4212379.3
38,2012-12-07,2012,12,49,Friday,False,2of8_friday,Friday,5 aus 50 und 2 aus 8,50,8,13,20,22,27,42,3,5,"42,20,13,22,27","5,3",12764982.0,16000000.0,False,0,,0.0,2012-12-14,18000000.0,351478,3544488.0
39,2012-12-14,2012,12,50,Friday,False,2of8_friday,Friday,5 aus 50 und 2 aus 8,50,8,17,28,31,35,39,5,8,"31,35,17,28,39","5,8",13442856.0,18000000.0,False,0,,0.0,2012-12-21,19000000.0,310630,3657263.8
40,2012-12-21,2012,12,51,Friday,False,2of8_friday,Friday,5 aus 50 und 2 aus 8,50,8,11,20,24,25,35,4,8,"11,24,20,25,35","4,8",14728128.0,19000000.0,False,0,,0.0,2012-12-28,21000000.0,349449,3833132.1
41,2012-12-28,2012,12,52,Friday,False,2of8_friday,Friday,5 aus 50 und 2 aus 8,50,8,5,8,22,32,39,7,8,"39,32,8,5,22","8,7",14895538.0,21000000.0,False,0,,0.0,2013-01-04,23000000.0,363693,4529073.8
42,2013-01-04,2013,1,1,Friday,False,2of8_friday,Friday,5 aus 50 und 2 aus 8,50,8,6,20,29,40,45,5,8,"45,6,40,20,29","5,8",15516014.0,23000000.0,False,0,,0.0,2013-01-11,25000000.0,325721,4321870.3
43,2013-01-11,2013,1,2,Friday,False,2of8_friday,Friday,5 aus 50 und 2 aus 8,50,8,6,31,37,41,49,2,3,"37,31,6,41,49","2,3",16610340.0,25000000.0,False,0,,0.0,2013-01-18,27000000.0,346367,4217200.1
44,2013-01-18,2013,1,3,Friday,False,2of8_friday,Friday,5 aus 50 und 2 aus 8,50,8,9,13,21,28,45,6,7,"21,13,45,9,28","7,6",17486888.0,27000000.0,False,0,,0.0,2013-01-25,29000000.0,437877,5291155.3
45,2013-01-25,2013,1,4,Friday,False,2of8_friday,Friday,5 aus 50 und 2 aus 8,50,8,4,13,28,37,38,7,8,"37,4,38,13,28","8,7",23478208.0,29000000.0,True,1,29540641.5,29540641.5,2013-02-01,10000000.0,582994,35924964.4
46,2013-02-01,2013,2,5,Friday,False,2of8_friday,Friday,5 aus 50 und 2 aus 8,50,8,2,4,14,26,29,6,7,"2,26,29,14,4","6,7",15725666.0,10000000.0,False,0,,0.0,2013-02-08,11000000.0,373068,4548608.6
47,2013-02-08,2013,2,6,Friday,False,2of8_friday,Friday,5 aus 50 und 2 aus 8,50,8,12,14,17,27,43,1,7,"43,12,14,17,27","1,7",15112632.0,11000000.0,False,0,,0.0,2013-02-15,13000000.0,390739,4217984.3
48,2013-02-15,2013,2,7,Friday,False,2of8_friday,Friday,5 aus 50 und 2 aus 8,50,8,4,9,26,32,40,3,5,"32,9,26,40,4","3,5",15103722.0,13000000.0,False,0,,0.0,2013-02-22,15000000.0,381403,4204688.4
49,2013-02-22,2013,2,8,Friday,False,2of8_friday,Friday,5 aus 50 und 2 aus 8,50,8,3,13,41,46,49,3,8,"49,3,41,13,46","8,3",15232938.0,15000000.0,False,0,,0.0,2013-03-01,17000000.0,366228,4253009.6
50,2013-03-01,2013,3,9,Friday,False,2of8_friday,Friday,5 aus 50 und 2 aus 8,50,8,19,28,29,34,44,1,5,"44,19,34,28,29","5,1",16067990.0,17000000.0,False,0,,0.0,2013-03-08,21000000.0,371354,4074629.9
51,2013-03-08,2013,3,10,Friday,False,2of8_friday,Friday,5 aus 50 und 2 aus 8,50,8,10,12,14,30,43,2,5,"30,10,14,12,43","2,5",17036478.0,21000000.0,False,0,,0.0,2013-03-15,25000000.0,442828,5153332.8
52,2013-03-15,2013,3,11,Friday,False,2of8_friday,Friday,5 aus 50 und 2 aus 8,50,8,4,30,32,41,50,5,7,"4,30,32,50,41","5,7",18101602.0,25000000.0,False,0,,0.0,2013-03-22,29000000.0,391063,4604482.1
53,2013-03-22,2013,3,12,Friday,False,2of8_friday,Friday,5 aus 50 und 2 aus 8,50,8,5,12,21,43,48,5,6,"43,21,48,12,5","5,6",19794766.0,29000000.0,False,0,,0.0,2013-03-29,34000000.0,476675,5959084.6
54,2013-03-29,2013,3,13,Friday,False,2of8_friday,Friday,5 aus 50 und 2 aus 8,50,8,1,22,27,37,50,5,7,"37,27,1,50,22","7,5",23322162.0,34000000.0,False,0,,0.0,2013-04-05,39000000.0,561836,6500816.6
55,2013-04-05,2013,4,14,Friday,False,2of8_friday,Friday,5 aus 50 und 2 aus 8,50,8,22,31,37,38,41,2,6,"38,22,31,41,37","2,6",26110340.0,39000000.0,False,0,,0.0,2013-04-12,45000000.0,580134,7289626.4
56,2013-04-12,2013,4,15,Friday,False,2of8_friday,Friday,5 aus 50 und 2 aus 8,50,8,8,19,22,32,40,1,8,"22,8,19,40,32","8,1",30404148.0,45000000.0,True,1,46079338.8,46079338.8,2013-04-19,10000000.0,702440,54532493.4
57,2013-04-19,2013,4,16,Friday,False,2of8_friday,Friday,5 aus 50 und 2 aus 8,50,8,17,18,22,24,25,1,6,"24,17,18,25,22","6,1",16628566.0,10000000.0,False,0,,0.0,2013-04-26,12000000.0,384705,4643461.7
58,2013-04-26,2013,4,17,Friday,False,2of8_friday,Friday,5 aus 50 und 2 aus 8,50,8,11,14,19,23,49,4,5,"11,19,23,49,14","5,4",15952346.0,12000000.0,False,0,,0.0,2013-05-03,13000000.0,423845,4335850.0
59,2013-05-03,2013,5,18,Friday,False,2of8_friday,Friday,5 aus 50 und 2 aus 8,50,8,14,16,28,44,48,3,7,"48,28,16,14,44","7,3",15743664.0,13000000.0,True,1,13486561.1,13486561.1,2013-05-10,10000000.0,431310,17960771.2
60,2013-05-10,2013,5,19,Friday,False,2of8_friday,Friday,5 aus 50 und 2 aus 8,50,8,6,9,31,33,35,1,7,"33,35,31,9,6","7,1",14824510.0,10000000.0,False,0,,0.0,2013-05-17,11000000.0,341419,3662824.6
61,2013-05-17,2013,5,20,Friday,False,2of8_friday,Friday,5 aus 50 und 2 aus 8,50,8,4,6,10,13,32,1,8,"6,32,4,10,13","1,8",14691580.0,11000000.0,False,0,,0.0,2013-05-24,13000000.0,363996,4369613.6
62,2013-05-24,2013,5,21,Friday,False,2of8_friday,Friday,5 aus 50 und 2 aus 8,50,8,2,4,9,20,41,3,5,"20,2,41,4,9","5,3",14792566.0,13000000.0,False,0,,0.0,2013-05-31,15000000.0,372329,4301039.6
63,2013-05-31,2013,5,22,Friday,False,2of8_friday,Friday,5 aus 50 und 2 aus 8,50,8,5,9,12,23,40,2,7,"9,40,12,5,23","7,2",15273492.0,15000000.0,False,0,,0.0,2013-06-07,16000000.0,457043,4246935.1
64,2013-06-07,2013,6,23,Friday,False,2of8_friday,Friday,5 aus 50 und 2 aus 8,50,8,6,9,11,29,35,2,6,"9,35,6,11,29","6,2",15448268.0,16000000.0,False,0,,0.0,2013-06-14,19000000.0,402764,4307390.4
65,2013-06-14,2013,6,24,Friday,False,2of8_friday,Friday,5 aus 50 und 2 aus 8,50,8,1,25,46,47,48,3,8,"1,47,48,25,46","8,3",16194540.0,19000000.0,False,0,,0.0,2013-06-21,22000000.0,346989,4516009.8
66,2013-06-21,2013,6,25,Friday,False,2of8_friday,Friday,5 aus 50 und 2 aus 8,50,8,5,14,21,23,50,2,7,"5,50,14,23,21","7,2",16685916.0,22000000.0,False,0,,0.0,2013-06-28,26000000.0,450741,4244833.1
67,2013-06-28,2013,6,26,Friday,False,2of8_friday,Friday,5 aus 50 und 2 aus 8,50,8,6,8,23,33,49,3,8,"49,23,33,8,6","8,3",18944572.0,26000000.0,False,0,,0.0,2013-07-05,31000000.0,501366,5566546.3
68,2013-07-05,2013,7,27,Friday,False,2of8_friday,Friday,5 aus 50 und 2 aus 8,50,8,15,16,17,19,50,5,7,"16,50,15,19,17","7,5",21452856.0,31000000.0,False,0,,0.0,2013-07-12,36000000.0,528012,6099317.9
69,2013-07-12,2013,7,28,Friday,False,2of8_friday,Friday,5 aus 50 und 2 aus 8,50,8,7,27,33,47,48,2,7,"47,33,48,7,27","2,7",23069824.0,36000000.0,False,0,,0.0,2013-07-19,41000000.0,649929,6255450.6
70,2013-07-19,2013,7,29,Friday,False,2of8_friday,Friday,5 aus 50 und 2 aus 8,50,8,7,18,19,33,37,2,5,"7,37,19,33,18","2,5",26610134.0,41000000.0,True,1,41522930.1,41522930.1,2013-07-26,10000000.0,753801,49095907.7
71,2013-07-26,2013,7,30,Friday,False,2of8_friday,Friday,5 aus 50 und 2 aus 8,50,8,4,13,19,25,43,3,4,"13,25,4,19,43","3,4",16136078.0,10000000.0,False,0,,0.0,2013-08-02,11000000.0,436896,4489355.2
72,2013-08-02,2013,8,31,Friday,False,2of8_friday,Friday,5 aus 50 und 2 aus 8,50,8,14,23,29,33,37,2,5,"14,37,29,33,23","5,2",16256900.0,11000000.0,False,0,,0.0,2013-08-09,13000000.0,447472,4523728.1
73,2013-08-09,2013,8,32,Friday,False,2of8_friday,Friday,5 aus 50 und 2 aus 8,50,8,7,26,32,34,49,1,6,"34,49,7,32,26","6,1",16359850.0,13000000.0,False,0,,0.0,2013-08-16,15000000.0,366429,4049360.0
74,2013-08-16,2013,8,33,Friday,False,2of8_friday,Friday,5 aus 50 und 2 aus 8,50,8,5,32,33,38,49,3,8,"32,38,33,49,5","8,3",16252982.0,15000000.0,True,1,15541392.0,15541392.0,2013-08-23,10000000.0,399318,20577319.8
75,2013-08-23,2013,8,34,Friday,False,2of8_friday,Friday,5 aus 50 und 2 aus 8,50,8,4,10,25,30,47,2,3,"10,4,25,30,47","2,3",15026618.0,10000000.0,False,0,,0.0,2013-08-30,11000000.0,353491,4204460.7
76,2013-08-30,2013,8,35,Friday,False,2of8_friday,Friday,5 aus 50 und 2 aus 8,50,8,6,9,10,17,43,2,8,"9,43,17,6,10","8,2",15359870.0,11000000.0,False,0,,0.0,2013-09-06,13000000.0,394097,4273819.2
77,2013-09-06,2013,9,36,Friday,False,2of8_friday,Friday,5 aus 50 und 2 aus 8,50,8,3,7,20,32,44,4,5,"7,32,44,3,20","5,4",15552022.0,13000000.0,False,0,,0.0,2013-09-13,15000000.0,385907,3937936.3
78,2013-09-13,2013,9,37,Friday,False,2of8_friday,Friday,5 aus 50 und 2 aus 8,50,8,3,10,18,31,43,1,7,"3,10,43,18,31","1,7",16472014.0,15000000.0,False,0,,0.0,2013-09-20,17000000.0,396921,4879228.1
79,2013-09-20,2013,9,38,Friday,False,2of8_friday,Friday,5 aus 50 und 2 aus 8,50,8,2,6,15,18,24,5,7,"15,2,6,24,18","5,7",16635674.0,17000000.0,False,0,,0.0,2013-09-27,21000000.0,438546,4752621.4
80,2013-09-27,2013,9,39,Friday,False,2of8_friday,Friday,5 aus 50 und 2 aus 8,50,8,6,10,21,34,36,1,4,"10,36,21,34,6","4,1",17849806.0,21000000.0,True,1,21256582.4,21256582.4,2013-10-04,10000000.0,393981,26223996.1
81,2013-10-04,2013,10,40,Friday,False,2of8_friday,Friday,5 aus 50 und 2 aus 8,50,8,1,7,16,21,48,1,8,"7,48,16,21,1","1,8",15058424.0,10000000.0,False,0,,0.0,2013-10-11,11000000.0,346771,4209266.8
82,2013-10-11,2013,10,41,Friday,False,2of8_friday,Friday,5 aus 50 und 2 aus 8,50,8,2,11,23,29,34,7,8,"34,2,11,29,23","7,8",14879350.0,11000000.0,False,0,,0.0,2013-10-18,13000000.0,366013,4148298.6
83,2013-10-18,2013,10,42,Friday,False,2of8_friday,Friday,5 aus 50 und 2 aus 8,50,8,7,22,24,25,41,1,3,"24,41,7,25,22","1,3",15201994.0,13000000.0,True,1,13308947.8,13308947.8,2013-10-25,10000000.0,366650,17553492.2
84,2013-10-25,2013,10,43,Friday,False,2of8_friday,Friday,5 aus 50 und 2 aus 8,50,8,9,25,39,41,46,2,8,"9,41,25,46,39","8,2",14374838.0,10000000.0,False,0,,0.0,2013-11-01,11000000.0,320096,3546293.3
85,2013-11-01,2013,11,44,Friday,False,2of8_friday,Friday,5 aus 50 und 2 aus 8,50,8,7,10,13,26,27,5,8,"26,13,27,7,10","8,5",14138518.0,11000000.0,False,0,,0.0,2013-11-08,13000000.0,408075,4386183.0
86,2013-11-08,2013,11,45,Friday,False,2of8_friday,Friday,5 aus 50 und 2 aus 8,50,8,18,25,28,34,42,3,4,"42,28,34,25,18","4,3",15300326.0,13000000.0,False,0,,0.0,2013-11-15,15000000.0,376887,4274325.6
87,2013-11-15,2013,11,46,Friday,False,2of8_friday,Friday,5 aus 50 und 2 aus 8,50,8,3,19,32,43,48,4,8,"3,43,19,48,32","4,8",15722118.0,15000000.0,False,0,,0.0,2013-11-22,16000000.0,366188,3885437.2
88,2013-11-22,2013,11,47,Friday,False,2of8_friday,Friday,5 aus 50 und 2 aus 8,50,8,1,38,39,42,47,1,2,"1,47,38,42,39","2,1",16126114.0,16000000.0,False,0,,0.0,2013-11-29,18000000.0,319103,4990201.7
89,2013-11-29,2013,11,48,Friday,False,2of8_friday,Friday,5 aus 50 und 2 aus 8,50,8,17,25,32,35,45,4,7,"35,17,25,32,45","7,4",16620202.0,18000000.0,False,0,,0.0,2013-12-06,21000000.0,419490,4632202.3
90,2013-12-06,2013,12,49,Friday,False,2of8_friday,Friday,5 aus 50 und 2 aus 8,50,8,1,8,18,25,47,2,7,"47,18,8,25,1","7,2",17891662.0,21000000.0,True,1,21047334.8,21047334.8,2013-12-13,10000000.0,467374,25916223.4
91,2013-12-13,2013,12,50,Friday,False,2of8_friday,Friday,5 aus 50 und 2 aus 8,50,8,9,19,24,28,49,2,8,"28,49,24,9,19","8,2",15241522.0,10000000.0,False,0,,0.0,2013-12-20,11000000.0,404774,4370347.4
92,2013-12-20,2013,12,51,Friday,False,2of8_friday,Friday,5 aus 50 und 2 aus 8,50,8,9,12,22,37,40,6,8,"37,12,22,9,40","8,6",15204040.0,11000000.0,False,0,,0.0,2013-12-27,13000000.0,367088,4236935.4
93,2013-12-27,2013,12,52,Friday,False,2of8_friday,Friday,5 aus 50 und 2 aus 8,50,8,2,15,33,40,43,3,7,"2,15,43,40,33","3,7",14732716.0,13000000.0,False,0,,0.0,2014-01-03,15000000.0,374261,3730727.0
94,2014-01-03,2014,1,1,Friday,False,2of8_friday,Friday,5 aus 50 und 2 aus 8,50,8,1,16,34,36,37,4,6,"1,16,37,36,34","4,6",15799532.0,15000000.0,False,0,,0.0,2014-01-10,17000000.0,345472,4775848.1
95,2014-01-10,2014,1,2,Friday,False,2of8_friday,Friday,5 aus 50 und 2 aus 8,50,8,8,18,22,33,40,2,8,"18,8,33,40,22","8,2",16362862.0,17000000.0,True,1,17283821.5,17283821.5,2014-01-17,10000000.0,423820,21835526.1
96,2014-01-17,2014,1,3,Friday,False,2of8_friday,Friday,5 aus 50 und 2 aus 8,50,8,4,7,17,25,29,2,4,"17,4,29,25,7","2,4",14416854.0,10000000.0,False,0,,0.0,2014-01-24,11000000.0,406658,4007196.6
97,2014-01-24,2014,1,4,Friday,False,2of8_friday,Friday,5 aus 50 und 2 aus 8,50,8,4,28,30,36,46,3,7,"46,36,30,28,4","3,7",14409048.0,11000000.0,False,0,,0.0,2014-01-31,13000000.0,364215,4028168.5
98,2014-01-31,2014,1,5,Friday,False,2of8_friday,Friday,5 aus 50 und 2 aus 8,50,8,12,17,29,39,40,5,6,"17,39,12,29,40","5,6",15230306.0,13000000.0,False,0,,0.0,2014-02-07,15000000.0,353241,4248431.7
99,2014-02-07,2014,2,6,Friday,False,2of8_friday,Friday,5 aus 50 und 2 aus 8,50,8,16,18,20,36,49,3,4,"18,36,20,49,16","3,4",15698964.0,15000000.0,False,0,,0.0,2014-02-14,16000000.0,348994,3985665.9
100,2014-02-14,2014,2,7,Friday,False,2of8_friday,Friday,5 aus 50 und 2 aus 8,50,8,19,21,22,28,45,6,7,"28,22,21,45,19","6,7",16069758.0,16000000.0,False,0,,0.0,2014-02-21,20000000.0,376972,4874660.7
101,2014-02-21,2014,2,8,Friday,False,2of8_friday,Friday,5 aus 50 und 2 aus 8,50,8,2,4,21,30,41,7,8,"2,21,4,41,30","7,8",17659742.0,20000000.0,False,0,,0.0,2014-02-28,24000000.0,388515,4935261.0
102,2014-02-28,2014,2,9,Friday,False,2of8_friday,Friday,5 aus 50 und 2 aus 8,50,8,2,17,21,22,45,1,5,"2,21,45,22,17","5,1",19406674.0,24000000.0,False,0,,0.0,2014-03-07,29000000.0,450900,5277008.4
103,2014-03-07,2014,3,10,Friday,False,2of8_friday,Friday,5 aus 50 und 2 aus 8,50,8,7,14,15,20,39,1,8,"15,14,20,39,7","1,8",22713576.0,29000000.0,False,0,,0.0,2014-03-14,34000000.0,524478,6446522.4
104,2014-03-14,2014,3,11,Friday,False,2of8_friday,Friday,5 aus 50 und 2 aus 8,50,8,6,7,9,13,30,4,7,"13,9,7,30,6","4,7",25865258.0,34000000.0,False,0,,0.0,2014-03-21,40000000.0,743556,6549736.3
105,2014-03-21,2014,3,12,Friday,False,2of8_friday,Friday,5 aus 50 und 2 aus 8,50,8,8,18,35,38,42,4,6,"42,8,35,38,18","4,6",29495752.0,40000000.0,False,0,,0.0,2014-03-28,47000000.0,697887,8882937.1
106,2014-03-28,2014,3,13,Friday,False,2of8_friday,Friday,5 aus 50 und 2 aus 8,50,8,10,32,35,38,45,4,5,"32,10,38,45,35","5,4",37129218.0,47000000.0,False,0,,0.0,2014-04-04,56000000.0,861855,10362778.7
107,2014-04-04,2014,4,14,Friday,False,2of8_friday,Friday,5 aus 50 und 2 aus 8,50,8,10,16,28,30,33,4,6,"33,10,30,28,16","4,6",45425658.0,56000000.0,True,1,57275841.6,57275841.6,2014-04-11,10000000.0,1099944,69927420.1
108,2014-04-11,2014,4,15,Friday,False,2of8_friday,Friday,5 aus 50 und 2 aus 8,50,8,1,7,14,22,44,1,2,"1,44,14,7,22","1,2",19200714.0,10000000.0,False,0,,0.0,2014-04-18,12000000.0,473589,4885941.6
109,2014-04-18,2014,4,16,Friday,False,2of8_friday,Friday,5 aus 50 und 2 aus 8,50,8,12,32,40,44,49,2,3,"44,40,32,49,12","2,3",17472766.0,12000000.0,False,0,,0.0,2014-04-25,15000000.0,397611,5345993.9
110,2014-04-25,2014,4,17,Friday,False,2of8_friday,Friday,5 aus 50 und 2 aus 8,50,8,4,7,10,39,48,3,4,"10,39,4,48,7","3,4",17508374.0,15000000.0,False,0,,0.0,2014-05-02,19000000.0,444668,4886142.0
111,2014-05-02,2014,5,18,Friday,False,2of8_friday,Friday,5 aus 50 und 2 aus 8,50,8,9,31,32,33,34,6,8,"34,33,31,32,9","8,6",18990754.0,19000000.0,False,0,,0.0,2014-05-09,23000000.0,404526,5308182.9
112,2014-05-09,2014,5,19,Friday,False,2of8_friday,Friday,5 aus 50 und 2 aus 8,50,8,1,11,14,22,43,3,4,"43,14,1,22,11","4,3",20601196.0,23000000.0,False,0,,0.0,2014-05-16,28000000.0,501937,5219262.4
113,2014-05-16,2014,5,20,Friday,False,2of8_friday,Friday,5 aus 50 und 2 aus 8,50,8,9,28,36,42,43,2,8,"36,43,28,42,9","8,2",21969968.0,28000000.0,True,1,28207473.9,28207473.9,2014-05-23,10000000.0,518160,33801050.7
114,2014-05-23,2014,5,21,Friday,False,2of8_friday,Friday,5 aus 50 und 2 aus 8,50,8,6,21,33,37,47,7,8,"6,21,33,47,37","7,8",16623636.0,10000000.0,False,0,,0.0,2014-05-30,12000000.0,387138,5698025.1
115,2014-05-30,2014,5,22,Friday,False,2of8_friday,Friday,5 aus 50 und 2 aus 8,50,8,7,17,25,26,35,4,7,"25,17,26,7,35","7,4",16816810.0,12000000.0,False,0,,0.0,2014-06-06,13000000.0,484567,4689173.4
116,2014-06-06,2014,6,23,Friday,False,2of8_friday,Friday,5 aus 50 und 2 aus 8,50,8,6,9,19,37,38,4,8,"19,37,38,6,9","8,4",16934498.0,13000000.0,False,0,,0.0,2014-06-13,15000000.0,433120,4713998.7
117,2014-06-13,2014,6,24,Friday,False,2of8_friday,Friday,5 aus 50 und 2 aus 8,50,8,1,8,15,18,39,1,6,"18,1,8,39,15","6,1",17082062.0,15000000.0,False,0,,0.0,2014-06-20,19000000.0,380501,4222352.7
118,2014-06-20,2014,6,25,Friday,False,2of8_friday,Friday,5 aus 50 und 2 aus 8,50,8,6,10,23,33,41,6,8,"33,10,41,23,6","6,8",17831296.0,19000000.0,True,1,19318051.4,19318051.4,2014-06-27,10000000.0,421759,24814778.3
119,2014-06-27,2014,6,26,Friday,False,2of8_friday,Friday,5 aus 50 und 2 aus 8,50,8,11,33,35,42,44,4,6,"35,42,33,44,11","4,6",15611402.0,10000000.0,False,0,,0.0,2014-07-04,11000000.0,359443,3962260.2
120,2014-07-04,2014,7,27,Friday,False,2of8_friday,Friday,5 aus 50 und 2 aus 8,50,8,3,10,11,13,42,1,8,"11,10,13,3,42","8,1",16068700.0,11000000.0,False,0,,0.0,2014-07-11,13000000.0,401253,4861057.9
121,2014-07-11,2014,7,28,Friday,False,2of8_friday,Friday,5 aus 50 und 2 aus 8,50,8,3,10,16,35,45,4,6,"35,16,45,10,3","4,6",16137450.0,13000000.0,False,0,,0.0,2014-07-18,15000000.0,379857,4497945.8
122,2014-07-18,2014,7,29,Friday,False,2of8_friday,Friday,5 aus 50 und 2 aus 8,50,8,6,11,15,18,45,5,8,"6,45,11,15,18","5,8",16467840.0,15000000.0,False,0,,0.0,2014-07-25,18000000.0,406309,4597103.0
123,2014-07-25,2014,7,30,Friday,False,2of8_friday,Friday,5 aus 50 und 2 aus 8,50,8,3,10,36,43,47,2,5,"43,3,47,10,36","5,2",17229524.0,18000000.0,False,0,,0.0,2014-08-01,22000000.0,414146,4796224.5
124,2014-08-01,2014,8,31,Friday,False,2of8_friday,Friday,5 aus 50 und 2 aus 8,50,8,5,18,33,38,47,3,6,"5,18,47,38,33","6,3",19632036.0,22000000.0,False,0,,0.0,2014-08-08,26000000.0,517547,5475165.6
125,2014-08-08,2014,8,32,Friday,False,2of8_friday,Friday,5 aus 50 und 2 aus 8,50,8,15,19,21,34,40,3,4,"21,40,15,34,19","3,4",20942366.0,26000000.0,False,0,,0.0,2014-08-15,31000000.0,485594,5852478.3
126,2014-08-15,2014,8,33,Friday,False,2of8_friday,Friday,5 aus 50 und 2 aus 8,50,8,17,38,41,43,47,4,6,"47,17,41,43,38","6,4",23957490.0,31000000.0,False,0,,0.0,2014-08-22,37000000.0,535087,6673671.1
127,2014-08-22,2014,8,34,Friday,False,2of8_friday,Friday,5 aus 50 und 2 aus 8,50,8,19,20,40,42,47,2,8,"42,40,19,47,20","8,2",27036230.0,37000000.0,False,0,,0.0,2014-08-29,43000000.0,586751,7556542.5
128,2014-08-29,2014,8,35,Friday,False,2of8_friday,Friday,5 aus 50 und 2 aus 8,50,8,1,8,9,12,37,2,6,"12,1,8,37,9","6,2",32150168.0,43000000.0,False,0,,0.0,2014-09-05,51000000.0,836717,8981598.0
129,2014-09-05,2014,9,36,Friday,False,2of8_friday,Friday,5 aus 50 und 2 aus 8,50,8,26,31,33,39,40,5,6,"31,40,26,39,33","5,6",37949936.0,51000000.0,False,0,,0.0,2014-09-12,60000000.0,818012,10594131.8
130,2014-09-12,2014,9,37,Friday,False,2of8_friday,Friday,5 aus 50 und 2 aus 8,50,8,2,9,17,25,29,3,5,"25,9,29,2,17","3,5",49379972.0,60000000.0,True,1,61170752.7,61170752.7,2014-09-19,10000000.0,1390708,74947234.2
131,2014-09-19,2014,9,38,Friday,False,2of8_friday,Friday,5 aus 50 und 2 aus 8,50,8,13,18,20,38,39,1,8,"38,13,20,18,39","1,8",20440552.0,10000000.0,False,0,,0.0,2014-09-26,12000000.0,470017,5693002.0
132,2014-09-26,2014,9,39,Friday,False,2of8_friday,Friday,5 aus 50 und 2 aus 8,50,8,8,26,32,44,50,4,7,"26,44,8,32,50","4,7",19818286.0,12000000.0,False,0,,0.0,2014-10-03,16000000.0,491039,5028106.3
133,2014-10-03,2014,10,40,Friday,False,2of8_friday,Friday,5 aus 50 und 2 aus 8,50,8,8,15,34,44,49,4,8,"44,34,8,15,49","8,4",20107056.0,16000000.0,True,1,16606337.3,16606337.3,2014-10-10,10000000.0,469532,22724444.6
134,2014-10-10,2014,10,41,Friday,False,2of10_friday,Friday,5 aus 50 und 2 aus 10,50,10,11,17,20,22,29,4,6,"17,22,20,11,29","6,4",20330700.0,10000000.0,False,0,,0.0,2014-10-17,13000000.0,449895,5271515.2
135,2014-10-17,2014,10,42,Friday,False,2of10_friday,Friday,5 aus 50 und 2 aus 10,50,10,14,24,27,35,39,7,8,"24,27,35,14,39","7,8",20495558.0,13000000.0,False,0,,0.0,2014-10-24,17000000.0,451010,5304241.2
136,2014-10-24,2014,10,43,Friday,False,2of10_friday,Friday,5 aus 50 und 2 aus 10,50,10,3,15,22,26,37,2,4,"37,26,22,15,3","2,4",20897368.0,17000000.0,False,0,,0.0,2014-10-31,21000000.0,455792,5403242.0
137,2014-10-31,2014,10,44,Friday,False,2of10_friday,Friday,5 aus 50 und 2 aus 10,50,10,3,7,27,43,46,3,8,"3,27,7,43,46","3,8",23593824.0,21000000.0,False,0,,0.0,2014-11-07,27000000.0,563361,6108694.1
138,2014-11-07,2014,11,45,Friday,False,2of10_friday,Friday,5 aus 50 und 2 aus 10,50,10,5,13,25,33,35,4,8,"5,35,33,25,13","8,4",25037934.0,27000000.0,False,0,,0.0,2014-11-14,33000000.0,597074,6483128.2
139,2014-11-14,2014,11,46,Friday,False,2of10_friday,Friday,5 aus 50 und 2 aus 10,50,10,22,25,41,45,49,2,5,"49,25,41,45,22","5,2",28252356.0,33000000.0,False,0,,0.0,2014-11-21,40000000.0,550712,6131592.2
140,2014-11-21,2014,11,47,Friday,False,2of10_friday,Friday,5 aus 50 und 2 aus 10,50,10,4,18,35,41,43,4,5,"43,4,35,41,18","4,5",30654236.0,40000000.0,False,0,,0.0,2014-11-28,48000000.0,591534,9147876.3
141,2014-11-28,2014,11,48,Friday,False,2of10_friday,Friday,5 aus 50 und 2 aus 10,50,10,6,16,18,29,35,6,9,"6,35,18,16,29","9,6",34935296.0,48000000.0,False,0,,0.0,2014-12-05,57000000.0,597217,7554263.3
142,2014-12-05,2014,12,49,Friday,False,2of10_friday,Friday,5 aus 50 und 2 aus 10,50,10,11,25,32,42,47,4,9,"11,32,25,47,42","4,9",40359660.0,57000000.0,True,1,58693173.9,58693173.9,2014-12-12,10000000.0,688184,70642562.8
143,2014-12-12,2014,12,50,Friday,False,2of10_friday,Friday,5 aus 50 und 2 aus 10,50,10,1,8,15,19,37,7,9,"15,1,8,37,19","7,9",21901310.0,10000000.0,False,0,,0.0,2014-12-19,14000000.0,386144,5683976.3
144,2014-12-19,2014,12,51,Friday,False,2of10_friday,Friday,5 aus 50 und 2 aus 10,50,10,10,11,25,32,49,5,9,"10,25,49,11,32","5,9",22701142.0,14000000.0,False,0,,0.0,2014-12-26,18000000.0,400809,5872139.9
145,2014-12-26,2014,12,52,Friday,False,2of10_friday,Friday,5 aus 50 und 2 aus 10,50,10,2,21,30,39,43,5,7,"39,2,30,43,21","5,7",20542808.0,18000000.0,True,1,17783911.0,17783911.0,2015-01-02,10000000.0,399574,23113871.7
146,2015-01-02,2015,1,1,Friday,False,2of10_friday,Friday,5 aus 50 und 2 aus 10,50,10,16,29,38,42,48,5,6,"48,38,29,42,16","5,6",20722614.0,10000000.0,False,0,,0.0,2015-01-09,13000000.0,373469,5367966.8
147,2015-01-09,2015,1,2,Friday,False,2of10_friday,Friday,5 aus 50 und 2 aus 10,50,10,13,19,20,27,41,5,9,"41,27,19,20,13","9,5",20796592.0,13000000.0,False,0,,0.0,2015-01-16,17000000.0,367383,5380689.6
148,2015-01-16,2015,1,3,Friday,False,2of10_friday,Friday,5 aus 50 und 2 aus 10,50,10,1,4,14,32,48,5,6,"4,48,1,14,32","5,6",22643162.0,17000000.0,False,0,,0.0,2015-01-23,22000000.0,414454,5873012.9
149,2015-01-23,2015,1,4,Friday,False,2of10_friday,Friday,5 aus 50 und 2 aus 10,50,10,2,13,14,30,32,1,3,"30,2,32,14,13","3,1",24522724.0,22000000.0,False,0,,0.0,2015-01-30,26000000.0,475971,6350042.1
150,2015-01-30,2015,1,5,Friday,False,2of10_friday,Friday,5 aus 50 und 2 aus 10,50,10,3,4,8,11,41,2,8,"4,3,11,8,41","2,8",26622380.0,26000000.0,False,0,,0.0,2015-02-06,33000000.0,600247,5775504.6
151,2015-02-06,2015,2,6,Friday,False,2of10_friday,Friday,5 aus 50 und 2 aus 10,50,10,3,19,22,37,39,5,10,"22,19,37,3,39","10,5",28584936.0,33000000.0,False,0,,0.0,2015-02-13,40000000.0,497080,6206354.7
152,2015-02-13,2015,2,7,Friday,False,2of10_friday,Friday,5 aus 50 und 2 aus 10,50,10,3,7,14,46,48,6,9,"14,48,46,3,7","6,9",33789174.0,40000000.0,False,0,,0.0,2015-02-20,49000000.0,576601,11092343.6
153,2015-02-20,2015,2,8,Friday,False,2of10_friday,Friday,5 aus 50 und 2 aus 10,50,10,1,16,18,29,44,2,7,"18,29,16,44,1","7,2",36235066.0,49000000.0,True,1,49670283.0,49670283.0,2015-02-27,10000000.0,740437,59030775.4
154,2015-02-27,2015,2,9,Friday,False,2of10_friday,Friday,5 aus 50 und 2 aus 10,50,10,9,28,30,43,49,8,10,"30,9,49,28,43","10,8",22618050.0,10000000.0,False,0,,0.0,2015-03-06,14000000.0,348148,5855424.5
155,2015-03-06,2015,3,10,Friday,False,2of10_friday,Friday,5 aus 50 und 2 aus 10,50,10,9,16,17,20,32,2,3,"16,32,9,17,20","2,3",22741730.0,14000000.0,False,0,,0.0,2015-03-13,18000000.0,471862,5905003.4
156,2015-03-13,2015,3,11,Friday,False,2of10_friday,Friday,5 aus 50 und 2 aus 10,50,10,1,10,25,39,44,1,2,"39,10,25,1,44","1,2",24461202.0,18000000.0,False,0,,0.0,2015-03-20,23000000.0,436351,6328141.2
157,2015-03-20,2015,3,12,Friday,False,2of10_friday,Friday,5 aus 50 und 2 aus 10,50,10,9,11,13,35,38,5,7,"9,13,38,11,35","7,5",24946150.0,23000000.0,False,0,,0.0,2015-03-27,29000000.0,599882,6448400.8
158,2015-03-27,2015,3,13,Friday,False,2of10_friday,Friday,5 aus 50 und 2 aus 10,50,10,3,26,31,33,50,3,9,"31,33,50,3,26","3,9",26468490.0,29000000.0,False,0,,0.0,2015-04-03,36000000.0,484672,5721570.5
159,2015-04-03,2015,4,14,Friday,False,2of10_friday,Friday,5 aus 50 und 2 aus 10,50,10,5,34,37,43,48,2,4,"34,48,37,43,5","4,2",28452636.0,36000000.0,False,0,,0.0,2015-04-10,43000000.0,554782,8489010.7
160,2015-04-10,2015,4,15,Friday,False,2of10_friday,Friday,5 aus 50 und 2 aus 10,50,10,1,18,26,40,47,3,4,"18,1,26,40,47","3,4",31413308.0,43000000.0,False,0,,0.0,2015-04-17,51000000.0,574611,8133688.6
161,2015-04-17,2015,4,16,Friday,False,2of10_friday,Friday,5 aus 50 und 2 aus 10,50,10,5,6,13,20,33,3,8,"20,13,5,33,6","8,3",38178262.0,51000000.0,False,0,,0.0,2015-04-24,62000000.0,882233,9870371.7
162,2015-04-24,2015,4,17,Friday,False,2of10_friday,Friday,5 aus 50 und 2 aus 10,50,10,4,17,27,33,46,3,9,"33,27,17,46,4","3,9",47999032.0,62000000.0,False,0,,0.0,2015-05-01,75000000.0,969282,12432325.5
163,2015-05-01,2015,5,18,Friday,False,2of10_friday,Friday,5 aus 50 und 2 aus 10,50,10,8,24,25,30,50,4,6,"25,50,30,8,24","4,6",58014530.0,75000000.0,False,0,,0.0,2015-05-08,90000000.0,1104175,15020998.7
164,2015-05-08,2015,5,19,Friday,False,2of10_friday,Friday,5 aus 50 und 2 aus 10,50,10,19,31,32,40,46,8,9,"31,19,46,40,32","9,8",80763988.0,90000000.0,False,0,,0.0,2015-05-15,90000000.0,1309446,26095031.0
165,2015-05-15,2015,5,20,Friday,False,2of10_friday,Friday,5 aus 50 und 2 aus 10,50,10,12,14,18,38,46,9,10,"38,12,14,46,18","9,10",80751046.0,90000000.0,True,1,90000000.0,90000000.0,2015-05-22,10000000.0,1321733,130463407.1
166,2015-05-22,2015,5,21,Friday,False,2of10_friday,Friday,5 aus 50 und 2 aus 10,50,10,8,23,24,39,50,1,5,"24,23,50,39,8","5,1",27871394.0,10000000.0,False,0,,0.0,2015-05-29,16000000.0,519286,7205781.1
167,2015-05-29,2015,5,22,Friday,False,2of10_friday,Friday,5 aus 50 und 2 aus 10,50,10,1,6,16,28,38,1,6,"16,38,28,6,1","1,6",27562098.0,16000000.0,False,0,,0.0,2015-06-05,23000000.0,501736,7142889.7
168,2015-06-05,2015,6,23,Friday,False,2of10_friday,Friday,5 aus 50 und 2 aus 10,50,10,19,38,40,41,50,1,5,"40,19,41,50,38","5,1",27821978.0,23000000.0,True,1,23251598.3,23251598.3,2015-06-12,10000000.0,459763,30455494.8
169,2015-06-12,2015,6,24,Friday,False,2of10_friday,Friday,5 aus 50 und 2 aus 10,50,10,17,23,27,30,39,6,8,"27,23,17,30,39","6,8",24212022.0,10000000.0,False,0,,0.0,2015-06-19,14000000.0,482343,6271112.6
170,2015-06-19,2015,6,25,Friday,False,2of10_friday,Friday,5 aus 50 und 2 aus 10,50,10,12,14,20,21,39,5,10,"21,12,14,39,20","10,5",24547710.0,14000000.0,False,0,,0.0,2015-06-26,19000000.0,405687,6366332.8
171,2015-06-26,2015,6,26,Friday,False,2of10_friday,Friday,5 aus 50 und 2 aus 10,50,10,14,27,28,35,47,1,8,"27,14,28,35,47","1,8",24758312.0,19000000.0,False,0,,0.0,2015-07-03,24000000.0,468456,6403028.1
172,2015-07-03,2015,7,27,Friday,False,2of10_friday,Friday,5 aus 50 und 2 aus 10,50,10,1,31,40,41,45,5,9,"40,45,31,1,41","5,9",25626196.0,24000000.0,False,0,,0.0,2015-07-10,30000000.0,377837,5567032.7
173,2015-07-10,2015,7,28,Friday,False,2of10_friday,Friday,5 aus 50 und 2 aus 10,50,10,12,35,36,39,47,3,6,"35,47,12,36,39","3,6",28566524.0,30000000.0,False,0,,0.0,2015-07-17,37000000.0,574741,6181364.2
174,2015-07-17,2015,7,29,Friday,False,2of10_friday,Friday,5 aus 50 und 2 aus 10,50,10,6,21,30,37,44,1,3,"37,21,30,6,44","1,3",31088578.0,37000000.0,False,0,,0.0,2015-07-24,45000000.0,554703,10346438.4
175,2015-07-24,2015,7,30,Friday,False,2of10_friday,Friday,5 aus 50 und 2 aus 10,50,10,6,12,15,20,30,3,6,"6,30,12,15,20","3,6",34395818.0,45000000.0,True,1,46154745.9,46154745.9,2015-07-31,10000000.0,725408,55052061.2
176,2015-07-31,2015,7,31,Friday,False,2of10_friday,Friday,5 aus 50 und 2 aus 10,50,10,11,19,24,46,49,1,5,"24,11,49,19,46","1,5",24287566.0,10000000.0,False,0,,0.0,2015-08-07,14000000.0,454913,6302568.5
177,2015-08-07,2015,8,32,Friday,False,2of10_friday,Friday,5 aus 50 und 2 aus 10,50,10,1,9,15,22,49,4,7,"15,49,1,22,9","4,7",24040336.0,14000000.0,False,0,,0.0,2015-08-14,18000000.0,531718,6220311.7
178,2015-08-14,2015,8,33,Friday,False,2of10_friday,Friday,5 aus 50 und 2 aus 10,50,10,1,7,27,28,41,2,6,"28,41,1,7,27","2,6",25255850.0,18000000.0,False,0,,0.0,2015-08-21,24000000.0,509871,6557940.2
179,2015-08-21,2015,8,34,Friday,False,2of10_friday,Friday,5 aus 50 und 2 aus 10,50,10,13,20,39,40,42,3,9,"13,20,39,40,42","3,9",26137128.0,24000000.0,False,0,,0.0,2015-08-28,31000000.0,472345,6771104.9
180,2015-08-28,2015,8,35,Friday,False,2of10_friday,Friday,5 aus 50 und 2 aus 10,50,10,5,8,33,34,46,3,8,"8,5,34,46,33","8,3",29067230.0,31000000.0,False,0,,0.0,2015-09-04,38000000.0,646303,7523390.5
181,2015-09-04,2015,9,36,Friday,False,2of10_friday,Friday,5 aus 50 und 2 aus 10,50,10,12,23,37,41,46,3,7,"12,23,46,41,37","3,7",31948566.0,38000000.0,True,1,38878827.5,38878827.5,2015-09-11,10000000.0,712310,47133709.0
182,2015-09-11,2015,9,37,Friday,False,2of10_friday,Friday,5 aus 50 und 2 aus 10,50,10,7,22,27,30,31,5,7,"31,30,7,22,27","7,5",23842288.0,10000000.0,False,0,,0.0,2015-09-18,14000000.0,537033,6177766.7
183,2015-09-18,2015,9,38,Friday,False,2of10_friday,Friday,5 aus 50 und 2 aus 10,50,10,3,7,13,41,48,1,7,"3,48,41,13,7","1,7",24152196.0,14000000.0,False,0,,0.0,2015-09-25,18000000.0,515706,6261090.6
184,2015-09-25,2015,9,39,Friday,False,2of10_friday,Friday,5 aus 50 und 2 aus 10,50,10,3,5,13,16,30,3,6,"5,13,3,16,30","6,3",24953240.0,18000000.0,False,0,,0.0,2015-10-02,24000000.0,581619,6474188.5
185,2015-10-02,2015,10,40,Friday,False,2of10_friday,Friday,5 aus 50 und 2 aus 10,50,10,7,9,28,39,47,2,8,"39,7,9,28,47","8,2",27249886.0,24000000.0,False,0,,0.0,2015-10-09,31000000.0,611499,7062516.4
186,2015-10-09,2015,10,41,Friday,False,2of10_friday,Friday,5 aus 50 und 2 aus 10,50,10,13,14,23,26,31,3,9,"26,23,14,31,13","3,9",30485170.0,31000000.0,True,1,31579233.1,31579233.1,2015-10-16,10000000.0,627371,39482724.2
187,2015-10-16,2015,10,42,Friday,False,2of10_friday,Friday,5 aus 50 und 2 aus 10,50,10,11,19,38,42,46,3,9,"38,11,19,42,46","3,9",23960620.0,10000000.0,False,0,,0.0,2015-10-23,14000000.0,440839,6190536.7
188,2015-10-23,2015,10,43,Friday,False,2of10_friday,Friday,5 aus 50 und 2 aus 10,50,10,16,18,34,36,49,6,8,"16,36,34,49,18","8,6",24387394.0,14000000.0,False,0,,0.0,2015-10-30,18000000.0,450372,6314657.4
189,2015-10-30,2015,10,44,Friday,False,2of10_friday,Friday,5 aus 50 und 2 aus 10,50,10,5,15,16,36,37,3,5,"5,15,16,37,36","5,3",26274446.0,18000000.0,False,0,,0.0,2015-11-06,24000000.0,561030,6799570.6
190,2015-11-06,2015,11,45,Friday,False,2of10_friday,Friday,5 aus 50 und 2 aus 10,50,10,2,4,8,22,24,3,9,"22,24,4,2,8","3,9",28460128.0,24000000.0,False,0,,0.0,2015-11-13,32000000.0,587498,7385177.0
191,2015-11-13,2015,11,46,Friday,False,2of10_friday,Friday,5 aus 50 und 2 aus 10,50,10,19,23,26,27,49,3,10,"23,49,27,19,26","10,3",33082452.0,32000000.0,True,1,32657956.9,32657956.9,2015-11-20,10000000.0,593975,41221940.0
192,2015-11-20,2015,11,47,Friday,False,2of10_friday,Friday,5 aus 50 und 2 aus 10,50,10,1,18,20,31,36,5,9,"1,36,31,18,20","5,9",23927640.0,10000000.0,False,0,,0.0,2015-11-27,14000000.0,392917,6212129.5
193,2015-11-27,2015,11,48,Friday,False,2of10_friday,Friday,5 aus 50 und 2 aus 10,50,10,2,7,13,26,49,3,4,"2,26,49,13,7","3,4",24157688.0,14000000.0,False,0,,0.0,2015-12-04,18000000.0,555256,6251278.8
194,2015-12-04,2015,12,49,Friday,False,2of10_friday,Friday,5 aus 50 und 2 aus 10,50,10,14,16,26,34,38,2,8,"16,34,14,26,38","8,2",25989302.0,18000000.0,False,0,,0.0,2015-12-11,24000000.0,543016,6714823.5
195,2015-12-11,2015,12,50,Friday,False,2of10_friday,Friday,5 aus 50 und 2 aus 10,50,10,34,36,37,39,49,8,10,"36,37,49,39,34","10,8",28026736.0,24000000.0,False,0,,0.0,2015-12-18,31000000.0,419315,7275106.2
196,2015-12-18,2015,12,51,Friday,False,2of10_friday,Friday,5 aus 50 und 2 aus 10,50,10,11,19,27,32,42,5,9,"11,27,19,32,42","9,5",31865424.0,31000000.0,False,0,,0.0,2015-12-25,40000000.0,619056,8250341.5
197,2015-12-25,2015,12,52,Friday,False,2of10_friday,Friday,5 aus 50 und 2 aus 10,50,10,8,9,33,34,36,3,9,"8,36,33,34,9","9,3",33988758.0,40000000.0,False,0,,0.0,2016-01-01,48000000.0,692392,8784798.0
198,2016-01-01,2016,1,53,Friday,False,2of10_friday,Friday,5 aus 50 und 2 aus 10,50,10,11,14,35,44,45,5,6,"14,35,45,11,44","5,6",39856408.0,48000000.0,True,1,49685851.5,49685851.5,2016-01-08,10000000.0,737960,59988192.1
199,2016-01-08,2016,1,1,Friday,False,2of10_friday,Friday,5 aus 50 und 2 aus 10,50,10,1,2,5,24,47,3,8,"47,1,2,24,5","8,3",24231894.0,10000000.0,False,0,,0.0,2016-01-15,14000000.0,516061,6284366.2
200,2016-01-15,2016,1,2,Friday,False,2of10_friday,Friday,5 aus 50 und 2 aus 10,50,10,4,23,25,37,39,1,9,"23,25,4,39,37","9,1",25423218.0,14000000.0,False,0,,0.0,2016-01-22,19000000.0,431622,6605921.8
201,2016-01-22,2016,1,3,Friday,False,2of10_friday,Friday,5 aus 50 und 2 aus 10,50,10,3,19,26,29,36,4,9,"19,3,26,36,29","4,9",26684134.0,19000000.0,True,1,19379323.3,19379323.3,2016-01-29,10000000.0,509958,26309764.8
202,2016-01-29,2016,1,4,Friday,False,2of10_friday,Friday,5 aus 50 und 2 aus 10,50,10,3,20,32,40,42,4,9,"42,40,3,32,20","4,9",24470844.0,10000000.0,False,0,,0.0,2016-02-05,14000000.0,394408,5292789.6
203,2016-02-05,2016,2,5,Friday,False,2of10_friday,Friday,5 aus 50 und 2 aus 10,50,10,10,25,35,37,43,5,8,"37,25,35,43,10","5,8",25209798.0,14000000.0,False,0,,0.0,2016-02-12,19000000.0,514661,7567045.7
204,2016-02-12,2016,2,6,Friday,False,2of10_friday,Friday,5 aus 50 und 2 aus 10,50,10,7,20,21,33,41,1,2,"33,21,7,41,20","2,1",26185408.0,19000000.0,False,0,,0.0,2016-02-19,24000000.0,481018,6786741.0
205,2016-02-19,2016,2,7,Friday,False,2of10_friday,Friday,5 aus 50 und 2 aus 10,50,10,10,12,28,29,49,3,4,"49,12,29,10,28","4,3",27993708.0,24000000.0,False,0,,0.0,2016-02-26,31000000.0,594601,7261387.2
206,2016-02-26,2016,2,8,Friday,False,2of10_friday,Friday,5 aus 50 und 2 aus 10,50,10,9,11,19,42,45,7,10,"19,45,11,42,9","7,10",31787514.0,31000000.0,False,0,,0.0,2016-03-04,40000000.0,561466,8224876.0
207,2016-03-04,2016,3,9,Friday,False,2of10_friday,Friday,5 aus 50 und 2 aus 10,50,10,2,5,10,13,28,3,10,"13,2,10,5,28","10,3",37298048.0,40000000.0,False,0,,0.0,2016-03-11,50000000.0,739566,9670587.5
208,2016-03-11,2016,3,10,Friday,False,2of10_friday,Friday,5 aus 50 und 2 aus 10,50,10,10,16,31,37,40,3,9,"10,31,16,40,37","9,3",43852168.0,50000000.0,False,0,,0.0,2016-03-18,61000000.0,803034,11346615.3
209,2016-03-18,2016,3,11,Friday,False,2of10_friday,Friday,5 aus 50 und 2 aus 10,50,10,10,20,35,47,50,4,7,"20,10,50,35,47","7,4",51293110.0,61000000.0,False,0,,0.0,2016-03-25,75000000.0,968416,13266686.0
210,2016-03-25,2016,3,12,Friday,False,2of10_friday,Friday,5 aus 50 und 2 aus 10,50,10,9,10,19,20,35,3,4,"35,9,19,20,10","4,3",59539114.0,75000000.0,True,1,76766891.4,76766891.4,2016-04-01,10000000.0,1237990,92211701.9
211,2016-04-01,2016,4,13,Friday,False,2of10_friday,Friday,5 aus 50 und 2 aus 10,50,10,6,12,21,40,49,8,10,"40,49,6,21,12","10,8",27007562.0,10000000.0,False,0,,0.0,2016-04-08,14000000.0,419513,7013747.0
212,2016-04-08,2016,4,14,Friday,False,2of10_friday,Friday,5 aus 50 und 2 aus 10,50,10,1,2,16,31,50,1,7,"16,1,2,31,50","7,1",27241802.0,14000000.0,False,0,,0.0,2016-04-15,21000000.0,483338,7052793.7
213,2016-04-15,2016,4,15,Friday,False,2of10_friday,Friday,5 aus 50 und 2 aus 10,50,10,1,5,17,39,46,6,7,"39,46,1,17,5","6,7",28985218.0,21000000.0,False,0,,0.0,2016-04-22,29000000.0,546519,7509215.6
214,2016-04-22,2016,4,16,Friday,False,2of10_friday,Friday,5 aus 50 und 2 aus 10,50,10,5,28,31,33,49,1,2,"31,5,33,49,28","2,1",30121798.0,29000000.0,True,1,29071164.3,29071164.3,2016-04-29,10000000.0,525762,36875384.0
215,2016-04-29,2016,4,17,Friday,False,2of10_friday,Friday,5 aus 50 und 2 aus 10,50,10,10,14,20,24,40,2,10,"24,10,40,14,20","2,10",25608238.0,10000000.0,False,0,,0.0,2016-05-06,14000000.0,418754,6641580.4
216,2016-05-06,2016,5,18,Friday,False,2of10_friday,Friday,5 aus 50 und 2 aus 10,50,10,12,24,38,45,46,6,10,"45,24,46,12,38","10,6",24871460.0,14000000.0,True,1,14476862.8,14476862.8,2016-05-13,10000000.0,390615,20920529.3
217,2016-05-13,2016,5,19,Friday,False,2of10_friday,Friday,5 aus 50 und 2 aus 10,50,10,6,7,36,39,40,1,10,"39,7,6,36,40","10,1",24794782.0,10000000.0,True,1,10000000.0,10000000.0,2016-05-20,10000000.0,363199,16425359.3
218,2016-05-20,2016,5,20,Friday,False,2of10_friday,Friday,5 aus 50 und 2 aus 10,50,10,6,19,23,33,34,4,7,"6,23,19,33,34","7,4",23399288.0,10000000.0,False,0,,0.0,2016-05-27,14000000.0,539911,6056569.0
219,2016-05-27,2016,5,21,Friday,False,2of10_friday,Friday,5 aus 50 und 2 aus 10,50,10,4,10,26,33,48,5,9,"4,48,33,10,26","5,9",23635850.0,14000000.0,False,0,,0.0,2016-06-03,18000000.0,450448,6113900.4
220,2016-06-03,2016,6,22,Friday,False,2of10_friday,Friday,5 aus 50 und 2 aus 10,50,10,13,20,32,34,47,6,9,"13,32,20,47,34","6,9",25352634.0,18000000.0,False,0,,0.0,2016-06-10,23000000.0,429994,6571000.0
221,2016-06-10,2016,6,23,Friday,False,2of10_friday,Friday,5 aus 50 und 2 aus 10,50,10,11,12,26,28,37,8,10,"12,26,28,37,11","10,8",26906386.0,23000000.0,False,0,,0.0,2016-06-17,28000000.0,474003,5838790.1
222,2016-06-17,2016,6,24,Friday,False,2of10_friday,Friday,5 aus 50 und 2 aus 10,50,10,16,18,19,23,44,1,3,"44,16,23,18,19","3,1",28655240.0,28000000.0,False,0,,0.0,2016-06-24,34000000.0,569997,8566646.2
223,2016-06-24,2016,6,25,Friday,False,2of10_friday,Friday,5 aus 50 und 2 aus 10,50,10,19,21,24,41,48,1,6,"24,19,48,21,41","6,1",30976322.0,34000000.0,False,0,,0.0,2016-07-01,40000000.0,521497,8021634.6
224,2016-07-01,2016,7,26,Friday,False,2of10_friday,Friday,5 aus 50 und 2 aus 10,50,10,29,37,38,47,50,2,4,"50,47,37,29,38","2,4",35096710.0,40000000.0,False,0,,0.0,2016-07-08,48000000.0,623031,9113394.8
225,2016-07-08,2016,7,27,Friday,False,2of10_friday,Friday,5 aus 50 und 2 aus 10,50,10,4,19,21,31,42,5,10,"31,21,4,42,19","5,10",37560426.0,48000000.0,False,0,,0.0,2016-07-15,58000000.0,621188,9755278.4
226,2016-07-15,2016,7,28,Friday,False,2of10_friday,Friday,5 aus 50 und 2 aus 10,50,10,12,22,36,38,50,2,9,"12,38,36,50,22","9,2",43393450.0,58000000.0,False,0,,0.0,2016-07-22,69000000.0,802067,11228010.1
227,2016-07-22,2016,7,29,Friday,False,2of10_friday,Friday,5 aus 50 und 2 aus 10,50,10,6,14,20,26,46,2,4,"14,26,20,6,46","4,2",49072822.0,69000000.0,False,0,,0.0,2016-07-29,82000000.0,926935,12728506.0
228,2016-07-29,2016,7,30,Friday,False,2of10_friday,Friday,5 aus 50 und 2 aus 10,50,10,4,8,22,36,44,5,10,"22,8,36,4,44","5,10",62567082.0,82000000.0,True,1,84777435.8,84777435.8,2016-08-05,10000000.0,1113675,101002552.1
229,2016-08-05,2016,8,31,Friday,False,2of10_friday,Friday,5 aus 50 und 2 aus 10,50,10,5,11,12,30,40,2,5,"11,12,40,5,30","5,2",27124102.0,10000000.0,False,0,,0.0,2016-08-12,15000000.0,575659,5863762.7
230,2016-08-12,2016,8,32,Friday,False,2of10_friday,Friday,5 aus 50 und 2 aus 10,50,10,6,15,18,21,38,1,4,"15,6,38,21,18","4,1",27261204.0,15000000.0,False,0,,0.0,2016-08-19,22000000.0,502764,8203437.5
231,2016-08-19,2016,8,33,Friday,False,2of10_friday,Friday,5 aus 50 und 2 aus 10,50,10,22,33,42,43,46,6,10,"46,22,33,43,42","10,6",27926904.0,22000000.0,False,0,,0.0,2016-08-26,28000000.0,419438,7243977.7
232,2016-08-26,2016,8,34,Friday,False,2of10_friday,Friday,5 aus 50 und 2 aus 10,50,10,4,8,9,33,43,5,9,"9,33,4,8,43","5,9",28911242.0,28000000.0,False,0,,0.0,2016-09-02,36000000.0,561470,7482673.9
233,2016-09-02,2016,9,35,Friday,False,2of10_friday,Friday,5 aus 50 und 2 aus 10,50,10,15,28,30,42,50,1,8,"30,28,15,50,42","8,1",32234482.0,36000000.0,False,0,,0.0,2016-09-09,44000000.0,548541,7861100.2
234,2016-09-09,2016,9,36,Friday,False,2of10_friday,Friday,5 aus 50 und 2 aus 10,50,10,11,27,34,35,39,6,10,"11,27,35,34,39","10,6",35645800.0,44000000.0,False,0,,0.0,2016-09-16,53000000.0,584551,9702880.8
235,2016-09-16,2016,9,37,Friday,False,2of10_friday,Friday,5 aus 50 und 2 aus 10,50,10,15,28,30,37,43,2,5,"28,30,15,37,43","5,2",40713232.0,53000000.0,False,0,,0.0,2016-09-23,64000000.0,794199,10536632.8
236,2016-09-23,2016,9,38,Friday,False,2of10_friday,Friday,5 aus 50 und 2 aus 10,50,10,1,7,23,25,45,5,8,"1,45,7,25,23","8,5",46956002.0,64000000.0,False,0,,0.0,2016-09-30,76000000.0,981905,12148655.8
237,2016-09-30,2016,9,39,Friday,False,2of10_friday,Friday,5 aus 50 und 2 aus 10,50,10,4,28,29,39,44,8,10,"39,4,44,29,28","10,8",56568532.0,76000000.0,False,0,,0.0,2016-10-07,90000000.0,947755,14667247.2
238,2016-10-07,2016,10,40,Friday,False,2of10_friday,Friday,5 aus 50 und 2 aus 10,50,10,1,10,20,43,44,6,9,"1,43,20,44,10","9,6",73721270.0,90000000.0,False,0,,0.0,2016-10-14,90000000.0,1225942,24161681.0
239,2016-10-14,2016,10,41,Friday,False,2of10_friday,Friday,5 aus 50 und 2 aus 10,50,10,7,10,25,39,42,3,6,"42,10,25,7,39","3,6",79950034.0,90000000.0,True,1,90000000.0,90000000.0,2016-10-21,10000000.0,1650630,129496922.0
240,2016-10-21,2016,10,42,Friday,False,2of10_friday,Friday,5 aus 50 und 2 aus 10,50,10,14,16,28,34,35,3,9,"28,35,14,16,34","3,9",31196774.0,10000000.0,True,1,10549199.7,10549199.7,2016-10-28,10000000.0,623646,18623143.6
241,2016-10-28,2016,10,43,Friday,False,2of10_friday,Friday,5 aus 50 und 2 aus 10,50,10,1,4,6,12,13,1,6,"12,4,6,13,1","1,6",29546370.0,10000000.0,False,0,,0.0,2016-11-04,15000000.0,604131,7651456.1
242,2016-11-04,2016,11,44,Friday,False,2of10_friday,Friday,5 aus 50 und 2 aus 10,50,10,14,15,16,22,50,2,10,"15,16,50,22,14","2,10",30536060.0,15000000.0,False,0,,0.0,2016-11-11,22000000.0,492576,7912975.2
243,2016-11-11,2016,11,45,Friday,False,2of10_friday,Friday,5 aus 50 und 2 aus 10,50,10,1,16,18,42,47,6,8,"42,18,47,16,1","6,8",31343822.0,22000000.0,False,0,,0.0,2016-11-18,29000000.0,537251,8101945.3
244,2016-11-18,2016,11,46,Friday,False,2of10_friday,Friday,5 aus 50 und 2 aus 10,50,10,7,10,16,32,40,1,6,"16,7,40,10,32","6,1",32997454.0,29000000.0,False,0,,0.0,2016-11-25,38000000.0,595536,8551821.2
245,2016-11-25,2016,11,47,Friday,False,2of10_friday,Friday,5 aus 50 und 2 aus 10,50,10,19,28,34,45,49,1,6,"19,45,49,34,28","1,6",35427528.0,38000000.0,False,0,,0.0,2016-12-02,46000000.0,608620,9191121.2
246,2016-12-02,2016,12,48,Friday,False,2of10_friday,Friday,5 aus 50 und 2 aus 10,50,10,1,20,39,48,50,3,7,"39,48,1,20,50","3,7",40143296.0,46000000.0,False,0,,0.0,2016-12-09,57000000.0,777970,10396150.9
247,2016-12-09,2016,12,49,Friday,False,2of10_friday,Friday,5 aus 50 und 2 aus 10,50,10,12,17,29,44,50,2,10,"29,17,44,12,50","2,10",42914022.0,57000000.0,False,0,,0.0,2016-12-16,68000000.0,742548,11136770.5
248,2016-12-16,2016,12,50,Friday,False,2of10_friday,Friday,5 aus 50 und 2 aus 10,50,10,2,3,24,25,34,6,8,"2,34,25,24,3","6,8",49134332.0,68000000.0,False,0,,0.0,2016-12-23,81000000.0,959910,12713492.7
249,2016-12-23,2016,12,51,Friday,False,2of10_friday,Friday,5 aus 50 und 2 aus 10,50,10,13,27,30,42,46,3,4,"46,13,27,42,30","4,3",62337680.0,81000000.0,False,0,,0.0,2016-12-30,90000000.0,1248930,16117688.2
250,2016-12-30,2016,12,52,Friday,False,2of10_friday,Friday,5 aus 50 und 2 aus 10,50,10,27,30,45,47,50,1,9,"27,30,50,47,45","9,1",71721126.0,90000000.0,False,0,,0.0,2017-01-06,90000000.0,1136316,28827148.2
251,2017-01-06,2017,1,1,Friday,False,2of10_friday,Friday,5 aus 50 und 2 aus 10,50,10,7,14,23,27,35,3,5,"14,27,7,23,35","3,5",74230732.0,90000000.0,True,5,18000000.0,90000000.0,2017-01-13,10000000.0,1773439,126966003.2
252,2017-01-13,2017,1,2,Friday,False,2of10_friday,Friday,5 aus 50 und 2 aus 10,50,10,2,21,26,44,45,1,6,"45,2,26,44,21","1,6",34159190.0,10000000.0,False,0,,0.0,2017-01-20,18000000.0,570906,8833143.7
253,2017-01-20,2017,1,3,Friday,False,2of10_friday,Friday,5 aus 50 und 2 aus 10,50,10,5,23,25,35,40,5,8,"40,23,5,25,35","5,8",32706936.0,18000000.0,False,0,,0.0,2017-01-27,26000000.0,679198,8466878.4
254,2017-01-27,2017,1,4,Friday,False,2of10_friday,Friday,5 aus 50 und 2 aus 10,50,10,12,15,19,29,48,7,9,"15,12,29,19,48","7,9",34068330.0,26000000.0,False,0,,0.0,2017-02-03,35000000.0,664894,8812881.7
255,2017-02-03,2017,2,5,Friday,False,2of10_friday,Friday,5 aus 50 und 2 aus 10,50,10,4,5,17,39,47,3,4,"39,47,5,17,4","3,4",37527750.0,35000000.0,False,0,,0.0,2017-02-10,44000000.0,779606,9708861.6
256,2017-02-10,2017,2,6,Friday,False,2of10_friday,Friday,5 aus 50 und 2 aus 10,50,10,13,23,31,42,44,2,5,"13,23,44,31,42","2,5",40116976.0,44000000.0,True,2,22569527.6,45139055.2,2017-02-17,10000000.0,814497,55518336.1
257,2017-02-17,2017,2,7,Friday,False,2of10_friday,Friday,5 aus 50 und 2 aus 10,50,10,7,18,19,40,49,5,6,"40,49,19,7,18","5,6",30587124.0,10000000.0,False,0,,0.0,2017-02-24,15000000.0,601725,7925625.9
258,2017-02-24,2017,2,8,Friday,False,2of10_friday,Friday,5 aus 50 und 2 aus 10,50,10,1,7,13,19,20,6,8,"13,19,7,20,1","8,6",30968216.0,15000000.0,False,0,,0.0,2017-03-03,23000000.0,673509,7996202.4
259,2017-03-03,2017,3,9,Friday,False,2of10_friday,Friday,5 aus 50 und 2 aus 10,50,10,3,7,16,18,25,2,10,"7,3,16,18,25","10,2",33088452.0,23000000.0,False,0,,0.0,2017-03-10,31000000.0,631523,8582464.0
260,2017-03-10,2017,3,10,Friday,False,2of10_friday,Friday,5 aus 50 und 2 aus 10,50,10,13,18,20,35,46,7,8,"18,20,35,13,46","7,8",35011784.0,31000000.0,False,0,,0.0,2017-03-17,40000000.0,664275,9063328.1
261,2017-03-17,2017,3,11,Friday,False,2of10_friday,Friday,5 aus 50 und 2 aus 10,50,10,3,16,25,38,45,7,8,"38,25,3,45,16","8,7",37698802.0,40000000.0,False,0,,0.0,2017-03-24,49000000.0,745897,9748406.9
262,2017-03-24,2017,3,12,Friday,False,2of10_friday,Friday,5 aus 50 und 2 aus 10,50,10,25,26,30,36,44,3,9,"25,30,44,36,26","3,9",40835108.0,49000000.0,False,0,,0.0,2017-03-31,60000000.0,754970,10556390.1
263,2017-03-31,2017,3,13,Friday,False,2of10_friday,Friday,5 aus 50 und 2 aus 10,50,10,8,14,34,40,44,1,7,"44,14,8,40,34","1,7",46099214.0,60000000.0,False,0,,0.0,2017-04-07,72000000.0,821313,11952444.1
264,2017-04-07,2017,4,14,Friday,False,2of10_friday,Friday,5 aus 50 und 2 aus 10,50,10,10,27,43,45,46,4,8,"46,45,27,43,10","8,4",52914060.0,72000000.0,False,0,,0.0,2017-04-14,86000000.0,1006833,13703908.9
265,2017-04-14,2017,4,15,Friday,False,2of10_friday,Friday,5 aus 50 und 2 aus 10,50,10,6,22,33,46,49,1,5,"49,6,46,22,33","1,5",57999676.0,86000000.0,True,1,86970702.8,86970702.8,2017-04-21,10000000.0,1053692,101976157.4
266,2017-04-21,2017,4,16,Friday,False,2of10_friday,Friday,5 aus 50 und 2 aus 10,50,10,27,31,44,46,49,6,8,"49,44,27,31,46","6,8",30337086.0,10000000.0,False,0,,0.0,2017-04-28,16000000.0,522380,7874738.1
267,2017-04-28,2017,4,17,Friday,False,2of10_friday,Friday,5 aus 50 und 2 aus 10,50,10,3,38,39,41,45,3,5,"3,38,45,39,41","5,3",32104618.0,16000000.0,False,0,,0.0,2017-05-05,24000000.0,616284,6931143.8
268,2017-05-05,2017,5,18,Friday,False,2of10_friday,Friday,5 aus 50 und 2 aus 10,50,10,8,11,23,41,42,6,8,"41,11,42,23,8","8,6",32598480.0,24000000.0,False,0,,0.0,2017-05-12,32000000.0,627211,9815809.8
269,2017-05-12,2017,5,19,Friday,False,2of10_friday,Friday,5 aus 50 und 2 aus 10,50,10,7,14,31,35,46,1,2,"31,14,7,46,35","2,1",34440288.0,32000000.0,False,0,,0.0,2017-05-19,41000000.0,609032,8942579.4
270,2017-05-19,2017,5,20,Friday,False,2of10_friday,Friday,5 aus 50 und 2 aus 10,50,10,22,33,41,46,50,2,6,"41,33,22,50,46","6,2",36454476.0,41000000.0,False,0,,0.0,2017-05-26,50000000.0,644216,9451203.1
271,2017-05-26,2017,5,21,Friday,False,2of10_friday,Friday,5 aus 50 und 2 aus 10,50,10,3,11,13,15,23,1,9,"11,13,3,23,15","1,9",37575520.0,50000000.0,True,1,50270035.2,50270035.2,2017-06-02,10000000.0,728548,60014430.7
272,2017-06-02,2017,6,22,Friday,False,2of10_friday,Friday,5 aus 50 und 2 aus 10,50,10,2,4,17,20,46,1,8,"4,17,46,2,20","1,8",28700340.0,10000000.0,False,0,,0.0,2017-06-09,15000000.0,523582,7448511.7
273,2017-06-09,2017,6,23,Friday,False,2of10_friday,Friday,5 aus 50 und 2 aus 10,50,10,13,17,20,24,47,5,8,"13,24,47,17,20","8,5",29026944.0,15000000.0,False,0,,0.0,2017-06-16,21000000.0,619962,7510522.2
274,2017-06-16,2017,6,24,Friday,False,2of10_friday,Friday,5 aus 50 und 2 aus 10,50,10,1,24,25,31,38,1,7,"31,24,38,1,25","7,1",30406996.0,21000000.0,False,0,,0.0,2017-06-23,29000000.0,559672,6586351.3
275,2017-06-23,2017,6,25,Friday,False,2of10_friday,Friday,5 aus 50 und 2 aus 10,50,10,6,14,19,27,35,2,4,"6,14,27,35,19","2,4",32088532.0,29000000.0,False,0,,0.0,2017-06-30,37000000.0,697446,9623325.1
276,2017-06-30,2017,6,26,Friday,False,2of10_friday,Friday,5 aus 50 und 2 aus 10,50,10,1,3,11,18,31,3,6,"11,31,1,3,18","6,3",35222884.0,37000000.0,False,0,,0.0,2017-07-07,46000000.0,769576,9116818.5
277,2017-07-07,2017,7,27,Friday,False,2of10_friday,Friday,5 aus 50 und 2 aus 10,50,10,15,16,17,23,30,6,9,"15,17,30,16,23","9,6",37710714.0,46000000.0,True,1,46505018.6,46505018.6,2017-07-14,10000000.0,678335,56256357.0
278,2017-07-14,2017,7,28,Friday,False,2of10_friday,Friday,5 aus 50 und 2 aus 10,50,10,3,9,25,31,49,8,9,"49,3,9,25,31","9,8",28996288.0,10000000.0,False,0,,0.0,2017-07-21,15000000.0,530103,7519507.0
279,2017-07-21,2017,7,29,Friday,False,2of10_friday,Friday,5 aus 50 und 2 aus 10,50,10,27,35,36,38,48,2,3,"27,36,38,35,48","2,3",29388600.0,15000000.0,False,0,,0.0,2017-07-28,21000000.0,551471,6368730.8
280,2017-07-28,2017,7,30,Friday,False,2of10_friday,Friday,5 aus 50 und 2 aus 10,50,10,14,18,26,40,45,1,5,"40,45,26,14,18","1,5",30865528.0,21000000.0,False,0,,0.0,2017-08-04,29000000.0,543187,6690439.3
281,2017-08-04,2017,8,31,Friday,False,2of10_friday,Friday,5 aus 50 und 2 aus 10,50,10,18,39,44,46,47,4,6,"39,44,46,47,18","4,6",33195914.0,29000000.0,False,0,,0.0,2017-08-11,37000000.0,606875,7170884.8
282,2017-08-11,2017,8,32,Friday,False,2of10_friday,Friday,5 aus 50 und 2 aus 10,50,10,13,14,21,23,40,1,3,"40,21,13,23,14","1,3",35361096.0,37000000.0,False,0,,0.0,2017-08-18,46000000.0,696123,13158360.7
283,2017-08-18,2017,8,33,Friday,False,2of10_friday,Friday,5 aus 50 und 2 aus 10,50,10,1,4,20,32,34,3,6,"32,4,20,34,1","6,3",39139914.0,46000000.0,True,1,47357065.0,47357065.0,2017-08-25,10000000.0,742750,57497122.0
284,2017-08-25,2017,8,34,Friday,False,2of10_friday,Friday,5 aus 50 und 2 aus 10,50,10,11,20,28,41,45,5,9,"28,20,45,41,11","9,5",28745024.0,10000000.0,False,0,,0.0,2017-09-01,15000000.0,495596,7433435.7
285,2017-09-01,2017,9,35,Friday,False,2of10_friday,Friday,5 aus 50 und 2 aus 10,50,10,3,4,9,19,28,1,7,"19,3,9,4,28","7,1",30215972.0,15000000.0,False,0,,0.0,2017-09-08,22000000.0,670841,7838747.4
286,2017-09-08,2017,9,36,Friday,False,2of10_friday,Friday,5 aus 50 und 2 aus 10,50,10,11,38,40,42,48,4,5,"40,48,42,38,11","5,4",31617442.0,22000000.0,False,0,,0.0,2017-09-15,30000000.0,542784,8202578.6
287,2017-09-15,2017,9,37,Friday,False,2of10_friday,Friday,5 aus 50 und 2 aus 10,50,10,15,22,29,33,47,3,7,"47,33,15,22,29","3,7",36264036.0,30000000.0,True,2,15363349.6,30726699.2,2017-09-22,10000000.0,832238,40104206.2
288,2017-09-22,2017,9,38,Friday,False,2of10_friday,Friday,5 aus 50 und 2 aus 10,50,10,10,17,32,36,47,2,5,"17,47,36,32,10","5,2",30163226.0,10000000.0,False,0,,0.0,2017-09-29,15000000.0,587934,7837573.3
289,2017-09-29,2017,9,39,Friday,False,2of10_friday,Friday,5 aus 50 und 2 aus 10,50,10,2,12,15,29,44,7,10,"15,12,2,44,29","10,7",31532588.0,15000000.0,False,0,,0.0,2017-10-06,22000000.0,567858,8185088.4
290,2017-10-06,2017,10,40,Friday,False,2of10_friday,Friday,5 aus 50 und 2 aus 10,50,10,5,17,28,40,44,1,8,"28,44,40,17,5","8,1",32798512.0,22000000.0,False,0,,0.0,2017-10-13,31000000.0,612752,8505381.5
291,2017-10-13,2017,10,41,Friday,False,2of10_friday,Friday,5 aus 50 und 2 aus 10,50,10,9,40,43,44,46,1,8,"9,44,46,40,43","1,8",38448238.0,31000000.0,False,0,,0.0,2017-10-20,41000000.0,621395,9973401.3
292,2017-10-20,2017,10,42,Friday,False,2of10_friday,Friday,5 aus 50 und 2 aus 10,50,10,1,10,25,46,49,1,6,"10,25,46,1,49","6,1",40964860.0,41000000.0,True,1,41570496.9,41570496.9,2017-10-27,10000000.0,726112,52170666.6
293,2017-10-27,2017,10,43,Friday,False,2of10_friday,Friday,5 aus 50 und 2 aus 10,50,10,2,20,23,29,50,4,5,"23,29,50,2,20","4,5",30351240.0,10000000.0,False,0,,0.0,2017-11-03,15000000.0,554942,7868003.9
294,2017-11-03,2017,11,44,Friday,False,2of10_friday,Friday,5 aus 50 und 2 aus 10,50,10,2,35,44,45,50,6,7,"35,2,45,50,44","6,7",31371702.0,15000000.0,False,0,,0.0,2017-11-10,23000000.0,512988,6780223.2
295,2017-11-10,2017,11,45,Friday,False,2of10_friday,Friday,5 aus 50 und 2 aus 10,50,10,1,14,17,24,50,8,9,"14,17,1,50,24","9,8",33539344.0,23000000.0,True,1,23425613.9,23425613.9,2017-11-17,10000000.0,588252,33464047.1
296,2017-11-17,2017,11,46,Friday,False,2of10_friday,Friday,5 aus 50 und 2 aus 10,50,10,3,4,17,41,47,2,5,"4,3,41,47,17","5,2",29486256.0,10000000.0,True,1,10000000.0,10000000.0,2017-11-24,10000000.0,586517,16403417.1
297,2017-11-24,2017,11,47,Friday,False,2of10_friday,Friday,5 aus 50 und 2 aus 10,50,10,11,16,18,22,43,7,8,"11,22,43,18,16","7,8",28969524.0,10000000.0,True,1,10000000.0,10000000.0,2017-12-01,10000000.0,580124,18770878.9
298,2017-12-01,2017,12,48,Friday,False,2of10_friday,Friday,5 aus 50 und 2 aus 10,50,10,5,16,20,29,30,2,7,"5,29,20,16,30","2,7",29368490.0,10000000.0,False,0,,0.0,2017-12-08,15000000.0,593816,7607958.4
299,2017-12-08,2017,12,49,Friday,False,2of10_friday,Friday,5 aus 50 und 2 aus 10,50,10,9,15,20,24,34,1,5,"9,20,24,34,15","5,1",30290052.0,15000000.0,False,0,,0.0,2017-12-15,20000000.0,553467,7839146.4
300,2017-12-15,2017,12,50,Friday,False,2of10_friday,Friday,5 aus 50 und 2 aus 10,50,10,1,7,12,16,18,1,4,"18,12,16,7,1","4,1",32270474.0,20000000.0,False,0,,0.0,2017-12-22,27000000.0,661259,6992496.2
301,2017-12-22,2017,12,51,Friday,False,2of10_friday,Friday,5 aus 50 und 2 aus 10,50,10,16,26,32,40,47,1,6,"32,16,40,26,47","1,6",37222064.0,27000000.0,False,0,,0.0,2017-12-29,34000000.0,614913,11036053.2
302,2017-12-29,2017,12,52,Friday,False,2of10_friday,Friday,5 aus 50 und 2 aus 10,50,10,16,30,33,40,43,2,4,"16,43,40,33,30","2,4",39169456.0,34000000.0,False,0,,0.0,2018-01-05,43000000.0,685303,10162710.4
303,2018-01-05,2018,1,1,Friday,False,2of10_friday,Friday,5 aus 50 und 2 aus 10,50,10,2,7,38,40,45,7,10,"40,2,38,45,7","10,7",42621542.0,43000000.0,False,0,,0.0,2018-01-12,54000000.0,712889,11064884.4
304,2018-01-12,2018,1,2,Friday,False,2of10_friday,Friday,5 aus 50 und 2 aus 10,50,10,16,17,25,40,44,2,9,"25,17,16,40,44","9,2",49010994.0,54000000.0,False,0,,0.0,2018-01-19,67000000.0,914481,12664602.4
305,2018-01-19,2018,1,3,Friday,False,2of10_friday,Friday,5 aus 50 und 2 aus 10,50,10,3,9,17,45,47,4,9,"47,45,3,9,17","4,9",56102658.0,67000000.0,False,0,,0.0,2018-01-26,82000000.0,1091855,14492727.8
306,2018-01-26,2018,1,4,Friday,False,2of10_friday,Friday,5 aus 50 und 2 aus 10,50,10,10,23,26,29,35,3,5,"23,29,10,26,35","5,3",71304514.0,82000000.0,False,0,,0.0,2018-02-02,90000000.0,1512948,18516148.0
307,2018-02-02,2018,2,5,Friday,False,2of10_friday,Friday,5 aus 50 und 2 aus 10,50,10,15,24,29,33,41,7,8,"15,29,41,24,33","7,8",94676370.0,90000000.0,False,0,,0.0,2018-02-09,90000000.0,1800492,40979783.9
308,2018-02-09,2018,2,6,Friday,False,2of10_friday,Friday,5 aus 50 und 2 aus 10,50,10,7,8,24,34,46,4,8,"46,8,24,34,7","8,4",100772336.0,90000000.0,True,1,90000000.0,90000000.0,2018-02-16,10000000.0,2101947,139982709.9
309,2018-02-16,2018,2,7,Friday,False,2of10_friday,Friday,5 aus 50 und 2 aus 10,50,10,4,8,19,25,44,9,10,"4,19,25,8,44","10,9",37994014.0,10000000.0,False,0,,0.0,2018-02-23,22000000.0,649719,9826372.5
310,2018-02-23,2018,2,8,Friday,False,2of10_friday,Friday,5 aus 50 und 2 aus 10,50,10,18,26,33,42,46,4,10,"26,46,18,42,33","10,4",38568958.0,22000000.0,False,0,,0.0,2018-03-02,31000000.0,636392,9988707.6
311,2018-03-02,2018,3,9,Friday,False,2of10_friday,Friday,5 aus 50 und 2 aus 10,50,10,16,18,20,27,46,3,5,"27,16,20,46,18","3,5",41480060.0,31000000.0,False,0,,0.0,2018-03-09,42000000.0,854970,10759419.1
312,2018-03-09,2018,3,10,Friday,False,2of10_friday,Friday,5 aus 50 und 2 aus 10,50,10,15,23,28,33,36,4,7,"23,28,15,33,36","7,4",44874446.0,42000000.0,True,1,42670719.3,42670719.3,2018-03-16,10000000.0,1005720,54289185.4
313,2018-03-16,2018,3,11,Friday,False,2of10_friday,Friday,5 aus 50 und 2 aus 10,50,10,4,27,37,48,49,3,4,"37,27,48,49,4","3,4",34275444.0,10000000.0,False,0,,0.0,2018-03-23,17000000.0,660291,7397855.5
314,2018-03-23,2018,3,12,Friday,False,2of10_friday,Friday,5 aus 50 und 2 aus 10,50,10,4,14,22,33,42,1,10,"4,14,42,22,33","1,10",35760900.0,17000000.0,True,1,17461478.8,17461478.8,2018-03-30,10000000.0,584750,28191155.7
315,2018-03-30,2018,3,13,Friday,False,2of10_friday,Friday,5 aus 50 und 2 aus 10,50,10,5,15,17,29,32,5,7,"15,5,29,32,17","7,5",32296392.0,10000000.0,False,0,,0.0,2018-04-06,16000000.0,734296,8350773.0
316,2018-04-06,2018,4,14,Friday,False,2of10_friday,Friday,5 aus 50 und 2 aus 10,50,10,6,8,16,23,50,4,8,"16,8,23,50,6","4,8",33088596.0,16000000.0,False,0,,0.0,2018-04-13,24000000.0,705366,8567048.8
317,2018-04-13,2018,4,15,Friday,False,2of10_friday,Friday,5 aus 50 und 2 aus 10,50,10,3,10,21,25,34,7,10,"25,10,3,34,21","7,10",37833540.0,24000000.0,False,0,,0.0,2018-04-20,34000000.0,681490,9822508.1
318,2018-04-20,2018,4,16,Friday,False,2of10_friday,Friday,5 aus 50 und 2 aus 10,50,10,22,24,25,28,46,2,4,"46,22,25,28,24","4,2",37177284.0,34000000.0,False,0,,0.0,2018-04-27,42000000.0,727019,9620752.5
319,2018-04-27,2018,4,17,Friday,False,2of10_friday,Friday,5 aus 50 und 2 aus 10,50,10,9,21,31,32,33,9,10,"33,21,9,32,31","9,10",41463010.0,42000000.0,False,0,,0.0,2018-05-04,53000000.0,647776,10727096.4
320,2018-05-04,2018,5,18,Friday,False,2of10_friday,Friday,5 aus 50 und 2 aus 10,50,10,24,26,29,36,49,3,6,"26,49,24,29,36","3,6",46149578.0,53000000.0,False,0,,0.0,2018-05-11,65000000.0,925321,11946645.3
321,2018-05-11,2018,5,19,Friday,False,2of10_friday,Friday,5 aus 50 und 2 aus 10,50,10,3,14,17,37,39,5,10,"37,17,39,14,3","10,5",49563350.0,65000000.0,False,0,,0.0,2018-05-18,78000000.0,905671,12860689.8
322,2018-05-18,2018,5,20,Friday,False,2of10_friday,Friday,5 aus 50 und 2 aus 10,50,10,1,11,23,41,44,2,8,"23,1,11,41,44","2,8",59512634.0,78000000.0,False,0,,0.0,2018-05-25,90000000.0,1182442,15427987.1
323,2018-05-25,2018,5,21,Friday,False,2of10_friday,Friday,5 aus 50 und 2 aus 10,50,10,15,31,35,40,46,3,8,"15,46,40,31,35","8,3",71551564.0,90000000.0,False,0,,0.0,2018-06-01,90000000.0,1321179,24847264.8
324,2018-06-01,2018,6,22,Friday,False,2of10_friday,Friday,5 aus 50 und 2 aus 10,50,10,14,19,21,30,32,4,7,"14,21,19,30,32","7,4",79275546.0,90000000.0,False,0,,0.0,2018-06-08,90000000.0,1685356,39138883.3
325,2018-06-08,2018,6,23,Friday,False,2of10_friday,Friday,5 aus 50 und 2 aus 10,50,10,5,13,22,36,39,9,10,"39,5,22,13,36","10,9",83365398.0,90000000.0,False,0,,0.0,2018-06-15,90000000.0,1465411,41420823.5
326,2018-06-15,2018,6,24,Friday,False,2of10_friday,Friday,5 aus 50 und 2 aus 10,50,10,1,5,7,9,21,3,10,"21,9,5,7,1","3,10",84536378.0,90000000.0,False,0,,0.0,2018-06-22,90000000.0,1653385,42182129.5
327,2018-06-22,2018,6,25,Friday,False,2of10_friday,Friday,5 aus 50 und 2 aus 10,50,10,16,24,33,35,43,6,7,"16,35,33,24,43","6,7",84237880.0,90000000.0,False,0,,0.0,2018-06-29,90000000.0,1638435,42173126.3
328,2018-06-29,2018,6,26,Friday,False,2of10_friday,Friday,5 aus 50 und 2 aus 10,50,10,9,18,30,47,48,4,6,"47,18,30,9,48","4,6",84290836.0,90000000.0,False,0,,0.0,2018-07-06,90000000.0,1535814,42170864.3
329,2018-07-06,2018,7,27,Friday,False,2of10_friday,Friday,5 aus 50 und 2 aus 10,50,10,2,7,24,38,45,5,8,"38,7,45,24,2","5,8",85002404.0,90000000.0,True,2,45000000.0,90000000.0,2018-07-13,10000000.0,1807268,132429855.8
330,2018-07-13,2018,7,28,Friday,False,2of10_friday,Friday,5 aus 50 und 2 aus 10,50,10,13,14,21,34,46,2,5,"13,46,34,14,21","5,2",42195090.0,10000000.0,False,0,,0.0,2018-07-20,23000000.0,846885,10918456.2
331,2018-07-20,2018,7,29,Friday,False,2of10_friday,Friday,5 aus 50 und 2 aus 10,50,10,13,33,40,42,43,7,9,"43,33,42,40,13","9,7",41119650.0,23000000.0,True,1,22736889.8,22736889.8,2018-07-27,10000000.0,764473,33396910.3
332,2018-07-27,2018,7,30,Friday,False,2of10_friday,Friday,5 aus 50 und 2 aus 10,50,10,2,22,40,43,50,3,8,"40,50,43,2,22","8,3",36610080.0,10000000.0,False,0,,0.0,2018-08-03,18000000.0,675312,9477497.6
333,2018-08-03,2018,8,31,Friday,False,2of10_friday,Friday,5 aus 50 und 2 aus 10,50,10,4,8,12,25,31,7,8,"25,31,12,4,8","8,7",39108996.0,18000000.0,False,0,,0.0,2018-08-10,28000000.0,850241,10109576.9
334,2018-08-10,2018,8,32,Friday,False,2of10_friday,Friday,5 aus 50 und 2 aus 10,50,10,4,15,17,21,23,6,7,"4,17,21,15,23","6,7",40853196.0,28000000.0,False,0,,0.0,2018-08-17,38000000.0,847385,10613061.8
335,2018-08-17,2018,8,33,Friday,False,2of10_friday,Friday,5 aus 50 und 2 aus 10,50,10,2,12,32,43,44,3,4,"12,2,43,44,32","3,4",43488062.0,38000000.0,False,0,,0.0,2018-08-24,49000000.0,852889,11268079.8
336,2018-08-24,2018,8,34,Friday,False,2of10_friday,Friday,5 aus 50 und 2 aus 10,50,10,8,25,26,38,48,6,9,"26,25,8,48,38","6,9",47186994.0,49000000.0,False,0,,0.0,2018-08-31,61000000.0,861368,12226540.1
337,2018-08-31,2018,8,35,Friday,False,2of10_friday,Friday,5 aus 50 und 2 aus 10,50,10,3,6,9,18,24,2,7,"24,6,9,18,3","7,2",52302452.0,61000000.0,True,2,30920808.3,61841616.6,2018-09-07,10000000.0,1235343,75374766.9
338,2018-09-07,2018,9,36,Friday,False,2of10_friday,Friday,5 aus 50 und 2 aus 10,50,10,4,7,28,36,43,1,6,"28,36,4,43,7","1,6",36917070.0,10000000.0,False,0,,0.0,2018-09-14,18000000.0,679780,9585664.1
339,2018-09-14,2018,9,37,Friday,False,2of10_friday,Friday,5 aus 50 und 2 aus 10,50,10,24,33,35,46,49,5,9,"49,33,35,24,46","9,5",38452000.0,18000000.0,False,0,,0.0,2018-09-21,28000000.0,703083,9967278.9
340,2018-09-21,2018,9,38,Friday,False,2of10_friday,Friday,5 aus 50 und 2 aus 10,50,10,5,8,16,42,46,2,10,"8,16,42,46,5","2,10",40971820.0,28000000.0,False,0,,0.0,2018-09-28,38000000.0,688760,10635921.0
341,2018-09-28,2018,9,39,Friday,False,2of10_friday,Friday,5 aus 50 und 2 aus 10,50,10,3,8,13,18,40,6,10,"40,3,18,8,13","6,10",42780488.0,38000000.0,False,0,,0.0,2018-10-05,49000000.0,742952,11082347.1
342,2018-10-05,2018,10,40,Friday,False,2of10_friday,Friday,5 aus 50 und 2 aus 10,50,10,12,15,32,44,49,5,7,"32,12,44,49,15","5,7",46429416.0,49000000.0,False,0,,0.0,2018-10-12,61000000.0,938712,12015028.9
343,2018-10-12,2018,10,41,Friday,False,2of10_friday,Friday,5 aus 50 und 2 aus 10,50,10,6,26,31,42,50,2,9,"26,50,42,31,6","2,9",52385110.0,61000000.0,False,0,,0.0,2018-10-19,74000000.0,891601,13594797.1
344,2018-10-19,2018,10,42,Friday,False,2of10_friday,Friday,5 aus 50 und 2 aus 10,50,10,9,12,28,32,48,7,8,"9,48,32,12,28","7,8",60878800.0,74000000.0,False,0,,0.0,2018-10-26,90000000.0,1265601,15740169.3
345,2018-10-26,2018,10,43,Friday,False,2of10_friday,Friday,5 aus 50 und 2 aus 10,50,10,18,19,33,38,44,4,10,"44,18,19,33,38","4,10",72732866.0,90000000.0,False,0,,0.0,2018-11-02,90000000.0,1340467,21938422.0
346,2018-11-02,2018,11,44,Friday,False,2of10_friday,Friday,5 aus 50 und 2 aus 10,50,10,5,17,27,33,42,9,10,"5,42,33,17,27","9,10",77675666.0,90000000.0,False,0,,0.0,2018-11-09,90000000.0,1384565,38563140.9
347,2018-11-09,2018,11,45,Friday,False,2of10_friday,Friday,5 aus 50 und 2 aus 10,50,10,8,32,34,46,49,3,5,"8,46,32,34,49","3,5",80425826.0,90000000.0,False,0,,0.0,2018-11-16,90000000.0,1559985,40039265.1
348,2018-11-16,2018,11,46,Friday,False,2of10_friday,Friday,5 aus 50 und 2 aus 10,50,10,13,15,18,39,45,5,6,"45,13,15,18,39","5,6",81911184.0,90000000.0,True,5,18000000.0,90000000.0,2018-11-23,10000000.0,1566565,130786147.8
349,2018-11-23,2018,11,47,Friday,False,2of10_friday,Friday,5 aus 50 und 2 aus 10,50,10,17,22,28,31,46,5,10,"46,28,22,31,17","5,10",41136930.0,10000000.0,False,0,,0.0,2018-11-30,22000000.0,687586,10652829.9
350,2018-11-30,2018,11,48,Friday,False,2of10_friday,Friday,5 aus 50 und 2 aus 10,50,10,18,22,35,36,41,3,4,"18,22,35,41,36","3,4",42395584.0,22000000.0,False,0,,0.0,2018-12-07,32000000.0,802185,11000014.9
351,2018-12-07,2018,12,49,Friday,False,2of10_friday,Friday,5 aus 50 und 2 aus 10,50,10,4,16,21,31,42,4,6,"16,42,31,4,21","6,4",44773108.0,32000000.0,True,1,33208146.8,33208146.8,2018-12-14,10000000.0,826217,44799751.0
352,2018-12-14,2018,12,50,Friday,False,2of10_friday,Friday,5 aus 50 und 2 aus 10,50,10,4,14,24,26,30,9,10,"30,24,26,4,14","10,9",38672990.0,10000000.0,True,1,10000000.0,10000000.0,2018-12-21,10000000.0,627985,20014136.9
353,2018-12-21,2018,12,51,Friday,False,2of10_friday,Friday,5 aus 50 und 2 aus 10,50,10,3,16,20,34,49,2,10,"20,34,49,16,3","10,2",40163398.0,10000000.0,False,0,,0.0,2018-12-28,19000000.0,657965,10423592.4
354,2018-12-28,2018,12,52,Friday,False,2of10_friday,Friday,5 aus 50 und 2 aus 10,50,10,19,24,31,38,40,7,10,"38,31,24,40,19","10,7",41647852.0,19000000.0,True,2,9606434.2,19212868.4,2019-01-04,10000000.0,701128,29992235.6
355,2019-01-04,2019,1,1,Friday,False,2of10_friday,Friday,5 aus 50 und 2 aus 10,50,10,3,10,25,32,43,1,3,"25,3,32,10,43","3,1",36159076.0,10000000.0,False,0,,0.0,2019-01-11,17000000.0,710282,9351391.2
356,2019-01-11,2019,1,2,Friday,False,2of10_friday,Friday,5 aus 50 und 2 aus 10,50,10,6,12,35,39,49,4,9,"49,35,6,39,12","9,4",38429284.0,17000000.0,False,0,,0.0,2019-01-18,27000000.0,705527,9967929.5
357,2019-01-18,2019,1,3,Friday,False,2of10_friday,Friday,5 aus 50 und 2 aus 10,50,10,2,9,23,36,47,2,9,"2,9,36,47,23","9,2",41724048.0,27000000.0,False,0,,0.0,2019-01-25,38000000.0,821963,10790774.7
358,2019-01-25,2019,1,4,Friday,False,2of10_friday,Friday,5 aus 50 und 2 aus 10,50,10,24,25,28,35,48,4,8,"24,35,28,48,25","8,4",44197696.0,38000000.0,False,0,,0.0,2019-02-01,49000000.0,899970,11464657.0
359,2019-02-01,2019,2,5,Friday,False,2of10_friday,Friday,5 aus 50 und 2 aus 10,50,10,6,29,38,45,47,2,3,"6,45,47,38,29","2,3",49796040.0,49000000.0,False,0,,0.0,2019-02-08,62000000.0,893159,12877012.2
360,2019-02-08,2019,2,6,Friday,False,2of10_friday,Friday,5 aus 50 und 2 aus 10,50,10,5,8,21,24,26,4,5,"26,21,24,5,8","5,4",55553830.0,62000000.0,True,1,63248942.3,63248942.3,2019-02-15,10000000.0,1176169,77592903.2
361,2019-02-15,2019,2,7,Friday,False,2of10_friday,Friday,5 aus 50 und 2 aus 10,50,10,1,24,30,31,47,7,9,"30,24,31,1,47","7,9",38021756.0,10000000.0,False,0,,0.0,2019-02-22,19000000.0,648742,9835558.8
362,2019-02-22,2019,2,8,Friday,False,2of10_friday,Friday,5 aus 50 und 2 aus 10,50,10,14,16,21,25,26,8,10,"26,25,14,21,16","10,8",39633274.0,19000000.0,False,0,,0.0,2019-03-01,29000000.0,670863,10279728.3
363,2019-03-01,2019,3,9,Friday,False,2of10_friday,Friday,5 aus 50 und 2 aus 10,50,10,7,16,18,19,24,1,6,"24,7,19,18,16","1,6",42876574.0,29000000.0,False,0,,0.0,2019-03-08,40000000.0,895335,11085808.3
364,2019-03-08,2019,3,10,Friday,False,2of10_friday,Friday,5 aus 50 und 2 aus 10,50,10,4,29,30,31,45,1,7,"29,45,4,30,31","7,1",47363266.0,40000000.0,False,0,,0.0,2019-03-15,52000000.0,804762,12281046.8
365,2019-03-15,2019,3,11,Friday,False,2of10_friday,Friday,5 aus 50 und 2 aus 10,50,10,1,2,11,19,47,2,7,"19,2,11,1,47","7,2",52917316.0,52000000.0,True,1,53423674.3,53423674.3,2019-03-22,10000000.0,1113783,67123232.3
366,2019-03-22,2019,3,12,Friday,False,2of10_friday,Friday,5 aus 50 und 2 aus 10,50,10,15,20,24,44,49,7,9,"24,20,49,44,15","9,7",37750524.0,10000000.0,False,0,,0.0,2019-03-29,19000000.0,670058,8162456.3
367,2019-03-29,2019,3,13,Friday,False,2of10_friday,Friday,5 aus 50 und 2 aus 10,50,10,4,9,15,24,42,8,9,"42,15,24,9,4","8,9",40398556.0,19000000.0,False,0,,0.0,2019-04-05,29000000.0,760568,12088456.7
368,2019-04-05,2019,4,14,Friday,False,2of10_friday,Friday,5 aus 50 und 2 aus 10,50,10,22,31,43,44,50,1,9,"31,22,50,43,44","9,1",42029132.0,29000000.0,False,0,,0.0,2019-04-12,39000000.0,652928,10871505.7
369,2019-04-12,2019,4,15,Friday,False,2of10_friday,Friday,5 aus 50 und 2 aus 10,50,10,14,16,21,30,37,4,8,"16,30,14,21,37","8,4",45263456.0,39000000.0,False,0,,0.0,2019-04-19,51000000.0,905071,11739370.7
370,2019-04-19,2019,4,16,Friday,False,2of10_friday,Friday,5 aus 50 und 2 aus 10,50,10,18,21,37,43,47,1,3,"43,47,18,37,21","3,1",48083552.0,51000000.0,False,0,,0.0,2019-04-26,63000000.0,851018,12486105.9
371,2019-04-26,2019,4,17,Friday,False,2of10_friday,Friday,5 aus 50 und 2 aus 10,50,10,1,6,11,17,38,4,8,"1,11,17,38,6","8,4",54143372.0,63000000.0,False,0,,0.0,2019-05-03,77000000.0,1107524,14060523.4
372,2019-05-03,2019,5,18,Friday,False,2of10_friday,Friday,5 aus 50 und 2 aus 10,50,10,3,9,10,19,42,1,7,"19,3,42,10,9","1,7",64462932.0,77000000.0,False,0,,0.0,2019-05-10,90000000.0,1307575,16659183.1
373,2019-05-10,2019,5,19,Friday,False,2of10_friday,Friday,5 aus 50 und 2 aus 10,50,10,5,7,15,19,29,3,8,"29,15,7,19,5","8,3",79598008.0,90000000.0,True,2,45000000.0,90000000.0,2019-05-17,10000000.0,1880503,118203067.1
374,2019-05-17,2019,5,20,Friday,False,2of10_friday,Friday,5 aus 50 und 2 aus 10,50,10,20,27,33,35,46,5,9,"27,33,20,46,35","9,5",39832156.0,10000000.0,False,0,,0.0,2019-05-24,21000000.0,766182,10326028.9
375,2019-05-24,2019,5,21,Friday,False,2of10_friday,Friday,5 aus 50 und 2 aus 10,50,10,8,26,38,47,50,3,7,"50,47,38,26,8","3,7",41251970.0,21000000.0,False,0,,0.0,2019-05-31,31000000.0,850315,10684889.4
376,2019-05-31,2019,5,22,Friday,False,2of10_friday,Friday,5 aus 50 und 2 aus 10,50,10,10,12,35,36,43,2,5,"10,35,12,36,43","5,2",43476198.0,31000000.0,False,0,,0.0,2019-06-07,42000000.0,845832,11255450.5
377,2019-06-07,2019,6,23,Friday,False,2of10_friday,Friday,5 aus 50 und 2 aus 10,50,10,7,8,20,35,38,5,9,"8,20,7,38,35","9,5",47164734.0,42000000.0,False,0,,0.0,2019-06-14,54000000.0,893723,12203484.8
378,2019-06-14,2019,6,24,Friday,False,2of10_friday,Friday,5 aus 50 und 2 aus 10,50,10,8,23,40,41,42,2,10,"42,40,41,8,23","10,2",50331156.0,54000000.0,True,1,55280363.7,55280363.7,2019-06-21,10000000.0,822991,68348745.1
379,2019-06-21,2019,6,25,Friday,False,2of10_friday,Friday,5 aus 50 und 2 aus 10,50,10,20,27,37,41,45,1,7,"45,41,20,37,27","1,7",37090362.0,10000000.0,False,0,,0.0,2019-06-28,18000000.0,630228,9619643.4
380,2019-06-28,2019,6,26,Friday,False,2of10_friday,Friday,5 aus 50 und 2 aus 10,50,10,18,25,26,35,38,5,6,"38,18,26,25,35","6,5",38691440.0,18000000.0,True,1,18927585.4,18927585.4,2019-07-05,10000000.0,772138,28967283.0
381,2019-07-05,2019,7,27,Friday,False,2of10_friday,Friday,5 aus 50 und 2 aus 10,50,10,1,15,34,48,50,6,10,"50,1,48,15,34","10,6",36434924.0,10000000.0,False,0,,0.0,2019-07-12,17000000.0,552023,9452886.0
382,2019-07-12,2019,7,28,Friday,False,2of10_friday,Friday,5 aus 50 und 2 aus 10,50,10,31,36,40,42,45,7,9,"36,31,40,45,42","7,9",38184960.0,17000000.0,False,0,,0.0,2019-07-19,27000000.0,615734,9881551.5
383,2019-07-19,2019,7,29,Friday,False,2of10_friday,Friday,5 aus 50 und 2 aus 10,50,10,31,32,45,47,49,7,9,"47,32,45,49,31","9,7",40965768.0,27000000.0,False,0,,0.0,2019-07-26,37000000.0,693664,10608973.8
384,2019-07-26,2019,7,30,Friday,False,2of10_friday,Friday,5 aus 50 und 2 aus 10,50,10,3,8,30,46,48,1,3,"46,8,30,3,48","1,3",42728246.0,37000000.0,False,0,,0.0,2019-08-02,48000000.0,762628,11072646.7
385,2019-08-02,2019,8,31,Friday,False,2of10_friday,Friday,5 aus 50 und 2 aus 10,50,10,6,11,38,41,44,9,10,"6,41,38,44,11","9,10",48759138.0,48000000.0,False,0,,0.0,2019-08-09,61000000.0,768549,12616724.6
386,2019-08-09,2019,8,32,Friday,False,2of10_friday,Friday,5 aus 50 und 2 aus 10,50,10,2,4,20,21,49,9,10,"4,49,20,21,2","9,10",54472426.0,61000000.0,False,0,,0.0,2019-08-16,75000000.0,872014,14128393.4
387,2019-08-16,2019,8,33,Friday,False,2of10_friday,Friday,5 aus 50 und 2 aus 10,50,10,7,20,35,42,44,3,7,"20,44,42,7,35","7,3",61642580.0,75000000.0,False,0,,0.0,2019-08-23,90000000.0,1343030,16007032.4
388,2019-08-23,2019,8,34,Friday,False,2of10_friday,Friday,5 aus 50 und 2 aus 10,50,10,15,18,19,41,42,4,6,"19,18,15,41,42","6,4",77967320.0,90000000.0,True,1,90000000.0,90000000.0,2019-08-30,10000000.0,1439024,114417634.6
389,2019-08-30,2019,8,35,Friday,False,2of10_friday,Friday,5 aus 50 und 2 aus 10,50,10,10,18,32,35,46,3,10,"35,10,46,18,32","10,3",39851474.0,10000000.0,False,0,,0.0,2019-09-06,21000000.0,682484,10314445.8
390,2019-09-06,2019,9,36,Friday,False,2of10_friday,Friday,5 aus 50 und 2 aus 10,50,10,21,24,29,30,50,1,5,"29,21,24,30,50","1,5",42197312.0,21000000.0,False,0,,0.0,2019-09-13,32000000.0,709043,10956693.2
391,2019-09-13,2019,9,37,Friday,False,2of10_friday,Friday,5 aus 50 und 2 aus 10,50,10,3,21,22,33,47,2,9,"22,33,21,47,3","9,2",47653662.0,32000000.0,False,0,,0.0,2019-09-20,44000000.0,952176,12362006.3
392,2019-09-20,2019,9,38,Friday,False,2of10_friday,Friday,5 aus 50 und 2 aus 10,50,10,17,21,41,48,49,4,8,"21,48,17,49,41","8,4",48314422.0,44000000.0,True,1,44648075.8,44648075.8,2019-09-27,10000000.0,898036,57181140.5
393,2019-09-27,2019,9,39,Friday,False,2of10_friday,Friday,5 aus 50 und 2 aus 10,50,10,21,24,26,34,47,4,6,"34,21,24,47,26","6,4",38232780.0,10000000.0,False,0,,0.0,2019-10-04,19000000.0,727336,9916205.9
394,2019-10-04,2019,10,40,Friday,False,2of10_friday,Friday,5 aus 50 und 2 aus 10,50,10,15,19,20,45,49,7,8,"15,19,20,45,49","8,7",40242622.0,19000000.0,False,0,,0.0,2019-10-11,29000000.0,743837,9797396.7
395,2019-10-11,2019,10,41,Friday,False,2of10_friday,Friday,5 aus 50 und 2 aus 10,50,10,8,12,13,39,44,4,9,"44,39,8,12,13","4,9",42550282.0,29000000.0,False,0,,0.0,2019-10-18,39000000.0,867714,11632747.0
396,2019-10-18,2019,10,42,Friday,False,2of10_friday,Friday,5 aus 50 und 2 aus 10,50,10,6,9,31,43,44,6,9,"44,9,6,43,31","6,9",46590302.0,39000000.0,False,0,,0.0,2019-10-25,51000000.0,830721,12091185.5
397,2019-10-25,2019,10,43,Friday,False,2of10_friday,Friday,5 aus 50 und 2 aus 10,50,10,2,30,34,35,45,1,2,"34,2,30,45,35","1,2",51866828.0,51000000.0,False,0,,0.0,2019-11-01,65000000.0,825127,13429356.1
398,2019-11-01,2019,11,44,Friday,False,2of10_friday,Friday,5 aus 50 und 2 aus 10,50,10,3,17,31,34,40,1,2,"17,40,31,3,34","2,1",56346456.0,65000000.0,False,0,,0.0,2019-11-08,79000000.0,971323,14599185.1
399,2019-11-08,2019,11,45,Friday,False,2of10_friday,Friday,5 aus 50 und 2 aus 10,50,10,14,20,23,39,49,4,10,"49,39,14,23,20","10,4",65733198.0,79000000.0,False,0,,0.0,2019-11-15,90000000.0,1115953,17042745.3
400,2019-11-15,2019,11,46,Friday,False,2of10_friday,Friday,5 aus 50 und 2 aus 10,50,10,10,19,24,30,39,2,4,"24,30,39,10,19","4,2",79740466.0,90000000.0,False,0,,0.0,2019-11-22,90000000.0,1543440,30230400.0
401,2019-11-22,2019,11,47,Friday,False,2of10_friday,Friday,5 aus 50 und 2 aus 10,50,10,3,12,24,37,38,3,7,"3,24,12,37,38","3,7",83916218.0,90000000.0,True,3,30000000.0,90000000.0,2019-11-29,10000000.0,2052799,131647257.6
402,2019-11-29,2019,11,48,Friday,False,2of10_friday,Friday,5 aus 50 und 2 aus 10,50,10,2,3,30,31,45,6,8,"31,2,30,45,3","8,6",42722274.0,10000000.0,False,0,,0.0,2019-12-06,23000000.0,735385,11085544.9
403,2019-12-06,2019,12,49,Friday,False,2of10_friday,Friday,5 aus 50 und 2 aus 10,50,10,8,14,23,30,45,1,9,"8,14,30,23,45","1,9",44937928.0,23000000.0,True,1,23515066.3,23515066.3,2019-12-13,10000000.0,787375,35155133.8
404,2019-12-13,2019,12,50,Friday,False,2of10_friday,Friday,5 aus 50 und 2 aus 10,50,10,25,31,38,49,50,5,10,"25,31,49,38,50","5,10",42861784.0,10000000.0,True,1,10455190.6,10455190.6,2019-12-20,10000000.0,703954,21575897.5
405,2019-12-20,2019,12,51,Friday,False,2of10_friday,Friday,5 aus 50 und 2 aus 10,50,10,12,20,21,22,35,4,10,"22,35,12,20,21","4,10",41067602.0,10000000.0,False,0,,0.0,2019-12-27,20000000.0,719587,10014763.7
406,2019-12-27,2019,12,52,Friday,False,2of10_friday,Friday,5 aus 50 und 2 aus 10,50,10,7,12,28,34,45,3,6,"28,45,7,34,12","6,3",40653152.0,20000000.0,False,0,,0.0,2020-01-03,29000000.0,889107,11165512.8
407,2020-01-03,2020,1,1,Friday,False,2of10_friday,Friday,5 aus 50 und 2 aus 10,50,10,6,27,30,35,41,4,5,"35,41,6,30,27","5,4",43682096.0,29000000.0,False,0,,0.0,2020-01-10,40000000.0,791028,11300986.4
408,2020-01-10,2020,1,2,Friday,False,2of10_friday,Friday,5 aus 50 und 2 aus 10,50,10,4,14,25,34,49,4,9,"4,25,49,34,14","9,4",48843082.0,40000000.0,False,0,,0.0,2020-01-17,53000000.0,934401,12665641.2
409,2020-01-17,2020,1,3,Friday,False,2of10_friday,Friday,5 aus 50 und 2 aus 10,50,10,1,23,32,45,49,5,10,"49,1,45,32,23","10,5",55578606.0,53000000.0,False,0,,0.0,2020-01-24,68000000.0,915404,14378479.3
410,2020-01-24,2020,1,4,Friday,False,2of10_friday,Friday,5 aus 50 und 2 aus 10,50,10,5,12,20,29,48,7,9,"5,29,48,20,12","7,9",61641152.0,68000000.0,False,0,,0.0,2020-01-31,84000000.0,1223986,15947944.8
411,2020-01-31,2020,1,5,Friday,False,2of10_friday,Friday,5 aus 50 und 2 aus 10,50,10,1,7,12,23,39,3,4,"39,12,1,23,7","4,3",72820190.0,84000000.0,False,0,,0.0,2020-02-07,90000000.0,1577924,18851005.5
412,2020-02-07,2020,2,6,Friday,False,2of10_friday,Friday,5 aus 50 und 2 aus 10,50,10,7,16,22,36,44,3,4,"44,7,22,16,36","3,4",85698106.0,90000000.0,True,1,90000000.0,90000000.0,2020-02-14,10000000.0,1766281,127980981.8
413,2020-02-14,2020,2,7,Friday,False,2of10_friday,Friday,5 aus 50 und 2 aus 10,50,10,2,6,30,32,49,1,4,"30,49,2,6,32","4,1",43598558.0,10000000.0,False,0,,0.0,2020-02-21,23000000.0,734612,11287787.2
414,2020-02-21,2020,2,8,Friday,False,2of10_friday,Friday,5 aus 50 und 2 aus 10,50,10,2,13,39,45,47,4,6,"47,39,45,13,2","4,6",45702162.0,23000000.0,False,0,,0.0,2020-02-28,35000000.0,839027,11833785.6
415,2020-02-28,2020,2,9,Friday,False,2of10_friday,Friday,5 aus 50 und 2 aus 10,50,10,12,22,24,29,38,5,6,"38,12,22,24,29","5,6",48439194.0,35000000.0,False,0,,0.0,2020-03-06,47000000.0,990528,12574202.5
416,2020-03-06,2020,3,10,Friday,False,2of10_friday,Friday,5 aus 50 und 2 aus 10,50,10,15,19,35,36,41,5,10,"35,36,41,19,15","5,10",53320028.0,47000000.0,False,0,,0.0,2020-03-13,61000000.0,890523,13794057.2
417,2020-03-13,2020,3,11,Friday,False,2of10_friday,Friday,5 aus 50 und 2 aus 10,50,10,1,17,29,39,42,7,8,"17,1,39,29,42","7,8",58758288.0,61000000.0,False,0,,0.0,2020-03-20,76000000.0,1118511,15230784.4
418,2020-03-20,2020,3,12,Friday,False,2of10_friday,Friday,5 aus 50 und 2 aus 10,50,10,9,14,28,30,37,3,10,"30,37,28,14,9","10,3",55177444.0,76000000.0,False,0,,0.0,2020-03-27,88000000.0,1006684,14284637.5
419,2020-03-27,2020,3,13,Friday,False,2of10_friday,Friday,5 aus 50 und 2 aus 10,50,10,13,19,23,34,41,3,8,"41,13,34,23,19","3,8",62034472.0,88000000.0,False,0,,0.0,2020-04-03,90000000.0,1359195,16083116.3
420,2020-04-03,2020,4,14,Friday,False,2of10_friday,Friday,5 aus 50 und 2 aus 10,50,10,3,21,26,40,41,8,10,"3,41,26,40,21","8,10",72470288.0,90000000.0,False,0,,0.0,2020-04-10,90000000.0,1163608,35521001.1
421,2020-04-10,2020,4,15,Friday,False,2of10_friday,Friday,5 aus 50 und 2 aus 10,50,10,2,7,8,43,50,2,3,"43,50,2,8,7","3,2",73646678.0,90000000.0,False,0,,0.0,2020-04-17,90000000.0,1418540,36781962.1
422,2020-04-17,2020,4,16,Friday,False,2of10_friday,Friday,5 aus 50 und 2 aus 10,50,10,1,18,23,33,41,2,6,"33,41,1,18,23","6,2",78786378.0,90000000.0,False,0,,0.0,2020-04-24,90000000.0,1477888,39036340.5
423,2020-04-24,2020,4,17,Friday,False,2of10_friday,Friday,5 aus 50 und 2 aus 10,50,10,6,13,15,34,35,1,5,"35,13,34,6,15","5,1",84049640.0,90000000.0,False,0,,0.0,2020-05-01,90000000.0,1554107,41705089.7
424,2020-05-01,2020,5,18,Friday,False,2of10_friday,Friday,5 aus 50 und 2 aus 10,50,10,6,11,12,21,41,1,2,"21,11,41,6,12","2,1",86636616.0,90000000.0,True,1,90000000.0,90000000.0,2020-05-08,10000000.0,1577974,133170003.9
425,2020-05-08,2020,5,19,Friday,False,2of10_friday,Friday,5 aus 50 und 2 aus 10,50,10,9,11,15,36,43,8,9,"11,15,36,9,43","9,8",44433872.0,10000000.0,True,1,13286943.4,13286943.4,2020-05-15,10000000.0,812567,24798452.6
426,2020-05-15,2020,5,20,Friday,False,2of10_friday,Friday,5 aus 50 und 2 aus 10,50,10,21,27,29,34,49,8,10,"34,49,29,21,27","8,10",44165324.0,10000000.0,False,0,,0.0,2020-05-22,21000000.0,737135,11456856.3
427,2020-05-22,2020,5,21,Friday,False,2of10_friday,Friday,5 aus 50 und 2 aus 10,50,10,12,15,32,40,45,7,10,"15,40,32,45,12","7,10",45784908.0,21000000.0,False,0,,0.0,2020-05-29,32000000.0,774751,11847734.9
428,2020-05-29,2020,5,22,Friday,False,2of10_friday,Friday,5 aus 50 und 2 aus 10,50,10,8,22,31,32,36,6,10,"22,31,36,8,32","6,10",49515290.0,32000000.0,True,1,33290606.9,33290606.9,2020-06-05,10000000.0,789768,46131089.8
429,2020-06-05,2020,6,23,Friday,False,2of10_friday,Friday,5 aus 50 und 2 aus 10,50,10,9,16,17,29,39,1,8,"29,39,9,16,17","1,8",41951474.0,10000000.0,False,0,,0.0,2020-06-12,20000000.0,789396,10891326.6
430,2020-06-12,2020,6,24,Friday,False,2of10_friday,Friday,5 aus 50 und 2 aus 10,50,10,7,16,22,30,48,2,8,"7,22,30,48,16","8,2",44339686.0,20000000.0,False,0,,0.0,2020-06-19,31000000.0,884613,11503225.5
431,2020-06-19,2020,6,25,Friday,False,2of10_friday,Friday,5 aus 50 und 2 aus 10,50,10,2,22,33,38,47,2,9,"38,47,33,2,22","9,2",48172672.0,31000000.0,False,0,,0.0,2020-06-26,44000000.0,925160,12490547.6
432,2020-06-26,2020,6,26,Friday,False,2of10_friday,Friday,5 aus 50 und 2 aus 10,50,10,14,16,32,34,47,7,9,"47,34,14,32,16","7,9",51192870.0,44000000.0,True,1,44565942.8,44565942.8,2020-07-03,10000000.0,957793,57821395.2
433,2020-07-03,2020,7,27,Friday,False,2of10_friday,Friday,5 aus 50 und 2 aus 10,50,10,12,34,36,47,48,5,7,"12,36,48,34,47","7,5",42878852.0,10000000.0,False,0,,0.0,2020-07-10,21000000.0,848932,11099260.8
434,2020-07-10,2020,7,28,Friday,False,2of10_friday,Friday,5 aus 50 und 2 aus 10,50,10,5,6,9,15,29,4,9,"5,9,6,29,15","4,9",46371114.0,21000000.0,False,0,,0.0,2020-07-17,33000000.0,963947,11999149.9
435,2020-07-17,2020,7,29,Friday,False,2of10_friday,Friday,5 aus 50 und 2 aus 10,50,10,13,21,25,34,35,5,10,"13,21,25,35,34","5,10",49718822.0,33000000.0,False,0,,0.0,2020-07-24,45000000.0,912418,12853004.2
436,2020-07-24,2020,7,30,Friday,False,2of10_friday,Friday,5 aus 50 und 2 aus 10,50,10,7,11,19,32,43,2,8,"7,11,43,19,32","2,8",53871124.0,45000000.0,False,0,,0.0,2020-07-31,59000000.0,1196652,13937002.4
437,2020-07-31,2020,7,31,Friday,False,2of10_friday,Friday,5 aus 50 und 2 aus 10,50,10,3,19,28,43,49,2,3,"3,19,43,28,49","3,2",60160420.0,59000000.0,False,0,,0.0,2020-08-07,75000000.0,1210153,15595284.7
438,2020-08-07,2020,8,32,Friday,False,2of10_friday,Friday,5 aus 50 und 2 aus 10,50,10,4,9,15,24,28,2,6,"28,24,15,9,4","2,6",67491386.0,75000000.0,True,2,38145589.7,76291179.4,2020-08-14,10000000.0,1384991,93793827.8
439,2020-08-14,2020,8,33,Friday,False,2of10_friday,Friday,5 aus 50 und 2 aus 10,50,10,9,20,27,35,48,5,9,"35,9,48,27,20","9,5",43918604.0,10000000.0,False,0,,0.0,2020-08-21,22000000.0,840010,11377226.0
440,2020-08-21,2020,8,34,Friday,False,2of10_friday,Friday,5 aus 50 und 2 aus 10,50,10,26,27,30,46,49,1,2,"26,27,49,30,46","2,1",46425284.0,22000000.0,False,0,,0.0,2020-08-28,34000000.0,752742,10037184.5
441,2020-08-28,2020,8,35,Friday,False,2of10_friday,Friday,5 aus 50 und 2 aus 10,50,10,8,11,22,38,41,4,7,"22,41,8,38,11","4,7",50058416.0,34000000.0,True,1,34889569.0,34889569.0,2020-09-04,10000000.0,1091977,49863334.1
442,2020-09-04,2020,9,36,Friday,False,2of10_friday,Friday,5 aus 50 und 2 aus 10,50,10,5,23,28,38,49,3,9,"5,23,49,38,28","3,9",43185044.0,10000000.0,False,0,,0.0,2020-09-11,21000000.0,885440,9337875.6
443,2020-09-11,2020,9,37,Friday,False,2of10_friday,Friday,5 aus 50 und 2 aus 10,50,10,2,5,24,43,45,4,10,"5,2,45,43,24","10,4",46193570.0,21000000.0,True,1,21752127.2,21752127.2,2020-09-18,10000000.0,778354,35556388.4
444,2020-09-18,2020,9,38,Friday,False,2of10_friday,Friday,5 aus 50 und 2 aus 10,50,10,7,12,14,40,42,7,8,"40,7,14,12,42","7,8",42151482.0,10000000.0,False,0,,0.0,2020-09-25,20000000.0,875839,10927305.1
445,2020-09-25,2020,9,39,Friday,False,2of10_friday,Friday,5 aus 50 und 2 aus 10,50,10,1,7,9,29,46,9,10,"1,7,9,46,29","9,10",44554000.0,20000000.0,False,0,,0.0,2020-10-02,31000000.0,785466,11521414.5
446,2020-10-02,2020,10,40,Friday,False,2of10_friday,Friday,5 aus 50 und 2 aus 10,50,10,15,19,34,39,49,2,7,"39,49,15,34,19","7,2",49201984.0,31000000.0,False,0,,0.0,2020-10-09,44000000.0,987106,12735928.9
447,2020-10-09,2020,10,41,Friday,False,2of10_friday,Friday,5 aus 50 und 2 aus 10,50,10,1,11,17,23,29,1,8,"23,17,29,11,1","8,1",52517786.0,44000000.0,False,0,,0.0,2020-10-16,57000000.0,1047224,13609682.2
448,2020-10-16,2020,10,42,Friday,False,2of10_friday,Friday,5 aus 50 und 2 aus 10,50,10,5,11,35,44,50,4,10,"11,35,50,44,5","4,10",58756038.0,57000000.0,True,1,58807427.7,58807427.7,2020-10-23,10000000.0,995348,74043626.5
449,2020-10-23,2020,10,43,Friday,False,2of10_friday,Friday,5 aus 50 und 2 aus 10,50,10,17,21,23,37,45,7,9,"23,17,21,37,45","9,7",42624778.0,10000000.0,False,0,,0.0,2020-10-30,21000000.0,866552,11028973.7
450,2020-10-30,2020,10,44,Friday,False,2of10_friday,Friday,5 aus 50 und 2 aus 10,50,10,11,19,24,33,39,1,4,"39,33,19,11,24","1,4",45696154.0,21000000.0,False,0,,0.0,2020-11-06,33000000.0,888279,11836552.8
451,2020-11-06,2020,11,45,Friday,False,2of10_friday,Friday,5 aus 50 und 2 aus 10,50,10,5,12,26,47,50,2,3,"12,5,50,47,26","3,2",48576158.0,33000000.0,False,0,,0.0,2020-11-13,45000000.0,931991,12552024.3
452,2020-11-13,2020,11,46,Friday,False,2of10_friday,Friday,5 aus 50 und 2 aus 10,50,10,5,17,21,37,38,1,4,"38,37,5,17,21","4,1",56738754.0,45000000.0,False,0,,0.0,2020-11-20,60000000.0,1045822,12251487.2
453,2020-11-20,2020,11,47,Friday,False,2of10_friday,Friday,5 aus 50 und 2 aus 10,50,10,18,20,34,49,50,7,8,"50,20,34,49,18","7,8",59892288.0,60000000.0,True,1,61083832.1,61083832.1,2020-11-27,10000000.0,1075127,78988644.1
454,2020-11-27,2020,11,48,Friday,False,2of10_friday,Friday,5 aus 50 und 2 aus 10,50,10,1,2,22,25,30,5,10,"25,22,2,30,1","10,5",42032666.0,10000000.0,True,1,11237997.1,11237997.1,2020-12-04,10000000.0,737183,22145408.1
455,2020-12-04,2020,12,49,Friday,False,2of10_friday,Friday,5 aus 50 und 2 aus 10,50,10,1,27,37,40,41,7,10,"40,41,27,1,37","7,10",42163680.0,10000000.0,False,0,,0.0,2020-12-11,20000000.0,663565,10919950.6
456,2020-12-11,2020,12,50,Friday,False,2of10_friday,Friday,5 aus 50 und 2 aus 10,50,10,4,13,15,41,49,1,9,"49,13,15,4,41","9,1",44619028.0,20000000.0,False,0,,0.0,2020-12-18,31000000.0,761560,11552414.2
457,2020-12-18,2020,12,51,Friday,False,2of10_friday,Friday,5 aus 50 und 2 aus 10,50,10,4,17,27,28,50,5,8,"4,17,28,50,27","5,8",48273670.0,31000000.0,False,0,,0.0,2020-12-25,43000000.0,968882,12516383.1
458,2020-12-25,2020,12,52,Friday,False,2of10_friday,Friday,5 aus 50 und 2 aus 10,50,10,7,10,19,26,42,1,9,"7,26,42,10,19","9,1",49937484.0,43000000.0,False,0,,0.0,2021-01-01,56000000.0,951835,12967587.4
459,2021-01-01,2021,1,53,Friday,False,2of10_friday,Friday,5 aus 50 und 2 aus 10,50,10,17,36,38,43,46,4,6,"36,43,17,38,46","6,4",59476648.0,56000000.0,False,0,,0.0,2021-01-08,72000000.0,1100427,15391709.2
460,2021-01-08,2021,1,1,Friday,False,2of10_friday,Friday,5 aus 50 und 2 aus 10,50,10,8,22,25,38,50,8,9,"22,25,50,8,38","9,8",69970634.0,72000000.0,False,0,,0.0,2021-01-15,90000000.0,1295746,18105438.5
461,2021-01-15,2021,1,2,Friday,False,2of10_friday,Friday,5 aus 50 und 2 aus 10,50,10,10,19,32,36,46,4,6,"19,46,10,32,36","6,4",88618590.0,90000000.0,True,1,90000000.0,90000000.0,2021-01-22,10000000.0,1658693,117213576.7
462,2021-01-22,2021,1,3,Friday,False,2of10_friday,Friday,5 aus 50 und 2 aus 10,50,10,38,40,41,46,48,2,6,"40,41,38,48,46","6,2",46514384.0,10000000.0,True,1,13778438.6,13778438.6,2021-01-29,10000000.0,733794,23847290.5
463,2021-01-29,2021,1,4,Friday,False,2of10_friday,Friday,5 aus 50 und 2 aus 10,50,10,16,30,33,36,43,4,8,"30,16,36,43,33","4,8",46038634.0,10000000.0,True,1,11125843.8,11125843.8,2021-02-05,10000000.0,876951,25003939.9
464,2021-02-05,2021,2,5,Friday,False,2of10_friday,Friday,5 aus 50 und 2 aus 10,50,10,2,3,16,33,46,2,10,"33,46,3,16,2","10,2",45514632.0,10000000.0,True,1,11023761.8,11023761.8,2021-02-12,10000000.0,795415,22844855.2
465,2021-02-12,2021,2,6,Friday,False,2of10_friday,Friday,5 aus 50 und 2 aus 10,50,10,15,18,24,27,44,2,7,"27,18,24,44,15","7,2",44181040.0,10000000.0,False,0,,0.0,2021-02-19,21000000.0,966296,11429525.9
466,2021-02-19,2021,2,7,Friday,False,2of10_friday,Friday,5 aus 50 und 2 aus 10,50,10,27,35,36,38,41,5,7,"35,27,36,38,41","7,5",48761956.0,21000000.0,False,0,,0.0,2021-02-26,34000000.0,935704,12645794.1
467,2021-02-26,2021,2,8,Friday,False,2of10_friday,Friday,5 aus 50 und 2 aus 10,50,10,3,13,24,29,32,1,7,"32,24,3,29,13","1,7",52840932.0,34000000.0,False,0,,0.0,2021-03-05,47000000.0,1072893,13674049.8
468,2021-03-05,2021,3,9,Friday,False,2of10_friday,Friday,5 aus 50 und 2 aus 10,50,10,9,23,34,40,42,1,4,"23,40,9,42,34","1,4",57952640.0,47000000.0,False,0,,0.0,2021-03-12,62000000.0,1009995,15046486.5
469,2021-03-12,2021,3,10,Friday,False,2of10_friday,Friday,5 aus 50 und 2 aus 10,50,10,6,11,18,26,34,5,8,"26,11,34,6,18","8,5",65496724.0,62000000.0,True,1,63605426.9,63605426.9,2021-03-19,10000000.0,1397424,80547987.2
470,2021-03-19,2021,3,11,Friday,False,2of10_friday,Friday,5 aus 50 und 2 aus 10,50,10,3,11,19,34,37,8,9,"19,37,3,34,11","8,9",45414620.0,10000000.0,False,0,,0.0,2021-03-26,23000000.0,917601,11735666.9
471,2021-03-26,2021,3,12,Friday,False,2of10_friday,Friday,5 aus 50 und 2 aus 10,50,10,7,38,41,44,50,1,8,"41,44,7,38,50","8,1",48639490.0,23000000.0,False,0,,0.0,2021-04-02,35000000.0,816466,12594675.0
472,2021-04-02,2021,4,13,Friday,False,2of10_friday,Friday,5 aus 50 und 2 aus 10,50,10,1,3,4,36,43,2,3,"1,43,36,3,4","2,3",51003426.0,35000000.0,False,0,,0.0,2021-04-09,48000000.0,967431,13209585.4
473,2021-04-09,2021,4,14,Friday,False,2of10_friday,Friday,5 aus 50 und 2 aus 10,50,10,11,18,23,29,32,3,7,"32,18,23,29,11","3,7",56427908.0,48000000.0,True,1,49162255.5,49162255.5,2021-04-16,10000000.0,1334988,63778019.6
474,2021-04-16,2021,4,15,Friday,False,2of10_friday,Friday,5 aus 50 und 2 aus 10,50,10,12,19,20,28,31,6,9,"31,28,12,20,19","6,9",44301944.0,10000000.0,False,0,,0.0,2021-04-23,22000000.0,888721,11462757.6
475,2021-04-23,2021,4,16,Friday,False,2of10_friday,Friday,5 aus 50 und 2 aus 10,50,10,3,6,11,14,49,1,5,"6,3,11,14,49","5,1",47946768.0,22000000.0,False,0,,0.0,2021-04-30,34000000.0,925410,12387045.8
476,2021-04-30,2021,4,17,Friday,False,2of10_friday,Friday,5 aus 50 und 2 aus 10,50,10,23,27,34,40,43,5,7,"43,27,34,40,23","5,7",51949360.0,34000000.0,False,0,,0.0,2021-05-07,47000000.0,1043298,13463890.7
477,2021-05-07,2021,5,18,Friday,False,2of10_friday,Friday,5 aus 50 und 2 aus 10,50,10,3,7,19,27,29,7,10,"27,7,19,3,29","7,10",56944200.0,47000000.0,False,0,,0.0,2021-05-14,62000000.0,1245382,14727518.0
478,2021-05-14,2021,5,19,Friday,False,2of10_friday,Friday,5 aus 50 und 2 aus 10,50,10,1,15,29,42,50,3,6,"42,50,29,15,1","6,3",63871516.0,62000000.0,False,0,,0.0,2021-05-21,78000000.0,1135100,16504847.6
479,2021-05-21,2021,5,20,Friday,False,2of10_friday,Friday,5 aus 50 und 2 aus 10,50,10,2,12,15,33,39,4,9,"39,2,33,15,12","9,4",72104566.0,78000000.0,False,0,,0.0,2021-05-28,90000000.0,1453274,18697229.5
480,2021-05-28,2021,5,21,Friday,False,2of10_friday,Friday,5 aus 50 und 2 aus 10,50,10,15,26,35,37,43,3,8,"15,37,43,35,26","8,3",84793944.0,90000000.0,True,1,90000000.0,90000000.0,2021-06-04,10000000.0,1712915,121950226.0
481,2021-06-04,2021,6,22,Friday,False,2of10_friday,Friday,5 aus 50 und 2 aus 10,50,10,13,17,26,49,50,1,7,"49,26,13,50,17","7,1",43990584.0,10000000.0,False,0,,0.0,2021-06-11,23000000.0,837031,11413263.3
482,2021-06-11,2021,6,23,Friday,False,2of10_friday,Friday,5 aus 50 und 2 aus 10,50,10,8,20,23,48,50,8,9,"23,8,20,50,48","8,9",46408236.0,23000000.0,False,0,,0.0,2021-06-18,35000000.0,812463,12021582.9
483,2021-06-18,2021,6,24,Friday,False,2of10_friday,Friday,5 aus 50 und 2 aus 10,50,10,11,14,44,46,49,7,10,"44,49,14,46,11","10,7",48985864.0,35000000.0,False,0,,0.0,2021-06-25,47000000.0,827606,12720075.8
484,2021-06-25,2021,6,25,Friday,False,2of10_friday,Friday,5 aus 50 und 2 aus 10,50,10,4,17,22,30,47,1,8,"30,4,22,47,17","1,8",52521198.0,47000000.0,True,1,48195035.9,48195035.9,2021-07-02,10000000.0,960209,61792396.5
485,2021-07-02,2021,7,26,Friday,False,2of10_friday,Friday,5 aus 50 und 2 aus 10,50,10,4,5,10,25,31,4,6,"25,10,5,31,4","4,6",42095108.0,10000000.0,False,0,,0.0,2021-07-09,21000000.0,868514,10909259.5
486,2021-07-09,2021,7,27,Friday,False,2of10_friday,Friday,5 aus 50 und 2 aus 10,50,10,8,14,15,20,31,8,9,"31,8,14,15,20","9,8",44730564.0,21000000.0,False,0,,0.0,2021-07-16,32000000.0,814434,11577431.5
487,2021-07-16,2021,7,28,Friday,False,2of10_friday,Friday,5 aus 50 und 2 aus 10,50,10,9,14,24,37,39,4,9,"14,9,39,37,24","4,9",47659440.0,32000000.0,False,0,,0.0,2021-07-23,44000000.0,944996,12374151.0
488,2021-07-23,2021,7,29,Friday,False,2of10_friday,Friday,5 aus 50 und 2 aus 10,50,10,13,33,42,48,50,3,9,"13,48,42,33,50","3,9",50949986.0,44000000.0,False,0,,0.0,2021-07-30,57000000.0,973565,13187306.9
489,2021-07-30,2021,7,30,Friday,False,2of10_friday,Friday,5 aus 50 und 2 aus 10,50,10,5,14,39,43,44,1,6,"5,43,14,44,39","6,1",57647396.0,57000000.0,False,0,,0.0,2021-08-06,72000000.0,961012,14967686.2
490,2021-08-06,2021,8,31,Friday,False,2of10_friday,Friday,5 aus 50 und 2 aus 10,50,10,16,19,21,29,36,1,7,"21,16,29,19,36","7,1",66626190.0,72000000.0,False,0,,0.0,2021-08-13,90000000.0,1293510,17228901.6
491,2021-08-13,2021,8,32,Friday,False,2of10_friday,Friday,5 aus 50 und 2 aus 10,50,10,4,31,39,43,46,1,4,"46,31,39,4,43","4,1",84823692.0,90000000.0,True,2,45000000.0,90000000.0,2021-08-20,10000000.0,1404297,115049530.2
492,2021-08-20,2021,8,33,Friday,False,2of10_friday,Friday,5 aus 50 und 2 aus 10,50,10,8,31,34,36,45,8,10,"34,8,36,31,45","10,8",44082262.0,10000000.0,False,0,,0.0,2021-08-27,23000000.0,713270,11433029.1
493,2021-08-27,2021,8,34,Friday,False,2of10_friday,Friday,5 aus 50 und 2 aus 10,50,10,19,20,22,25,42,4,6,"42,22,19,20,25","6,4",47023012.0,23000000.0,False,0,,0.0,2021-09-03,35000000.0,899531,12174022.3
494,2021-09-03,2021,9,35,Friday,False,2of10_friday,Friday,5 aus 50 und 2 aus 10,50,10,5,9,20,44,48,4,10,"5,9,20,44,48","4,10",50952736.0,35000000.0,False,0,,0.0,2021-09-10,48000000.0,856973,13192008.5
495,2021-09-10,2021,9,36,Friday,False,2of10_friday,Friday,5 aus 50 und 2 aus 10,50,10,2,14,18,23,42,5,10,"42,14,18,2,23","10,5",55087754.0,48000000.0,True,1,49327084.7,49327084.7,2021-09-17,10000000.0,984430,63573015.8
496,2021-09-17,2021,9,37,Friday,False,2of10_friday,Friday,5 aus 50 und 2 aus 10,50,10,14,17,20,27,32,3,7,"20,27,17,14,32","7,3",43427156.0,10000000.0,False,0,,0.0,2021-09-24,21000000.0,1022567,11266878.8
497,2021-09-24,2021,9,38,Friday,False,2of10_friday,Friday,5 aus 50 und 2 aus 10,50,10,12,22,35,38,49,5,10,"38,49,22,12,35","10,5",46340286.0,21000000.0,True,1,22170100.8,22170100.8,2021-10-01,10000000.0,838343,34174215.1
498,2021-10-01,2021,10,39,Friday,False,2of10_friday,Friday,5 aus 50 und 2 aus 10,50,10,20,33,34,37,39,4,8,"33,34,37,20,39","8,4",43270894.0,10000000.0,False,0,,0.0,2021-10-08,21000000.0,830624,11197964.8
499,2021-10-08,2021,10,40,Friday,False,2of10_friday,Friday,5 aus 50 und 2 aus 10,50,10,20,28,32,38,46,6,8,"46,20,28,32,38","6,8",46197664.0,21000000.0,False,0,,0.0,2021-10-15,32000000.0,817298,11999604.2
500,2021-10-15,2021,10,41,Friday,False,2of10_friday,Friday,5 aus 50 und 2 aus 10,50,10,2,6,8,21,25,6,9,"25,8,6,21,2","6,9",49294488.0,32000000.0,True,1,33234495.1,33234495.1,2021-10-22,10000000.0,963253,45969143.0
501,2021-10-22,2021,10,42,Friday,False,2of10_friday,Friday,5 aus 50 und 2 aus 10,50,10,15,33,34,38,43,3,7,"33,38,15,43,34","3,7",42860874.0,10000000.0,True,1,10754545.6,10754545.6,2021-10-29,10000000.0,927552,21843025.8
502,2021-10-29,2021,10,43,Friday,False,2of10_friday,Friday,5 aus 50 und 2 aus 10,50,10,11,23,37,38,44,4,8,"44,38,11,23,37","4,8",42087960.0,10000000.0,True,1,10202832.3,10202832.3,2021-11-05,10000000.0,896781,21114347.6
503,2021-11-05,2021,11,44,Friday,False,2of10_friday,Friday,5 aus 50 und 2 aus 10,50,10,6,13,25,31,49,2,7,"13,25,6,49,31","2,7",42191664.0,10000000.0,True,2,5075565.7,10151131.4,2021-11-12,10000000.0,878724,21095319.5
504,2021-11-12,2021,11,45,Friday,False,2of10_friday,Friday,5 aus 50 und 2 aus 10,50,10,4,30,43,44,46,1,3,"4,44,46,30,43","3,1",41734444.0,10000000.0,False,0,,0.0,2021-11-19,20000000.0,676935,10831889.9
505,2021-11-19,2021,11,46,Friday,False,2of10_friday,Friday,5 aus 50 und 2 aus 10,50,10,6,12,20,21,34,4,5,"21,6,12,34,20","5,4",44858604.0,20000000.0,False,0,,0.0,2021-11-26,31000000.0,914375,11647053.8
506,2021-11-26,2021,11,47,Friday,False,2of10_friday,Friday,5 aus 50 und 2 aus 10,50,10,7,17,21,37,39,3,5,"17,7,37,39,21","5,3",47136904.0,31000000.0,False,0,,0.0,2021-12-03,43000000.0,1036667,12215869.2
507,2021-12-03,2021,12,48,Friday,False,2of10_friday,Friday,5 aus 50 und 2 aus 10,50,10,2,5,13,15,23,6,8,"2,5,23,13,15","8,6",52771744.0,43000000.0,False,0,,0.0,2021-12-10,57000000.0,1094955,13676575.2
508,2021-12-10,2021,12,49,Friday,False,2of10_friday,Friday,5 aus 50 und 2 aus 10,50,10,8,9,30,34,48,5,8,"8,34,30,48,9","8,5",58614564.0,57000000.0,False,0,,0.0,2021-12-17,72000000.0,1139614,15133197.3
509,2021-12-17,2021,12,50,Friday,False,2of10_friday,Friday,5 aus 50 und 2 aus 10,50,10,6,8,16,44,50,1,10,"16,50,8,44,6","10,1",67274256.0,72000000.0,True,1,73720055.0,73720055.0,2021-12-24,10000000.0,1106102,91163116.5
510,2021-12-24,2021,12,51,Friday,False,2of10_friday,Friday,5 aus 50 und 2 aus 10,50,10,3,17,21,35,42,8,9,"42,17,21,35,3","9,8",47663014.0,10000000.0,True,1,12664043.0,12664043.0,2021-12-31,10000000.0,906174,24998298.0
511,2021-12-31,2021,12,52,Friday,False,2of10_friday,Friday,5 aus 50 und 2 aus 10,50,10,7,16,36,42,43,6,8,"43,36,42,7,16","6,8",50246502.0,10000000.0,False,0,,0.0,2022-01-07,24000000.0,914699,12995725.1
512,2022-01-07,2022,1,1,Friday,False,2of10_friday,Friday,5 aus 50 und 2 aus 10,50,10,8,17,21,23,47,2,6,"47,23,21,17,8","6,2",45918930.0,24000000.0,False,0,,0.0,2022-01-14,34000000.0,927530,11912757.3
513,2022-01-14,2022,1,2,Friday,False,2of10_friday,Friday,5 aus 50 und 2 aus 10,50,10,9,15,27,41,44,2,4,"15,41,9,44,27","4,2",49761984.0,34000000.0,False,0,,0.0,2022-01-21,47000000.0,960710,12899746.0
514,2022-01-21,2022,1,3,Friday,False,2of10_friday,Friday,5 aus 50 und 2 aus 10,50,10,2,5,9,29,32,2,4,"5,29,9,2,32","2,4",55152284.0,47000000.0,True,2,24000400.1,48000800.2,2022-01-28,10000000.0,1119783,62291420.9
515,2022-01-28,2022,1,4,Friday,False,2of10_friday,Friday,5 aus 50 und 2 aus 10,50,10,5,21,23,29,35,7,9,"21,5,29,35,23","7,9",43202816.0,10000000.0,True,1,11134617.0,11134617.0,2022-02-04,10000000.0,883709,22340926.1
516,2022-02-04,2022,2,5,Friday,False,2of10_friday,Friday,5 aus 50 und 2 aus 10,50,10,12,18,27,33,41,9,10,"12,27,18,33,41","10,9",42960086.0,10000000.0,False,0,,0.0,2022-02-11,20000000.0,750419,11129939.6
517,2022-02-11,2022,2,6,Friday,False,2of10_friday,Friday,5 aus 50 und 2 aus 10,50,10,5,10,26,37,42,3,10,"42,37,5,10,26","3,10",45848080.0,20000000.0,False,0,,0.0,2022-02-18,32000000.0,821025,11881209.7
518,2022-02-18,2022,2,7,Friday,False,2of10_friday,Friday,5 aus 50 und 2 aus 10,50,10,5,10,25,29,32,4,7,"29,10,32,25,5","7,4",49086552.0,32000000.0,False,0,,0.0,2022-02-25,44000000.0,1065378,12713396.3
519,2022-02-25,2022,2,8,Friday,False,2of10_friday,Friday,5 aus 50 und 2 aus 10,50,10,4,19,34,41,43,1,5,"41,4,34,43,19","1,5",51988640.0,44000000.0,False,0,,0.0,2022-03-04,57000000.0,924213,13502260.8
520,2022-03-04,2022,3,9,Friday,False,2of10_friday,Friday,5 aus 50 und 2 aus 10,50,10,1,17,20,36,49,6,9,"17,1,36,49,20","6,9",56225058.0,57000000.0,False,0,,0.0,2022-03-11,72000000.0,997985,14544436.4
521,2022-03-11,2022,3,10,Friday,False,2of10_friday,Friday,5 aus 50 und 2 aus 10,50,10,5,31,39,46,49,8,9,"5,31,49,46,39","9,8",64586918.0,72000000.0,False,0,,0.0,2022-03-18,89000000.0,1095187,16737628.2
522,2022-03-18,2022,3,11,Friday,False,2of10_friday,Friday,5 aus 50 und 2 aus 10,50,10,1,8,33,38,43,2,6,"1,38,33,43,8","6,2",74419746.0,89000000.0,True,2,45000000.0,90000000.0,2022-03-25,10000000.0,1358373,110139317.5
523,2022-03-25,2022,3,12,Friday,False,2of12_tue_fri,Tuesday+Friday,5 aus 50 und 2 aus 12,50,12,11,20,31,35,46,6,10,"46,11,35,31,20","6,10",41437956.0,10000000.0,False,0,,0.0,2022-03-29,16000000.0,606916,11356093.4
524,2022-03-29,2022,3,13,Tuesday,False,2of12_tue_fri,Tuesday+Friday,5 aus 50 und 2 aus 12,50,12,10,15,18,24,39,2,11,"18,24,39,10,15","11,2",15146690.0,16000000.0,False,0,,0.0,2022-04-01,22000000.0,213539,4157794.8
525,2022-04-01,2022,4,13,Friday,False,2of12_tue_fri,Tuesday+Friday,5 aus 50 und 2 aus 12,50,12,7,8,35,37,49,5,8,"37,49,8,7,35","8,5",41576798.0,22000000.0,True,1,24790202.0,24790202.0,2022-04-05,10000000.0,798720,36196912.3
526,2022-04-05,2022,4,14,Tuesday,False,2of12_tue_fri,Tuesday+Friday,5 aus 50 und 2 aus 12,50,12,9,10,28,38,48,8,12,"28,48,38,10,9","8,12",14994446.0,10000000.0,False,0,,0.0,2022-04-08,17000000.0,204097,4112299.0
527,2022-04-08,2022,4,14,Friday,False,2of12_tue_fri,Tuesday+Friday,5 aus 50 und 2 aus 12,50,12,2,26,41,45,48,5,12,"48,2,26,45,41","12,5",39320510.0,17000000.0,False,0,,0.0,2022-04-12,19000000.0,435767,10779627.2
528,2022-04-12,2022,4,15,Tuesday,False,2of12_tue_fri,Tuesday+Friday,5 aus 50 und 2 aus 12,50,12,19,20,24,36,41,4,5,"24,41,20,19,36","4,5",16599270.0,19000000.0,False,0,,0.0,2022-04-15,27000000.0,269484,4553935.0
529,2022-04-15,2022,4,15,Friday,False,2of12_tue_fri,Tuesday+Friday,5 aus 50 und 2 aus 12,50,12,2,5,10,20,24,4,7,"5,10,24,2,20","7,4",38590592.0,27000000.0,False,0,,0.0,2022-04-19,30000000.0,786433,10546801.4
530,2022-04-19,2022,4,16,Tuesday,False,2of12_tue_fri,Tuesday+Friday,5 aus 50 und 2 aus 12,50,12,3,7,15,17,35,3,4,"7,17,35,3,15","3,4",15842338.0,30000000.0,False,0,,0.0,2022-04-22,37000000.0,319238,3667191.7
531,2022-04-22,2022,4,16,Friday,False,2of12_tue_fri,Tuesday+Friday,5 aus 50 und 2 aus 12,50,12,2,18,28,42,50,2,11,"28,18,50,2,42","11,2",40267380.0,37000000.0,False,0,,0.0,2022-04-26,42000000.0,506418,11728452.7
532,2022-04-26,2022,4,17,Tuesday,False,2of12_tue_fri,Tuesday+Friday,5 aus 50 und 2 aus 12,50,12,10,27,32,41,49,1,9,"41,49,10,27,32","9,1",19231724.0,42000000.0,False,0,,0.0,2022-04-29,51000000.0,289436,5283018.5
533,2022-04-29,2022,4,17,Friday,False,2of12_tue_fri,Tuesday+Friday,5 aus 50 und 2 aus 12,50,12,5,6,17,18,34,1,11,"18,17,5,34,6","1,11",44301716.0,51000000.0,False,0,,0.0,2022-05-03,57000000.0,565316,10268457.0
534,2022-05-03,2022,5,18,Tuesday,False,2of12_tue_fri,Tuesday+Friday,5 aus 50 und 2 aus 12,50,12,6,13,22,24,30,5,10,"6,22,13,24,30","5,10",21227098.0,57000000.0,False,0,,0.0,2022-05-06,66000000.0,364812,4906777.8
535,2022-05-06,2022,5,18,Friday,False,2of12_tue_fri,Tuesday+Friday,5 aus 50 und 2 aus 12,50,12,5,6,39,49,50,10,12,"49,6,5,39,50","12,10",47899742.0,66000000.0,False,0,,0.0,2022-05-10,73000000.0,548103,15952370.0
536,2022-05-10,2022,5,19,Tuesday,False,2of12_tue_fri,Tuesday+Friday,5 aus 50 und 2 aus 12,50,12,3,7,34,43,50,5,10,"3,7,50,34,43","10,5",25338390.0,73000000.0,False,0,,0.0,2022-05-13,85000000.0,397667,6938588.4
537,2022-05-13,2022,5,19,Friday,False,2of12_tue_fri,Tuesday+Friday,5 aus 50 und 2 aus 12,50,12,7,13,30,43,47,7,11,"30,13,43,7,47","11,7",57895502.0,85000000.0,False,0,,0.0,2022-05-17,92000000.0,860120,15867209.6
538,2022-05-17,2022,5,20,Tuesday,False,2of12_tue_fri,Tuesday+Friday,5 aus 50 und 2 aus 12,50,12,2,13,41,45,50,2,3,"2,41,13,45,50","2,3",35676464.0,92000000.0,False,0,,0.0,2022-05-20,106000000.0,541089,9781810.2
539,2022-05-20,2022,5,20,Friday,False,2of12_tue_fri,Tuesday+Friday,5 aus 50 und 2 aus 12,50,12,4,22,28,32,47,1,2,"47,32,22,4,28","2,1",78386804.0,106000000.0,True,1,110213537.3,110213537.3,2022-05-24,10000000.0,1205399,131732188.5
540,2022-05-24,2022,5,21,Tuesday,False,2of12_tue_fri,Tuesday+Friday,5 aus 50 und 2 aus 12,50,12,25,26,40,45,47,4,5,"45,26,40,25,47","4,5",19011316.0,10000000.0,False,0,,0.0,2022-05-27,17000000.0,283742,4396610.5
541,2022-05-27,2022,5,21,Friday,False,2of12_tue_fri,Tuesday+Friday,5 aus 50 und 2 aus 12,50,12,8,26,29,41,48,3,5,"29,48,8,41,26","5,3",37844036.0,17000000.0,True,1,16811926.4,16811926.4,2022-05-31,10000000.0,637979,27988779.9
542,2022-05-31,2022,5,22,Tuesday,False,2of12_tue_fri,Tuesday+Friday,5 aus 50 und 2 aus 12,50,12,14,30,37,39,50,4,12,"50,14,39,30,37","4,12",16815700.0,10000000.0,False,0,,0.0,2022-06-03,17000000.0,213326,4612891.2
543,2022-06-03,2022,6,22,Friday,False,2of12_tue_fri,Tuesday+Friday,5 aus 50 und 2 aus 12,50,12,4,22,27,39,41,1,9,"41,27,4,39,22","9,1",38292638.0,17000000.0,False,0,,0.0,2022-06-07,20000000.0,597875,10505744.1
544,2022-06-07,2022,6,23,Tuesday,False,2of12_tue_fri,Tuesday+Friday,5 aus 50 und 2 aus 12,50,12,5,7,45,48,49,3,8,"49,7,48,5,45","3,8",17213074.0,20000000.0,False,0,,0.0,2022-06-10,26000000.0,305559,4304053.0
545,2022-06-10,2022,6,23,Friday,False,2of12_tue_fri,Tuesday+Friday,5 aus 50 und 2 aus 12,50,12,3,21,23,28,46,10,12,"23,46,21,28,3","12,10",38753458.0,26000000.0,False,0,,0.0,2022-06-14,30000000.0,475493,11067043.3
546,2022-06-14,2022,6,24,Tuesday,False,2of12_tue_fri,Tuesday+Friday,5 aus 50 und 2 aus 12,50,12,11,28,30,35,50,7,8,"28,30,35,11,50","7,8",19259306.0,30000000.0,False,0,,0.0,2022-06-17,37000000.0,309687,5290362.5
547,2022-06-17,2022,6,24,Friday,False,2of12_tue_fri,Tuesday+Friday,5 aus 50 und 2 aus 12,50,12,1,2,23,43,45,1,9,"45,2,1,23,43","1,9",39761416.0,37000000.0,False,0,,0.0,2022-06-21,41000000.0,594197,10905607.8
548,2022-06-21,2022,6,25,Tuesday,False,2of12_tue_fri,Tuesday+Friday,5 aus 50 und 2 aus 12,50,12,6,10,17,29,49,2,5,"6,29,10,17,49","5,2",20968808.0,41000000.0,False,0,,0.0,2022-06-24,50000000.0,371785,5737509.6
549,2022-06-24,2022,6,25,Friday,False,2of12_tue_fri,Tuesday+Friday,5 aus 50 und 2 aus 12,50,12,13,24,30,35,48,4,5,"30,13,48,35,24","5,4",42691426.0,50000000.0,False,0,,0.0,2022-06-28,56000000.0,726056,11687781.5
550,2022-06-28,2022,6,26,Tuesday,False,2of12_tue_fri,Tuesday+Friday,5 aus 50 und 2 aus 12,50,12,2,10,23,29,50,3,10,"50,23,29,10,2","3,10",22146772.0,56000000.0,False,0,,0.0,2022-07-01,65000000.0,362689,6066109.2
551,2022-07-01,2022,7,26,Friday,False,2of12_tue_fri,Tuesday+Friday,5 aus 50 und 2 aus 12,50,12,4,10,24,34,35,7,8,"34,4,24,10,35","8,7",46681668.0,65000000.0,False,0,,0.0,2022-07-05,72000000.0,794872,12777336.9
552,2022-07-05,2022,7,27,Tuesday,False,2of12_tue_fri,Tuesday+Friday,5 aus 50 und 2 aus 12,50,12,7,16,28,36,43,2,11,"28,16,43,7,36","11,2",26744964.0,72000000.0,False,0,,0.0,2022-07-08,82000000.0,398475,7337090.8
553,2022-07-08,2022,7,27,Friday,False,2of12_tue_fri,Tuesday+Friday,5 aus 50 und 2 aus 12,50,12,6,10,22,30,36,8,10,"10,36,30,6,22","10,8",53975660.0,82000000.0,False,0,,0.0,2022-07-12,91000000.0,863718,14823920.4
554,2022-07-12,2022,7,28,Tuesday,False,2of12_tue_fri,Tuesday+Friday,5 aus 50 und 2 aus 12,50,12,3,16,26,30,47,1,2,"30,3,26,16,47","2,1",35444944.0,91000000.0,False,0,,0.0,2022-07-15,104000000.0,533233,9720150.7
555,2022-07-15,2022,7,28,Friday,False,2of12_tue_fri,Tuesday+Friday,5 aus 50 und 2 aus 12,50,12,9,11,16,19,32,3,5,"9,19,16,32,11","3,5",73550162.0,104000000.0,False,0,,0.0,2022-07-19,117000000.0,1389098,20163057.8
556,2022-07-19,2022,7,29,Tuesday,False,2of12_tue_fri,Tuesday+Friday,5 aus 50 und 2 aus 12,50,12,20,23,24,37,43,9,10,"23,37,43,24,20","10,9",57436778.0,117000000.0,False,0,,0.0,2022-07-22,120000000.0,882897,16872560.8
557,2022-07-22,2022,7,29,Friday,False,2of12_tue_fri,Tuesday+Friday,5 aus 50 und 2 aus 12,50,12,1,11,17,19,33,3,7,"1,17,19,11,33","7,3",95412262.0,120000000.0,True,1,120000000.0,120000000.0,2022-07-26,10000000.0,1924642,165966286.9
558,2022-07-26,2022,7,30,Tuesday,False,2of12_tue_fri,Tuesday+Friday,5 aus 50 und 2 aus 12,50,12,1,2,7,24,25,2,5,"2,7,1,24,25","2,5",22056512.0,10000000.0,False,0,,0.0,2022-07-29,17000000.0,418434,6033097.5
559,2022-07-29,2022,7,30,Friday,False,2of12_tue_fri,Tuesday+Friday,5 aus 50 und 2 aus 12,50,12,14,26,29,46,50,10,11,"26,29,46,50,14","11,10",39316574.0,17000000.0,False,0,,0.0,2022-08-02,21000000.0,455772,10773735.8
560,2022-08-02,2022,8,31,Tuesday,False,2of12_tue_fri,Tuesday+Friday,5 aus 50 und 2 aus 12,50,12,6,11,39,40,47,7,8,"40,39,47,6,11","8,7",21737254.0,21000000.0,False,0,,0.0,2022-08-05,30000000.0,336806,5967530.2
561,2022-08-05,2022,8,31,Friday,False,2of12_tue_fri,Tuesday+Friday,5 aus 50 und 2 aus 12,50,12,10,12,17,31,49,2,8,"31,49,10,17,12","8,2",41931678.0,30000000.0,False,0,,0.0,2022-08-09,36000000.0,757945,11465097.4
562,2022-08-09,2022,8,32,Tuesday,False,2of12_tue_fri,Tuesday+Friday,5 aus 50 und 2 aus 12,50,12,23,26,36,40,44,5,10,"36,40,44,26,23","5,10",22818864.0,36000000.0,False,0,,0.0,2022-08-12,45000000.0,342711,6255193.4
563,2022-08-12,2022,8,32,Friday,False,2of12_tue_fri,Tuesday+Friday,5 aus 50 und 2 aus 12,50,12,14,32,34,38,46,2,5,"14,46,38,32,34","2,5",43951694.0,45000000.0,True,1,45691514.8,45691514.8,2022-08-16,10000000.0,713853,57731015.9
564,2022-08-16,2022,8,33,Tuesday,False,2of12_tue_fri,Tuesday+Friday,5 aus 50 und 2 aus 12,50,12,4,17,32,34,49,4,9,"17,32,34,4,49","4,9",18555956.0,10000000.0,False,0,,0.0,2022-08-19,18000000.0,319382,5084853.1
565,2022-08-19,2022,8,33,Friday,False,2of12_tue_fri,Tuesday+Friday,5 aus 50 und 2 aus 12,50,12,4,13,32,39,41,6,8,"13,32,41,4,39","6,8",37880100.0,18000000.0,True,1,16818418.0,16818418.0,2022-08-23,10000000.0,610452,27191059.9
566,2022-08-23,2022,8,34,Tuesday,False,2of12_tue_fri,Tuesday+Friday,5 aus 50 und 2 aus 12,50,12,2,9,18,21,39,4,10,"9,21,39,2,18","4,10",17765462.0,10000000.0,False,0,,0.0,2022-08-26,16000000.0,286556,4875544.6
567,2022-08-26,2022,8,34,Friday,False,2of12_tue_fri,Tuesday+Friday,5 aus 50 und 2 aus 12,50,12,2,6,18,29,37,10,12,"37,6,2,18,29","10,12",36763246.0,16000000.0,False,0,,0.0,2022-08-30,19000000.0,457297,10082136.5
568,2022-08-30,2022,8,35,Tuesday,False,2of12_tue_fri,Tuesday+Friday,5 aus 50 und 2 aus 12,50,12,18,27,41,45,49,7,9,"45,18,27,49,41","9,7",19123646.0,19000000.0,True,1,20059640.5,20059640.5,2022-09-02,10000000.0,304922,25307176.1
569,2022-09-02,2022,9,35,Friday,False,2of12_tue_fri,Tuesday+Friday,5 aus 50 und 2 aus 12,50,12,2,5,11,22,24,7,12,"11,22,5,2,24","12,7",35560256.0,10000000.0,False,0,,0.0,2022-09-06,13000000.0,553251,9731327.6
570,2022-09-06,2022,9,36,Tuesday,False,2of12_tue_fri,Tuesday+Friday,5 aus 50 und 2 aus 12,50,12,6,10,11,20,38,3,9,"10,38,6,11,20","3,9",18448652.0,13000000.0,False,0,,0.0,2022-09-09,20000000.0,331858,5055568.8
571,2022-09-09,2022,9,36,Friday,False,2of12_tue_fri,Tuesday+Friday,5 aus 50 und 2 aus 12,50,12,9,18,26,41,43,4,9,"26,43,18,9,41","9,4",37431412.0,20000000.0,True,1,20058411.5,20058411.5,2022-09-13,10000000.0,638520,30323235.5
572,2022-09-13,2022,9,37,Tuesday,False,2of12_tue_fri,Tuesday+Friday,5 aus 50 und 2 aus 12,50,12,20,22,26,34,40,8,12,"40,20,22,34,26","12,8",17720342.0,10000000.0,False,0,,0.0,2022-09-16,16000000.0,233834,4858535.0
573,2022-09-16,2022,9,37,Friday,False,2of12_tue_fri,Tuesday+Friday,5 aus 50 und 2 aus 12,50,12,16,25,27,41,45,3,9,"41,16,27,45,25","3,9",36179570.0,16000000.0,False,0,,0.0,2022-09-20,19000000.0,605593,9900461.7
574,2022-09-20,2022,9,38,Tuesday,False,2of12_tue_fri,Tuesday+Friday,5 aus 50 und 2 aus 12,50,12,2,13,22,36,40,3,5,"36,2,40,13,22","3,5",18959928.0,19000000.0,False,0,,0.0,2022-09-23,26000000.0,325422,4385900.3
575,2022-09-23,2022,9,38,Friday,False,2of12_tue_fri,Tuesday+Friday,5 aus 50 und 2 aus 12,50,12,20,30,38,39,44,2,12,"39,20,38,30,44","12,2",38044794.0,26000000.0,False,0,,0.0,2022-09-27,30000000.0,448570,11240908.4
576,2022-09-27,2022,9,39,Tuesday,False,2of12_tue_fri,Tuesday+Friday,5 aus 50 und 2 aus 12,50,12,15,23,26,31,44,1,8,"44,31,26,15,23","1,8",21022594.0,30000000.0,False,0,,0.0,2022-09-30,37000000.0,331597,5759064.2
577,2022-09-30,2022,9,39,Friday,False,2of12_tue_fri,Tuesday+Friday,5 aus 50 und 2 aus 12,50,12,8,12,15,17,46,1,8,"17,15,8,12,46","8,1",41179100.0,37000000.0,False,0,,0.0,2022-10-04,41000000.0,708521,11267153.4
578,2022-10-04,2022,10,40,Tuesday,False,2of12_tue_fri,Tuesday+Friday,5 aus 50 und 2 aus 12,50,12,17,42,43,48,49,3,7,"48,49,17,42,43","3,7",22203112.0,41000000.0,False,0,,0.0,2022-10-07,49000000.0,373722,6084567.3
579,2022-10-07,2022,10,40,Friday,False,2of12_tue_fri,Tuesday+Friday,5 aus 50 und 2 aus 12,50,12,16,17,26,30,35,3,9,"30,16,17,35,26","3,9",43656826.0,49000000.0,False,0,,0.0,2022-10-11,54000000.0,749872,10086966.7
580,2022-10-11,2022,10,41,Tuesday,False,2of12_tue_fri,Tuesday+Friday,5 aus 50 und 2 aus 12,50,12,7,35,36,39,47,3,8,"36,47,39,7,35","8,3",25861952.0,54000000.0,False,0,,0.0,2022-10-14,63000000.0,443412,8981420.7
581,2022-10-14,2022,10,41,Friday,False,2of12_tue_fri,Tuesday+Friday,5 aus 50 und 2 aus 12,50,12,3,5,8,10,44,7,12,"10,44,5,8,3","12,7",48665654.0,63000000.0,False,0,,0.0,2022-10-18,70000000.0,726701,13362802.1
582,2022-10-18,2022,10,42,Tuesday,False,2of12_tue_fri,Tuesday+Friday,5 aus 50 und 2 aus 12,50,12,13,18,24,34,50,5,6,"50,34,18,13,24","6,5",30210630.0,70000000.0,False,0,,0.0,2022-10-21,82000000.0,508781,8268040.9
583,2022-10-21,2022,10,42,Friday,False,2of12_tue_fri,Tuesday+Friday,5 aus 50 und 2 aus 12,50,12,2,11,18,47,49,2,7,"2,11,49,47,18","2,7",56088390.0,82000000.0,False,0,,0.0,2022-10-25,91000000.0,992399,15370744.8
584,2022-10-25,2022,10,43,Tuesday,False,2of12_tue_fri,Tuesday+Friday,5 aus 50 und 2 aus 12,50,12,17,26,35,37,39,3,4,"17,39,26,37,35","4,3",39027448.0,91000000.0,False,0,,0.0,2022-10-28,104000000.0,671718,10693527.2
585,2022-10-28,2022,10,43,Friday,False,2of12_tue_fri,Tuesday+Friday,5 aus 50 und 2 aus 12,50,12,4,5,21,30,43,5,11,"21,30,4,5,43","5,11",75601106.0,104000000.0,False,0,,0.0,2022-11-01,118000000.0,1075513,20731898.4
586,2022-11-01,2022,11,44,Tuesday,False,2of12_tue_fri,Tuesday+Friday,5 aus 50 und 2 aus 12,50,12,18,32,39,42,44,4,7,"39,44,32,18,42","7,4",54854434.0,118000000.0,False,0,,0.0,2022-11-04,120000000.0,915923,16253096.0
587,2022-11-04,2022,11,44,Friday,False,2of12_tue_fri,Tuesday+Friday,5 aus 50 und 2 aus 12,50,12,7,9,40,48,49,7,8,"40,9,7,48,49","7,8",97737056.0,120000000.0,False,0,,0.0,2022-11-08,120000000.0,1610525,46939964.2
588,2022-11-08,2022,11,45,Tuesday,False,2of12_tue_fri,Tuesday+Friday,5 aus 50 und 2 aus 12,50,12,15,17,23,35,38,4,9,"38,17,35,23,15","9,4",72223568.0,120000000.0,True,1,120000000.0,120000000.0,2022-11-11,10000000.0,1323980,157253251.5
589,2022-11-11,2022,11,45,Friday,False,2of12_tue_fri,Tuesday+Friday,5 aus 50 und 2 aus 12,50,12,11,15,24,28,41,3,12,"28,11,15,24,41","12,3",44153598.0,10000000.0,False,0,,0.0,2022-11-15,16000000.0,620530,12116045.6
590,2022-11-15,2022,11,46,Tuesday,False,2of12_tue_fri,Tuesday+Friday,5 aus 50 und 2 aus 12,50,12,1,7,11,33,48,9,12,"7,1,48,33,11","9,12",23631608.0,16000000.0,False,0,,0.0,2022-11-18,26000000.0,341991,6488990.5
591,2022-11-18,2022,11,46,Friday,False,2of12_tue_fri,Tuesday+Friday,5 aus 50 und 2 aus 12,50,12,13,14,25,28,42,11,12,"28,13,14,25,42","12,11",41637486.0,26000000.0,False,0,,0.0,2022-11-22,32000000.0,469943,11416314.6
592,2022-11-22,2022,11,47,Tuesday,False,2of12_tue_fri,Tuesday+Friday,5 aus 50 und 2 aus 12,50,12,11,20,23,37,46,9,11,"23,20,11,37,46","9,11",24294386.0,32000000.0,False,0,,0.0,2022-11-25,41000000.0,346580,6652371.8
593,2022-11-25,2022,11,47,Friday,False,2of12_tue_fri,Tuesday+Friday,5 aus 50 und 2 aus 12,50,12,4,6,8,42,48,6,11,"8,48,6,42,4","6,11",43388508.0,41000000.0,False,0,,0.0,2022-11-29,47000000.0,576035,11903875.0
594,2022-11-29,2022,11,48,Tuesday,False,2of12_tue_fri,Tuesday+Friday,5 aus 50 und 2 aus 12,50,12,9,16,32,37,46,7,12,"32,46,37,9,16","7,12",26184658.0,47000000.0,False,0,,0.0,2022-12-02,57000000.0,359878,6046665.1
595,2022-12-02,2022,12,48,Friday,False,2of12_tue_fri,Tuesday+Friday,5 aus 50 und 2 aus 12,50,12,6,12,25,48,49,11,12,"49,48,25,12,6","11,12",47372434.0,57000000.0,False,0,,0.0,2022-12-06,64000000.0,544514,14136194.9
596,2022-12-06,2022,12,49,Tuesday,False,2of12_tue_fri,Tuesday+Friday,5 aus 50 und 2 aus 12,50,12,8,12,37,44,47,7,10,"47,12,37,8,44","10,7",29256940.0,64000000.0,False,0,,0.0,2022-12-09,75000000.0,466810,8014190.9
597,2022-12-09,2022,12,49,Friday,False,2of12_tue_fri,Tuesday+Friday,5 aus 50 und 2 aus 12,50,12,6,8,13,21,32,3,6,"13,6,32,21,8","3,6",52044378.0,75000000.0,True,1,75871601.7,75871601.7,2022-12-13,10000000.0,979694,90105983.1
598,2022-12-13,2022,12,50,Tuesday,False,2of12_tue_fri,Tuesday+Friday,5 aus 50 und 2 aus 12,50,12,3,13,33,36,47,3,11,"36,33,3,13,47","11,3",21659610.0,10000000.0,False,0,,0.0,2022-12-16,17000000.0,355489,5935014.3
599,2022-12-16,2022,12,50,Friday,False,2of12_tue_fri,Tuesday+Friday,5 aus 50 und 2 aus 12,50,12,9,14,15,20,47,8,12,"47,20,9,14,15","8,12",38922512.0,17000000.0,False,0,,0.0,2022-12-20,21000000.0,505903,9023415.6
600,2022-12-20,2022,12,51,Tuesday,False,2of12_tue_fri,Tuesday+Friday,5 aus 50 und 2 aus 12,50,12,6,11,26,43,49,5,8,"6,11,43,49,26","5,8",23345716.0,21000000.0,True,1,21208281.0,21208281.0,2022-12-23,10000000.0,414759,29278113.3
601,2022-12-23,2022,12,51,Friday,False,2of12_tue_fri,Tuesday+Friday,5 aus 50 und 2 aus 12,50,12,9,34,35,42,44,6,11,"9,44,34,35,42","11,6",40180706.0,10000000.0,False,0,,0.0,2022-12-27,14000000.0,499167,11037125.8
602,2022-12-27,2022,12,52,Tuesday,False,2of12_tue_fri,Tuesday+Friday,5 aus 50 und 2 aus 12,50,12,28,33,34,37,44,4,11,"34,44,28,33,37","4,11",20566512.0,14000000.0,False,0,,0.0,2022-12-30,21000000.0,291466,5638026.9
603,2022-12-30,2022,12,52,Friday,False,2of12_tue_fri,Tuesday+Friday,5 aus 50 und 2 aus 12,50,12,3,37,45,47,50,5,10,"3,47,50,37,45","5,10",44426482.0,21000000.0,False,0,,0.0,2023-01-03,28000000.0,645433,10285687.9
604,2023-01-03,2023,1,1,Tuesday,False,2of12_tue_fri,Tuesday+Friday,5 aus 50 und 2 aus 12,50,12,28,29,31,37,50,4,5,"37,28,31,29,50","4,5",24415290.0,28000000.0,False,0,,0.0,2023-01-06,35000000.0,363552,8597432.2
605,2023-01-06,2023,1,1,Friday,False,2of12_tue_fri,Tuesday+Friday,5 aus 50 und 2 aus 12,50,12,14,28,31,47,50,7,12,"47,50,28,14,31","7,12",40853260.0,35000000.0,False,0,,0.0,2023-01-10,43000000.0,530179,11221858.0
606,2023-01-10,2023,1,2,Tuesday,False,2of12_tue_fri,Tuesday+Friday,5 aus 50 und 2 aus 12,50,12,9,16,27,41,45,1,4,"27,41,9,45,16","4,1",25812596.0,43000000.0,False,0,,0.0,2023-01-13,51000000.0,391350,7092148.5
607,2023-01-13,2023,1,2,Friday,False,2of12_tue_fri,Tuesday+Friday,5 aus 50 und 2 aus 12,50,12,7,14,34,41,49,4,9,"7,41,34,49,14","9,4",50131230.0,51000000.0,False,0,,0.0,2023-01-17,60000000.0,863506,13759667.3
608,2023-01-17,2023,1,3,Tuesday,False,2of12_tue_fri,Tuesday+Friday,5 aus 50 und 2 aus 12,50,12,6,11,16,35,44,2,6,"16,6,35,11,44","6,2",30006738.0,60000000.0,False,0,,0.0,2023-01-20,71000000.0,500213,6950870.2
609,2023-01-20,2023,1,3,Friday,False,2of12_tue_fri,Tuesday+Friday,5 aus 50 und 2 aus 12,50,12,1,12,15,31,47,9,10,"12,31,47,15,1","10,9",54340762.0,71000000.0,False,0,,0.0,2023-01-24,80000000.0,797533,16182081.9
610,2023-01-24,2023,1,4,Tuesday,False,2of12_tue_fri,Tuesday+Friday,5 aus 50 und 2 aus 12,50,12,9,16,17,27,31,1,9,"9,31,27,17,16","1,9",36944640.0,80000000.0,False,0,,0.0,2023-01-27,93000000.0,603569,10133091.2
611,2023-01-27,2023,1,4,Friday,False,2of12_tue_fri,Tuesday+Friday,5 aus 50 und 2 aus 12,50,12,4,9,29,34,37,3,12,"4,29,34,9,37","3,12",65625708.0,93000000.0,False,0,,0.0,2023-01-31,104000000.0,963537,18034997.1
612,2023-01-31,2023,1,5,Tuesday,False,2of12_tue_fri,Tuesday+Friday,5 aus 50 und 2 aus 12,50,12,20,21,30,41,43,10,11,"43,20,30,41,21","11,10",53349116.0,104000000.0,True,1,107469011.2,107469011.2,2023-02-03,10000000.0,686305,122099047.6
613,2023-02-03,2023,2,5,Friday,False,2of12_tue_fri,Tuesday+Friday,5 aus 50 und 2 aus 12,50,12,1,7,17,44,50,2,10,"1,44,17,7,50","10,2",41418596.0,10000000.0,False,0,,0.0,2023-02-07,15000000.0,660366,11375113.4
614,2023-02-07,2023,2,6,Tuesday,False,2of12_tue_fri,Tuesday+Friday,5 aus 50 und 2 aus 12,50,12,10,15,25,37,46,7,12,"37,10,15,46,25","7,12",23319254.0,15000000.0,False,0,,0.0,2023-02-10,24000000.0,333674,6403747.9
615,2023-02-10,2023,2,6,Friday,False,2of12_tue_fri,Tuesday+Friday,5 aus 50 und 2 aus 12,50,12,3,10,20,36,42,8,10,"42,10,20,36,3","8,10",41583194.0,24000000.0,False,0,,0.0,2023-02-14,30000000.0,638633,11392953.5
616,2023-02-14,2023,2,7,Tuesday,False,2of12_tue_fri,Tuesday+Friday,5 aus 50 und 2 aus 12,50,12,1,2,6,14,45,2,7,"6,14,45,1,2","2,7",26037988.0,30000000.0,False,0,,0.0,2023-02-17,39000000.0,448519,6006635.9
617,2023-02-17,2023,2,7,Friday,False,2of12_tue_fri,Tuesday+Friday,5 aus 50 und 2 aus 12,50,12,5,12,15,21,39,3,4,"21,5,12,15,39","3,4",44061528.0,39000000.0,True,1,40254187.6,40254187.6,2023-02-21,10000000.0,814409,53439832.3
618,2023-02-21,2023,2,8,Tuesday,False,2of12_tue_fri,Tuesday+Friday,5 aus 50 und 2 aus 12,50,12,13,20,34,38,43,3,6,"34,20,38,43,13","6,3",21339124.0,10000000.0,True,1,10000000.0,10000000.0,2023-02-24,10000000.0,358128,15854518.0
619,2023-02-24,2023,2,8,Friday,False,2of12_tue_fri,Tuesday+Friday,5 aus 50 und 2 aus 12,50,12,1,5,12,18,20,6,7,"1,5,18,20,12","7,6",36944520.0,10000000.0,False,0,,0.0,2023-02-28,13000000.0,679741,10110970.6
620,2023-02-28,2023,2,9,Tuesday,False,2of12_tue_fri,Tuesday+Friday,5 aus 50 und 2 aus 12,50,12,6,20,27,38,49,3,9,"38,27,6,49,20","9,3",22199714.0,13000000.0,False,0,,0.0,2023-03-03,20000000.0,386363,6088095.2
621,2023-03-03,2023,3,9,Friday,False,2of12_tue_fri,Tuesday+Friday,5 aus 50 und 2 aus 12,50,12,1,18,37,46,48,3,7,"48,1,37,46,18","7,3",40491084.0,20000000.0,False,0,,0.0,2023-03-07,25000000.0,689024,9361620.2
622,2023-03-07,2023,3,10,Tuesday,False,2of12_tue_fri,Tuesday+Friday,5 aus 50 und 2 aus 12,50,12,4,11,12,16,42,3,5,"4,12,11,42,16","3,5",24326494.0,25000000.0,False,0,,0.0,2023-03-10,33000000.0,437771,8410053.7
623,2023-03-10,2023,3,10,Friday,False,2of12_tue_fri,Tuesday+Friday,5 aus 50 und 2 aus 12,50,12,6,17,22,39,46,5,12,"17,39,22,46,6","12,5",42542634.0,33000000.0,False,0,,0.0,2023-03-14,39000000.0,578164,11655404.7
624,2023-03-14,2023,3,11,Tuesday,False,2of12_tue_fri,Tuesday+Friday,5 aus 50 und 2 aus 12,50,12,9,16,32,34,48,2,6,"48,34,16,32,9","6,2",25982546.0,39000000.0,False,0,,0.0,2023-03-17,48000000.0,410553,7130412.0
625,2023-03-17,2023,3,11,Friday,False,2of12_tue_fri,Tuesday+Friday,5 aus 50 und 2 aus 12,50,12,5,18,21,29,45,1,6,"5,29,21,18,45","1,6",45006670.0,48000000.0,False,0,,0.0,2023-03-21,55000000.0,703297,12359530.5
626,2023-03-21,2023,3,12,Tuesday,False,2of12_tue_fri,Tuesday+Friday,5 aus 50 und 2 aus 12,50,12,8,13,16,44,47,6,8,"13,47,44,8,16","6,8",28489746.0,55000000.0,False,0,,0.0,2023-03-24,65000000.0,487172,6596493.9
627,2023-03-24,2023,3,12,Friday,False,2of12_tue_fri,Tuesday+Friday,5 aus 50 und 2 aus 12,50,12,6,21,23,26,43,3,9,"43,6,21,26,23","9,3",48707068.0,65000000.0,False,0,,0.0,2023-03-28,73000000.0,887367,14547323.0
628,2023-03-28,2023,3,13,Tuesday,False,2of12_tue_fri,Tuesday+Friday,5 aus 50 und 2 aus 12,50,12,6,12,36,37,44,1,11,"6,12,44,37,36","1,11",32926732.0,73000000.0,True,1,73860867.7,73860867.7,2023-03-31,10000000.0,447387,81482574.8
629,2023-03-31,2023,3,13,Friday,False,2of12_tue_fri,Tuesday+Friday,5 aus 50 und 2 aus 12,50,12,10,11,31,37,44,5,12,"37,11,31,44,10","12,5",37520370.0,10000000.0,True,1,10000000.0,10000000.0,2023-04-04,10000000.0,501471,21699289.6
630,2023-04-04,2023,4,14,Tuesday,False,2of12_tue_fri,Tuesday+Friday,5 aus 50 und 2 aus 12,50,12,1,15,19,24,33,7,8,"15,1,24,33,19","7,8",21595328.0,10000000.0,False,0,,0.0,2023-04-07,16000000.0,393066,5931739.9
631,2023-04-07,2023,4,14,Friday,False,2of12_tue_fri,Tuesday+Friday,5 aus 50 und 2 aus 12,50,12,16,28,32,36,48,5,10,"16,32,28,48,36","10,5",36609730.0,16000000.0,False,0,,0.0,2023-04-11,19000000.0,565456,10051596.6
632,2023-04-11,2023,4,15,Tuesday,False,2of12_tue_fri,Tuesday+Friday,5 aus 50 und 2 aus 12,50,12,5,19,33,37,42,7,9,"37,5,42,19,33","9,7",21459258.0,19000000.0,False,0,,0.0,2023-04-14,27000000.0,377113,5873055.4
633,2023-04-14,2023,4,15,Friday,False,2of12_tue_fri,Tuesday+Friday,5 aus 50 und 2 aus 12,50,12,7,11,20,21,29,6,11,"7,11,21,20,29","6,11",39916296.0,27000000.0,False,0,,0.0,2023-04-18,31000000.0,603236,10960718.8
634,2023-04-18,2023,4,16,Tuesday,False,2of12_tue_fri,Tuesday+Friday,5 aus 50 und 2 aus 12,50,12,16,28,31,35,42,2,10,"35,28,42,16,31","2,10",24803832.0,31000000.0,False,0,,0.0,2023-04-21,39000000.0,365817,6811159.9
635,2023-04-21,2023,4,16,Friday,False,2of12_tue_fri,Tuesday+Friday,5 aus 50 und 2 aus 12,50,12,5,13,16,41,45,3,6,"41,13,16,45,5","3,6",41411658.0,39000000.0,False,0,,0.0,2023-04-25,46000000.0,704892,11348580.6
636,2023-04-25,2023,4,17,Tuesday,False,2of12_tue_fri,Tuesday+Friday,5 aus 50 und 2 aus 12,50,12,12,21,24,28,40,1,3,"24,40,21,12,28","3,1",27558910.0,46000000.0,True,1,46857546.2,46857546.2,2023-04-28,10000000.0,443122,54410779.0
637,2023-04-28,2023,4,17,Friday,False,2of12_tue_fri,Tuesday+Friday,5 aus 50 und 2 aus 12,50,12,4,8,9,30,35,6,7,"4,35,30,8,9","6,7",36474324.0,10000000.0,False,0,,0.0,2023-05-02,13000000.0,621510,9993274.3
638,2023-05-02,2023,5,18,Tuesday,False,2of12_tue_fri,Tuesday+Friday,5 aus 50 und 2 aus 12,50,12,11,12,13,23,26,11,12,"23,11,12,26,13","12,11",20300706.0,13000000.0,True,1,13654127.0,13654127.0,2023-05-05,10000000.0,278367,19224118.7
639,2023-05-05,2023,5,18,Friday,False,2of12_tue_fri,Tuesday+Friday,5 aus 50 und 2 aus 12,50,12,17,18,30,33,35,6,8,"30,33,18,17,35","8,6",35130456.0,10000000.0,False,0,,0.0,2023-05-09,13000000.0,596944,9636134.5
640,2023-05-09,2023,5,19,Tuesday,False,2of12_tue_fri,Tuesday+Friday,5 aus 50 und 2 aus 12,50,12,6,11,29,34,39,2,3,"34,11,39,6,29","2,3",21136366.0,13000000.0,False,0,,0.0,2023-05-12,20000000.0,351553,5790174.1
641,2023-05-12,2023,5,19,Friday,False,2of12_tue_fri,Tuesday+Friday,5 aus 50 und 2 aus 12,50,12,10,27,30,32,34,5,8,"34,10,32,27,30","5,8",37855880.0,20000000.0,False,0,,0.0,2023-05-16,25000000.0,658583,10395815.7
642,2023-05-16,2023,5,20,Tuesday,False,2of12_tue_fri,Tuesday+Friday,5 aus 50 und 2 aus 12,50,12,28,30,31,45,46,4,8,"30,46,28,45,31","4,8",23634052.0,25000000.0,False,0,,0.0,2023-05-19,33000000.0,358657,5465281.2
643,2023-05-19,2023,5,20,Friday,False,2of12_tue_fri,Tuesday+Friday,5 aus 50 und 2 aus 12,50,12,1,5,8,20,35,3,12,"5,1,35,20,8","12,3",39553520.0,33000000.0,False,0,,0.0,2023-05-23,40000000.0,578130,11855471.6
644,2023-05-23,2023,5,21,Tuesday,False,2of12_tue_fri,Tuesday+Friday,5 aus 50 und 2 aus 12,50,12,1,2,11,14,36,2,3,"1,36,2,11,14","2,3",25487018.0,40000000.0,False,0,,0.0,2023-05-26,48000000.0,426345,6976972.5
645,2023-05-26,2023,5,21,Friday,False,2of12_tue_fri,Tuesday+Friday,5 aus 50 und 2 aus 12,50,12,1,3,29,45,47,5,8,"47,1,3,29,45","5,8",42788954.0,48000000.0,False,0,,0.0,2023-05-30,56000000.0,694880,11726843.5
646,2023-05-30,2023,5,22,Tuesday,False,2of12_tue_fri,Tuesday+Friday,5 aus 50 und 2 aus 12,50,12,2,8,16,21,39,4,5,"8,2,16,21,39","4,5",26781918.0,56000000.0,False,0,,0.0,2023-06-02,65000000.0,448659,7332470.8
647,2023-06-02,2023,6,22,Friday,False,2of12_tue_fri,Tuesday+Friday,5 aus 50 und 2 aus 12,50,12,8,9,11,13,50,6,11,"8,9,50,13,11","11,6",48625804.0,65000000.0,False,0,,0.0,2023-06-06,73000000.0,712243,13315233.6
648,2023-06-06,2023,6,23,Tuesday,False,2of12_tue_fri,Tuesday+Friday,5 aus 50 und 2 aus 12,50,12,5,7,21,22,29,3,10,"22,7,29,21,5","10,3",35260954.0,73000000.0,False,0,,0.0,2023-06-09,85000000.0,642700,9683244.3
649,2023-06-09,2023,6,23,Friday,False,2of12_tue_fri,Tuesday+Friday,5 aus 50 und 2 aus 12,50,12,8,13,24,35,46,6,8,"13,46,8,24,35","8,6",58387182.0,85000000.0,False,0,,0.0,2023-06-13,96000000.0,1019181,15994690.6
650,2023-06-13,2023,6,24,Tuesday,False,2of12_tue_fri,Tuesday+Friday,5 aus 50 und 2 aus 12,50,12,11,29,32,46,47,5,7,"47,29,32,46,11","5,7",48795396.0,96000000.0,False,0,,0.0,2023-06-16,111000000.0,796039,13372491.5
651,2023-06-16,2023,6,24,Friday,False,2of12_tue_fri,Tuesday+Friday,5 aus 50 und 2 aus 12,50,12,5,19,33,36,42,7,12,"36,19,42,33,5","7,12",83354676.0,111000000.0,False,0,,0.0,2023-06-20,120000000.0,1229311,22848192.1
652,2023-06-20,2023,6,25,Tuesday,False,2of12_tue_fri,Tuesday+Friday,5 aus 50 und 2 aus 12,50,12,9,18,30,34,48,1,7,"18,34,30,48,9","7,1",74221986.0,120000000.0,False,0,,0.0,2023-06-23,120000000.0,1132270,33160101.2
653,2023-06-23,2023,6,25,Friday,False,2of12_tue_fri,Tuesday+Friday,5 aus 50 und 2 aus 12,50,12,2,3,18,23,39,6,8,"2,23,18,39,3","8,6",97036144.0,120000000.0,True,1,120000000.0,120000000.0,2023-06-27,10000000.0,1663296,167509838.0
654,2023-06-27,2023,6,26,Tuesday,False,2of12_tue_fri,Tuesday+Friday,5 aus 50 und 2 aus 12,50,12,7,10,13,34,47,5,9,"7,10,47,13,34","5,9",26130624.0,10000000.0,False,0,,0.0,2023-06-30,16000000.0,484118,6042000.4
655,2023-06-30,2023,6,26,Friday,False,2of12_tue_fri,Tuesday+Friday,5 aus 50 und 2 aus 12,50,12,3,14,23,41,43,2,6,"14,3,43,41,23","6,2",39737830.0,16000000.0,False,0,,0.0,2023-07-04,24000000.0,656945,12031434.5
656,2023-07-04,2023,7,27,Tuesday,False,2of12_tue_fri,Tuesday+Friday,5 aus 50 und 2 aus 12,50,12,19,21,23,36,39,5,12,"36,23,39,21,19","12,5",26532546.0,24000000.0,False,0,,0.0,2023-07-07,32000000.0,388954,7280053.3
657,2023-07-07,2023,7,27,Friday,False,2of12_tue_fri,Tuesday+Friday,5 aus 50 und 2 aus 12,50,12,9,18,20,40,41,3,9,"41,40,20,18,9","9,3",42602616.0,32000000.0,False,0,,0.0,2023-07-11,39000000.0,706920,11658631.4
658,2023-07-11,2023,7,28,Tuesday,False,2of12_tue_fri,Tuesday+Friday,5 aus 50 und 2 aus 12,50,12,11,15,17,24,46,2,11,"15,46,17,11,24","2,11",27833262.0,39000000.0,False,0,,0.0,2023-07-14,48000000.0,424280,7636632.7
659,2023-07-14,2023,7,28,Friday,False,2of12_tue_fri,Tuesday+Friday,5 aus 50 und 2 aus 12,50,12,2,4,12,31,50,6,8,"50,2,31,12,4","8,6",45882644.0,48000000.0,False,0,,0.0,2023-07-18,56000000.0,756170,12581535.5
660,2023-07-18,2023,7,29,Tuesday,False,2of12_tue_fri,Tuesday+Friday,5 aus 50 und 2 aus 12,50,12,14,16,24,40,43,1,5,"40,16,43,24,14","1,5",31771710.0,56000000.0,False,0,,0.0,2023-07-21,67000000.0,456589,8704393.7
661,2023-07-21,2023,7,29,Friday,False,2of12_tue_fri,Tuesday+Friday,5 aus 50 und 2 aus 12,50,12,7,16,22,38,41,5,9,"16,38,22,41,7","5,9",50680722.0,67000000.0,False,0,,0.0,2023-07-25,76000000.0,865441,13900522.9
662,2023-07-25,2023,7,30,Tuesday,False,2of12_tue_fri,Tuesday+Friday,5 aus 50 und 2 aus 12,50,12,3,9,11,20,39,2,3,"9,39,11,20,3","2,3",36616540.0,76000000.0,False,0,,0.0,2023-07-28,87000000.0,671992,10024097.9
663,2023-07-28,2023,7,30,Friday,False,2of12_tue_fri,Tuesday+Friday,5 aus 50 und 2 aus 12,50,12,10,16,34,36,49,3,7,"10,16,49,34,36","3,7",58576582.0,87000000.0,False,0,,0.0,2023-08-01,98000000.0,1036782,16093458.3
664,2023-08-01,2023,8,31,Tuesday,False,2of12_tue_fri,Tuesday+Friday,5 aus 50 und 2 aus 12,50,12,2,9,38,40,44,5,11,"2,44,38,9,40","11,5",49540112.0,98000000.0,False,0,,0.0,2023-08-04,113000000.0,689956,13606422.2
665,2023-08-04,2023,8,31,Friday,False,2of12_tue_fri,Tuesday+Friday,5 aus 50 und 2 aus 12,50,12,3,17,19,32,38,6,7,"19,38,3,32,17","7,6",80283536.0,113000000.0,True,1,117242385.8,117242385.8,2023-08-08,10000000.0,1423152,139226332.6
666,2023-08-08,2023,8,32,Tuesday,False,2of12_tue_fri,Tuesday+Friday,5 aus 50 und 2 aus 12,50,12,6,12,25,31,37,6,9,"25,37,6,12,31","9,6",26323214.0,10000000.0,True,1,10000000.0,10000000.0,2023-08-11,10000000.0,465138,17200576.8
667,2023-08-11,2023,8,32,Friday,False,2of12_tue_fri,Tuesday+Friday,5 aus 50 und 2 aus 12,50,12,1,35,36,38,39,3,10,"35,38,36,1,39","3,10",38343108.0,10000000.0,False,0,,0.0,2023-08-15,13000000.0,536836,8880110.2
668,2023-08-15,2023,8,33,Tuesday,False,2of12_tue_fri,Tuesday+Friday,5 aus 50 und 2 aus 12,50,12,12,21,23,26,41,5,6,"41,23,21,12,26","5,6",23846544.0,13000000.0,True,1,14292377.9,14292377.9,2023-08-18,10000000.0,401367,22467672.8
669,2023-08-18,2023,8,33,Friday,False,2of12_tue_fri,Tuesday+Friday,5 aus 50 und 2 aus 12,50,12,2,16,22,28,46,4,8,"2,16,28,22,46","8,4",37354106.0,10000000.0,True,1,10000000.0,10000000.0,2023-08-22,10000000.0,671822,20236209.9
670,2023-08-22,2023,8,34,Tuesday,False,2of12_tue_fri,Tuesday+Friday,5 aus 50 und 2 aus 12,50,12,8,40,41,46,47,3,11,"46,8,47,41,40","11,3",22371022.0,10000000.0,False,0,,0.0,2023-08-25,16000000.0,280876,6138775.3
671,2023-08-25,2023,8,34,Friday,False,2of12_tue_fri,Tuesday+Friday,5 aus 50 und 2 aus 12,50,12,2,5,11,27,38,10,12,"11,27,5,2,38","12,10",37954412.0,16000000.0,False,0,,0.0,2023-08-29,20000000.0,524166,10410280.6
672,2023-08-29,2023,8,35,Tuesday,False,2of12_tue_fri,Tuesday+Friday,5 aus 50 und 2 aus 12,50,12,14,18,20,39,42,6,9,"39,20,42,14,18","9,6",24906382.0,20000000.0,False,0,,0.0,2023-09-01,28000000.0,399359,6836085.9
673,2023-09-01,2023,9,35,Friday,False,2of12_tue_fri,Tuesday+Friday,5 aus 50 und 2 aus 12,50,12,1,13,16,23,27,10,11,"27,1,23,13,16","10,11",41633300.0,28000000.0,False,0,,0.0,2023-09-05,33000000.0,568164,11414483.3
674,2023-09-05,2023,9,36,Tuesday,False,2of12_tue_fri,Tuesday+Friday,5 aus 50 und 2 aus 12,50,12,9,11,13,15,25,4,9,"15,13,11,9,25","4,9",27895394.0,33000000.0,False,0,,0.0,2023-09-08,41000000.0,537847,7652010.9
675,2023-09-08,2023,9,36,Friday,False,2of12_tue_fri,Tuesday+Friday,5 aus 50 und 2 aus 12,50,12,21,29,31,46,49,5,6,"31,21,49,46,29","6,5",44001334.0,41000000.0,False,0,,0.0,2023-09-12,47000000.0,658275,12070167.0
676,2023-09-12,2023,9,37,Tuesday,False,2of12_tue_fri,Tuesday+Friday,5 aus 50 und 2 aus 12,50,12,5,13,43,45,50,1,10,"50,5,45,43,13","10,1",29491242.0,47000000.0,False,0,,0.0,2023-09-15,57000000.0,416523,8080807.3
677,2023-09-15,2023,9,37,Friday,False,2of12_tue_fri,Tuesday+Friday,5 aus 50 und 2 aus 12,50,12,3,8,10,31,36,2,3,"8,36,31,10,3","3,2",47096840.0,57000000.0,False,0,,0.0,2023-09-19,65000000.0,825626,12909397.0
678,2023-09-19,2023,9,38,Tuesday,False,2of12_tue_fri,Tuesday+Friday,5 aus 50 und 2 aus 12,50,12,8,18,26,38,39,4,12,"39,38,8,26,18","4,12",32954278.0,65000000.0,True,1,65950426.8,65950426.8,2023-09-22,10000000.0,481616,74973467.2
679,2023-09-22,2023,9,38,Friday,False,2of12_tue_fri,Tuesday+Friday,5 aus 50 und 2 aus 12,50,12,14,24,31,44,45,7,11,"44,45,31,14,24","7,11",36837752.0,10000000.0,False,0,,0.0,2023-09-26,13000000.0,497725,10100648.0
680,2023-09-26,2023,9,39,Tuesday,False,2of12_tue_fri,Tuesday+Friday,5 aus 50 und 2 aus 12,50,12,23,24,38,42,44,1,10,"23,38,24,44,42","10,1",22768152.0,13000000.0,False,0,,0.0,2023-09-29,22000000.0,317071,5278938.6
681,2023-09-29,2023,9,39,Friday,False,2of12_tue_fri,Tuesday+Friday,5 aus 50 und 2 aus 12,50,12,14,24,29,45,48,3,9,"24,14,48,45,29","9,3",39163328.0,22000000.0,False,0,,0.0,2023-10-03,27000000.0,653406,11730817.7
682,2023-10-03,2023,10,40,Tuesday,False,2of12_tue_fri,Tuesday+Friday,5 aus 50 und 2 aus 12,50,12,13,28,29,31,47,8,9,"28,29,31,47,13","9,8",24832022.0,27000000.0,False,0,,0.0,2023-10-06,36000000.0,406429,6798573.5
683,2023-10-06,2023,10,40,Friday,False,2of12_tue_fri,Tuesday+Friday,5 aus 50 und 2 aus 12,50,12,17,18,40,43,50,9,11,"18,40,17,43,50","9,11",41639052.0,36000000.0,False,0,,0.0,2023-10-10,43000000.0,511270,11427588.0
684,2023-10-10,2023,10,41,Tuesday,False,2of12_tue_fri,Tuesday+Friday,5 aus 50 und 2 aus 12,50,12,7,8,12,21,43,4,11,"12,7,43,21,8","4,11",28167286.0,43000000.0,False,0,,0.0,2023-10-13,52000000.0,446601,7730022.4
685,2023-10-13,2023,10,41,Friday,False,2of12_tue_fri,Tuesday+Friday,5 aus 50 und 2 aus 12,50,12,16,23,30,37,41,2,9,"16,23,41,30,37","2,9",50409342.0,52000000.0,True,1,54233217.9,54233217.9,2023-10-17,10000000.0,811935,68051521.6
686,2023-10-17,2023,10,42,Tuesday,False,2of12_tue_fri,Tuesday+Friday,5 aus 50 und 2 aus 12,50,12,6,8,42,49,50,3,5,"6,42,8,49,50","5,3",22638932.0,10000000.0,False,0,,0.0,2023-10-20,16000000.0,355509,6210539.8
687,2023-10-20,2023,10,42,Friday,False,2of12_tue_fri,Tuesday+Friday,5 aus 50 und 2 aus 12,50,12,11,16,22,34,46,2,5,"34,16,11,46,22","5,2",37258916.0,16000000.0,False,0,,0.0,2023-10-24,20000000.0,645529,10229097.9
688,2023-10-24,2023,10,43,Tuesday,False,2of12_tue_fri,Tuesday+Friday,5 aus 50 und 2 aus 12,50,12,5,14,35,40,47,1,3,"14,40,35,5,47","3,1",23845332.0,20000000.0,False,0,,0.0,2023-10-27,28000000.0,347297,6530772.4
689,2023-10-27,2023,10,43,Friday,False,2of12_tue_fri,Tuesday+Friday,5 aus 50 und 2 aus 12,50,12,6,13,15,20,40,2,8,"20,15,13,40,6","2,8",40381956.0,28000000.0,False,0,,0.0,2023-10-31,34000000.0,683034,11063423.9
690,2023-10-31,2023,10,44,Tuesday,False,2of12_tue_fri,Tuesday+Friday,5 aus 50 und 2 aus 12,50,12,6,15,21,34,48,1,5,"34,48,21,6,15","1,5",27374330.0,34000000.0,True,1,35268799.2,35268799.2,2023-11-03,10000000.0,409033,42776827.9
691,2023-11-03,2023,11,44,Friday,False,2of12_tue_fri,Tuesday+Friday,5 aus 50 und 2 aus 12,50,12,6,21,23,31,39,1,5,"6,21,39,23,31","1,5",35849410.0,10000000.0,False,0,,0.0,2023-11-07,15000000.0,562200,9831937.5
692,2023-11-07,2023,11,45,Tuesday,False,2of12_tue_fri,Tuesday+Friday,5 aus 50 und 2 aus 12,50,12,26,36,43,47,49,4,7,"26,43,49,47,36","4,7",23200502.0,15000000.0,False,0,,0.0,2023-11-10,21000000.0,374466,6355450.4
693,2023-11-10,2023,11,45,Friday,False,2of12_tue_fri,Tuesday+Friday,5 aus 50 und 2 aus 12,50,12,1,17,22,29,31,5,6,"29,17,1,22,31","5,6",38904766.0,21000000.0,False,0,,0.0,2023-11-14,29000000.0,645738,10683947.2
694,2023-11-14,2023,11,46,Tuesday,False,2of12_tue_fri,Tuesday+Friday,5 aus 50 und 2 aus 12,50,12,9,30,34,38,48,2,3,"30,9,48,38,34","2,3",25451212.0,29000000.0,False,0,,0.0,2023-11-17,36000000.0,390551,6976263.8
695,2023-11-17,2023,11,46,Friday,False,2of12_tue_fri,Tuesday+Friday,5 aus 50 und 2 aus 12,50,12,4,14,15,20,28,7,9,"14,28,4,20,15","9,7",41209856.0,36000000.0,True,1,36524877.0,36524877.0,2023-11-21,10000000.0,717775,47797029.2
696,2023-11-21,2023,11,47,Tuesday,False,2of12_tue_fri,Tuesday+Friday,5 aus 50 und 2 aus 12,50,12,9,20,21,22,38,3,12,"22,38,21,9,20","3,12",21558492.0,10000000.0,False,0,,0.0,2023-11-24,16000000.0,320455,5909117.7
697,2023-11-24,2023,11,47,Friday,False,2of12_tue_fri,Tuesday+Friday,5 aus 50 und 2 aus 12,50,12,16,27,33,34,39,2,7,"16,39,34,27,33","7,2",35925400.0,16000000.0,False,0,,0.0,2023-11-28,20000000.0,642543,9843578.1
698,2023-11-28,2023,11,48,Tuesday,False,2of12_tue_fri,Tuesday+Friday,5 aus 50 und 2 aus 12,50,12,11,12,13,23,36,3,8,"36,13,23,11,12","8,3",23270440.0,20000000.0,False,0,,0.0,2023-12-01,27000000.0,481718,6373999.1
699,2023-12-01,2023,12,48,Friday,False,2of12_tue_fri,Tuesday+Friday,5 aus 50 und 2 aus 12,50,12,23,32,38,45,49,1,9,"23,32,38,45,49","1,9",39633980.0,27000000.0,False,0,,0.0,2023-12-05,33000000.0,584958,10853960.8
700,2023-12-05,2023,12,49,Tuesday,False,2of12_tue_fri,Tuesday+Friday,5 aus 50 und 2 aus 12,50,12,6,11,16,26,49,2,9,"49,26,16,11,6","2,9",26076096.0,33000000.0,False,0,,0.0,2023-12-08,42000000.0,443797,7158354.7
701,2023-12-08,2023,12,49,Friday,False,2of12_tue_fri,Tuesday+Friday,5 aus 50 und 2 aus 12,50,12,2,8,28,32,37,3,6,"37,2,8,32,28","3,6",42707078.0,42000000.0,False,0,,0.0,2023-12-12,49000000.0,746715,11690505.0
702,2023-12-12,2023,12,50,Tuesday,False,2of12_tue_fri,Tuesday+Friday,5 aus 50 und 2 aus 12,50,12,2,8,20,34,40,9,12,"20,40,8,34,2","9,12",29375512.0,49000000.0,False,0,,0.0,2023-12-15,59000000.0,396993,8058040.9
703,2023-12-15,2023,12,50,Friday,False,2of12_tue_fri,Tuesday+Friday,5 aus 50 und 2 aus 12,50,12,7,15,17,18,39,1,10,"17,7,15,18,39","10,1",47084824.0,59000000.0,False,0,,0.0,2023-12-19,67000000.0,732498,12916874.9
704,2023-12-19,2023,12,51,Tuesday,False,2of12_tue_fri,Tuesday+Friday,5 aus 50 und 2 aus 12,50,12,4,6,17,31,45,6,12,"17,45,31,6,4","6,12",34112122.0,67000000.0,False,0,,0.0,2023-12-22,78000000.0,482173,7901885.4
705,2023-12-22,2023,12,51,Friday,False,2of12_tue_fri,Tuesday+Friday,5 aus 50 und 2 aus 12,50,12,4,6,12,31,38,2,12,"6,4,12,38,31","2,12",57803910.0,78000000.0,False,0,,0.0,2023-12-26,88000000.0,840016,17318025.4
706,2023-12-26,2023,12,52,Tuesday,False,2of12_tue_fri,Tuesday+Friday,5 aus 50 und 2 aus 12,50,12,4,13,16,22,27,1,10,"27,16,13,22,4","10,1",34682770.0,88000000.0,False,0,,0.0,2023-12-29,101000000.0,545463,8028818.9
707,2023-12-29,2023,12,52,Friday,False,2of12_tue_fri,Tuesday+Friday,5 aus 50 und 2 aus 12,50,12,2,21,34,40,48,2,6,"21,48,40,2,34","6,2",74719944.0,101000000.0,False,0,,0.0,2024-01-02,113000000.0,1116126,21976891.6
708,2024-01-02,2024,1,1,Tuesday,False,2of12_tue_fri,Tuesday+Friday,5 aus 50 und 2 aus 12,50,12,19,26,36,48,49,10,11,"48,19,26,49,36","11,10",58153002.0,113000000.0,False,0,,0.0,2024-01-05,120000000.0,795723,15922232.5
709,2024-01-05,2024,1,1,Friday,False,2of12_tue_fri,Tuesday+Friday,5 aus 50 und 2 aus 12,50,12,11,30,32,45,47,3,10,"32,45,11,30,47","10,3",94083704.0,120000000.0,False,0,,0.0,2024-01-09,120000000.0,1405299,43231531.1
710,2024-01-09,2024,1,2,Tuesday,False,2of12_tue_fri,Tuesday+Friday,5 aus 50 und 2 aus 12,50,12,9,12,26,41,47,7,10,"47,41,9,26,12","10,7",72843342.0,120000000.0,False,0,,0.0,2024-01-12,120000000.0,1127995,37425458.1
711,2024-01-12,2024,1,2,Friday,False,2of12_tue_fri,Tuesday+Friday,5 aus 50 und 2 aus 12,50,12,3,31,34,43,45,6,9,"31,3,43,34,45","9,6",97622288.0,120000000.0,False,0,,0.0,2024-01-16,120000000.0,1518602,47665721.9
712,2024-01-16,2024,1,3,Tuesday,False,2of12_tue_fri,Tuesday+Friday,5 aus 50 und 2 aus 12,50,12,6,19,32,39,42,4,9,"19,32,6,42,39","9,4",76765706.0,120000000.0,True,1,120000000.0,120000000.0,2024-01-19,10000000.0,1302056,159334671.3
713,2024-01-19,2024,1,3,Friday,False,2of12_tue_fri,Tuesday+Friday,5 aus 50 und 2 aus 12,50,12,10,12,18,33,47,7,10,"33,10,12,18,47","7,10",43413472.0,10000000.0,False,0,,0.0,2024-01-23,17000000.0,734527,11885170.1
714,2024-01-23,2024,1,4,Tuesday,False,2of12_tue_fri,Tuesday+Friday,5 aus 50 und 2 aus 12,50,12,9,18,20,32,39,5,8,"32,18,9,20,39","8,5",27271148.0,17000000.0,False,0,,0.0,2024-01-26,26000000.0,493458,7490335.8
715,2024-01-26,2024,1,4,Friday,False,2of12_tue_fri,Tuesday+Friday,5 aus 50 und 2 aus 12,50,12,18,23,35,37,41,6,7,"35,37,23,18,41","6,7",42291158.0,26000000.0,False,0,,0.0,2024-01-30,33000000.0,698328,11600078.5
716,2024-01-30,2024,1,5,Tuesday,False,2of12_tue_fri,Tuesday+Friday,5 aus 50 und 2 aus 12,50,12,10,12,15,46,48,9,11,"46,15,12,48,10","11,9",29480728.0,33000000.0,False,0,,0.0,2024-02-02,43000000.0,404597,8073266.3
717,2024-02-02,2024,2,5,Friday,False,2of12_tue_fri,Tuesday+Friday,5 aus 50 und 2 aus 12,50,12,13,17,21,30,39,8,11,"17,30,21,13,39","11,8",47544400.0,43000000.0,False,0,,0.0,2024-02-06,51000000.0,700530,13040079.0
718,2024-02-06,2024,2,6,Tuesday,False,2of12_tue_fri,Tuesday+Friday,5 aus 50 und 2 aus 12,50,12,16,19,20,26,44,1,4,"20,26,44,19,16","1,4",33749854.0,51000000.0,False,0,,0.0,2024-02-09,62000000.0,522297,9271902.7
719,2024-02-09,2024,2,6,Friday,False,2of12_tue_fri,Tuesday+Friday,5 aus 50 und 2 aus 12,50,12,4,10,11,20,22,7,10,"4,20,11,10,22","10,7",51281954.0,62000000.0,True,1,63259938.7,63259938.7,2024-02-13,10000000.0,893924,77324328.2
720,2024-02-13,2024,2,7,Tuesday,False,2of12_tue_fri,Tuesday+Friday,5 aus 50 und 2 aus 12,50,12,7,20,22,45,48,10,12,"20,45,48,7,22","10,12",25140766.0,10000000.0,False,0,,0.0,2024-02-16,16000000.0,330175,6897254.8
721,2024-02-16,2024,2,7,Friday,False,2of12_tue_fri,Tuesday+Friday,5 aus 50 und 2 aus 12,50,12,7,11,17,18,34,3,5,"17,18,11,7,34","5,3",39985072.0,16000000.0,False,0,,0.0,2024-02-20,21000000.0,834157,10955724.1
722,2024-02-20,2024,2,8,Tuesday,False,2of12_tue_fri,Tuesday+Friday,5 aus 50 und 2 aus 12,50,12,1,3,11,15,30,4,10,"15,1,30,3,11","4,10",27261184.0,21000000.0,False,0,,0.0,2024-02-23,30000000.0,436847,7468290.2
723,2024-02-23,2024,2,8,Friday,False,2of12_tue_fri,Tuesday+Friday,5 aus 50 und 2 aus 12,50,12,10,19,22,37,41,2,6,"22,19,41,10,37","2,6",43185796.0,30000000.0,True,2,15495760.4,30991520.8,2024-02-27,10000000.0,720176,42826364.5
724,2024-02-27,2024,2,9,Tuesday,False,2of12_tue_fri,Tuesday+Friday,5 aus 50 und 2 aus 12,50,12,15,17,30,38,49,1,11,"38,17,30,49,15","11,1",24007036.0,10000000.0,False,0,,0.0,2024-03-01,17000000.0,311148,6581499.5
725,2024-03-01,2024,3,9,Friday,False,2of12_tue_fri,Tuesday+Friday,5 aus 50 und 2 aus 12,50,12,13,26,30,34,41,3,7,"41,26,30,34,13","7,3",40444064.0,17000000.0,False,0,,0.0,2024-03-05,21000000.0,752175,11057864.0
726,2024-03-05,2024,3,10,Tuesday,False,2of12_tue_fri,Tuesday+Friday,5 aus 50 und 2 aus 12,50,12,2,20,30,31,40,8,12,"30,40,2,31,20","12,8",27133078.0,21000000.0,False,0,,0.0,2024-03-08,30000000.0,357537,7452545.9
727,2024-03-08,2024,3,10,Friday,False,2of12_tue_fri,Tuesday+Friday,5 aus 50 und 2 aus 12,50,12,2,11,17,23,49,4,12,"2,49,11,23,17","12,4",43584222.0,30000000.0,True,1,30529950.7,30529950.7,2024-03-12,10000000.0,646054,42468906.9
728,2024-03-12,2024,3,11,Tuesday,False,2of12_tue_fri,Tuesday+Friday,5 aus 50 und 2 aus 12,50,12,2,8,11,16,20,4,10,"8,2,11,16,20","10,4",24460302.0,10000000.0,False,0,,0.0,2024-03-15,17000000.0,431933,6713204.8
729,2024-03-15,2024,3,11,Friday,False,2of12_tue_fri,Tuesday+Friday,5 aus 50 und 2 aus 12,50,12,16,20,25,30,49,3,10,"16,49,30,25,20","3,10",39782954.0,17000000.0,False,0,,0.0,2024-03-19,21000000.0,628998,10927636.1
730,2024-03-19,2024,3,12,Tuesday,False,2of12_tue_fri,Tuesday+Friday,5 aus 50 und 2 aus 12,50,12,1,20,28,32,49,3,10,"1,32,49,20,28","3,10",26867186.0,21000000.0,False,0,,0.0,2024-03-22,29000000.0,408997,6218262.0
731,2024-03-22,2024,3,12,Friday,False,2of12_tue_fri,Tuesday+Friday,5 aus 50 und 2 aus 12,50,12,5,17,36,37,50,3,7,"37,50,17,5,36","7,3",41992946.0,29000000.0,False,0,,0.0,2024-03-26,37000000.0,773019,12672099.8
732,2024-03-26,2024,3,13,Tuesday,False,2of12_tue_fri,Tuesday+Friday,5 aus 50 und 2 aus 12,50,12,12,15,17,30,32,1,6,"17,15,30,12,32","1,6",29899170.0,37000000.0,False,0,,0.0,2024-03-29,46000000.0,463274,8195757.5
733,2024-03-29,2024,3,13,Friday,False,2of12_tue_fri,Tuesday+Friday,5 aus 50 und 2 aus 12,50,12,7,11,30,31,39,5,10,"7,39,11,31,30","5,10",45867754.0,46000000.0,False,0,,0.0,2024-04-02,54000000.0,756308,12577641.7
734,2024-04-02,2024,4,14,Tuesday,False,2of12_tue_fri,Tuesday+Friday,5 aus 50 und 2 aus 12,50,12,14,17,29,32,45,1,2,"45,14,32,29,17","2,1",31301330.0,54000000.0,False,0,,0.0,2024-04-05,64000000.0,475602,8571575.4
735,2024-04-05,2024,4,14,Friday,False,2of12_tue_fri,Tuesday+Friday,5 aus 50 und 2 aus 12,50,12,5,8,16,30,37,1,10,"16,30,5,37,8","10,1",51892106.0,64000000.0,False,0,,0.0,2024-04-09,73000000.0,784236,14241433.1
736,2024-04-09,2024,4,15,Tuesday,False,2of12_tue_fri,Tuesday+Friday,5 aus 50 und 2 aus 12,50,12,1,7,21,27,43,1,3,"27,7,43,21,1","1,3",40439460.0,73000000.0,False,0,,0.0,2024-04-12,86000000.0,678514,11097914.3
737,2024-04-12,2024,4,15,Friday,False,2of12_tue_fri,Tuesday+Friday,5 aus 50 und 2 aus 12,50,12,1,34,39,47,49,1,12,"1,39,49,34,47","1,12",63373716.0,86000000.0,False,0,,0.0,2024-04-16,98000000.0,778745,14673040.6
738,2024-04-16,2024,4,16,Tuesday,False,2of12_tue_fri,Tuesday+Friday,5 aus 50 und 2 aus 12,50,12,35,36,37,41,48,1,12,"48,36,37,35,41","12,1",55830692.0,98000000.0,False,0,,0.0,2024-04-19,115000000.0,687128,18055465.3
739,2024-04-19,2024,4,16,Friday,False,2of12_tue_fri,Tuesday+Friday,5 aus 50 und 2 aus 12,50,12,8,14,21,34,36,1,2,"21,14,8,36,34","2,1",86119940.0,115000000.0,False,0,,0.0,2024-04-23,120000000.0,1321959,23592514.5
740,2024-04-23,2024,4,17,Tuesday,False,2of12_tue_fri,Tuesday+Friday,5 aus 50 und 2 aus 12,50,12,2,3,6,15,35,1,3,"35,6,2,3,15","1,3",77461662.0,120000000.0,True,2,60000000.0,120000000.0,2024-04-26,10000000.0,1256679,158543873.7
741,2024-04-26,2024,4,17,Friday,False,2of12_tue_fri,Tuesday+Friday,5 aus 50 und 2 aus 12,50,12,3,18,23,29,47,5,12,"47,29,18,3,23","5,12",43239614.0,10000000.0,False,0,,0.0,2024-04-30,17000000.0,629469,11849371.3
742,2024-04-30,2024,4,18,Tuesday,False,2of12_tue_fri,Tuesday+Friday,5 aus 50 und 2 aus 12,50,12,4,20,33,37,45,8,9,"20,33,45,37,4","9,8",29769066.0,17000000.0,False,0,,0.0,2024-05-03,27000000.0,466618,8152755.1
743,2024-05-03,2024,5,18,Friday,False,2of12_tue_fri,Tuesday+Friday,5 aus 50 und 2 aus 12,50,12,9,17,36,40,45,5,7,"9,45,40,36,17","5,7",41737776.0,27000000.0,False,0,,0.0,2024-05-07,34000000.0,700821,11432590.6
744,2024-05-07,2024,5,19,Tuesday,False,2of12_tue_fri,Tuesday+Friday,5 aus 50 und 2 aus 12,50,12,3,11,32,33,35,3,11,"11,35,32,33,3","3,11",31194216.0,34000000.0,False,0,,0.0,2024-05-10,44000000.0,504017,8552893.4
745,2024-05-10,2024,5,19,Friday,False,2of12_tue_fri,Tuesday+Friday,5 aus 50 und 2 aus 12,50,12,28,31,39,45,49,8,11,"45,28,39,31,49","11,8",45846066.0,44000000.0,False,0,,0.0,2024-05-14,52000000.0,593139,12576583.5
746,2024-05-14,2024,5,20,Tuesday,False,2of12_tue_fri,Tuesday+Friday,5 aus 50 und 2 aus 12,50,12,19,22,23,24,27,1,6,"19,27,22,24,23","1,6",35494868.0,52000000.0,False,0,,0.0,2024-05-17,63000000.0,586551,9732778.3
747,2024-05-17,2024,5,20,Friday,False,2of12_tue_fri,Tuesday+Friday,5 aus 50 und 2 aus 12,50,12,1,2,29,36,48,1,11,"29,48,2,36,1","11,1",52751016.0,63000000.0,False,0,,0.0,2024-05-21,73000000.0,666771,14476053.6
748,2024-05-21,2024,5,21,Tuesday,False,2of12_tue_fri,Tuesday+Friday,5 aus 50 und 2 aus 12,50,12,7,23,31,33,38,10,11,"31,33,38,23,7","10,11",39686080.0,73000000.0,False,0,,0.0,2024-05-24,85000000.0,569522,9157443.8
749,2024-05-24,2024,5,21,Friday,False,2of12_tue_fri,Tuesday+Friday,5 aus 50 und 2 aus 12,50,12,2,3,4,21,45,6,12,"4,45,21,3,2","12,6",60513670.0,85000000.0,False,0,,0.0,2024-05-28,96000000.0,837911,18279091.2
750,2024-05-28,2024,5,22,Tuesday,False,2of12_tue_fri,Tuesday+Friday,5 aus 50 und 2 aus 12,50,12,13,26,27,35,46,3,4,"27,13,46,35,26","3,4",52651142.0,96000000.0,False,0,,0.0,2024-05-31,112000000.0,912197,14434994.9
751,2024-05-31,2024,5,22,Friday,False,2of12_tue_fri,Tuesday+Friday,5 aus 50 und 2 aus 12,50,12,4,23,34,39,45,6,7,"45,23,34,39,4","7,6",79791780.0,112000000.0,False,0,,0.0,2024-06-04,120000000.0,1287744,21847567.1
752,2024-06-04,2024,6,23,Tuesday,False,2of12_tue_fri,Tuesday+Friday,5 aus 50 und 2 aus 12,50,12,1,3,24,43,49,2,4,"24,1,3,43,49","4,2",73342924.0,120000000.0,True,1,120000000.0,120000000.0,2024-06-07,10000000.0,1134431,152696984.7
753,2024-06-07,2024,6,23,Friday,False,2of12_tue_fri,Tuesday+Friday,5 aus 50 und 2 aus 12,50,12,8,15,29,37,45,5,10,"37,45,29,8,15","10,5",42973866.0,10000000.0,False,0,,0.0,2024-06-11,18000000.0,690708,11798041.0
754,2024-06-11,2024,6,24,Tuesday,False,2of12_tue_fri,Tuesday+Friday,5 aus 50 und 2 aus 12,50,12,4,12,16,29,31,1,9,"16,31,29,12,4","1,9",29025846.0,18000000.0,False,0,,0.0,2024-06-14,27000000.0,469923,6705927.3
755,2024-06-14,2024,6,24,Friday,False,2of12_tue_fri,Tuesday+Friday,5 aus 50 und 2 aus 12,50,12,10,21,27,42,46,2,6,"10,46,42,21,27","2,6",43549038.0,27000000.0,False,0,,0.0,2024-06-18,34000000.0,688519,13201442.9
756,2024-06-18,2024,6,25,Tuesday,False,2of12_tue_fri,Tuesday+Friday,5 aus 50 und 2 aus 12,50,12,4,10,23,24,45,7,8,"24,4,10,45,23","8,7",31481444.0,34000000.0,False,0,,0.0,2024-06-21,44000000.0,547834,8607862.5
757,2024-06-21,2024,6,25,Friday,False,2of12_tue_fri,Tuesday+Friday,5 aus 50 und 2 aus 12,50,12,2,22,24,30,40,5,6,"2,22,24,40,30","6,5",46045718.0,44000000.0,False,0,,0.0,2024-06-25,52000000.0,719207,12600665.6
758,2024-06-25,2024,6,26,Tuesday,False,2of12_tue_fri,Tuesday+Friday,5 aus 50 und 2 aus 12,50,12,8,14,25,31,45,3,12,"45,8,31,14,25","3,12",34110942.0,52000000.0,False,0,,0.0,2024-06-28,63000000.0,504064,9368262.5
759,2024-06-28,2024,6,26,Friday,False,2of12_tue_fri,Tuesday+Friday,5 aus 50 und 2 aus 12,50,12,1,8,30,43,45,10,12,"1,8,45,43,30","12,10",51337300.0,63000000.0,False,0,,0.0,2024-07-02,72000000.0,635269,14069801.2
760,2024-07-02,2024,7,27,Tuesday,False,2of12_tue_fri,Tuesday+Friday,5 aus 50 und 2 aus 12,50,12,10,29,30,32,40,6,12,"30,40,10,32,29","12,6",41284098.0,72000000.0,False,0,,0.0,2024-07-05,84000000.0,552074,11333131.1
761,2024-07-05,2024,7,27,Friday,False,2of12_tue_fri,Tuesday+Friday,5 aus 50 und 2 aus 12,50,12,4,11,16,25,32,1,11,"25,32,4,11,16","11,1",59669426.0,84000000.0,False,0,,0.0,2024-07-09,96000000.0,850442,16340146.8
762,2024-07-09,2024,7,28,Tuesday,False,2of12_tue_fri,Tuesday+Friday,5 aus 50 und 2 aus 12,50,12,5,14,25,26,44,8,10,"25,44,5,26,14","8,10",50432612.0,96000000.0,True,1,98183614.8,98183614.8,2024-07-12,10000000.0,801459,112036431.6
763,2024-07-12,2024,7,28,Friday,False,2of12_tue_fri,Tuesday+Friday,5 aus 50 und 2 aus 12,50,12,2,14,30,32,34,3,4,"30,2,32,34,14","3,4",40689308.0,10000000.0,False,0,,0.0,2024-07-16,16000000.0,661547,11143026.1
764,2024-07-16,2024,7,29,Tuesday,False,2of12_tue_fri,Tuesday+Friday,5 aus 50 und 2 aus 12,50,12,8,22,27,36,43,5,8,"43,8,36,27,22","5,8",28489540.0,16000000.0,False,0,,0.0,2024-07-19,25000000.0,506888,6605578.4
765,2024-07-19,2024,7,29,Friday,False,2of12_tue_fri,Tuesday+Friday,5 aus 50 und 2 aus 12,50,12,13,18,22,26,32,10,11,"26,13,32,18,22","10,11",41881200.0,25000000.0,False,0,,0.0,2024-07-23,32000000.0,575597,12722142.9
766,2024-07-23,2024,7,30,Tuesday,False,2of12_tue_fri,Tuesday+Friday,5 aus 50 und 2 aus 12,50,12,9,13,21,24,38,6,12,"24,21,9,38,13","6,12",31446758.0,32000000.0,False,0,,0.0,2024-07-26,41000000.0,486307,8613606.8
767,2024-07-26,2024,7,30,Friday,False,2of12_tue_fri,Tuesday+Friday,5 aus 50 und 2 aus 12,50,12,7,11,22,26,46,5,11,"46,7,26,22,11","11,5",45740058.0,41000000.0,True,2,21343939.1,42687878.2,2024-07-30,10000000.0,717014,55228673.8
768,2024-07-30,2024,7,31,Tuesday,False,2of12_tue_fri,Tuesday+Friday,5 aus 50 und 2 aus 12,50,12,2,16,30,31,49,2,5,"49,2,16,31,30","5,2",26297122.0,10000000.0,False,0,,0.0,2024-08-02,17000000.0,413483,7214178.8
769,2024-08-02,2024,8,31,Friday,False,2of12_tue_fri,Tuesday+Friday,5 aus 50 und 2 aus 12,50,12,14,20,26,30,31,1,2,"20,26,30,31,14","2,1",40659014.0,17000000.0,False,0,,0.0,2024-08-06,22000000.0,603004,11174490.9
770,2024-08-06,2024,8,32,Tuesday,False,2of12_tue_fri,Tuesday+Friday,5 aus 50 und 2 aus 12,50,12,4,9,22,32,35,9,10,"9,22,35,32,4","9,10",29237936.0,22000000.0,False,0,,0.0,2024-08-09,31000000.0,458806,8020598.1
771,2024-08-09,2024,8,32,Friday,False,2of12_tue_fri,Tuesday+Friday,5 aus 50 und 2 aus 12,50,12,15,18,25,29,35,1,5,"15,35,29,25,18","5,1",43811942.0,31000000.0,False,0,,0.0,2024-08-13,39000000.0,693874,12034932.0
772,2024-08-13,2024,8,33,Tuesday,False,2of12_tue_fri,Tuesday+Friday,5 aus 50 und 2 aus 12,50,12,6,9,33,34,50,1,7,"50,33,6,34,9","7,1",32229490.0,39000000.0,False,0,,0.0,2024-08-16,48000000.0,508262,8843187.2
773,2024-08-16,2024,8,33,Friday,False,2of12_tue_fri,Tuesday+Friday,5 aus 50 und 2 aus 12,50,12,4,11,16,46,50,1,3,"50,16,46,11,4","1,3",46581494.0,48000000.0,False,0,,0.0,2024-08-20,57000000.0,714849,12757252.5
774,2024-08-20,2024,8,34,Tuesday,False,2of12_tue_fri,Tuesday+Friday,5 aus 50 und 2 aus 12,50,12,25,28,29,31,33,6,12,"31,28,29,33,25","6,12",35334832.0,57000000.0,False,0,,0.0,2024-08-23,67000000.0,489682,9691198.7
775,2024-08-23,2024,8,34,Friday,False,2of12_tue_fri,Tuesday+Friday,5 aus 50 und 2 aus 12,50,12,13,21,22,26,48,2,7,"26,13,21,48,22","2,7",52086270.0,67000000.0,False,0,,0.0,2024-08-27,77000000.0,921550,14257880.0
776,2024-08-27,2024,8,35,Tuesday,False,2of12_tue_fri,Tuesday+Friday,5 aus 50 und 2 aus 12,50,12,15,24,29,33,39,2,9,"15,24,39,33,29","9,2",41358706.0,77000000.0,False,0,,0.0,2024-08-30,90000000.0,677669,11329240.2
777,2024-08-30,2024,8,35,Friday,False,2of12_tue_fri,Tuesday+Friday,5 aus 50 und 2 aus 12,50,12,8,11,25,31,48,11,12,"8,48,11,25,31","12,11",66331440.0,90000000.0,True,1,92511126.9,92511126.9,2024-09-03,10000000.0,872499,110701109.7
778,2024-09-03,2024,9,36,Tuesday,False,2of12_tue_fri,Tuesday+Friday,5 aus 50 und 2 aus 12,50,12,5,17,23,36,37,5,9,"17,5,36,37,23","9,5",28506806.0,10000000.0,True,1,10000000.0,10000000.0,2024-09-06,10000000.0,530389,17799209.3
779,2024-09-06,2024,9,36,Friday,False,2of12_tue_fri,Tuesday+Friday,5 aus 50 und 2 aus 12,50,12,7,11,27,42,45,3,10,"27,7,42,11,45","10,3",39080274.0,10000000.0,False,0,,0.0,2024-09-10,15000000.0,693405,10703447.8
780,2024-09-10,2024,9,37,Tuesday,False,2of12_tue_fri,Tuesday+Friday,5 aus 50 und 2 aus 12,50,12,7,10,31,41,46,1,5,"31,10,7,46,41","1,5",28521782.0,15000000.0,False,0,,0.0,2024-09-13,22000000.0,415422,7818279.3
781,2024-09-13,2024,9,37,Friday,False,2of12_tue_fri,Tuesday+Friday,5 aus 50 und 2 aus 12,50,12,2,3,17,40,44,4,8,"44,40,3,2,17","8,4",45546560.0,22000000.0,False,0,,0.0,2024-09-17,30000000.0,795591,10523575.4
782,2024-09-17,2024,9,38,Tuesday,False,2of12_tue_fri,Tuesday+Friday,5 aus 50 und 2 aus 12,50,12,1,3,13,24,44,11,12,"44,13,1,3,24","11,12",31244250.0,30000000.0,False,0,,0.0,2024-09-20,40000000.0,430797,7219127.3
783,2024-09-20,2024,9,38,Friday,False,2of12_tue_fri,Tuesday+Friday,5 aus 50 und 2 aus 12,50,12,9,17,19,26,39,4,10,"17,19,39,9,26","4,10",45998580.0,40000000.0,False,0,,0.0,2024-09-24,48000000.0,791653,15895274.4
784,2024-09-24,2024,9,39,Tuesday,False,2of12_tue_fri,Tuesday+Friday,5 aus 50 und 2 aus 12,50,12,3,13,34,41,43,1,5,"43,3,34,41,13","5,1",33661708.0,48000000.0,False,0,,0.0,2024-09-27,58000000.0,509859,9226565.4
785,2024-09-27,2024,9,39,Friday,False,2of12_tue_fri,Tuesday+Friday,5 aus 50 und 2 aus 12,50,12,6,15,25,29,41,1,3,"41,29,15,6,25","1,3",50748734.0,58000000.0,False,0,,0.0,2024-10-01,67000000.0,783127,13932293.9
786,2024-10-01,2024,10,40,Tuesday,False,2of12_tue_fri,Tuesday+Friday,5 aus 50 und 2 aus 12,50,12,17,37,42,45,50,6,7,"17,42,45,50,37","6,7",39706888.0,67000000.0,False,0,,0.0,2024-10-04,79000000.0,607216,10901951.2
787,2024-10-04,2024,10,40,Friday,False,2of12_tue_fri,Tuesday+Friday,5 aus 50 und 2 aus 12,50,12,4,16,27,34,44,4,7,"16,27,4,34,44","7,4",58104076.0,79000000.0,True,1,80982878.6,80982878.6,2024-10-08,10000000.0,1077491,96909706.1
788,2024-10-08,2024,10,41,Tuesday,False,2of12_tue_fri,Tuesday+Friday,5 aus 50 und 2 aus 12,50,12,13,29,42,44,48,2,8,"13,29,42,44,48","8,2",27049704.0,10000000.0,False,0,,0.0,2024-10-11,17000000.0,429081,7403759.8
789,2024-10-11,2024,10,41,Friday,False,2of12_tue_fri,Tuesday+Friday,5 aus 50 und 2 aus 12,50,12,8,11,23,44,45,10,12,"44,11,8,23,45","10,12",40617690.0,17000000.0,False,0,,0.0,2024-10-15,23000000.0,564979,11152061.4
790,2024-10-15,2024,10,42,Tuesday,False,2of12_tue_fri,Tuesday+Friday,5 aus 50 und 2 aus 12,50,12,9,20,38,44,45,4,12,"45,38,44,20,9","12,4",29568204.0,23000000.0,False,0,,0.0,2024-10-18,32000000.0,400306,6849912.4
791,2024-10-18,2024,10,42,Friday,False,2of12_tue_fri,Tuesday+Friday,5 aus 50 und 2 aus 12,50,12,2,4,23,30,40,4,10,"2,40,4,30,23","4,10",44553208.0,32000000.0,False,0,,0.0,2024-10-22,40000000.0,692062,13493557.2
792,2024-10-22,2024,10,43,Tuesday,False,2of12_tue_fri,Tuesday+Friday,5 aus 50 und 2 aus 12,50,12,4,32,36,38,47,3,9,"47,36,4,38,32","9,3",32523074.0,40000000.0,False,0,,0.0,2024-10-25,50000000.0,529009,8903464.5
793,2024-10-25,2024,10,43,Friday,False,2of12_tue_fri,Tuesday+Friday,5 aus 50 und 2 aus 12,50,12,2,19,36,42,50,4,9,"42,2,36,50,19","9,4",48496222.0,50000000.0,False,0,,0.0,2024-10-29,59000000.0,753305,13304083.1
794,2024-10-29,2024,10,44,Tuesday,False,2of12_tue_fri,Tuesday+Friday,5 aus 50 und 2 aus 12,50,12,3,17,26,30,49,1,10,"49,26,30,17,3","1,10",35821604.0,59000000.0,False,0,,0.0,2024-11-01,69000000.0,545488,9806861.3
795,2024-11-01,2024,11,44,Friday,False,2of12_tue_fri,Tuesday+Friday,5 aus 50 und 2 aus 12,50,12,13,21,27,28,41,1,3,"21,13,41,28,27","1,3",52763668.0,69000000.0,False,0,,0.0,2024-11-05,79000000.0,884850,14484909.8
796,2024-11-05,2024,11,45,Tuesday,False,2of12_tue_fri,Tuesday+Friday,5 aus 50 und 2 aus 12,50,12,22,29,36,38,43,1,6,"29,43,36,22,38","6,1",43068752.0,79000000.0,False,0,,0.0,2024-11-08,92000000.0,626654,11806763.8
797,2024-11-08,2024,11,45,Friday,False,2of12_tue_fri,Tuesday+Friday,5 aus 50 und 2 aus 12,50,12,6,23,38,42,45,9,12,"23,38,6,42,45","12,9",67453730.0,92000000.0,False,0,,0.0,2024-11-12,105000000.0,942873,18490370.0
798,2024-11-12,2024,11,46,Tuesday,False,2of12_tue_fri,Tuesday+Friday,5 aus 50 und 2 aus 12,50,12,2,3,34,38,49,10,11,"2,49,38,3,34","10,11",61140570.0,105000000.0,False,0,,0.0,2024-11-15,120000000.0,846466,16782316.0
799,2024-11-15,2024,11,46,Friday,False,2of12_tue_fri,Tuesday+Friday,5 aus 50 und 2 aus 12,50,12,27,31,35,46,50,3,10,"46,35,31,50,27","3,10",91675966.0,120000000.0,False,0,,0.0,2024-11-19,120000000.0,1353450,33395266.8
800,2024-11-19,2024,11,47,Tuesday,False,2of12_tue_fri,Tuesday+Friday,5 aus 50 und 2 aus 12,50,12,4,7,19,26,27,4,5,"4,26,19,27,7","5,4",75976616.0,120000000.0,False,0,,0.0,2024-11-22,120000000.0,1448286,38702216.2
801,2024-11-22,2024,11,47,Friday,False,2of12_tue_fri,Tuesday+Friday,5 aus 50 und 2 aus 12,50,12,6,10,30,34,41,7,10,"30,10,41,6,34","7,10",98728608.0,120000000.0,False,0,,0.0,2024-11-26,120000000.0,1499991,48257835.1
802,2024-11-26,2024,11,48,Tuesday,False,2of12_tue_fri,Tuesday+Friday,5 aus 50 und 2 aus 12,50,12,20,21,28,32,37,1,5,"37,20,32,21,28","1,5",82415512.0,120000000.0,False,0,,0.0,2024-11-29,120000000.0,1215614,41986457.2
803,2024-11-29,2024,11,48,Friday,False,2of12_tue_fri,Tuesday+Friday,5 aus 50 und 2 aus 12,50,12,10,19,24,25,40,5,9,"24,40,25,19,10","5,9",106512848.0,120000000.0,False,0,,0.0,2024-12-03,120000000.0,1778118,52203533.9
804,2024-12-03,2024,12,49,Tuesday,False,2of12_tue_fri,Tuesday+Friday,5 aus 50 und 2 aus 12,50,12,7,20,23,24,37,4,10,"20,24,37,7,23","10,4",92088722.0,120000000.0,False,0,,0.0,2024-12-06,120000000.0,1586460,46618413.3
805,2024-12-06,2024,12,49,Friday,False,2of12_tue_fri,Tuesday+Friday,5 aus 50 und 2 aus 12,50,12,8,14,45,47,50,2,12,"14,45,50,47,8","2,12",109763182.0,120000000.0,True,2,60000000.0,120000000.0,2024-12-10,10000000.0,1470615,174160626.7
806,2024-12-10,2024,12,50,Tuesday,False,2of12_tue_fri,Tuesday+Friday,5 aus 50 und 2 aus 12,50,12,17,23,30,41,43,4,11,"23,17,43,30,41","11,4",33608358.0,10000000.0,False,0,,0.0,2024-12-13,19000000.0,486610,9202717.3
807,2024-12-13,2024,12,50,Friday,False,2of12_tue_fri,Tuesday+Friday,5 aus 50 und 2 aus 12,50,12,1,4,19,35,42,1,3,"19,42,4,35,1","1,3",48545736.0,19000000.0,True,1,21312702.5,21312702.5,2024-12-17,10000000.0,768928,34594702.9
808,2024-12-17,2024,12,51,Tuesday,False,2of12_tue_fri,Tuesday+Friday,5 aus 50 und 2 aus 12,50,12,11,14,18,35,42,4,11,"14,35,42,18,11","4,11",29788884.0,10000000.0,False,0,,0.0,2024-12-20,18000000.0,444220,8172052.8
809,2024-12-20,2024,12,51,Friday,False,2of12_tue_fri,Tuesday+Friday,5 aus 50 und 2 aus 12,50,12,1,3,10,32,44,1,8,"3,10,32,1,44","8,1",44812676.0,18000000.0,False,0,,0.0,2024-12-24,24000000.0,706296,12295026.7
810,2024-12-24,2024,12,52,Tuesday,False,2of12_tue_fri,Tuesday+Friday,5 aus 50 und 2 aus 12,50,12,9,15,28,36,39,6,7,"36,15,39,28,9","6,7",38469230.0,24000000.0,False,0,,0.0,2024-12-27,35000000.0,653092,10547677.7
811,2024-12-27,2024,12,52,Friday,False,2of12_tue_fri,Tuesday+Friday,5 aus 50 und 2 aus 12,50,12,1,9,25,27,37,6,8,"27,9,37,1,25","6,8",44495134.0,35000000.0,False,0,,0.0,2024-12-31,44000000.0,741338,12189992.7
812,2024-12-31,2024,12,1,Tuesday,False,2of12_tue_fri,Tuesday+Friday,5 aus 50 und 2 aus 12,50,12,2,21,26,34,49,7,12,"26,34,49,2,21","7,12",48421928.0,44000000.0,False,0,,0.0,2025-01-03,56000000.0,706855,13291490.1
813,2025-01-03,2025,1,1,Friday,False,2of12_tue_fri,Tuesday+Friday,5 aus 50 und 2 aus 12,50,12,1,20,21,27,29,8,10,"27,21,20,29,1","10,8",51858936.0,56000000.0,False,0,,0.0,2025-01-07,69000000.0,783475,14234341.9
814,2025-01-07,2025,1,2,Tuesday,False,2of12_tue_fri,Tuesday+Friday,5 aus 50 und 2 aus 12,50,12,1,16,20,23,44,5,9,"16,44,20,1,23","9,5",40752716.0,69000000.0,False,0,,0.0,2025-01-10,79000000.0,686444,11153490.1
815,2025-01-10,2025,1,2,Friday,False,2of12_tue_fri,Tuesday+Friday,5 aus 50 und 2 aus 12,50,12,17,34,38,42,48,2,11,"38,17,42,48,34","2,11",59828392.0,79000000.0,True,1,80437425.7,80437425.7,2025-01-14,10000000.0,873053,96873996.1
816,2025-01-14,2025,1,3,Tuesday,False,2of12_tue_fri,Tuesday+Friday,5 aus 50 und 2 aus 12,50,12,10,11,17,20,30,2,6,"30,20,11,17,10","2,6",29668956.0,10000000.0,False,0,,0.0,2025-01-17,17000000.0,520330,8128524.4
817,2025-01-17,2025,1,3,Friday,False,2of12_tue_fri,Tuesday+Friday,5 aus 50 und 2 aus 12,50,12,7,9,14,18,31,7,8,"31,18,9,7,14","7,8",43315802.0,17000000.0,False,0,,0.0,2025-01-21,24000000.0,833571,11854752.4
818,2025-01-21,2025,1,4,Tuesday,False,2of12_tue_fri,Tuesday+Friday,5 aus 50 und 2 aus 12,50,12,3,17,22,28,40,4,9,"3,17,40,22,28","9,4",31610528.0,24000000.0,False,0,,0.0,2025-01-24,34000000.0,552694,8657640.9
819,2025-01-24,2025,1,4,Friday,False,2of12_tue_fri,Tuesday+Friday,5 aus 50 und 2 aus 12,50,12,2,9,16,46,47,3,9,"46,16,2,9,47","9,3",46468464.0,34000000.0,False,0,,0.0,2025-01-28,42000000.0,771605,12732260.3
820,2025-01-28,2025,1,5,Tuesday,False,2of12_tue_fri,Tuesday+Friday,5 aus 50 und 2 aus 12,50,12,2,7,28,43,46,5,12,"43,7,28,46,2","12,5",34759818.0,42000000.0,False,0,,0.0,2025-01-31,53000000.0,497159,8041096.4
821,2025-01-31,2025,1,5,Friday,False,2of12_tue_fri,Tuesday+Friday,5 aus 50 und 2 aus 12,50,12,1,23,32,42,47,4,11,"47,32,1,23,42","11,4",51811362.0,53000000.0,False,0,,0.0,2025-02-04,62000000.0,698219,15694632.2
822,2025-02-04,2025,2,6,Tuesday,False,2of12_tue_fri,Tuesday+Friday,5 aus 50 und 2 aus 12,50,12,10,18,21,41,42,3,9,"41,21,10,18,42","9,3",40782160.0,62000000.0,False,0,,0.0,2025-02-07,75000000.0,658407,11162108.9
823,2025-02-07,2025,2,6,Friday,False,2of12_tue_fri,Tuesday+Friday,5 aus 50 und 2 aus 12,50,12,15,17,27,33,45,5,9,"27,33,15,45,17","9,5",59029168.0,75000000.0,False,0,,0.0,2025-02-11,86000000.0,1057853,16204633.9
824,2025-02-11,2025,2,7,Tuesday,False,2of12_tue_fri,Tuesday+Friday,5 aus 50 und 2 aus 12,50,12,3,12,22,28,47,1,12,"47,12,3,22,28","1,12",49964628.0,86000000.0,True,1,87949627.7,87949627.7,2025-02-14,10000000.0,734777,101663414.4
825,2025-02-14,2025,2,7,Friday,False,2of12_tue_fri,Tuesday+Friday,5 aus 50 und 2 aus 12,50,12,12,14,18,45,50,2,10,"45,18,14,12,50","10,2",42966628.0,10000000.0,True,1,10008887.3,10008887.3,2025-02-18,10000000.0,651403,21787367.3
826,2025-02-18,2025,2,8,Tuesday,False,2of12_tue_fri,Tuesday+Friday,5 aus 50 und 2 aus 12,50,12,1,9,14,19,44,2,3,"44,1,19,14,9","2,3",28405290.0,10000000.0,False,0,,0.0,2025-02-21,17000000.0,485434,7785399.1
827,2025-02-21,2025,2,8,Friday,False,2of12_tue_fri,Tuesday+Friday,5 aus 50 und 2 aus 12,50,12,18,26,29,35,36,11,12,"29,35,36,26,18","12,11",42506558.0,17000000.0,False,0,,0.0,2025-02-25,23000000.0,506868,11654227.4
828,2025-02-25,2025,2,9,Tuesday,False,2of12_tue_fri,Tuesday+Friday,5 aus 50 und 2 aus 12,50,12,28,31,38,42,48,3,10,"31,28,42,38,48","10,3",31332450.0,23000000.0,False,0,,0.0,2025-02-28,32000000.0,459799,8606928.8
829,2025-02-28,2025,2,9,Friday,False,2of12_tue_fri,Tuesday+Friday,5 aus 50 und 2 aus 12,50,12,3,4,13,20,21,8,12,"21,3,20,4,13","8,12",46950046.0,32000000.0,False,0,,0.0,2025-03-04,41000000.0,718181,12874178.5
830,2025-03-04,2025,3,10,Tuesday,False,2of12_tue_fri,Tuesday+Friday,5 aus 50 und 2 aus 12,50,12,4,12,35,37,48,4,10,"48,4,35,12,37","4,10",35111424.0,41000000.0,False,0,,0.0,2025-03-07,52000000.0,551303,9612137.2
831,2025-03-07,2025,3,10,Friday,False,2of12_tue_fri,Tuesday+Friday,5 aus 50 und 2 aus 12,50,12,7,11,12,32,42,1,4,"12,42,32,11,7","4,1",50562276.0,52000000.0,False,0,,0.0,2025-03-11,61000000.0,833849,13873350.2
832,2025-03-11,2025,3,11,Tuesday,False,2of12_tue_fri,Tuesday+Friday,5 aus 50 und 2 aus 12,50,12,15,18,22,23,44,1,11,"22,23,18,44,15","11,1",40358548.0,61000000.0,False,0,,0.0,2025-03-14,73000000.0,577825,11075709.8
833,2025-03-14,2025,3,11,Friday,False,2of12_tue_fri,Tuesday+Friday,5 aus 50 und 2 aus 12,50,12,6,13,28,37,45,5,10,"6,13,37,45,28","10,5",58892802.0,73000000.0,False,0,,0.0,2025-03-18,84000000.0,967081,16150964.2
834,2025-03-18,2025,3,12,Tuesday,False,2of12_tue_fri,Tuesday+Friday,5 aus 50 und 2 aus 12,50,12,1,7,14,47,50,3,7,"50,47,14,7,1","3,7",47369498.0,84000000.0,False,0,,0.0,2025-03-21,98000000.0,844659,12978994.1
835,2025-03-21,2025,3,12,Friday,False,2of12_tue_fri,Tuesday+Friday,5 aus 50 und 2 aus 12,50,12,8,9,12,14,16,6,12,"8,12,14,16,9","6,12",71502700.0,98000000.0,False,0,,0.0,2025-03-25,112000000.0,1107349,19562799.5
836,2025-03-25,2025,3,13,Tuesday,False,2of12_tue_fri,Tuesday+Friday,5 aus 50 und 2 aus 12,50,12,3,11,30,35,50,4,5,"35,50,30,11,3","5,4",64347958.0,112000000.0,True,1,115874580.6,115874580.6,2025-03-28,10000000.0,1004691,133545808.7
837,2025-03-28,2025,3,13,Friday,False,2of12_tue_fri,Tuesday+Friday,5 aus 50 und 2 aus 12,50,12,2,15,19,34,49,2,6,"19,2,34,15,49","2,6",42804488.0,10000000.0,False,0,,0.0,2025-04-01,17000000.0,717228,11725536.6
838,2025-04-01,2025,4,14,Tuesday,False,2of12_tue_fri,Tuesday+Friday,5 aus 50 und 2 aus 12,50,12,12,17,39,41,50,9,12,"39,41,17,50,12","9,12",30571748.0,17000000.0,False,0,,0.0,2025-04-04,27000000.0,422357,8381003.6
839,2025-04-04,2025,4,14,Friday,False,2of12_tue_fri,Tuesday+Friday,5 aus 50 und 2 aus 12,50,12,19,23,29,37,38,2,8,"19,38,29,37,23","8,2",44301088.0,27000000.0,False,0,,0.0,2025-04-08,35000000.0,777871,12160540.9
840,2025-04-08,2025,4,15,Tuesday,False,2of12_tue_fri,Tuesday+Friday,5 aus 50 und 2 aus 12,50,12,17,39,40,41,47,5,8,"47,40,39,41,17","5,8",33665680.0,35000000.0,False,0,,0.0,2025-04-11,45000000.0,509987,9211357.9
841,2025-04-11,2025,4,15,Friday,False,2of12_tue_fri,Tuesday+Friday,5 aus 50 und 2 aus 12,50,12,2,26,27,28,49,1,10,"49,28,26,27,2","1,10",48671278.0,45000000.0,False,0,,0.0,2025-04-15,54000000.0,707717,13346969.4
842,2025-04-15,2025,4,16,Tuesday,False,2of12_tue_fri,Tuesday+Friday,5 aus 50 und 2 aus 12,50,12,8,11,13,33,35,1,10,"8,13,35,11,33","1,10",38082914.0,54000000.0,False,0,,0.0,2025-04-18,65000000.0,601578,10449308.9
843,2025-04-18,2025,4,16,Friday,False,2of12_tue_fri,Tuesday+Friday,5 aus 50 und 2 aus 12,50,12,7,8,12,29,44,3,12,"12,8,7,29,44","3,12",51661612.0,65000000.0,False,0,,0.0,2025-04-22,75000000.0,846665,14173157.4
844,2025-04-22,2025,4,17,Tuesday,False,2of12_tue_fri,Tuesday+Friday,5 aus 50 und 2 aus 12,50,12,10,16,23,29,38,3,5,"23,38,16,10,29","5,3",39532888.0,75000000.0,False,0,,0.0,2025-04-25,86000000.0,701134,10813769.0
845,2025-04-25,2025,4,17,Friday,False,2of12_tue_fri,Tuesday+Friday,5 aus 50 und 2 aus 12,50,12,13,14,40,43,45,5,8,"40,14,13,45,43","8,5",61492832.0,86000000.0,False,0,,0.0,2025-04-29,98000000.0,970527,16886489.7
846,2025-04-29,2025,4,18,Tuesday,False,2of12_tue_fri,Tuesday+Friday,5 aus 50 und 2 aus 12,50,12,17,21,27,30,34,8,11,"34,21,30,27,17","8,11",55033262.0,98000000.0,False,0,,0.0,2025-05-02,114000000.0,859098,15093727.6
847,2025-05-02,2025,5,18,Friday,False,2of12_tue_fri,Tuesday+Friday,5 aus 50 und 2 aus 12,50,12,3,15,22,33,35,1,7,"33,22,3,35,15","1,7",78913604.0,114000000.0,False,0,,0.0,2025-05-06,120000000.0,1315433,21613706.4
848,2025-05-06,2025,5,19,Tuesday,False,2of12_tue_fri,Tuesday+Friday,5 aus 50 und 2 aus 12,50,12,1,21,22,46,49,9,10,"49,46,21,22,1","10,9",75134712.0,120000000.0,False,0,,0.0,2025-05-09,120000000.0,1047410,35568252.7
849,2025-05-09,2025,5,19,Friday,False,2of12_tue_fri,Tuesday+Friday,5 aus 50 und 2 aus 12,50,12,1,5,27,36,43,5,9,"1,5,36,27,43","9,5",93281762.0,120000000.0,True,1,120000000.0,120000000.0,2025-05-13,10000000.0,1539631,165790178.5
850,2025-05-13,2025,5,20,Tuesday,False,2of12_tue_fri,Tuesday+Friday,5 aus 50 und 2 aus 12,50,12,14,16,19,33,34,5,12,"34,16,33,19,14","5,12",32290022.0,10000000.0,False,0,,0.0,2025-05-16,19000000.0,489285,7452087.0
851,2025-05-16,2025,5,20,Friday,False,2of12_tue_fri,Tuesday+Friday,5 aus 50 und 2 aus 12,50,12,6,8,15,27,39,6,12,"8,6,15,27,39","12,6",43542268.0,19000000.0,False,0,,0.0,2025-05-20,27000000.0,651118,13340119.1
852,2025-05-20,2025,5,21,Tuesday,False,2of12_tue_fri,Tuesday+Friday,5 aus 50 und 2 aus 12,50,12,8,19,20,21,28,7,10,"28,19,20,21,8","10,7",33227032.0,27000000.0,False,0,,0.0,2025-05-23,36000000.0,567864,9128157.9
853,2025-05-23,2025,5,21,Friday,False,2of12_tue_fri,Tuesday+Friday,5 aus 50 und 2 aus 12,50,12,11,17,19,33,40,7,12,"17,40,33,19,11","12,7",46972896.0,36000000.0,True,1,37344472.1,37344472.1,2025-05-27,10000000.0,722733,50209963.9
854,2025-05-27,2025,5,22,Tuesday,False,2of12_tue_fri,Tuesday+Friday,5 aus 50 und 2 aus 12,50,12,6,9,17,25,41,4,10,"41,9,25,6,17","4,10",29294000.0,10000000.0,False,0,,0.0,2025-05-30,18000000.0,483194,8020326.4
855,2025-05-30,2025,5,22,Friday,False,2of12_tue_fri,Tuesday+Friday,5 aus 50 und 2 aus 12,50,12,4,5,26,29,43,5,9,"26,43,5,4,29","9,5",42224764.0,18000000.0,True,1,17600457.5,17600457.5,2025-06-03,10000000.0,732615,29190578.8
856,2025-06-03,2025,6,23,Tuesday,False,2of12_tue_fri,Tuesday+Friday,5 aus 50 und 2 aus 12,50,12,6,8,19,26,30,1,12,"8,26,30,6,19","1,12",28656126.0,10000000.0,False,0,,0.0,2025-06-06,17000000.0,429988,7858948.2
857,2025-06-06,2025,6,23,Friday,False,2of12_tue_fri,Tuesday+Friday,5 aus 50 und 2 aus 12,50,12,7,8,11,23,39,5,11,"11,23,39,7,8","5,11",42399224.0,17000000.0,False,0,,0.0,2025-06-10,22000000.0,722160,11634611.8
858,2025-06-10,2025,6,24,Tuesday,False,2of12_tue_fri,Tuesday+Friday,5 aus 50 und 2 aus 12,50,12,1,17,20,28,42,2,12,"20,1,17,42,28","12,2",30112034.0,22000000.0,False,0,,0.0,2025-06-13,31000000.0,429862,8261680.1
859,2025-06-13,2025,6,24,Friday,False,2of12_tue_fri,Tuesday+Friday,5 aus 50 und 2 aus 12,50,12,1,15,18,27,46,5,9,"46,15,27,1,18","9,5",48393616.0,31000000.0,False,0,,0.0,2025-06-17,39000000.0,804218,13255840.6
860,2025-06-17,2025,6,25,Tuesday,False,2of12_tue_fri,Tuesday+Friday,5 aus 50 und 2 aus 12,50,12,10,13,15,33,35,7,12,"10,35,13,15,33","12,7",34299204.0,39000000.0,True,1,40657587.8,40657587.8,2025-06-20,10000000.0,532749,50076050.3
861,2025-06-20,2025,6,25,Friday,False,2of12_tue_fri,Tuesday+Friday,5 aus 50 und 2 aus 12,50,12,6,12,18,37,46,7,9,"12,37,46,18,6","9,7",38734122.0,10000000.0,False,0,,0.0,2025-06-24,15000000.0,660303,10640019.1
862,2025-06-24,2025,6,26,Tuesday,False,2of12_tue_fri,Tuesday+Friday,5 aus 50 und 2 aus 12,50,12,20,31,35,40,44,3,4,"20,31,44,35,40","3,4",29113644.0,15000000.0,False,0,,0.0,2025-06-27,24000000.0,423906,7976235.8
863,2025-06-27,2025,6,26,Friday,True,2of12_tue_fri,Tuesday+Friday,5 aus 50 und 2 aus 12,50,12,4,14,26,29,50,3,12,"26,4,14,50,29","12,3",43027916.0,24000000.0,False,0,,0.0,2025-07-01,32000000.0,610537,11806612.0
864,2025-07-01,2025,7,27,Tuesday,True,2of12_tue_fri,Tuesday+Friday,5 aus 50 und 2 aus 12,50,12,1,9,10,12,14,6,8,"14,1,9,10,12","8,6",33414852.0,32000000.0,False,0,,0.0,2025-07-04,42000000.0,587246,9153168.9
865,2025-07-04,2025,7,27,Friday,True,2of12_tue_fri,Tuesday+Friday,5 aus 50 und 2 aus 12,50,12,14,23,34,41,44,5,10,"41,14,23,34,44","10,5",47726594.0,42000000.0,False,0,,0.0,2025-07-08,50000000.0,752035,13105363.4
866,2025-07-08,2025,7,28,Tuesday,True,2of12_tue_fri,Tuesday+Friday,5 aus 50 und 2 aus 12,50,12,21,27,29,34,43,6,10,"43,21,29,27,34","6,10",37493238.0,50000000.0,False,0,,0.0,2025-07-11,62000000.0,565571,8682764.9
867,2025-07-11,2025,7,28,Friday,False,2of12_tue_fri,Tuesday+Friday,5 aus 50 und 2 aus 12,50,12,6,12,13,43,46,6,11,"13,46,43,12,6","6,11",53552724.0,62000000.0,False,0,,0.0,2025-07-15,72000000.0,773016,16316886.0
868,2025-07-15,2025,7,29,Tuesday,False,2of12_tue_fri,Tuesday+Friday,5 aus 50 und 2 aus 12,50,12,13,28,33,37,45,6,11,"33,45,37,13,28","6,11",44342284.0,72000000.0,False,0,,0.0,2025-07-18,85000000.0,672381,12152524.8
869,2025-07-18,2025,7,29,Friday,False,2of12_tue_fri,Tuesday+Friday,5 aus 50 und 2 aus 12,50,12,10,12,21,25,39,2,4,"39,25,21,12,10","4,2",62348606.0,85000000.0,False,0,,0.0,2025-07-22,97000000.0,1066933,17133175.3
870,2025-07-22,2025,7,30,Tuesday,False,2of12_tue_fri,Tuesday+Friday,5 aus 50 und 2 aus 12,50,12,5,20,42,46,48,7,8,"46,48,20,42,5","8,7",55732396.0,97000000.0,False,0,,0.0,2025-07-25,113000000.0,820917,15296556.9
871,2025-07-25,2025,7,30,Friday,False,2of12_tue_fri,Tuesday+Friday,5 aus 50 und 2 aus 12,50,12,7,8,13,29,36,4,8,"7,13,29,36,8","4,8",81087658.0,113000000.0,True,2,58316471.0,116632942.0,2025-07-29,10000000.0,1532788,138804236.2
872,2025-07-29,2025,7,31,Tuesday,False,2of12_tue_fri,Tuesday+Friday,5 aus 50 und 2 aus 12,50,12,20,21,38,43,49,6,11,"43,49,20,21,38","11,6",30912386.0,10000000.0,False,0,,0.0,2025-08-01,18000000.0,415934,7162640.6
873,2025-08-01,2025,8,31,Friday,False,2of12_tue_fri,Tuesday+Friday,5 aus 50 und 2 aus 12,50,12,4,11,12,20,33,3,5,"4,12,33,20,11","5,3",43551222.0,18000000.0,False,0,,0.0,2025-08-05,26000000.0,864418,13241882.7
874,2025-08-05,2025,8,32,Tuesday,False,2of12_tue_fri,Tuesday+Friday,5 aus 50 und 2 aus 12,50,12,1,18,21,22,34,1,6,"1,18,34,21,22","6,1",32967362.0,26000000.0,False,0,,0.0,2025-08-08,36000000.0,506627,9043885.9
875,2025-08-08,2025,8,32,Friday,False,2of12_tue_fri,Tuesday+Friday,5 aus 50 und 2 aus 12,50,12,7,16,23,41,42,1,4,"23,16,7,42,41","1,4",47274472.0,36000000.0,True,1,36553237.2,36553237.2,2025-08-12,10000000.0,732634,49535873.0
876,2025-08-12,2025,8,33,Tuesday,False,2of12_tue_fri,Tuesday+Friday,5 aus 50 und 2 aus 12,50,12,11,16,29,37,42,1,11,"16,11,37,42,29","1,11",29253942.0,10000000.0,False,0,,0.0,2025-08-15,18000000.0,401077,8019065.9
877,2025-08-15,2025,8,33,Friday,False,2of12_tue_fri,Tuesday+Friday,5 aus 50 und 2 aus 12,50,12,5,11,20,33,43,6,12,"11,33,43,20,5","12,6",41190720.0,18000000.0,False,0,,0.0,2025-08-19,23000000.0,589795,11287245.9
878,2025-08-19,2025,8,34,Tuesday,False,2of12_tue_fri,Tuesday+Friday,5 aus 50 und 2 aus 12,50,12,3,4,11,33,47,6,9,"47,33,11,3,4","9,6",32131546.0,23000000.0,False,0,,0.0,2025-08-22,32000000.0,557938,8788032.1
879,2025-08-22,2025,8,34,Friday,False,2of12_tue_fri,Tuesday+Friday,5 aus 50 und 2 aus 12,50,12,3,14,16,22,34,7,10,"22,14,3,16,34","10,7",45517110.0,32000000.0,False,0,,0.0,2025-08-26,41000000.0,769719,10538687.3
880,2025-08-26,2025,8,35,Tuesday,False,2of12_tue_fri,Tuesday+Friday,5 aus 50 und 2 aus 12,50,12,8,14,21,26,35,4,8,"21,35,8,26,14","8,4",35723858.0,41000000.0,False,0,,0.0,2025-08-29,52000000.0,657137,11759359.9
881,2025-08-29,2025,8,35,Friday,False,2of12_tue_fri,Tuesday+Friday,5 aus 50 und 2 aus 12,50,12,3,5,19,23,48,1,5,"23,5,19,3,48","5,1",51963588.0,52000000.0,False,0,,0.0,2025-09-02,61000000.0,907238,14246929.7
882,2025-09-02,2025,9,36,Tuesday,False,2of12_tue_fri,Tuesday+Friday,5 aus 50 und 2 aus 12,50,12,1,5,12,38,47,7,8,"12,38,1,5,47","8,7",42649462.0,61000000.0,False,0,,0.0,2025-09-05,74000000.0,691308,11690254.0
883,2025-09-05,2025,9,36,Friday,False,2of12_tue_fri,Tuesday+Friday,5 aus 50 und 2 aus 12,50,12,6,14,25,29,46,7,11,"14,6,29,25,46","7,11",59413594.0,74000000.0,False,0,,0.0,2025-09-09,86000000.0,865966,16300867.2
884,2025-09-09,2025,9,37,Tuesday,False,2of12_tue_fri,Tuesday+Friday,5 aus 50 und 2 aus 12,50,12,14,18,24,27,50,8,9,"24,14,50,18,27","8,9",50717376.0,86000000.0,False,0,,0.0,2025-09-12,100000000.0,830716,13924779.5
885,2025-09-12,2025,9,37,Friday,False,2of12_tue_fri,Tuesday+Friday,5 aus 50 und 2 aus 12,50,12,7,22,24,33,45,4,12,"7,24,45,33,22","4,12",78168826.0,100000000.0,False,0,,0.0,2025-09-16,116000000.0,1201602,21454544.7
886,2025-09-16,2025,9,38,Tuesday,False,2of12_tue_fri,Tuesday+Friday,5 aus 50 und 2 aus 12,50,12,8,9,14,37,39,1,9,"39,37,8,9,14","1,9",68960432.0,116000000.0,False,0,,0.0,2025-09-19,120000000.0,1086760,18912981.9
887,2025-09-19,2025,9,38,Friday,False,2of12_tue_fri,Tuesday+Friday,5 aus 50 und 2 aus 12,50,12,9,37,40,41,46,1,12,"37,46,40,9,41","1,12",91186306.0,120000000.0,False,0,,0.0,2025-09-23,120000000.0,1131075,44494779.2
888,2025-09-23,2025,9,39,Tuesday,False,2of12_tue_fri,Tuesday+Friday,5 aus 50 und 2 aus 12,50,12,7,18,31,32,33,10,11,"18,31,32,7,33","10,11",76283010.0,120000000.0,True,1,120000000.0,120000000.0,2025-09-26,10000000.0,1113550,158819573.2
889,2025-09-26,2025,9,39,Friday,False,2of12_tue_fri,Tuesday+Friday,5 aus 50 und 2 aus 12,50,12,12,24,26,35,48,1,2,"48,35,26,12,24","1,2",43942702.0,10000000.0,False,0,,0.0,2025-09-30,18000000.0,675498,12038598.6
890,2025-09-30,2025,9,40,Tuesday,False,2of12_tue_fri,Tuesday+Friday,5 aus 50 und 2 aus 12,50,12,8,11,13,24,27,3,7,"24,11,27,8,13","7,3",32350618.0,18000000.0,False,0,,0.0,2025-10-03,28000000.0,716901,8875587.7
891,2025-10-03,2025,10,40,Friday,False,2of12_tue_fri,Tuesday+Friday,5 aus 50 und 2 aus 12,50,12,1,2,7,21,27,8,12,"21,27,1,2,7","8,12",44307952.0,28000000.0,False,0,,0.0,2025-10-07,36000000.0,695591,12127551.4
892,2025-10-07,2025,10,41,Tuesday,False,2of12_tue_fri,Tuesday+Friday,5 aus 50 und 2 aus 12,50,12,10,22,38,42,48,2,9,"10,42,22,38,48","2,9",35437222.0,36000000.0,False,0,,0.0,2025-10-10,46000000.0,542913,9707069.6
893,2025-10-10,2025,10,41,Friday,False,2of12_tue_fri,Tuesday+Friday,5 aus 50 und 2 aus 12,50,12,4,5,24,31,41,3,12,"31,24,4,5,41","12,3",50364790.0,46000000.0,False,0,,0.0,2025-10-14,56000000.0,704458,13824842.7
894,2025-10-14,2025,10,42,Tuesday,False,2of12_tue_fri,Tuesday+Friday,5 aus 50 und 2 aus 12,50,12,8,12,13,49,50,2,4,"50,8,12,13,49","2,4",39998048.0,56000000.0,False,0,,0.0,2025-10-17,68000000.0,634307,10967641.0
895,2025-10-17,2025,10,42,Friday,False,2of12_tue_fri,Tuesday+Friday,5 aus 50 und 2 aus 12,50,12,18,21,34,35,46,2,3,"21,46,35,34,18","2,3",55679074.0,68000000.0,True,1,69169588.1,69169588.1,2025-10-21,10000000.0,872374,84445304.9
896,2025-10-21,2025,10,43,Tuesday,False,2of12_tue_fri,Tuesday+Friday,5 aus 50 und 2 aus 12,50,12,6,21,30,40,46,3,4,"46,21,40,6,30","3,4",30073972.0,10000000.0,False,0,,0.0,2025-10-24,17000000.0,441483,8261004.5
897,2025-10-24,2025,10,43,Friday,False,2of12_tue_fri,Tuesday+Friday,5 aus 50 und 2 aus 12,50,12,12,13,27,42,43,3,4,"27,13,43,42,12","4,3",43095196.0,17000000.0,False,0,,0.0,2025-10-28,24000000.0,768931,11841547.6
898,2025-10-28,2025,10,44,Tuesday,False,2of12_tue_fri,Tuesday+Friday,5 aus 50 und 2 aus 12,50,12,3,4,22,45,50,9,12,"50,3,22,4,45","12,9",32006574.0,24000000.0,False,0,,0.0,2025-10-31,34000000.0,441074,8781157.0
899,2025-10-31,2025,10,44,Friday,False,2of12_tue_fri,Tuesday+Friday,5 aus 50 und 2 aus 12,50,12,5,11,40,41,47,1,5,"47,5,41,11,40","1,5",47035858.0,34000000.0,False,0,,0.0,2025-11-04,42000000.0,692708,12929112.8
900,2025-11-04,2025,11,45,Tuesday,False,2of12_tue_fri,Tuesday+Friday,5 aus 50 und 2 aus 12,50,12,3,21,22,33,39,1,9,"39,21,33,22,3","1,9",36243182.0,42000000.0,False,0,,0.0,2025-11-07,53000000.0,577264,9936935.7
901,2025-11-07,2025,11,45,Friday,False,2of12_tue_fri,Tuesday+Friday,5 aus 50 und 2 aus 12,50,12,13,19,22,35,40,2,8,"40,19,22,13,35","2,8",51486110.0,53000000.0,True,1,54286720.1,54286720.1,2025-11-11,10000000.0,885186,68420085.4
902,2025-11-11,2025,11,46,Tuesday,False,2of12_tue_fri,Tuesday+Friday,5 aus 50 und 2 aus 12,50,12,8,24,25,41,50,8,9,"25,50,24,41,8","8,9",28822836.0,10000000.0,False,0,,0.0,2025-11-14,18000000.0,431160,7906188.0
903,2025-11-14,2025,11,46,Friday,False,2of12_tue_fri,Tuesday+Friday,5 aus 50 und 2 aus 12,50,12,3,5,20,30,37,6,12,"30,3,37,5,20","12,6",42347948.0,18000000.0,False,0,,0.0,2025-11-18,23000000.0,599680,9785007.2
904,2025-11-18,2025,11,47,Tuesday,False,2of12_tue_fri,Tuesday+Friday,5 aus 50 und 2 aus 12,50,12,19,25,27,41,49,3,9,"49,27,19,25,41","3,9",31642310.0,23000000.0,False,0,,0.0,2025-11-21,33000000.0,541143,7306018.6
905,2025-11-21,2025,11,47,Friday,False,2of12_tue_fri,Tuesday+Friday,5 aus 50 und 2 aus 12,50,12,15,24,30,45,50,5,6,"30,50,15,45,24","6,5",45138524.0,33000000.0,True,5,6738975.2,33694876.0,2025-11-25,10000000.0,662894,49260330.7
906,2025-11-25,2025,11,48,Tuesday,False,2of12_tue_fri,Tuesday+Friday,5 aus 50 und 2 aus 12,50,12,1,23,30,35,46,4,8,"46,35,23,30,1","8,4",27735626.0,10000000.0,False,0,,0.0,2025-11-28,17000000.0,428562,7613422.9
907,2025-11-28,2025,11,48,Friday,False,2of12_tue_fri,Tuesday+Friday,5 aus 50 und 2 aus 12,50,12,12,16,35,46,50,3,5,"16,50,35,12,46","5,3",42211664.0,17000000.0,False,0,,0.0,2025-12-02,22000000.0,671226,11577917.4
908,2025-12-02,2025,12,49,Tuesday,False,2of12_tue_fri,Tuesday+Friday,5 aus 50 und 2 aus 12,50,12,14,30,34,35,40,4,6,"34,14,30,40,35","6,4",31634978.0,22000000.0,True,1,23537055.1,23537055.1,2025-12-05,10000000.0,461502,32208007.0
909,2025-12-05,2025,12,49,Friday,False,2of12_tue_fri,Tuesday+Friday,5 aus 50 und 2 aus 12,50,12,1,4,18,22,24,6,10,"24,18,1,4,22","10,6",39740598.0,10000000.0,True,1,10000000.0,10000000.0,2025-12-09,10000000.0,642619,20881971.6
910,2025-12-09,2025,12,50,Tuesday,False,2of12_tue_fri,Tuesday+Friday,5 aus 50 und 2 aus 12,50,12,2,30,32,33,37,2,9,"2,32,33,37,30","9,2",27669146.0,10000000.0,False,0,,0.0,2025-12-12,17000000.0,414063,7584097.5
911,2025-12-12,2025,12,50,Friday,False,2of12_tue_fri,Tuesday+Friday,5 aus 50 und 2 aus 12,50,12,2,25,27,37,50,2,11,"50,37,25,27,2","11,2",41438334.0,17000000.0,False,0,,0.0,2025-12-16,22000000.0,582465,11352547.8
912,2025-12-16,2025,12,51,Tuesday,False,2of12_tue_fri,Tuesday+Friday,5 aus 50 und 2 aus 12,50,12,12,22,28,30,31,4,11,"28,22,30,12,31","11,4",31155482.0,22000000.0,False,0,,0.0,2025-12-19,30000000.0,471296,8540661.5
913,2025-12-19,2025,12,51,Friday,False,2of12_tue_fri,Tuesday+Friday,5 aus 50 und 2 aus 12,50,12,8,9,15,35,45,2,5,"35,45,9,8,15","2,5",45883024.0,30000000.0,False,0,,0.0,2025-12-23,39000000.0,762166,12558598.9
914,2025-12-23,2025,12,52,Tuesday,False,2of12_tue_fri,Tuesday+Friday,5 aus 50 und 2 aus 12,50,12,24,29,35,40,41,6,7,"29,40,35,41,24","7,6",40182666.0,39000000.0,False,0,,0.0,2025-12-26,50000000.0,582736,11027328.6
915,2025-12-26,2025,12,52,Friday,False,2of12_tue_fri,Tuesday+Friday,5 aus 50 und 2 aus 12,50,12,15,21,26,29,42,4,12,"15,21,26,42,29","12,4",44067970.0,50000000.0,False,0,,0.0,2025-12-30,59000000.0,620230,12085545.2
916,2025-12-30,2025,12,1,Tuesday,False,2of12_tue_fri,Tuesday+Friday,5 aus 50 und 2 aus 12,50,12,10,18,20,23,27,1,6,"20,23,18,27,10","1,6",48891142.0,59000000.0,False,0,,0.0,2026-01-02,71000000.0,792740,13392215.3
917,2026-01-02,2026,1,1,Friday,False,2of12_tue_fri,Tuesday+Friday,5 aus 50 und 2 aus 12,50,12,10,15,29,34,38,2,9,"10,29,34,15,38","2,9",58674044.0,71000000.0,True,1,74104783.6,74104783.6,2026-01-06,10000000.0,948508,90174295.5
918,2026-01-06,2026,1,2,Tuesday,False,2of12_tue_fri,Tuesday+Friday,5 aus 50 und 2 aus 12,50,12,21,23,30,33,38,8,12,"33,21,23,38,30","12,8",29014822.0,10000000.0,False,0,,0.0,2026-01-09,17000000.0,414810,6698941.3
919,2026-01-09,2026,1,2,Friday,False,2of12_tue_fri,Tuesday+Friday,5 aus 50 und 2 aus 12,50,12,1,17,19,25,41,6,12,"19,1,17,25,41","6,12",41648678.0,17000000.0,False,0,,0.0,2026-01-13,23000000.0,583529,12673324.4
920,2026-01-13,2026,1,3,Tuesday,False,2of12_tue_fri,Tuesday+Friday,5 aus 50 und 2 aus 12,50,12,2,16,27,33,47,6,12,"2,16,47,33,27","6,12",32398484.0,23000000.0,False,0,,0.0,2026-01-16,33000000.0,463759,8881445.7
921,2026-01-16,2026,1,3,Friday,False,2of12_tue_fri,Tuesday+Friday,5 aus 50 und 2 aus 12,50,12,8,16,37,39,48,5,11,"39,37,48,16,8","11,5",45521904.0,33000000.0,False,0,,0.0,2026-01-20,42000000.0,644779,12485052.9
922,2026-01-20,2026,1,4,Tuesday,False,2of12_tue_fri,Tuesday+Friday,5 aus 50 und 2 aus 12,50,12,16,26,32,37,45,2,3,"32,26,45,37,16","2,3",36095564.0,42000000.0,False,0,,0.0,2026-01-23,52000000.0,545319,9891532.2
923,2026-01-23,2026,1,4,Friday,False,2of12_tue_fri,Tuesday+Friday,5 aus 50 und 2 aus 12,50,12,18,36,39,45,50,6,9,"39,36,18,45,50","6,9",51710250.0,52000000.0,True,1,53723456.7,53723456.7,2026-01-27,10000000.0,766092,67901374.1
924,2026-01-27,2026,1,5,Tuesday,False,2of12_tue_fri,Tuesday+Friday,5 aus 50 und 2 aus 12,50,12,13,18,19,29,32,8,9,"29,18,32,19,13","9,8",28566468.0,10000000.0,False,0,,0.0,2026-01-30,17000000.0,490408,7840848.0
925,2026-01-30,2026,1,5,Friday,False,2of12_tue_fri,Tuesday+Friday,5 aus 50 und 2 aus 12,50,12,8,13,15,17,37,3,7,"17,13,37,8,15","3,7",42436722.0,17000000.0,True,1,17638609.9,17638609.9,2026-02-03,10000000.0,890043,29299727.1
926,2026-02-03,2026,2,6,Tuesday,False,2of12_tue_fri,Tuesday+Friday,5 aus 50 und 2 aus 12,50,12,3,20,27,37,44,1,2,"27,37,3,20,44","2,1",28842968.0,10000000.0,False,0,,0.0,2026-02-06,17000000.0,438346,6660148.2
927,2026-02-06,2026,2,6,Friday,False,2of12_tue_fri,Tuesday+Friday,5 aus 50 und 2 aus 12,50,12,8,14,38,41,48,1,11,"38,41,8,48,14","11,1",42450770.0,17000000.0,False,0,,0.0,2026-02-10,22000000.0,536478,12889448.1
928,2026-02-10,2026,2,7,Tuesday,False,2of12_tue_fri,Tuesday+Friday,5 aus 50 und 2 aus 12,50,12,12,19,34,39,47,4,5,"19,39,12,47,34","4,5",32242982.0,22000000.0,False,0,,0.0,2026-02-13,31000000.0,545067,8844801.2
929,2026-02-13,2026,2,7,Friday,False,2of12_tue_fri,Tuesday+Friday,5 aus 50 und 2 aus 12,50,12,1,21,44,45,46,2,7,"1,45,44,21,46","2,7",49112746.0,31000000.0,False,0,,0.0,2026-02-17,41000000.0,713370,13449995.3
930,2026-02-17,2026,2,8,Tuesday,False,2of12_tue_fri,Tuesday+Friday,5 aus 50 und 2 aus 12,50,12,8,23,39,40,44,6,7,"23,40,39,8,44","7,6",35758474.0,41000000.0,False,0,,0.0,2026-02-20,52000000.0,552025,9801348.9
931,2026-02-20,2026,2,8,Friday,False,2of12_tue_fri,Tuesday+Friday,5 aus 50 und 2 aus 12,50,12,11,17,23,36,40,5,6,"23,17,40,36,11","6,5",51164948.0,52000000.0,False,0,,0.0,2026-02-24,61000000.0,867049,14051528.9
932,2026-02-24,2026,2,9,Tuesday,False,2of12_tue_fri,Tuesday+Friday,5 aus 50 und 2 aus 12,50,12,4,5,26,38,48,2,9,"48,26,38,4,5","9,2",40572688.0,61000000.0,False,0,,0.0,2026-02-27,73000000.0,648332,11124910.0
933,2026-02-27,2026,2,9,Friday,False,2of12_tue_fri,Tuesday+Friday,5 aus 50 und 2 aus 12,50,12,7,17,19,28,47,2,7,"47,19,28,17,7","2,7",60040812.0,73000000.0,True,1,74788336.0,74788336.0,2026-03-03,10000000.0,1181828,91221845.6
934,2026-03-03,2026,3,10,Tuesday,False,2of12_tue_fri,Tuesday+Friday,5 aus 50 und 2 aus 12,50,12,1,9,14,35,49,2,10,"1,49,14,35,9","2,10",29574464.0,10000000.0,True,1,10000000.0,10000000.0,2026-03-06,10000000.0,449117,16844773.1
935,2026-03-06,2026,3,10,Friday,False,2of12_tue_fri,Tuesday+Friday,5 aus 50 und 2 aus 12,50,12,8,17,26,31,47,1,6,"47,8,26,17,31","1,6",39289578.0,10000000.0,False,0,,0.0,2026-03-10,15000000.0,604495,9086275.5
936,2026-03-10,2026,3,11,Tuesday,False,2of12_tue_fri,Tuesday+Friday,5 aus 50 und 2 aus 12,50,12,2,3,17,18,28,4,10,"3,18,28,2,17","10,4",29315266.0,15000000.0,False,0,,0.0,2026-03-13,22000000.0,494882,11011836.7
937,2026-03-13,2026,3,11,Friday,False,2of12_tue_fri,Tuesday+Friday,5 aus 50 und 2 aus 12,50,12,7,23,37,44,47,2,6,"37,7,23,47,44","2,6",45829360.0,22000000.0,False,0,,0.0,2026-03-17,30000000.0,779786,12560952.5
938,2026-03-17,2026,3,12,Tuesday,False,2of12_tue_fri,Tuesday+Friday,5 aus 50 und 2 aus 12,50,12,12,13,16,17,37,4,11,"13,17,12,37,16","4,11",32567216.0,30000000.0,False,0,,0.0,2026-03-20,40000000.0,523088,8939840.3
939,2026-03-20,2026,3,12,Friday,False,2of12_tue_fri,Tuesday+Friday,5 aus 50 und 2 aus 12,50,12,2,17,21,25,30,2,6,"2,25,21,17,30","2,6",46363754.0,40000000.0,False,0,,0.0,2026-03-24,49000000.0,794611,12723460.9
940,2026-03-24,2026,3,13,Tuesday,False,2of12_tue_fri,Tuesday+Friday,5 aus 50 und 2 aus 12,50,12,9,15,23,43,48,3,5,"48,15,9,23,43","5,3",36145482.0,49000000.0,False,0,,0.0,2026-03-27,59000000.0,620231,9903467.9
941,2026-03-27,2026,3,13,Friday,False,2of12_tue_fri,Tuesday+Friday,5 aus 50 und 2 aus 12,50,12,21,23,25,38,40,7,11,"38,23,40,25,21","11,7",51363336.0,59000000.0,False,0,,0.0,2026-03-31,69000000.0,731544,14071367.4
942,2026-03-31,2026,3,14,Tuesday,False,2of12_tue_fri,Tuesday+Friday,5 aus 50 und 2 aus 12,50,12,5,15,18,20,35,7,8,"15,5,18,35,20","7,8",43647572.0,69000000.0,True,1,70718366.9,70718366.9,2026-04-03,10000000.0,750333,82701203.1
943,2026-04-03,2026,4,14,Friday,False,2of12_tue_fri,Tuesday+Friday,5 aus 50 und 2 aus 12,50,12,9,10,18,22,37,1,11,"22,9,10,18,37","1,11",39271390.0,10000000.0,True,1,10000000.0,10000000.0,2026-04-07,10000000.0,556760,20759803.3
944,2026-04-07,2026,4,15,Tuesday,False,2of12_tue_fri,Tuesday+Friday,5 aus 50 und 2 aus 12,50,12,2,4,16,23,27,5,8,"27,23,2,16,4","5,8",26558550.0,10000000.0,True,2,5000000.0,10000000.0,2026-04-10,10000000.0,505113,17287794.9
945,2026-04-10,2026,4,15,Friday,False,2of12_tue_fri,Tuesday+Friday,5 aus 50 und 2 aus 12,50,12,1,6,11,18,48,10,12,"48,1,11,18,6","12,10",38801232.0,10000000.0,False,0,,0.0,2026-04-14,14000000.0,533890,8976603.8
946,2026-04-14,2026,4,16,Tuesday,False,2of12_tue_fri,Tuesday+Friday,5 aus 50 und 2 aus 12,50,12,13,22,32,46,47,6,7,"13,46,32,22,47","6,7",29282880.0,14000000.0,False,0,,0.0,2026-04-17,22000000.0,458443,6761946.1
947,2026-04-17,2026,4,16,Friday,False,2of12_tue_fri,Tuesday+Friday,5 aus 50 und 2 aus 12,50,12,16,31,35,43,44,2,9,"44,16,43,31,35","2,9",42338608.0,22000000.0,False,0,,0.0,2026-04-21,28000000.0,632431,9777807.2
948,2026-04-21,2026,4,17,Tuesday,False,2of12_tue_fri,Tuesday+Friday,5 aus 50 und 2 aus 12,50,12,31,32,36,39,47,7,8,"32,47,39,36,31","7,8",32226290.0,28000000.0,False,0,,0.0,2026-04-24,36000000.0,461290,13570790.6
949,2026-04-24,2026,4,17,Friday,False,2of12_tue_fri,Tuesday+Friday,5 aus 50 und 2 aus 12,50,12,6,21,29,39,44,1,5,"29,44,6,21,39","1,5",45210608.0,36000000.0,False,0,,0.0,2026-04-28,45000000.0,675273,12416450.8
950,2026-04-28,2026,4,18,Tuesday,False,2of12_tue_fri,Tuesday+Friday,5 aus 50 und 2 aus 12,50,12,19,20,41,43,46,5,7,"43,41,19,20,46","5,7",35403804.0,45000000.0,False,0,,0.0,2026-05-01,55000000.0,537319,9716947.4
951,2026-05-01,2026,5,18,Friday,False,2of12_tue_fri,Tuesday+Friday,5 aus 50 und 2 aus 12,50,12,10,11,13,16,27,5,7,"27,11,13,10,16","5,7",47543774.0,55000000.0,False,0,,0.0,2026-05-05,64000000.0,932590,13042757.2
952,2026-05-05,2026,5,19,Tuesday,False,2of12_tue_fri,Tuesday+Friday,5 aus 50 und 2 aus 12,50,12,1,30,33,34,43,5,10,"33,1,43,30,34","5,10",40929764.0,64000000.0,False,0,,0.0,2026-05-08,76000000.0,583995,9450549.5
953,2026-05-08,2026,5,19,Friday,False,2of12_tue_fri,Tuesday+Friday,5 aus 50 und 2 aus 12,50,12,3,17,18,31,41,6,12,"3,41,18,17,31","6,12",57770926.0,76000000.0,False,0,,0.0,2026-05-12,87000000.0,818914,17605994.7
954,2026-05-12,2026,5,20,Tuesday,False,2of12_tue_fri,Tuesday+Friday,5 aus 50 und 2 aus 12,50,12,7,15,19,28,35,3,11,"28,15,35,7,19","11,3",50704176.0,87000000.0,False,0,,0.0,2026-05-15,102000000.0,900169,13891677.6
955,2026-05-15,2026,5,20,Friday,False,2of12_tue_fri,Tuesday+Friday,5 aus 50 und 2 aus 12,50,12,1,32,33,36,37,7,12,"1,36,33,37,32","7,12",77015624.0,102000000.0,False,0,,0.0,2026-05-19,118000000.0,1019690,21161295.5
956,2026-05-19,2026,5,21,Tuesday,False,2of12_tue_fri,Tuesday+Friday,5 aus 50 und 2 aus 12,50,12,10,36,37,39,47,5,6,"47,39,10,36,37","5,6",70530278.0,118000000.0,False,0,,0.0,2026-05-22,120000000.0,1038008,21115386.1
957,2026-05-22,2026,5,21,Friday,False,2of12_tue_fri,Tuesday+Friday,5 aus 50 und 2 aus 12,50,12,5,34,35,42,46,3,5,"46,5,35,34,42","5,3",90896868.0,120000000.0,False,0,,0.0,2026-05-26,120000000.0,1512171,44525187.2
958,2026-05-26,2026,5,22,Tuesday,False,2of12_tue_fri,Tuesday+Friday,5 aus 50 und 2 aus 12,50,12,5,11,23,33,42,10,12,"42,11,33,23,5","12,10",71955042.0,120000000.0,True,1,120000000.0,120000000.0,2026-05-29,10000000.0,1071650,156880068.6
959,2026-05-29,2026,5,22,Friday,False,2of12_tue_fri,Tuesday+Friday,5 aus 50 und 2 aus 12,50,12,3,20,21,42,49,5,6,"20,3,21,49,42","5,6",42645130.0,10000000.0,False,0,,0.0,2026-06-02,18000000.0,691571,11676029.5
960,2026-06-02,2026,6,23,Tuesday,False,2of12_tue_fri,Tuesday+Friday,5 aus 50 und 2 aus 12,50,12,2,36,38,40,46,7,8,"36,46,40,2,38","8,7",31375950.0,18000000.0,False,0,,0.0,2026-06-05,27000000.0,440830,8596933.3
961,2026-06-05,2026,6,23,Friday,False,2of12_tue_fri,Tuesday+Friday,5 aus 50 und 2 aus 12,50,12,21,23,44,47,50,1,7,"50,47,21,23,44","1,7",42957408.0,27000000.0,False,0,,0.0,2026-06-09,35000000.0,640866,11789555.3
962,2026-06-09,2026,6,24,Tuesday,False,2of12_tue_fri,Tuesday+Friday,5 aus 50 und 2 aus 12,50,12,1,14,22,39,48,8,11,"1,39,22,48,14","8,11",34064698.0,35000000.0,False,0,,0.0,2026-06-12,45000000.0,477763,9349043.5
963,2026-06-12,2026,6,24,Friday,False,2of12_tue_fri,Tuesday+Friday,5 aus 50 und 2 aus 12,50,12,2,4,14,18,28,9,11,"2,28,18,4,14","9,11",46788624.0,45000000.0,False,0,,0.0,2026-06-16,54000000.0,705977,12805231.0
964,2026-06-16,2026,6,25,Tuesday,False,2of12_tue_fri,Tuesday+Friday,5 aus 50 und 2 aus 12,50,12,9,26,29,37,42,1,7,"37,26,29,9,42","1,7",37581108.0,54000000.0,False,0,,0.0,2026-06-19,65000000.0,585968,10309476.0
965,2026-06-19,2026,6,25,Friday,False,2of12_tue_fri,Tuesday+Friday,5 aus 50 und 2 aus 12,50,12,16,27,37,42,45,5,12,"37,45,42,27,16","12,5",50690494.0,65000000.0,False,0,,0.0,2026-06-23,74000000.0,713765,13902715.1
966,2026-06-23,2026,6,26,Tuesday,False,2of12_tue_fri,Tuesday+Friday,5 aus 50 und 2 aus 12,50,12,24,27,43,48,50,4,12,"50,48,24,27,43","4,12",41284086.0,74000000.0,False,0,,0.0,2026-06-26,86000000.0,572771,11340765.1
967,2026-06-26,2026,6,26,Friday,False,2of12_tue_fri,Tuesday+Friday,5 aus 50 und 2 aus 12,50,12,17,25,35,39,41,5,9,"39,25,17,35,41","5,9",55985074.0,86000000.0,True,1,87264546.9,87264546.9,2026-06-30,10000000.0,931599,102595046.4
968,2026-06-30,2026,6,27,Tuesday,False,2of12_tue_fri,Tuesday+Friday,5 aus 50 und 2 aus 12,50,12,12,19,34,44,50,3,8,"12,34,44,50,19","8,3",28987610.0,10000000.0,False,0,,0.0,2026-07-03,17000000.0,501357,7942101.6
969,2026-07-03,2026,7,27,Friday,False,2of12_tue_fri,Tuesday+Friday,5 aus 50 und 2 aus 12,50,12,4,9,20,25,28,1,3,"25,9,20,28,4","3,1",40374514.0,17000000.0,False,0,,0.0,2026-07-07,23000000.0,677181,11086382.5
970,2026-07-07,2026,7,28,Tuesday,False,2of12_tue_fri,Tuesday+Friday,5 aus 50 und 2 aus 12,50,12,6,16,24,41,46,2,3,"6,16,41,46,24","3,2",31513082.0,23000000.0,False,0,,0.0,2026-07-10,32000000.0,477981,7275125.8
971,2026-07-10,2026,7,28,Friday,False,2of12_tue_fri,Tuesday+Friday,5 aus 50 und 2 aus 12,50,12,13,25,28,42,45,5,12,"42,25,45,28,13","5,12",43246068.0,32000000.0,False,0,,0.0,2026-07-14,40000000.0,632647,13237122.7
972,2026-07-14,2026,7,29,Tuesday,False,2of12_tue_fri,Tuesday+Friday,5 aus 50 und 2 aus 12,50,12,5,6,17,34,36,3,11,"34,6,36,17,5","3,11",33954714.0,40000000.0,False,0,,0.0,2026-07-17,50000000.0,539868,9314698.1
973,2026-07-17,2026,7,29,Friday,False,2of12_tue_fri,Tuesday+Friday,5 aus 50 und 2 aus 12,50,12,6,21,31,47,48,2,9,"47,48,6,21,31","2,9",46739512.0,50000000.0,False,0,,0.0,2026-07-21,59000000.0,701446,12821150.6
974,2026-07-21,2026,7,30,Tuesday,False,2of12_tue_fri,Tuesday+Friday,5 aus 50 und 2 aus 12,50,12,4,8,10,17,37,5,7,"10,37,4,8,17","5,7",37096516.0,59000000.0,False,0,,0.0,2026-07-24,70000000.0,705440,10147183.8
975,2026-07-24,2026,7,30,Friday,False,2of12_tue_fri,Tuesday+Friday,5 aus 50 und 2 aus 12,50,12,4,6,8,17,22,7,10,"4,8,6,17,22","10,7",53028756.0,70000000.0,True,1,71262143.1,71262143.1,2026-07-28,10000000.0,943132,85797911.3
976,2026-07-28,2026,7,31,Tuesday,False,2of12_tue_fri,Tuesday+Friday,5 aus 50 und 2 aus 12,50,12,11,25,40,41,45,1,5,"41,25,40,45,11","1,5",28554600.0,10000000.0,False,0,,0.0,2026-07-31,17000000.0,402912,7832951.5
977,2026-07-31,2026,7,31,Friday,False,2of12_tue_fri,Tuesday+Friday,5 aus 50 und 2 aus 12,50,12,4,10,20,40,41,4,6,"20,40,4,10,41","4,6",39940054.0,17000000.0,False,0,,0.0,2026-08-04,23000000.0,615620,10956775.0
978,2026-08-04,2026,8,32,Tuesday,False,2of12_tue_fri,Tuesday+Friday,5 aus 50 und 2 aus 12,50,12,3,17,30,35,43,1,12,"17,30,43,3,35","12,1",31132922.0,23000000.0,False,0,,0.0,2026-08-07,32000000.0,427210,8534748.9
979,2026-08-07,2026,8,32,Friday,False,2of12_tue_fri,Tuesday+Friday,5 aus 50 und 2 aus 12,50,12,1,3,6,13,23,5,7,"1,13,3,23,6","5,7",42973770.0,32000000.0,True,1,32658025.0,32658025.0,2026-08-11,10000000.0,860662,44406958.2
980,2026-08-11,2026,8,33,Tuesday,False,2of12_tue_fri,Tuesday+Friday,5 aus 50 und 2 aus 12,50,12,4,11,12,16,30,8,9,"30,11,16,4,12","9,8",27969062.0,10000000.0,False,0,,0.0,2026-08-14,17000000.0,488063,7661502.8
981,2026-08-14,2026,8,33,Friday,False,2of12_tue_fri,Tuesday+Friday,5 aus 50 und 2 aus 12,50,12,5,26,28,30,40,3,6,"28,26,5,30,40","6,3",40158650.0,17000000.0,False,0,,0.0,2026-08-18,22000000.0,650365,11003302.9
982,2026-08-18,2026,8,34,Tuesday,False,2of12_tue_fri,Tuesday+Friday,5 aus 50 und 2 aus 12,50,12,15,22,24,34,42,4,7,"34,15,42,22,24","4,7",29812478.0,22000000.0,False,0,,0.0,2026-08-21,31000000.0,518779,8155881.4
983,2026-08-21,2026,8,34,Friday,False,2of12_tue_fri,Tuesday+Friday,5 aus 50 und 2 aus 12,50,12,25,35,45,46,50,4,8,"45,25,35,50,46","8,4",42228350.0,31000000.0,False,0,,0.0,2026-08-25,39000000.0,615339,11608440.5
984,2026-08-25,2026,8,35,Tuesday,False,2of12_tue_fri,Tuesday+Friday,5 aus 50 und 2 aus 12,50,12,4,5,7,48,50,4,5,"7,4,50,48,5","5,4",32434478.0,39000000.0,True,1,39496021.6,39496021.6,2026-08-28,10000000.0,522705,48395029.7
985,2026-08-28,2026,8,35,Friday,False,2of12_tue_fri,Tuesday+Friday,5 aus 50 und 2 aus 12,50,12,23,34,39,45,49,1,4,"45,34,39,23,49","1,4",37216430.0,10000000.0,False,0,,0.0,2026-09-01,15000000.0,525463,10214958.7
986,2026-09-01,2026,9,36,Tuesday,False,2of12_tue_fri,Tuesday+Friday,5 aus 50 und 2 aus 12,50,12,9,14,35,43,50,3,7,"9,35,50,14,43","3,7",29786222.0,15000000.0,False,0,,0.0,2026-09-04,23000000.0,492507,8184793.4
987,2026-09-04,2026,9,36,Friday,False,2of12_tue_fri,Tuesday+Friday,5 aus 50 und 2 aus 12,50,12,5,14,31,33,43,3,4,"14,43,33,5,31","4,3",40650366.0,23000000.0,False,0,,0.0,2026-09-08,31000000.0,658661,9422987.4
988,2026-09-08,2026,9,37,Tuesday,False,2of12_tue_fri,Tuesday+Friday,5 aus 50 und 2 aus 12,50,12,14,27,34,36,47,3,4,"47,14,27,34,36","4,3",31777554.0,31000000.0,False,0,,0.0,2026-09-11,40000000.0,528893,10462952.9
989,2026-09-11,2026,9,37,Friday,False,2of12_tue_fri,Tuesday+Friday,5 aus 50 und 2 aus 12,50,12,14,21,35,37,49,1,12,"21,35,14,37,49","1,12",44541730.0,40000000.0,False,0,,0.0,2026-09-15,48000000.0,593655,12209698.9
990,2026-09-15,2026,9,38,Tuesday,False,2of12_tue_fri,Tuesday+Friday,5 aus 50 und 2 aus 12,50,12,5,6,10,27,42,1,8,"42,6,27,10,5","1,8",34576850.0,48000000.0,False,0,,0.0,2026-09-18,59000000.0,551387,9471996.2
