draw_id,draw_date,prize_class,match_code,description_en,short_label,winners,payout_eur,total_paid_eur
1,2012-03-23,1,5+2,Match 5 + 2 Euro numbers,5 + 2,0,0.0,0.0
1,2012-03-23,2,5+1,Match 5 + 1 Euro number,5 + 1,0,0.0,0.0
1,2012-03-23,3,5+0,Match 5 + 0 Euro numbers,5 + 0,2,42755.0,85510.0
1,2012-03-23,4,4+2,Match 4 + 2 Euro numbers,4 + 2,12,6577.7,78932.4
1,2012-03-23,5,4+1,Match 4 + 1 Euro number,4 + 1,245,255.0,62475.0
1,2012-03-23,6,4+0,Match 4 + 0 Euro numbers,4 + 0,302,130.6,39441.2
1,2012-03-23,7,3+2,Match 3 + 2 Euro numbers,3 + 2,763,73.2,55851.6
1,2012-03-23,8,3+1,Match 3 + 1 Euro number,3 + 1,11848,22.7,268949.6
1,2012-03-23,9,2+2,Match 2 + 2 Euro numbers,2 + 2,11675,19.4,226495.0
1,2012-03-23,10,3+0,Match 3 + 0 Euro numbers,3 + 0,15319,15.4,235912.6
1,2012-03-23,11,1+2,Match 1 + 2 Euro numbers,1 + 2,64513,12.2,787058.6
1,2012-03-23,12,2+1,Match 2 + 1 Euro number,2 + 1,178977,8.4,1503406.8
2,2012-03-30,1,5+2,Match 5 + 2 Euro numbers,5 + 2,0,0.0,0.0
2,2012-03-30,2,5+1,Match 5 + 1 Euro number,5 + 1,9,69118.2,622063.8
2,2012-03-30,3,5+0,Match 5 + 0 Euro numbers,5 + 0,3,25408.8,76226.4
2,2012-03-30,4,4+2,Match 4 + 2 Euro numbers,4 + 2,46,1529.6,70361.6
2,2012-03-30,5,4+1,Match 4 + 1 Euro number,4 + 1,667,83.5,55694.5
2,2012-03-30,6,4+0,Match 4 + 0 Euro numbers,4 + 0,903,38.9,35126.7
2,2012-03-30,7,3+2,Match 3 + 2 Euro numbers,3 + 2,1514,32.9,49810.6
2,2012-03-30,8,3+1,Match 3 + 1 Euro number,3 + 1,19123,12.5,239037.5
2,2012-03-30,9,2+2,Match 2 + 2 Euro numbers,2 + 2,16957,11.9,201788.3
2,2012-03-30,10,3+0,Match 3 + 0 Euro numbers,3 + 0,26050,9.1,237055.0
2,2012-03-30,11,1+2,Match 1 + 2 Euro numbers,1 + 2,74366,9.1,676730.6
2,2012-03-30,12,2+1,Match 2 + 1 Euro number,2 + 1,198640,6.7,1330888.0
3,2012-04-06,1,5+2,Match 5 + 2 Euro numbers,5 + 2,0,0.0,0.0
3,2012-04-06,2,5+1,Match 5 + 1 Euro number,5 + 1,1,312639.2,312639.2
3,2012-04-06,3,5+0,Match 5 + 0 Euro numbers,5 + 0,1,81286.2,81286.2
3,2012-04-06,4,4+2,Match 4 + 2 Euro numbers,4 + 2,12,6252.7,75032.4
3,2012-04-06,5,4+1,Match 4 + 1 Euro number,4 + 1,185,321.0,59385.0
3,2012-04-06,6,4+0,Match 4 + 0 Euro numbers,4 + 0,248,151.2,37497.6
3,2012-04-06,7,3+2,Match 3 + 2 Euro numbers,3 + 2,852,62.3,53079.6
3,2012-04-06,8,3+1,Match 3 + 1 Euro number,3 + 1,10782,23.7,255533.4
3,2012-04-06,9,2+2,Match 2 + 2 Euro numbers,2 + 2,14301,15.8,225955.8
3,2012-04-06,10,3+0,Match 3 + 0 Euro numbers,3 + 0,13437,15.8,212304.6
3,2012-04-06,11,1+2,Match 1 + 2 Euro numbers,1 + 2,77156,9.7,748413.2
3,2012-04-06,12,2+1,Match 2 + 1 Euro number,2 + 1,181709,7.8,1417330.2
4,2012-04-13,1,5+2,Match 5 + 2 Euro numbers,5 + 2,0,0.0,0.0
4,2012-04-13,2,5+1,Match 5 + 1 Euro number,5 + 1,0,0.0,0.0
4,2012-04-13,3,5+0,Match 5 + 0 Euro numbers,5 + 0,0,0.0,0.0
4,2012-04-13,4,4+2,Match 4 + 2 Euro numbers,4 + 2,28,2791.5,78162.0
4,2012-04-13,5,4+1,Match 4 + 1 Euro number,4 + 1,387,159.8,61842.6
4,2012-04-13,6,4+0,Match 4 + 0 Euro numbers,4 + 0,497,78.6,39064.2
4,2012-04-13,7,3+2,Match 3 + 2 Euro numbers,3 + 2,1169,47.3,55293.7
4,2012-04-13,8,3+1,Match 3 + 1 Euro number,3 + 1,17373,15.3,265806.9
4,2012-04-13,9,2+2,Match 2 + 2 Euro numbers,2 + 2,15794,14.2,224274.8
4,2012-04-13,10,3+0,Match 3 + 0 Euro numbers,3 + 0,21700,10.8,234360.0
4,2012-04-13,11,1+2,Match 1 + 2 Euro numbers,1 + 2,73909,10.5,776044.5
4,2012-04-13,12,2+1,Match 2 + 1 Euro number,2 + 1,230152,6.4,1472972.8
5,2012-04-20,1,5+2,Match 5 + 2 Euro numbers,5 + 2,0,0.0,0.0
5,2012-04-20,2,5+1,Match 5 + 1 Euro number,5 + 1,1,640891.6,640891.6
5,2012-04-20,3,5+0,Match 5 + 0 Euro numbers,5 + 0,1,166631.8,166631.8
5,2012-04-20,4,4+2,Match 4 + 2 Euro numbers,4 + 2,23,3289.1,75649.3
5,2012-04-20,5,4+1,Match 4 + 1 Euro number,4 + 1,221,270.9,59868.9
5,2012-04-20,6,4+0,Match 4 + 0 Euro numbers,4 + 0,272,139.0,37808.0
5,2012-04-20,7,3+2,Match 3 + 2 Euro numbers,3 + 2,935,57.3,53575.5
5,2012-04-20,8,3+1,Match 3 + 1 Euro number,3 + 1,10163,25.4,258140.2
5,2012-04-20,9,2+2,Match 2 + 2 Euro numbers,2 + 2,14154,16.7,236371.8
5,2012-04-20,10,3+0,Match 3 + 0 Euro numbers,3 + 0,12395,16.7,206996.5
5,2012-04-20,11,1+2,Match 1 + 2 Euro numbers,1 + 2,79453,9.5,754803.5
5,2012-04-20,12,2+1,Match 2 + 1 Euro number,2 + 1,155150,9.3,1442895.0
6,2012-04-27,1,5+2,Match 5 + 2 Euro numbers,5 + 2,0,0.0,0.0
6,2012-04-27,2,5+1,Match 5 + 1 Euro number,5 + 1,1,303201.9,303201.9
6,2012-04-27,3,5+0,Match 5 + 0 Euro numbers,5 + 0,0,0.0,0.0
6,2012-04-27,4,4+2,Match 4 + 2 Euro numbers,4 + 2,11,6615.3,72768.3
6,2012-04-27,5,4+1,Match 4 + 1 Euro number,4 + 1,277,207.9,57588.3
6,2012-04-27,6,4+0,Match 4 + 0 Euro numbers,4 + 0,312,116.6,36379.2
6,2012-04-27,7,3+2,Match 3 + 2 Euro numbers,3 + 2,1022,50.4,51508.8
6,2012-04-27,8,3+1,Match 3 + 1 Euro number,3 + 1,11445,21.7,248356.5
6,2012-04-27,9,2+2,Match 2 + 2 Euro numbers,2 + 2,16412,14.4,236332.8
6,2012-04-27,10,3+0,Match 3 + 0 Euro numbers,3 + 0,13276,14.4,191174.4
6,2012-04-27,11,1+2,Match 1 + 2 Euro numbers,1 + 2,90274,8.0,722192.0
6,2012-04-27,12,2+1,Match 2 + 1 Euro number,2 + 1,178350,7.8,1391130.0
7,2012-05-04,1,5+2,Match 5 + 2 Euro numbers,5 + 2,0,0.0,0.0
7,2012-05-04,2,5+1,Match 5 + 1 Euro number,5 + 1,0,0.0,0.0
7,2012-05-04,3,5+0,Match 5 + 0 Euro numbers,5 + 0,1,157233.4,157233.4
7,2012-05-04,4,4+2,Match 4 + 2 Euro numbers,4 + 2,12,6030.8,72369.6
7,2012-05-04,5,4+1,Match 4 + 1 Euro number,4 + 1,141,406.3,57288.3
7,2012-05-04,6,4+0,Match 4 + 0 Euro numbers,4 + 0,179,202.1,36175.9
7,2012-05-04,7,3+2,Match 3 + 2 Euro numbers,3 + 2,776,66.0,51216.0
7,2012-05-04,8,3+1,Match 3 + 1 Euro number,3 + 1,8492,29.1,247117.2
7,2012-05-04,9,2+2,Match 2 + 2 Euro numbers,2 + 2,13307,17.8,236864.6
7,2012-05-04,10,3+0,Match 3 + 0 Euro numbers,3 + 0,10478,17.8,186508.4
7,2012-05-04,11,1+2,Match 1 + 2 Euro numbers,1 + 2,83258,9.4,782625.2
7,2012-05-04,12,2+1,Match 2 + 1 Euro number,2 + 1,139493,9.4,1311234.2
8,2012-05-11,1,5+2,Match 5 + 2 Euro numbers,5 + 2,1,19536863.8,19536863.8
8,2012-05-11,2,5+1,Match 5 + 1 Euro number,5 + 1,1,617557.1,617557.1
8,2012-05-11,3,5+0,Match 5 + 0 Euro numbers,5 + 0,1,82163.9,82163.9
8,2012-05-11,4,4+2,Match 4 + 2 Euro numbers,4 + 2,23,3297.5,75842.5
8,2012-05-11,5,4+1,Match 4 + 1 Euro number,4 + 1,226,265.6,60025.6
8,2012-05-11,6,4+0,Match 4 + 0 Euro numbers,4 + 0,304,124.7,37908.8
8,2012-05-11,7,3+2,Match 3 + 2 Euro numbers,3 + 2,829,64.8,53719.2
8,2012-05-11,8,3+1,Match 3 + 1 Euro number,3 + 1,9939,26.0,258414.0
8,2012-05-11,9,2+2,Match 2 + 2 Euro numbers,2 + 2,12640,17.2,217408.0
8,2012-05-11,10,3+0,Match 3 + 0 Euro numbers,3 + 0,13951,16.3,227401.3
8,2012-05-11,11,1+2,Match 1 + 2 Euro numbers,1 + 2,72228,10.5,758394.0
8,2012-05-11,12,2+1,Match 2 + 1 Euro number,2 + 1,152140,9.5,1445330.0
9,2012-05-18,1,5+2,Match 5 + 2 Euro numbers,5 + 2,0,0.0,0.0
9,2012-05-18,2,5+1,Match 5 + 1 Euro number,5 + 1,1,278529.7,278529.7
9,2012-05-18,3,5+0,Match 5 + 0 Euro numbers,5 + 0,1,72417.7,72417.7
9,2012-05-18,4,4+2,Match 4 + 2 Euro numbers,4 + 2,16,4177.9,66846.4
9,2012-05-18,5,4+1,Match 4 + 1 Euro number,4 + 1,182,290.7,52907.4
9,2012-05-18,6,4+0,Match 4 + 0 Euro numbers,4 + 0,241,138.6,33402.6
9,2012-05-18,7,3+2,Match 3 + 2 Euro numbers,3 + 2,729,64.9,47312.1
9,2012-05-18,8,3+1,Match 3 + 1 Euro number,3 + 1,9556,23.9,228388.4
9,2012-05-18,9,2+2,Match 2 + 2 Euro numbers,2 + 2,12424,16.1,200026.4
9,2012-05-18,10,3+0,Match 3 + 0 Euro numbers,3 + 0,11857,16.1,190897.7
9,2012-05-18,11,1+2,Match 1 + 2 Euro numbers,1 + 2,68999,9.6,662390.4
9,2012-05-18,12,2+1,Match 2 + 1 Euro number,2 + 1,154735,8.2,1268827.0
10,2012-05-25,1,5+2,Match 5 + 2 Euro numbers,5 + 2,0,0.0,0.0
10,2012-05-25,2,5+1,Match 5 + 1 Euro number,5 + 1,2,133522.1,267044.2
10,2012-05-25,3,5+0,Match 5 + 0 Euro numbers,5 + 0,0,0.0,0.0
10,2012-05-25,4,4+2,Match 4 + 2 Euro numbers,4 + 2,17,3770.0,64090.0
10,2012-05-25,5,4+1,Match 4 + 1 Euro number,4 + 1,214,237.0,50718.0
10,2012-05-25,6,4+0,Match 4 + 0 Euro numbers,4 + 0,275,116.5,32037.5
10,2012-05-25,7,3+2,Match 3 + 2 Euro numbers,3 + 2,782,58.0,45356.0
10,2012-05-25,8,3+1,Match 3 + 1 Euro number,3 + 1,10260,21.3,218538.0
10,2012-05-25,9,2+2,Match 2 + 2 Euro numbers,2 + 2,11965,15.5,185457.5
10,2012-05-25,10,3+0,Match 3 + 0 Euro numbers,3 + 0,12257,15.5,189983.5
10,2012-05-25,11,1+2,Match 1 + 2 Euro numbers,1 + 2,66096,9.6,634521.6
10,2012-05-25,12,2+1,Match 2 + 1 Euro number,2 + 1,155436,7.8,1212400.8
11,2012-06-01,1,5+2,Match 5 + 2 Euro numbers,5 + 2,0,0.0,0.0
11,2012-06-01,2,5+1,Match 5 + 1 Euro number,5 + 1,0,0.0,0.0
11,2012-06-01,3,5+0,Match 5 + 0 Euro numbers,5 + 0,1,140263.6,140263.6
11,2012-06-01,4,4+2,Match 4 + 2 Euro numbers,4 + 2,19,3441.2,65382.8
11,2012-06-01,5,4+1,Match 4 + 1 Euro number,4 + 1,193,268.1,51743.3
11,2012-06-01,6,4+0,Match 4 + 0 Euro numbers,4 + 0,228,143.3,32672.4
11,2012-06-01,7,3+2,Match 3 + 2 Euro numbers,3 + 2,1207,38.3,46228.1
11,2012-06-01,8,3+1,Match 3 + 1 Euro number,3 + 1,10525,21.2,223130.0
11,2012-06-01,9,2+2,Match 2 + 2 Euro numbers,2 + 2,19582,12.0,234984.0
11,2012-06-01,10,3+0,Match 3 + 0 Euro numbers,3 + 0,12174,12.0,146088.0
11,2012-06-01,11,1+2,Match 1 + 2 Euro numbers,1 + 2,108691,7.1,771706.1
11,2012-06-01,12,2+1,Match 2 + 1 Euro number,2 + 1,158809,7.1,1127543.9
12,2012-06-08,1,5+2,Match 5 + 2 Euro numbers,5 + 2,0,0.0,0.0
12,2012-06-08,2,5+1,Match 5 + 1 Euro number,5 + 1,1,549644.1,549644.1
12,2012-06-08,3,5+0,Match 5 + 0 Euro numbers,5 + 0,0,0.0,0.0
12,2012-06-08,4,4+2,Match 4 + 2 Euro numbers,4 + 2,12,5544.2,66530.4
12,2012-06-08,5,4+1,Match 4 + 1 Euro number,4 + 1,209,252.0,52668.0
12,2012-06-08,6,4+0,Match 4 + 0 Euro numbers,4 + 0,238,139.7,33248.6
12,2012-06-08,7,3+2,Match 3 + 2 Euro numbers,3 + 2,683,68.9,47058.7
12,2012-06-08,8,3+1,Match 3 + 1 Euro number,3 + 1,10533,21.5,226459.5
12,2012-06-08,9,2+2,Match 2 + 2 Euro numbers,2 + 2,9364,20.4,191025.6
12,2012-06-08,10,3+0,Match 3 + 0 Euro numbers,3 + 0,12650,15.7,198605.0
12,2012-06-08,11,1+2,Match 1 + 2 Euro numbers,1 + 2,51805,12.8,663104.0
12,2012-06-08,12,2+1,Match 2 + 1 Euro number,2 + 1,157297,8.0,1258376.0
13,2012-06-15,1,5+2,Match 5 + 2 Euro numbers,5 + 2,0,0.0,0.0
13,2012-06-15,2,5+1,Match 5 + 1 Euro number,5 + 1,1,278306.0,278306.0
13,2012-06-15,3,5+0,Match 5 + 0 Euro numbers,5 + 0,0,0.0,0.0
13,2012-06-15,4,4+2,Match 4 + 2 Euro numbers,4 + 2,11,6072.1,66793.1
13,2012-06-15,5,4+1,Match 4 + 1 Euro number,4 + 1,225,235.0,52875.0
13,2012-06-15,6,4+0,Match 4 + 0 Euro numbers,4 + 0,254,131.4,33375.6
13,2012-06-15,7,3+2,Match 3 + 2 Euro numbers,3 + 2,798,59.2,47241.6
13,2012-06-15,8,3+1,Match 3 + 1 Euro number,3 + 1,11006,20.7,227824.2
13,2012-06-15,9,2+2,Match 2 + 2 Euro numbers,2 + 2,11515,16.6,191149.0
13,2012-06-15,10,3+0,Match 3 + 0 Euro numbers,3 + 0,14109,14.2,200347.8
13,2012-06-15,11,1+2,Match 1 + 2 Euro numbers,1 + 2,61505,10.8,664254.0
13,2012-06-15,12,2+1,Match 2 + 1 Euro number,2 + 1,165695,7.7,1275851.5
14,2012-06-22,1,5+2,Match 5 + 2 Euro numbers,5 + 2,0,0.0,0.0
14,2012-06-22,2,5+1,Match 5 + 1 Euro number,5 + 1,1,279528.5,279528.5
14,2012-06-22,3,5+0,Match 5 + 0 Euro numbers,5 + 0,0,0.0,0.0
14,2012-06-22,4,4+2,Match 4 + 2 Euro numbers,4 + 2,16,4192.9,67086.4
14,2012-06-22,5,4+1,Match 4 + 1 Euro number,4 + 1,172,308.7,53096.4
14,2012-06-22,6,4+0,Match 4 + 0 Euro numbers,4 + 0,196,171.1,33535.6
14,2012-06-22,7,3+2,Match 3 + 2 Euro numbers,3 + 2,715,66.4,47476.0
14,2012-06-22,8,3+1,Match 3 + 1 Euro number,3 + 1,8738,26.2,228935.6
14,2012-06-22,9,2+2,Match 2 + 2 Euro numbers,2 + 2,11904,17.1,203558.4
14,2012-06-22,10,3+0,Match 3 + 0 Euro numbers,3 + 0,11013,17.1,188322.3
14,2012-06-22,11,1+2,Match 1 + 2 Euro numbers,1 + 2,65554,10.2,668650.8
14,2012-06-22,12,2+1,Match 2 + 1 Euro number,2 + 1,151173,8.4,1269853.2
15,2012-06-29,1,5+2,Match 5 + 2 Euro numbers,5 + 2,0,0.0,0.0
15,2012-06-29,2,5+1,Match 5 + 1 Euro number,5 + 1,2,192570.4,385140.8
15,2012-06-29,3,5+0,Match 5 + 0 Euro numbers,5 + 0,1,192570.4,192570.4
15,2012-06-29,4,4+2,Match 4 + 2 Euro numbers,4 + 2,17,4040.3,68685.1
15,2012-06-29,5,4+1,Match 4 + 1 Euro number,4 + 1,325,167.3,54372.5
15,2012-06-29,6,4+0,Match 4 + 0 Euro numbers,4 + 0,400,85.8,34320.0
15,2012-06-29,7,3+2,Match 3 + 2 Euro numbers,3 + 2,858,56.7,48648.6
15,2012-06-29,8,3+1,Match 3 + 1 Euro number,3 + 1,15663,16.0,250608.0
15,2012-06-29,9,2+2,Match 2 + 2 Euro numbers,2 + 2,11194,16.0,179104.0
15,2012-06-29,10,3+0,Match 3 + 0 Euro numbers,3 + 0,16633,12.3,204585.9
15,2012-06-29,11,1+2,Match 1 + 2 Euro numbers,1 + 2,56672,12.1,685731.2
15,2012-06-29,12,2+1,Match 2 + 1 Euro number,2 + 1,208310,6.3,1312353.0
16,2012-07-06,1,5+2,Match 5 + 2 Euro numbers,5 + 2,0,0.0,0.0
16,2012-07-06,2,5+1,Match 5 + 1 Euro number,5 + 1,1,300211.9,300211.9
16,2012-07-06,3,5+0,Match 5 + 0 Euro numbers,5 + 0,0,0.0,0.0
16,2012-07-06,4,4+2,Match 4 + 2 Euro numbers,4 + 2,19,3792.1,72049.9
16,2012-07-06,5,4+1,Match 4 + 1 Euro number,4 + 1,294,194.0,57036.0
16,2012-07-06,6,4+0,Match 4 + 0 Euro numbers,4 + 0,339,106.2,36001.8
16,2012-07-06,7,3+2,Match 3 + 2 Euro numbers,3 + 2,1304,39.1,50986.4
16,2012-07-06,8,3+1,Match 3 + 1 Euro number,3 + 1,12744,19.3,245959.2
16,2012-07-06,9,2+2,Match 2 + 2 Euro numbers,2 + 2,17906,12.1,216662.6
16,2012-07-06,10,3+0,Match 3 + 0 Euro numbers,3 + 0,16977,12.1,205421.7
16,2012-07-06,11,1+2,Match 1 + 2 Euro numbers,1 + 2,88571,8.1,717425.1
16,2012-07-06,12,2+1,Match 2 + 1 Euro number,2 + 1,179688,7.6,1365628.8
17,2012-07-13,1,5+2,Match 5 + 2 Euro numbers,5 + 2,0,0.0,0.0
17,2012-07-13,2,5+1,Match 5 + 1 Euro number,5 + 1,3,125697.4,377092.2
17,2012-07-13,3,5+0,Match 5 + 0 Euro numbers,5 + 0,1,125697.4,125697.4
17,2012-07-13,4,4+2,Match 4 + 2 Euro numbers,4 + 2,22,3677.3,80900.6
17,2012-07-13,5,4+1,Match 4 + 1 Euro number,4 + 1,283,226.3,64042.9
17,2012-07-13,6,4+0,Match 4 + 0 Euro numbers,4 + 0,383,105.6,40444.8
17,2012-07-13,7,3+2,Match 3 + 2 Euro numbers,3 + 2,1465,39.1,57281.5
17,2012-07-13,8,3+1,Match 3 + 1 Euro number,3 + 1,13855,19.9,275714.5
17,2012-07-13,9,2+2,Match 2 + 2 Euro numbers,2 + 2,21995,12.0,263940.0
17,2012-07-13,10,3+0,Match 3 + 0 Euro numbers,3 + 0,17523,12.0,210276.0
17,2012-07-13,11,1+2,Match 1 + 2 Euro numbers,1 + 2,110281,7.4,816079.4
17,2012-07-13,12,2+1,Match 2 + 1 Euro number,2 + 1,204268,7.4,1511583.2
18,2012-07-20,1,5+2,Match 5 + 2 Euro numbers,5 + 2,0,0.0,0.0
18,2012-07-20,2,5+1,Match 5 + 1 Euro number,5 + 1,3,107874.5,323623.5
18,2012-07-20,3,5+0,Match 5 + 0 Euro numbers,5 + 0,2,42071.0,84142.0
18,2012-07-20,4,4+2,Match 4 + 2 Euro numbers,4 + 2,32,2427.1,77667.2
18,2012-07-20,5,4+1,Match 4 + 1 Euro number,4 + 1,310,198.3,61473.0
18,2012-07-20,6,4+0,Match 4 + 0 Euro numbers,4 + 0,478,81.2,38813.6
18,2012-07-20,7,3+2,Match 3 + 2 Euro numbers,3 + 2,1257,43.7,54930.9
18,2012-07-20,8,3+1,Match 3 + 1 Euro number,3 + 1,13694,19.3,264294.2
18,2012-07-20,9,2+2,Match 2 + 2 Euro numbers,2 + 2,17149,13.0,222937.0
18,2012-07-20,10,3+0,Match 3 + 0 Euro numbers,3 + 0,20932,11.1,232345.2
18,2012-07-20,11,1+2,Match 1 + 2 Euro numbers,1 + 2,84580,9.1,769678.0
18,2012-07-20,12,2+1,Match 2 + 1 Euro number,2 + 1,188722,7.8,1472031.6
19,2012-07-27,1,5+2,Match 5 + 2 Euro numbers,5 + 2,0,0.0,0.0
19,2012-07-27,2,5+1,Match 5 + 1 Euro number,5 + 1,2,164000.6,328001.2
19,2012-07-27,3,5+0,Match 5 + 0 Euro numbers,5 + 0,2,42640.1,85280.2
19,2012-07-27,4,4+2,Match 4 + 2 Euro numbers,4 + 2,25,3148.8,78720.0
19,2012-07-27,5,4+1,Match 4 + 1 Euro number,4 + 1,311,200.3,62293.3
19,2012-07-27,6,4+0,Match 4 + 0 Euro numbers,4 + 0,371,106.0,39326.0
19,2012-07-27,7,3+2,Match 3 + 2 Euro numbers,3 + 2,909,61.3,55721.7
19,2012-07-27,8,3+1,Match 3 + 1 Euro number,3 + 1,14007,19.2,268934.4
19,2012-07-27,9,2+2,Match 2 + 2 Euro numbers,2 + 2,13929,16.2,225649.8
19,2012-07-27,10,3+0,Match 3 + 0 Euro numbers,3 + 0,17622,13.4,236134.8
19,2012-07-27,11,1+2,Match 1 + 2 Euro numbers,1 + 2,73509,10.7,786546.3
19,2012-07-27,12,2+1,Match 2 + 1 Euro number,2 + 1,204343,7.3,1491703.9
20,2012-08-03,1,5+2,Match 5 + 2 Euro numbers,5 + 2,0,0.0,0.0
20,2012-08-03,2,5+1,Match 5 + 1 Euro number,5 + 1,3,121185.1,363555.3
20,2012-08-03,3,5+0,Match 5 + 0 Euro numbers,5 + 0,3,31508.1,94524.3
20,2012-08-03,4,4+2,Match 4 + 2 Euro numbers,4 + 2,44,1983.0,87252.0
20,2012-08-03,5,4+1,Match 4 + 1 Euro number,4 + 1,463,149.1,69033.3
20,2012-08-03,6,4+0,Match 4 + 0 Euro numbers,4 + 0,521,83.7,43607.7
20,2012-08-03,7,3+2,Match 3 + 2 Euro numbers,3 + 2,1544,40.0,61760.0
20,2012-08-03,8,3+1,Match 3 + 1 Euro number,3 + 1,18375,16.2,297675.0
20,2012-08-03,9,2+2,Match 2 + 2 Euro numbers,2 + 2,21163,11.9,251839.7
20,2012-08-03,10,3+0,Match 3 + 0 Euro numbers,3 + 0,21851,11.9,260026.9
20,2012-08-03,11,1+2,Match 1 + 2 Euro numbers,1 + 2,99633,8.7,866807.1
20,2012-08-03,12,2+1,Match 2 + 1 Euro number,2 + 1,241237,6.9,1664535.3
21,2012-08-10,1,5+2,Match 5 + 2 Euro numbers,5 + 2,0,0.0,0.0
21,2012-08-10,2,5+1,Match 5 + 1 Euro number,5 + 1,1,27545857.5,27545857.5
21,2012-08-10,3,5+0,Match 5 + 0 Euro numbers,5 + 0,1,142893.8,142893.8
21,2012-08-10,4,4+2,Match 4 + 2 Euro numbers,4 + 2,32,4121.9,131900.8
21,2012-08-10,5,4+1,Match 4 + 1 Euro number,4 + 1,324,322.2,104392.8
21,2012-08-10,6,4+0,Match 4 + 0 Euro numbers,4 + 0,417,158.1,65927.7
21,2012-08-10,7,3+2,Match 3 + 2 Euro numbers,3 + 2,1804,51.7,93266.8
21,2012-08-10,8,3+1,Match 3 + 1 Euro number,3 + 1,16917,26.6,449992.2
21,2012-08-10,9,2+2,Match 2 + 2 Euro numbers,2 + 2,29266,15.3,447769.8
21,2012-08-10,10,3+0,Match 3 + 0 Euro numbers,3 + 0,21101,15.3,322845.3
21,2012-08-10,11,1+2,Match 1 + 2 Euro numbers,1 + 2,168765,8.7,1468255.5
21,2012-08-10,12,2+1,Match 2 + 1 Euro number,2 + 1,270833,8.7,2356247.1
22,2012-08-17,1,5+2,Match 5 + 2 Euro numbers,5 + 2,0,0.0,0.0
22,2012-08-17,2,5+1,Match 5 + 1 Euro number,5 + 1,1,299487.6,299487.6
22,2012-08-17,3,5+0,Match 5 + 0 Euro numbers,5 + 0,1,77866.7,77866.7
22,2012-08-17,4,4+2,Match 4 + 2 Euro numbers,4 + 2,28,2567.0,71876.0
22,2012-08-17,5,4+1,Match 4 + 1 Euro number,4 + 1,204,278.9,56895.6
22,2012-08-17,6,4+0,Match 4 + 0 Euro numbers,4 + 0,239,150.3,35921.7
22,2012-08-17,7,3+2,Match 3 + 2 Euro numbers,3 + 2,1035,49.1,50818.5
22,2012-08-17,8,3+1,Match 3 + 1 Euro number,3 + 1,10605,23.1,244975.5
22,2012-08-17,9,2+2,Match 2 + 2 Euro numbers,2 + 2,15691,14.8,232226.8
22,2012-08-17,10,3+0,Match 3 + 0 Euro numbers,3 + 0,12730,14.8,188404.0
22,2012-08-17,11,1+2,Match 1 + 2 Euro numbers,1 + 2,88643,8.3,735736.9
22,2012-08-17,12,2+1,Match 2 + 1 Euro number,2 + 1,161747,8.3,1342500.1
23,2012-08-24,1,5+2,Match 5 + 2 Euro numbers,5 + 2,1,11265231.4,11265231.4
23,2012-08-24,2,5+1,Match 5 + 1 Euro number,5 + 1,3,95850.8,287552.4
23,2012-08-24,3,5+0,Match 5 + 0 Euro numbers,5 + 0,2,37381.8,74763.6
23,2012-08-24,4,4+2,Match 4 + 2 Euro numbers,4 + 2,36,1917.0,69012.0
23,2012-08-24,5,4+1,Match 4 + 1 Euro number,4 + 1,301,181.5,54631.5
23,2012-08-24,6,4+0,Match 4 + 0 Euro numbers,4 + 0,348,99.1,34486.8
23,2012-08-24,7,3+2,Match 3 + 2 Euro numbers,3 + 2,978,49.9,48802.2
23,2012-08-24,8,3+1,Match 3 + 1 Euro number,3 + 1,11962,19.7,235651.4
23,2012-08-24,9,2+2,Match 2 + 2 Euro numbers,2 + 2,14131,14.7,207725.7
23,2012-08-24,10,3+0,Match 3 + 0 Euro numbers,3 + 0,13289,14.7,195348.3
23,2012-08-24,11,1+2,Match 1 + 2 Euro numbers,1 + 2,74170,9.3,689781.0
23,2012-08-24,12,2+1,Match 2 + 1 Euro number,2 + 1,169988,7.7,1308907.6
24,2012-08-31,1,5+2,Match 5 + 2 Euro numbers,5 + 2,0,0.0,0.0
24,2012-08-31,2,5+1,Match 5 + 1 Euro number,5 + 1,1,289213.7,289213.7
24,2012-08-31,3,5+0,Match 5 + 0 Euro numbers,5 + 0,1,75195.5,75195.5
24,2012-08-31,4,4+2,Match 4 + 2 Euro numbers,4 + 2,23,3017.8,69409.4
24,2012-08-31,5,4+1,Match 4 + 1 Euro number,4 + 1,310,177.2,54932.0
24,2012-08-31,6,4+0,Match 4 + 0 Euro numbers,4 + 0,359,96.6,34679.4
24,2012-08-31,7,3+2,Match 3 + 2 Euro numbers,3 + 2,1112,44.2,49150.4
24,2012-08-31,8,3+1,Match 3 + 1 Euro number,3 + 1,11511,20.6,237126.6
24,2012-08-31,9,2+2,Match 2 + 2 Euro numbers,2 + 2,15486,13.5,209061.0
24,2012-08-31,10,3+0,Match 3 + 0 Euro numbers,3 + 0,14609,13.5,197221.5
24,2012-08-31,11,1+2,Match 1 + 2 Euro numbers,1 + 2,76299,9.0,686691.0
24,2012-08-31,12,2+1,Match 2 + 1 Euro number,2 + 1,157967,8.4,1326922.8
25,2012-09-07,1,5+2,Match 5 + 2 Euro numbers,5 + 2,0,0.0,0.0
25,2012-09-07,2,5+1,Match 5 + 1 Euro number,5 + 1,0,0.0,0.0
25,2012-09-07,3,5+0,Match 5 + 0 Euro numbers,5 + 0,2,37839.3,75678.6
25,2012-09-07,4,4+2,Match 4 + 2 Euro numbers,4 + 2,13,5373.6,69856.8
25,2012-09-07,5,4+1,Match 4 + 1 Euro number,4 + 1,224,246.8,55283.2
25,2012-09-07,6,4+0,Match 4 + 0 Euro numbers,4 + 0,220,158.7,34914.0
25,2012-09-07,7,3+2,Match 3 + 2 Euro numbers,3 + 2,754,65.6,49462.4
25,2012-09-07,8,3+1,Match 3 + 1 Euro number,3 + 1,10124,23.5,237914.0
25,2012-09-07,9,2+2,Match 2 + 2 Euro numbers,2 + 2,12582,16.2,203828.4
25,2012-09-07,10,3+0,Match 3 + 0 Euro numbers,3 + 0,12707,16.2,205853.4
25,2012-09-07,11,1+2,Match 1 + 2 Euro numbers,1 + 2,67352,10.3,693725.6
25,2012-09-07,12,2+1,Match 2 + 1 Euro number,2 + 1,159340,8.3,1322522.0
26,2012-09-14,1,5+2,Match 5 + 2 Euro numbers,5 + 2,0,0.0,0.0
26,2012-09-14,2,5+1,Match 5 + 1 Euro number,5 + 1,0,0.0,0.0
26,2012-09-14,3,5+0,Match 5 + 0 Euro numbers,5 + 0,2,38049.0,76098.0
26,2012-09-14,4,4+2,Match 4 + 2 Euro numbers,4 + 2,16,4390.2,70243.2
26,2012-09-14,5,4+1,Match 4 + 1 Euro number,4 + 1,186,298.9,55595.4
26,2012-09-14,6,4+0,Match 4 + 0 Euro numbers,4 + 0,262,134.0,35108.0
26,2012-09-14,7,3+2,Match 3 + 2 Euro numbers,3 + 2,858,57.9,49678.2
26,2012-09-14,8,3+1,Match 3 + 1 Euro number,3 + 1,10266,23.3,239197.8
26,2012-09-14,9,2+2,Match 2 + 2 Euro numbers,2 + 2,13956,14.9,207944.4
26,2012-09-14,10,3+0,Match 3 + 0 Euro numbers,3 + 0,13723,14.9,204472.7
26,2012-09-14,11,1+2,Match 1 + 2 Euro numbers,1 + 2,75536,9.2,694931.2
26,2012-09-14,12,2+1,Match 2 + 1 Euro number,2 + 1,158272,8.4,1329484.8
27,2012-09-21,1,5+2,Match 5 + 2 Euro numbers,5 + 2,0,0.0,0.0
27,2012-09-21,2,5+1,Match 5 + 1 Euro number,5 + 1,1,885960.0,885960.0
27,2012-09-21,3,5+0,Match 5 + 0 Euro numbers,5 + 0,0,0.0,0.0
27,2012-09-21,4,4+2,Match 4 + 2 Euro numbers,4 + 2,19,3817.2,72526.8
27,2012-09-21,5,4+1,Match 4 + 1 Euro number,4 + 1,197,291.4,57405.8
27,2012-09-21,6,4+0,Match 4 + 0 Euro numbers,4 + 0,261,138.9,36252.9
27,2012-09-21,7,3+2,Match 3 + 2 Euro numbers,3 + 2,810,63.4,51354.0
27,2012-09-21,8,3+1,Match 3 + 1 Euro number,3 + 1,10014,24.7,247345.8
27,2012-09-21,9,2+2,Match 2 + 2 Euro numbers,2 + 2,12625,16.5,208312.5
27,2012-09-21,10,3+0,Match 3 + 0 Euro numbers,3 + 0,13236,16.4,217070.4
27,2012-09-21,11,1+2,Match 1 + 2 Euro numbers,1 + 2,71735,10.1,724523.5
27,2012-09-21,12,2+1,Match 2 + 1 Euro number,2 + 1,149762,9.2,1377810.4
28,2012-09-28,1,5+2,Match 5 + 2 Euro numbers,5 + 2,0,0.0,0.0
28,2012-09-28,2,5+1,Match 5 + 1 Euro number,5 + 1,1,316943.2,316943.2
28,2012-09-28,3,5+0,Match 5 + 0 Euro numbers,5 + 0,0,0.0,0.0
28,2012-09-28,4,4+2,Match 4 + 2 Euro numbers,4 + 2,13,5851.2,76065.6
28,2012-09-28,5,4+1,Match 4 + 1 Euro number,4 + 1,240,250.9,60216.0
28,2012-09-28,6,4+0,Match 4 + 0 Euro numbers,4 + 0,305,124.6,38003.0
28,2012-09-28,7,3+2,Match 3 + 2 Euro numbers,3 + 2,786,68.5,53841.0
28,2012-09-28,8,3+1,Match 3 + 1 Euro number,3 + 1,11227,23.1,259343.7
28,2012-09-28,9,2+2,Match 2 + 2 Euro numbers,2 + 2,12017,18.1,217507.7
28,2012-09-28,10,3+0,Match 3 + 0 Euro numbers,3 + 0,16277,14.0,227878.0
28,2012-09-28,11,1+2,Match 1 + 2 Euro numbers,1 + 2,64857,11.7,758826.9
28,2012-09-28,12,2+1,Match 2 + 1 Euro number,2 + 1,165932,8.7,1443608.4
29,2012-10-05,1,5+2,Match 5 + 2 Euro numbers,5 + 2,0,0.0,0.0
29,2012-10-05,2,5+1,Match 5 + 1 Euro number,5 + 1,0,0.0,0.0
29,2012-10-05,3,5+0,Match 5 + 0 Euro numbers,5 + 0,0,0.0,0.0
29,2012-10-05,4,4+2,Match 4 + 2 Euro numbers,4 + 2,26,2975.4,77360.4
29,2012-10-05,5,4+1,Match 4 + 1 Euro number,4 + 1,218,280.9,61236.2
29,2012-10-05,6,4+0,Match 4 + 0 Euro numbers,4 + 0,240,161.1,38664.0
29,2012-10-05,7,3+2,Match 3 + 2 Euro numbers,3 + 2,1063,51.5,54744.5
29,2012-10-05,8,3+1,Match 3 + 1 Euro number,3 + 1,10117,26.1,264053.7
29,2012-10-05,9,2+2,Match 2 + 2 Euro numbers,2 + 2,17832,14.9,265696.8
29,2012-10-05,10,3+0,Match 3 + 0 Euro numbers,3 + 0,12510,14.9,186399.0
29,2012-10-05,11,1+2,Match 1 + 2 Euro numbers,1 + 2,103880,8.3,862204.0
29,2012-10-05,12,2+1,Match 2 + 1 Euro number,2 + 1,166075,8.3,1378422.5
30,2012-10-12,1,5+2,Match 5 + 2 Euro numbers,5 + 2,0,0.0,0.0
30,2012-10-12,2,5+1,Match 5 + 1 Euro number,5 + 1,2,331821.0,663642.0
30,2012-10-12,3,5+0,Match 5 + 0 Euro numbers,5 + 0,1,331821.0,331821.0
30,2012-10-12,4,4+2,Match 4 + 2 Euro numbers,4 + 2,17,4799.2,81586.4
30,2012-10-12,5,4+1,Match 4 + 1 Euro number,4 + 1,237,272.5,64582.5
30,2012-10-12,6,4+0,Match 4 + 0 Euro numbers,4 + 0,355,114.9,40789.5
30,2012-10-12,7,3+2,Match 3 + 2 Euro numbers,3 + 2,1048,55.1,57744.8
30,2012-10-12,8,3+1,Match 3 + 1 Euro number,3 + 1,12053,23.1,278424.3
30,2012-10-12,9,2+2,Match 2 + 2 Euro numbers,2 + 2,16503,14.2,234342.6
30,2012-10-12,10,3+0,Match 3 + 0 Euro numbers,3 + 0,17306,14.1,244014.6
30,2012-10-12,11,1+2,Match 1 + 2 Euro numbers,1 + 2,89990,9.0,809910.0
30,2012-10-12,12,2+1,Match 2 + 1 Euro number,2 + 1,186759,8.3,1550099.7
31,2012-10-19,1,5+2,Match 5 + 2 Euro numbers,5 + 2,0,0.0,0.0
31,2012-10-19,2,5+1,Match 5 + 1 Euro number,5 + 1,0,0.0,0.0
31,2012-10-19,3,5+0,Match 5 + 0 Euro numbers,5 + 0,0,0.0,0.0
31,2012-10-19,4,4+2,Match 4 + 2 Euro numbers,4 + 2,23,3636.2,83632.6
31,2012-10-19,5,4+1,Match 4 + 1 Euro number,4 + 1,271,244.3,66205.3
31,2012-10-19,6,4+0,Match 4 + 0 Euro numbers,4 + 0,331,126.3,41805.3
31,2012-10-19,7,3+2,Match 3 + 2 Euro numbers,3 + 2,1115,53.1,59206.5
31,2012-10-19,8,3+1,Match 3 + 1 Euro number,3 + 1,13694,20.8,284835.2
31,2012-10-19,9,2+2,Match 2 + 2 Euro numbers,2 + 2,16891,14.6,246608.6
31,2012-10-19,10,3+0,Match 3 + 0 Euro numbers,3 + 0,16664,14.6,243294.4
31,2012-10-19,11,1+2,Match 1 + 2 Euro numbers,1 + 2,88813,9.4,834842.2
31,2012-10-19,12,2+1,Match 2 + 1 Euro number,2 + 1,209995,7.6,1595962.0
32,2012-10-26,1,5+2,Match 5 + 2 Euro numbers,5 + 2,1,21320215.0,21320215.0
32,2012-10-26,2,5+1,Match 5 + 1 Euro number,5 + 1,0,0.0,0.0
32,2012-10-26,3,5+0,Match 5 + 0 Euro numbers,5 + 0,4,45992.8,183971.2
32,2012-10-26,4,4+2,Match 4 + 2 Euro numbers,4 + 2,37,2329.3,86184.1
32,2012-10-26,5,4+1,Match 4 + 1 Euro number,4 + 1,375,181.9,68212.5
32,2012-10-26,6,4+0,Match 4 + 0 Euro numbers,4 + 0,475,90.7,43082.5
32,2012-10-26,7,3+2,Match 3 + 2 Euro numbers,3 + 2,1435,42.5,60987.5
32,2012-10-26,8,3+1,Match 3 + 1 Euro number,3 + 1,16993,17.3,293978.9
32,2012-10-26,9,2+2,Match 2 + 2 Euro numbers,2 + 2,19783,12.5,247287.5
32,2012-10-26,10,3+0,Match 3 + 0 Euro numbers,3 + 0,21684,11.9,258039.6
32,2012-10-26,11,1+2,Match 1 + 2 Euro numbers,1 + 2,98609,8.7,857898.3
32,2012-10-26,12,2+1,Match 2 + 1 Euro number,2 + 1,238176,6.9,1643414.4
33,2012-11-02,1,5+2,Match 5 + 2 Euro numbers,5 + 2,0,0.0,0.0
33,2012-11-02,2,5+1,Match 5 + 1 Euro number,5 + 1,4,252612.1,1010448.4
33,2012-11-02,3,5+0,Match 5 + 0 Euro numbers,5 + 0,3,26248.3,78744.9
33,2012-11-02,4,4+2,Match 4 + 2 Euro numbers,4 + 2,83,875.7,72683.1
33,2012-11-02,5,4+1,Match 4 + 1 Euro number,4 + 1,574,100.2,57514.8
33,2012-11-02,6,4+0,Match 4 + 0 Euro numbers,4 + 0,620,58.6,36332.0
33,2012-11-02,7,3+2,Match 3 + 2 Euro numbers,3 + 2,2365,21.7,51320.5
33,2012-11-02,8,3+1,Match 3 + 1 Euro number,3 + 1,19793,12.5,247412.5
33,2012-11-02,9,2+2,Match 2 + 2 Euro numbers,2 + 2,20298,10.5,213129.0
33,2012-11-02,10,3+0,Match 3 + 0 Euro numbers,3 + 0,20114,10.5,211197.0
33,2012-11-02,11,1+2,Match 1 + 2 Euro numbers,1 + 2,81565,8.9,725928.5
33,2012-11-02,12,2+1,Match 2 + 1 Euro number,2 + 1,222390,6.2,1378818.0
34,2012-11-09,1,5+2,Match 5 + 2 Euro numbers,5 + 2,0,0.0,0.0
34,2012-11-09,2,5+1,Match 5 + 1 Euro number,5 + 1,1,296291.1,296291.1
34,2012-11-09,3,5+0,Match 5 + 0 Euro numbers,5 + 0,2,38517.8,77035.6
34,2012-11-09,4,4+2,Match 4 + 2 Euro numbers,4 + 2,19,3742.6,71109.4
34,2012-11-09,5,4+1,Match 4 + 1 Euro number,4 + 1,199,282.8,56277.2
34,2012-11-09,6,4+0,Match 4 + 0 Euro numbers,4 + 0,271,131.1,35528.1
34,2012-11-09,7,3+2,Match 3 + 2 Euro numbers,3 + 2,883,57.0,50331.0
34,2012-11-09,8,3+1,Match 3 + 1 Euro number,3 + 1,10576,22.9,242190.4
34,2012-11-09,9,2+2,Match 2 + 2 Euro numbers,2 + 2,13374,15.9,212646.6
34,2012-11-09,10,3+0,Match 3 + 0 Euro numbers,3 + 0,12793,15.9,203408.7
34,2012-11-09,11,1+2,Match 1 + 2 Euro numbers,1 + 2,72945,9.7,707566.5
34,2012-11-09,12,2+1,Match 2 + 1 Euro number,2 + 1,159636,8.5,1356906.0
35,2012-11-16,1,5+2,Match 5 + 2 Euro numbers,5 + 2,0,0.0,0.0
35,2012-11-16,2,5+1,Match 5 + 1 Euro number,5 + 1,0,0.0,0.0
35,2012-11-16,3,5+0,Match 5 + 0 Euro numbers,5 + 0,1,78678.7,78678.7
35,2012-11-16,4,4+2,Match 4 + 2 Euro numbers,4 + 2,57,1274.1,72623.7
35,2012-11-16,5,4+1,Match 4 + 1 Euro number,4 + 1,322,178.5,57477.0
35,2012-11-16,6,4+0,Match 4 + 0 Euro numbers,4 + 0,393,92.4,36313.2
35,2012-11-16,7,3+2,Match 3 + 2 Euro numbers,3 + 2,1826,28.1,51310.6
35,2012-11-16,8,3+1,Match 3 + 1 Euro number,3 + 1,14107,17.5,246872.5
35,2012-11-16,9,2+2,Match 2 + 2 Euro numbers,2 + 2,19533,11.8,230489.4
35,2012-11-16,10,3+0,Match 3 + 0 Euro numbers,3 + 0,16449,11.8,194098.2
35,2012-11-16,11,1+2,Match 1 + 2 Euro numbers,1 + 2,86602,8.3,718796.6
35,2012-11-16,12,2+1,Match 2 + 1 Euro number,2 + 1,188874,7.3,1378780.2
36,2012-11-23,1,5+2,Match 5 + 2 Euro numbers,5 + 2,0,0.0,0.0
36,2012-11-23,2,5+1,Match 5 + 1 Euro number,5 + 1,0,0.0,0.0
36,2012-11-23,3,5+0,Match 5 + 0 Euro numbers,5 + 0,0,0.0,0.0
36,2012-11-23,4,4+2,Match 4 + 2 Euro numbers,4 + 2,15,4832.6,72489.0
36,2012-11-23,5,4+1,Match 4 + 1 Euro number,4 + 1,189,303.6,57380.4
36,2012-11-23,6,4+0,Match 4 + 0 Euro numbers,4 + 0,258,140.4,36223.2
36,2012-11-23,7,3+2,Match 3 + 2 Euro numbers,3 + 2,799,64.2,51295.8
36,2012-11-23,8,3+1,Match 3 + 1 Euro number,3 + 1,9889,25.0,247225.0
36,2012-11-23,9,2+2,Match 2 + 2 Euro numbers,2 + 2,13429,16.7,224264.3
36,2012-11-23,10,3+0,Match 3 + 0 Euro numbers,3 + 0,11978,16.7,200032.6
36,2012-11-23,11,1+2,Match 1 + 2 Euro numbers,1 + 2,82320,9.0,740880.0
36,2012-11-23,12,2+1,Match 2 + 1 Euro number,2 + 1,151919,9.0,1367271.0
37,2012-11-30,1,5+2,Match 5 + 2 Euro numbers,5 + 2,0,0.0,0.0
37,2012-11-30,2,5+1,Match 5 + 1 Euro number,5 + 1,1,921689.9,921689.9
37,2012-11-30,3,5+0,Match 5 + 0 Euro numbers,5 + 0,3,53653.5,160960.5
37,2012-11-30,4,4+2,Match 4 + 2 Euro numbers,4 + 2,18,4227.2,76089.6
37,2012-11-30,5,4+1,Match 4 + 1 Euro number,4 + 1,355,169.6,60208.0
37,2012-11-30,6,4+0,Match 4 + 0 Euro numbers,4 + 0,474,80.2,38014.8
37,2012-11-30,7,3+2,Match 3 + 2 Euro numbers,3 + 2,919,58.6,53853.4
37,2012-11-30,8,3+1,Match 3 + 1 Euro number,3 + 1,17245,16.3,281093.5
37,2012-11-30,9,2+2,Match 2 + 2 Euro numbers,2 + 2,12012,16.3,195795.6
37,2012-11-30,10,3+0,Match 3 + 0 Euro numbers,3 + 0,18794,12.4,233045.6
37,2012-11-30,11,1+2,Match 1 + 2 Euro numbers,1 + 2,60891,12.4,755048.4
37,2012-11-30,12,2+1,Match 2 + 1 Euro number,2 + 1,208200,6.9,1436580.0
38,2012-12-07,1,5+2,Match 5 + 2 Euro numbers,5 + 2,0,0.0,0.0
38,2012-12-07,2,5+1,Match 5 + 1 Euro number,5 + 1,2,159562.2,319124.4
38,2012-12-07,3,5+0,Match 5 + 0 Euro numbers,5 + 0,1,82972.3,82972.3
38,2012-12-07,4,4+2,Match 4 + 2 Euro numbers,4 + 2,28,2735.3,76588.4
38,2012-12-07,5,4+1,Match 4 + 1 Euro number,4 + 1,289,209.8,60632.2
38,2012-12-07,6,4+0,Match 4 + 0 Euro numbers,4 + 0,357,107.2,38270.4
38,2012-12-07,7,3+2,Match 3 + 2 Euro numbers,3 + 2,1430,37.9,54197.0
38,2012-12-07,8,3+1,Match 3 + 1 Euro number,3 + 1,14120,18.5,261220.0
38,2012-12-07,9,2+2,Match 2 + 2 Euro numbers,2 + 2,19604,12.4,243089.6
38,2012-12-07,10,3+0,Match 3 + 0 Euro numbers,3 + 0,16456,12.4,204054.4
38,2012-12-07,11,1+2,Match 1 + 2 Euro numbers,1 + 2,101225,7.5,759187.5
38,2012-12-07,12,2+1,Match 2 + 1 Euro number,2 + 1,197966,7.3,1445151.8
39,2012-12-14,1,5+2,Match 5 + 2 Euro numbers,5 + 2,0,0.0,0.0
39,2012-12-14,2,5+1,Match 5 + 1 Euro number,5 + 1,5,67214.2,336071.0
39,2012-12-14,3,5+0,Match 5 + 0 Euro numbers,5 + 0,0,0.0,0.0
39,2012-12-14,4,4+2,Match 4 + 2 Euro numbers,4 + 2,18,4480.9,80656.2
39,2012-12-14,5,4+1,Match 4 + 1 Euro number,4 + 1,320,199.5,63840.0
39,2012-12-14,6,4+0,Match 4 + 0 Euro numbers,4 + 0,438,92.0,40296.0
39,2012-12-14,7,3+2,Match 3 + 2 Euro numbers,3 + 2,1096,52.1,57101.6
39,2012-12-14,8,3+1,Match 3 + 1 Euro number,3 + 1,13840,19.9,275416.0
39,2012-12-14,9,2+2,Match 2 + 2 Euro numbers,2 + 2,14587,15.8,230474.6
39,2012-12-14,10,3+0,Match 3 + 0 Euro numbers,3 + 0,18072,13.3,240357.6
39,2012-12-14,11,1+2,Match 1 + 2 Euro numbers,1 + 2,76070,10.6,806342.0
39,2012-12-14,12,2+1,Match 2 + 1 Euro number,2 + 1,186184,8.2,1526708.8
40,2012-12-21,1,5+2,Match 5 + 2 Euro numbers,5 + 2,0,0.0,0.0
40,2012-12-21,2,5+1,Match 5 + 1 Euro number,5 + 1,0,0.0,0.0
40,2012-12-21,3,5+0,Match 5 + 0 Euro numbers,5 + 0,1,183111.3,183111.3
40,2012-12-21,4,4+2,Match 4 + 2 Euro numbers,4 + 2,22,4016.7,88367.4
40,2012-12-21,5,4+1,Match 4 + 1 Euro number,4 + 1,233,300.2,69946.6
40,2012-12-21,6,4+0,Match 4 + 0 Euro numbers,4 + 0,335,131.8,44153.0
40,2012-12-21,7,3+2,Match 3 + 2 Euro numbers,3 + 2,1199,52.2,62587.8
40,2012-12-21,8,3+1,Match 3 + 1 Euro number,3 + 1,13089,23.0,301047.0
40,2012-12-21,9,2+2,Match 2 + 2 Euro numbers,2 + 2,17722,14.8,262285.6
40,2012-12-21,10,3+0,Match 3 + 0 Euro numbers,3 + 0,17323,14.8,256380.4
40,2012-12-21,11,1+2,Match 1 + 2 Euro numbers,1 + 2,98486,8.9,876525.4
40,2012-12-21,12,2+1,Match 2 + 1 Euro number,2 + 1,201039,8.4,1688727.6
41,2012-12-28,1,5+2,Match 5 + 2 Euro numbers,5 + 2,0,0.0,0.0
41,2012-12-28,2,5+1,Match 5 + 1 Euro number,5 + 1,3,246863.8,740591.4
41,2012-12-28,3,5+0,Match 5 + 0 Euro numbers,5 + 0,4,24205.2,96820.8
41,2012-12-28,4,4+2,Match 4 + 2 Euro numbers,4 + 2,13,6874.8,89372.4
41,2012-12-28,5,4+1,Match 4 + 1 Euro number,4 + 1,372,190.1,70717.2
41,2012-12-28,6,4+0,Match 4 + 0 Euro numbers,4 + 0,461,96.9,44670.9
41,2012-12-28,7,3+2,Match 3 + 2 Euro numbers,3 + 2,908,69.7,63287.6
41,2012-12-28,8,3+1,Match 3 + 1 Euro number,3 + 1,16805,18.1,304170.5
41,2012-12-28,9,2+2,Match 2 + 2 Euro numbers,2 + 2,14332,17.9,256542.8
41,2012-12-28,10,3+0,Match 3 + 0 Euro numbers,3 + 0,19093,14.0,267302.0
41,2012-12-28,11,1+2,Match 1 + 2 Euro numbers,1 + 2,74754,11.9,889572.6
41,2012-12-28,12,2+1,Match 2 + 1 Euro number,2 + 1,236948,7.2,1706025.6
42,2013-01-04,1,5+2,Match 5 + 2 Euro numbers,5 + 2,0,0.0,0.0
42,2013-01-04,2,5+1,Match 5 + 1 Euro number,5 + 1,2,193950.1,387900.2
42,2013-01-04,3,5+0,Match 5 + 0 Euro numbers,5 + 0,2,50427.0,100854.0
42,2013-01-04,4,4+2,Match 4 + 2 Euro numbers,4 + 2,30,3103.2,93096.0
42,2013-01-04,5,4+1,Match 4 + 1 Euro number,4 + 1,245,300.8,73696.0
42,2013-01-04,6,4+0,Match 4 + 0 Euro numbers,4 + 0,343,135.7,46545.1
42,2013-01-04,7,3+2,Match 3 + 2 Euro numbers,3 + 2,985,66.9,65896.5
42,2013-01-04,8,3+1,Match 3 + 1 Euro number,3 + 1,12021,26.4,317354.4
42,2013-01-04,9,2+2,Match 2 + 2 Euro numbers,2 + 2,15343,17.7,271571.1
42,2013-01-04,10,3+0,Match 3 + 0 Euro numbers,3 + 0,15485,17.7,274084.5
42,2013-01-04,11,1+2,Match 1 + 2 Euro numbers,1 + 2,87574,10.6,928284.4
42,2013-01-04,12,2+1,Match 2 + 1 Euro number,2 + 1,193691,9.1,1762588.1
43,2013-01-11,1,5+2,Match 5 + 2 Euro numbers,5 + 2,0,0.0,0.0
43,2013-01-11,2,5+1,Match 5 + 1 Euro number,5 + 1,0,0.0,0.0
43,2013-01-11,3,5+0,Match 5 + 0 Euro numbers,5 + 0,3,35989.0,107967.0
43,2013-01-11,4,4+2,Match 4 + 2 Euro numbers,4 + 2,22,4530.0,99660.0
43,2013-01-11,5,4+1,Match 4 + 1 Euro number,4 + 1,241,327.3,78879.3
43,2013-01-11,6,4+0,Match 4 + 0 Euro numbers,4 + 0,349,142.7,49802.3
43,2013-01-11,7,3+2,Match 3 + 2 Euro numbers,3 + 2,942,74.9,70555.8
43,2013-01-11,8,3+1,Match 3 + 1 Euro number,3 + 1,13312,25.5,339456.0
43,2013-01-11,9,2+2,Match 2 + 2 Euro numbers,2 + 2,13886,20.6,286051.6
43,2013-01-11,10,3+0,Match 3 + 0 Euro numbers,3 + 0,15432,19.3,297837.6
43,2013-01-11,11,1+2,Match 1 + 2 Euro numbers,1 + 2,82355,12.1,996495.5
43,2013-01-11,12,2+1,Match 2 + 1 Euro number,2 + 1,219825,8.6,1890495.0
44,2013-01-18,1,5+2,Match 5 + 2 Euro numbers,5 + 2,0,0.0,0.0
44,2013-01-18,2,5+1,Match 5 + 1 Euro number,5 + 1,2,426215.3,852430.6
44,2013-01-18,3,5+0,Match 5 + 0 Euro numbers,5 + 0,2,56832.3,113664.6
44,2013-01-18,4,4+2,Match 4 + 2 Euro numbers,4 + 2,26,4035.4,104920.4
44,2013-01-18,5,4+1,Match 4 + 1 Euro number,4 + 1,616,134.8,83036.8
44,2013-01-18,6,4+0,Match 4 + 0 Euro numbers,4 + 0,610,86.0,52460.0
44,2013-01-18,7,3+2,Match 3 + 2 Euro numbers,3 + 2,1223,60.7,74236.1
44,2013-01-18,8,3+1,Match 3 + 1 Euro number,3 + 1,21742,16.8,365265.6
44,2013-01-18,9,2+2,Match 2 + 2 Euro numbers,2 + 2,17491,16.8,293848.8
44,2013-01-18,10,3+0,Match 3 + 0 Euro numbers,3 + 0,24478,12.8,313318.4
44,2013-01-18,11,1+2,Match 1 + 2 Euro numbers,1 + 2,87233,12.0,1046796.0
44,2013-01-18,12,2+1,Match 2 + 1 Euro number,2 + 1,284454,7.0,1991178.0
45,2013-01-25,1,5+2,Match 5 + 2 Euro numbers,5 + 2,1,29540641.5,29540641.5
45,2013-01-25,2,5+1,Match 5 + 1 Euro number,5 + 1,2,293477.6,586955.2
45,2013-01-25,3,5+0,Match 5 + 0 Euro numbers,5 + 0,0,0.0,0.0
45,2013-01-25,4,4+2,Match 4 + 2 Euro numbers,4 + 2,38,3707.0,140866.0
45,2013-01-25,5,4+1,Match 4 + 1 Euro number,4 + 1,591,188.6,111462.6
45,2013-01-25,6,4+0,Match 4 + 0 Euro numbers,4 + 0,691,101.9,70412.9
45,2013-01-25,7,3+2,Match 3 + 2 Euro numbers,3 + 2,1652,60.4,99780.8
45,2013-01-25,8,3+1,Match 3 + 1 Euro number,3 + 1,26275,18.3,480832.5
45,2013-01-25,9,2+2,Match 2 + 2 Euro numbers,2 + 2,24079,16.8,404527.2
45,2013-01-25,10,3+0,Match 3 + 0 Euro numbers,3 + 0,30329,13.9,421573.1
45,2013-01-25,11,1+2,Match 1 + 2 Euro numbers,1 + 2,124435,11.3,1406115.5
45,2013-01-25,12,2+1,Match 2 + 1 Euro number,2 + 1,374901,7.1,2661797.1
46,2013-02-01,1,5+2,Match 5 + 2 Euro numbers,5 + 2,0,0.0,0.0
46,2013-02-01,2,5+1,Match 5 + 1 Euro number,5 + 1,1,393141.6,393141.6
46,2013-02-01,3,5+0,Match 5 + 0 Euro numbers,5 + 0,2,127412.5,254825.0
46,2013-02-01,4,4+2,Match 4 + 2 Euro numbers,4 + 2,28,3369.7,94351.6
46,2013-02-01,5,4+1,Match 4 + 1 Euro number,4 + 1,386,193.5,74691.0
46,2013-02-01,6,4+0,Match 4 + 0 Euro numbers,4 + 0,511,92.3,47165.3
46,2013-02-01,7,3+2,Match 3 + 2 Euro numbers,3 + 2,1091,61.2,66769.2
46,2013-02-01,8,3+1,Match 3 + 1 Euro number,3 + 1,17442,18.4,320932.8
46,2013-02-01,9,2+2,Match 2 + 2 Euro numbers,2 + 2,15252,17.7,269960.4
46,2013-02-01,10,3+0,Match 3 + 0 Euro numbers,3 + 0,21412,13.2,282638.4
46,2013-02-01,11,1+2,Match 1 + 2 Euro numbers,1 + 2,76471,12.3,940593.3
46,2013-02-01,12,2+1,Match 2 + 1 Euro number,2 + 1,240472,7.5,1803540.0
47,2013-02-08,1,5+2,Match 5 + 2 Euro numbers,5 + 2,0,0.0,0.0
47,2013-02-08,2,5+1,Match 5 + 1 Euro number,5 + 1,1,377815.8,377815.8
47,2013-02-08,3,5+0,Match 5 + 0 Euro numbers,5 + 0,2,49116.0,98232.0
47,2013-02-08,4,4+2,Match 4 + 2 Euro numbers,4 + 2,35,2590.7,90674.5
47,2013-02-08,5,4+1,Match 4 + 1 Euro number,4 + 1,377,190.4,71780.8
47,2013-02-08,6,4+0,Match 4 + 0 Euro numbers,4 + 0,496,91.4,45334.4
47,2013-02-08,7,3+2,Match 3 + 2 Euro numbers,3 + 2,1264,50.8,64211.2
47,2013-02-08,8,3+1,Match 3 + 1 Euro number,3 + 1,17316,17.8,308224.8
47,2013-02-08,9,2+2,Match 2 + 2 Euro numbers,2 + 2,18823,13.8,259757.4
47,2013-02-08,10,3+0,Match 3 + 0 Euro numbers,3 + 0,22161,12.2,270364.2
47,2013-02-08,11,1+2,Match 1 + 2 Euro numbers,1 + 2,90603,10.0,906030.0
47,2013-02-08,12,2+1,Match 2 + 1 Euro number,2 + 1,239661,7.2,1725559.2
48,2013-02-15,1,5+2,Match 5 + 2 Euro numbers,5 + 2,0,0.0,0.0
48,2013-02-15,2,5+1,Match 5 + 1 Euro number,5 + 1,1,377593.0,377593.0
48,2013-02-15,3,5+0,Match 5 + 0 Euro numbers,5 + 0,2,49087.0,98174.0
48,2013-02-15,4,4+2,Match 4 + 2 Euro numbers,4 + 2,27,3356.3,90620.1
48,2013-02-15,5,4+1,Match 4 + 1 Euro number,4 + 1,316,227.0,71732.0
48,2013-02-15,6,4+0,Match 4 + 0 Euro numbers,4 + 0,387,117.0,45279.0
48,2013-02-15,7,3+2,Match 3 + 2 Euro numbers,3 + 2,1288,49.8,64142.4
48,2013-02-15,8,3+1,Match 3 + 1 Euro number,3 + 1,14247,21.7,309159.9
48,2013-02-15,9,2+2,Match 2 + 2 Euro numbers,2 + 2,20682,14.0,289548.0
48,2013-02-15,10,3+0,Match 3 + 0 Euro numbers,3 + 0,17136,14.0,239904.0
48,2013-02-15,11,1+2,Match 1 + 2 Euro numbers,1 + 2,115346,8.0,922768.0
48,2013-02-15,12,2+1,Match 2 + 1 Euro number,2 + 1,211971,8.0,1695768.0
49,2013-02-22,1,5+2,Match 5 + 2 Euro numbers,5 + 2,0,0.0,0.0
49,2013-02-22,2,5+1,Match 5 + 1 Euro number,5 + 1,1,380823.4,380823.4
49,2013-02-22,3,5+0,Match 5 + 0 Euro numbers,5 + 0,2,49507.0,99014.0
49,2013-02-22,4,4+2,Match 4 + 2 Euro numbers,4 + 2,19,4810.4,91397.6
49,2013-02-22,5,4+1,Match 4 + 1 Euro number,4 + 1,251,288.2,72338.2
49,2013-02-22,6,4+0,Match 4 + 0 Euro numbers,4 + 0,351,130.1,45665.1
49,2013-02-22,7,3+2,Match 3 + 2 Euro numbers,3 + 2,1135,57.0,64695.0
49,2013-02-22,8,3+1,Match 3 + 1 Euro number,3 + 1,13731,22.7,311693.7
49,2013-02-22,9,2+2,Match 2 + 2 Euro numbers,2 + 2,18543,15.7,291125.1
49,2013-02-22,10,3+0,Match 3 + 0 Euro numbers,3 + 0,15599,15.7,244904.3
49,2013-02-22,11,1+2,Match 1 + 2 Euro numbers,1 + 2,98821,9.2,909153.2
49,2013-02-22,12,2+1,Match 2 + 1 Euro number,2 + 1,217775,8.0,1742200.0
50,2013-03-01,1,5+2,Match 5 + 2 Euro numbers,5 + 2,0,0.0,0.0
50,2013-03-01,2,5+1,Match 5 + 1 Euro number,5 + 1,0,0.0,0.0
50,2013-03-01,3,5+0,Match 5 + 0 Euro numbers,5 + 0,2,52220.9,104441.8
50,2013-03-01,4,4+2,Match 4 + 2 Euro numbers,4 + 2,32,3012.7,96406.4
50,2013-03-01,5,4+1,Match 4 + 1 Euro number,4 + 1,313,243.8,76309.4
50,2013-03-01,6,4+0,Match 4 + 0 Euro numbers,4 + 0,423,113.9,48179.7
50,2013-03-01,7,3+2,Match 3 + 2 Euro numbers,3 + 2,1139,59.9,68226.1
50,2013-03-01,8,3+1,Match 3 + 1 Euro number,3 + 1,13904,23.6,328134.4
50,2013-03-01,9,2+2,Match 2 + 2 Euro numbers,2 + 2,17895,15.4,275583.0
50,2013-03-01,10,3+0,Match 3 + 0 Euro numbers,3 + 0,19194,15.0,287910.0
50,2013-03-01,11,1+2,Match 1 + 2 Euro numbers,1 + 2,97525,9.8,955745.0
50,2013-03-01,12,2+1,Match 2 + 1 Euro number,2 + 1,220927,8.3,1833694.1
51,2013-03-08,1,5+2,Match 5 + 2 Euro numbers,5 + 2,0,0.0,0.0
51,2013-03-08,2,5+1,Match 5 + 1 Euro number,5 + 1,5,165522.3,827611.5
51,2013-03-08,3,5+0,Match 5 + 0 Euro numbers,5 + 0,1,110737.1,110737.1
51,2013-03-08,4,4+2,Match 4 + 2 Euro numbers,4 + 2,40,2555.4,102216.0
51,2013-03-08,5,4+1,Match 4 + 1 Euro number,4 + 1,344,235.2,80908.8
51,2013-03-08,6,4+0,Match 4 + 0 Euro numbers,4 + 0,489,104.5,51100.5
51,2013-03-08,7,3+2,Match 3 + 2 Euro numbers,3 + 2,1588,45.5,72254.0
51,2013-03-08,8,3+1,Match 3 + 1 Euro number,3 + 1,17371,20.1,349157.1
51,2013-03-08,9,2+2,Match 2 + 2 Euro numbers,2 + 2,23201,13.4,310893.4
51,2013-03-08,10,3+0,Match 3 + 0 Euro numbers,3 + 0,21514,13.4,288287.6
51,2013-03-08,11,1+2,Match 1 + 2 Euro numbers,1 + 2,121824,8.3,1011139.2
51,2013-03-08,12,2+1,Match 2 + 1 Euro number,2 + 1,256451,7.6,1949027.6
52,2013-03-15,1,5+2,Match 5 + 2 Euro numbers,5 + 2,0,0.0,0.0
52,2013-03-15,2,5+1,Match 5 + 1 Euro number,5 + 1,0,0.0,0.0
52,2013-03-15,3,5+0,Match 5 + 0 Euro numbers,5 + 0,1,117660.4,117660.4
52,2013-03-15,4,4+2,Match 4 + 2 Euro numbers,4 + 2,29,3745.1,108607.9
52,2013-03-15,5,4+1,Match 4 + 1 Euro number,4 + 1,266,323.2,85971.2
52,2013-03-15,6,4+0,Match 4 + 0 Euro numbers,4 + 0,342,158.7,54275.4
52,2013-03-15,7,3+2,Match 3 + 2 Euro numbers,3 + 2,1253,61.3,76808.9
52,2013-03-15,8,3+1,Match 3 + 1 Euro number,3 + 1,14020,26.4,370128.0
52,2013-03-15,9,2+2,Match 2 + 2 Euro numbers,2 + 2,18647,17.8,331916.6
52,2013-03-15,10,3+0,Match 3 + 0 Euro numbers,3 + 0,17012,17.8,302813.6
52,2013-03-15,11,1+2,Match 1 + 2 Euro numbers,1 + 2,111523,9.7,1081773.1
52,2013-03-15,12,2+1,Match 2 + 1 Euro number,2 + 1,227970,9.1,2074527.0
53,2013-03-22,1,5+2,Match 5 + 2 Euro numbers,5 + 2,0,0.0,0.0
53,2013-03-22,2,5+1,Match 5 + 1 Euro number,5 + 1,2,473704.6,947409.2
53,2013-03-22,3,5+0,Match 5 + 0 Euro numbers,5 + 0,1,128665.9,128665.9
53,2013-03-22,4,4+2,Match 4 + 2 Euro numbers,4 + 2,33,3599.0,118767.0
53,2013-03-22,5,4+1,Match 4 + 1 Euro number,4 + 1,395,238.0,94010.0
53,2013-03-22,6,4+0,Match 4 + 0 Euro numbers,4 + 0,538,110.3,59341.4
53,2013-03-22,7,3+2,Match 3 + 2 Euro numbers,3 + 2,1368,61.4,83995.2
53,2013-03-22,8,3+1,Match 3 + 1 Euro number,3 + 1,20896,19.4,405382.4
53,2013-03-22,9,2+2,Match 2 + 2 Euro numbers,2 + 2,20524,16.6,340698.4
53,2013-03-22,10,3+0,Match 3 + 0 Euro numbers,3 + 0,24149,14.7,354990.3
53,2013-03-22,11,1+2,Match 1 + 2 Euro numbers,1 + 2,105509,11.2,1181700.8
53,2013-03-22,12,2+1,Match 2 + 1 Euro number,2 + 1,303260,7.4,2244124.0
54,2013-03-29,1,5+2,Match 5 + 2 Euro numbers,5 + 2,0,0.0,0.0
54,2013-03-29,2,5+1,Match 5 + 1 Euro number,5 + 1,1,583054.0,583054.0
54,2013-03-29,3,5+0,Match 5 + 0 Euro numbers,5 + 0,1,151594.0,151594.0
54,2013-03-29,4,4+2,Match 4 + 2 Euro numbers,4 + 2,38,3682.4,139931.2
54,2013-03-29,5,4+1,Match 4 + 1 Euro number,4 + 1,434,255.2,110756.8
54,2013-03-29,6,4+0,Match 4 + 0 Euro numbers,4 + 0,543,128.8,69938.4
54,2013-03-29,7,3+2,Match 3 + 2 Euro numbers,3 + 2,1765,56.1,99016.5
54,2013-03-29,8,3+1,Match 3 + 1 Euro number,3 + 1,21214,22.5,477315.0
54,2013-03-29,9,2+2,Match 2 + 2 Euro numbers,2 + 2,27521,15.5,426575.5
54,2013-03-29,10,3+0,Match 3 + 0 Euro numbers,3 + 0,25463,15.5,394676.5
54,2013-03-29,11,1+2,Match 1 + 2 Euro numbers,1 + 2,153737,9.1,1399006.7
54,2013-03-29,12,2+1,Match 2 + 1 Euro number,2 + 1,331119,8.0,2648952.0
55,2013-04-05,1,5+2,Match 5 + 2 Euro numbers,5 + 2,0,0.0,0.0
55,2013-04-05,2,5+1,Match 5 + 1 Euro number,5 + 1,2,326379.2,652758.4
55,2013-04-05,3,5+0,Match 5 + 0 Euro numbers,5 + 0,1,169717.2,169717.2
55,2013-04-05,4,4+2,Match 4 + 2 Euro numbers,4 + 2,43,3643.3,156661.9
55,2013-04-05,5,4+1,Match 4 + 1 Euro number,4 + 1,417,297.4,124015.8
55,2013-04-05,6,4+0,Match 4 + 0 Euro numbers,4 + 0,530,147.7,78281.0
55,2013-04-05,7,3+2,Match 3 + 2 Euro numbers,3 + 2,1757,63.1,110866.7
55,2013-04-05,8,3+1,Match 3 + 1 Euro number,3 + 1,20990,25.5,535245.0
55,2013-04-05,9,2+2,Match 2 + 2 Euro numbers,2 + 2,29717,16.1,478443.7
55,2013-04-05,10,3+0,Match 3 + 0 Euro numbers,3 + 0,27268,16.1,439014.8
55,2013-04-05,11,1+2,Match 1 + 2 Euro numbers,1 + 2,172152,9.1,1566583.2
55,2013-04-05,12,2+1,Match 2 + 1 Euro number,2 + 1,327257,9.1,2978038.7
56,2013-04-12,1,5+2,Match 5 + 2 Euro numbers,5 + 2,1,46079338.8,46079338.8
56,2013-04-12,2,5+1,Match 5 + 1 Euro number,5 + 1,5,152020.7,760103.5
56,2013-04-12,3,5+0,Match 5 + 0 Euro numbers,5 + 0,5,39525.3,197626.5
56,2013-04-12,4,4+2,Match 4 + 2 Euro numbers,4 + 2,64,2850.3,182419.2
56,2013-04-12,5,4+1,Match 4 + 1 Euro number,4 + 1,737,195.9,144378.3
56,2013-04-12,6,4+0,Match 4 + 0 Euro numbers,4 + 0,1084,84.1,91164.4
56,2013-04-12,7,3+2,Match 3 + 2 Euro numbers,3 + 2,2559,50.4,128973.6
56,2013-04-12,8,3+1,Match 3 + 1 Euro number,3 + 1,29403,21.1,620403.3
56,2013-04-12,9,2+2,Match 2 + 2 Euro numbers,2 + 2,35087,14.9,522796.3
56,2013-04-12,10,3+0,Match 3 + 0 Euro numbers,3 + 0,41012,13.3,545459.6
56,2013-04-12,11,1+2,Match 1 + 2 Euro numbers,1 + 2,186437,9.7,1808438.9
56,2013-04-12,12,2+1,Match 2 + 1 Euro number,2 + 1,406046,8.5,3451391.0
57,2013-04-19,1,5+2,Match 5 + 2 Euro numbers,5 + 2,0,0.0,0.0
57,2013-04-19,2,5+1,Match 5 + 1 Euro number,5 + 1,1,415714.1,415714.1
57,2013-04-19,3,5+0,Match 5 + 0 Euro numbers,5 + 0,4,27021.4,108085.6
57,2013-04-19,4,4+2,Match 4 + 2 Euro numbers,4 + 2,32,3117.8,99769.6
57,2013-04-19,5,4+1,Match 4 + 1 Euro number,4 + 1,369,214.0,78966.0
57,2013-04-19,6,4+0,Match 4 + 0 Euro numbers,4 + 0,554,90.0,49860.0
57,2013-04-19,7,3+2,Match 3 + 2 Euro numbers,3 + 2,1161,60.8,70588.8
57,2013-04-19,8,3+1,Match 3 + 1 Euro number,3 + 1,15715,21.6,339444.0
57,2013-04-19,9,2+2,Match 2 + 2 Euro numbers,2 + 2,17156,16.7,286505.2
57,2013-04-19,10,3+0,Match 3 + 0 Euro numbers,3 + 0,23028,12.9,297061.2
57,2013-04-19,11,1+2,Match 1 + 2 Euro numbers,1 + 2,88746,11.2,993955.2
57,2013-04-19,12,2+1,Match 2 + 1 Euro number,2 + 1,237939,8.0,1903512.0
58,2013-04-26,1,5+2,Match 5 + 2 Euro numbers,5 + 2,0,0.0,0.0
58,2013-04-26,2,5+1,Match 5 + 1 Euro number,5 + 1,1,398808.6,398808.6
58,2013-04-26,3,5+0,Match 5 + 0 Euro numbers,5 + 0,0,0.0,0.0
58,2013-04-26,4,4+2,Match 4 + 2 Euro numbers,4 + 2,24,3988.0,95712.0
58,2013-04-26,5,4+1,Match 4 + 1 Euro number,4 + 1,365,207.5,75737.5
58,2013-04-26,6,4+0,Match 4 + 0 Euro numbers,4 + 0,452,105.8,47821.6
58,2013-04-26,7,3+2,Match 3 + 2 Euro numbers,3 + 2,1493,45.4,67782.2
58,2013-04-26,8,3+1,Match 3 + 1 Euro number,3 + 1,17840,18.3,326472.0
58,2013-04-26,9,2+2,Match 2 + 2 Euro numbers,2 + 2,21066,13.1,275964.6
58,2013-04-26,10,3+0,Match 3 + 0 Euro numbers,3 + 0,21652,13.1,283641.2
58,2013-04-26,11,1+2,Match 1 + 2 Euro numbers,1 + 2,105869,9.0,952821.0
58,2013-04-26,12,2+1,Match 2 + 1 Euro number,2 + 1,255083,7.1,1811089.3
59,2013-05-03,1,5+2,Match 5 + 2 Euro numbers,5 + 2,1,13486561.1,13486561.1
59,2013-05-03,2,5+1,Match 5 + 1 Euro number,5 + 1,5,85659.3,428296.5
59,2013-05-03,3,5+0,Match 5 + 0 Euro numbers,5 + 0,2,85659.3,171318.6
59,2013-05-03,4,4+2,Match 4 + 2 Euro numbers,4 + 2,42,2249.0,94458.0
59,2013-05-03,5,4+1,Match 4 + 1 Euro number,4 + 1,347,215.5,74778.5
59,2013-05-03,6,4+0,Match 4 + 0 Euro numbers,4 + 0,456,103.5,47196.0
59,2013-05-03,7,3+2,Match 3 + 2 Euro numbers,3 + 2,1809,36.9,66752.1
59,2013-05-03,8,3+1,Match 3 + 1 Euro number,3 + 1,16216,19.9,322698.4
59,2013-05-03,9,2+2,Match 2 + 2 Euro numbers,2 + 2,25915,12.2,316163.0
59,2013-05-03,10,3+0,Match 3 + 0 Euro numbers,3 + 0,19234,12.2,234654.8
59,2013-05-03,11,1+2,Match 1 + 2 Euro numbers,1 + 2,139661,7.4,1033491.4
59,2013-05-03,12,2+1,Match 2 + 1 Euro number,2 + 1,227622,7.4,1684402.8
60,2013-05-10,1,5+2,Match 5 + 2 Euro numbers,5 + 2,0,0.0,0.0
60,2013-05-10,2,5+1,Match 5 + 1 Euro number,5 + 1,0,0.0,0.0
60,2013-05-10,3,5+0,Match 5 + 0 Euro numbers,5 + 0,0,0.0,0.0
60,2013-05-10,4,4+2,Match 4 + 2 Euro numbers,4 + 2,21,4235.5,88945.5
60,2013-05-10,5,4+1,Match 4 + 1 Euro number,4 + 1,258,272.9,70408.2
60,2013-05-10,6,4+0,Match 4 + 0 Euro numbers,4 + 0,373,119.2,44461.6
60,2013-05-10,7,3+2,Match 3 + 2 Euro numbers,3 + 2,1024,61.5,62976.0
60,2013-05-10,8,3+1,Match 3 + 1 Euro number,3 + 1,12949,23.4,303006.6
60,2013-05-10,9,2+2,Match 2 + 2 Euro numbers,2 + 2,15887,16.0,254192.0
60,2013-05-10,10,3+0,Match 3 + 0 Euro numbers,3 + 0,17357,15.3,265562.1
60,2013-05-10,11,1+2,Match 1 + 2 Euro numbers,1 + 2,87454,10.1,883285.4
60,2013-05-10,12,2+1,Match 2 + 1 Euro number,2 + 1,206096,8.2,1689987.2
61,2013-05-17,1,5+2,Match 5 + 2 Euro numbers,5 + 2,0,0.0,0.0
61,2013-05-17,2,5+1,Match 5 + 1 Euro number,5 + 1,1,737902.2,737902.2
61,2013-05-17,3,5+0,Match 5 + 0 Euro numbers,5 + 0,0,0.0,0.0
61,2013-05-17,4,4+2,Match 4 + 2 Euro numbers,4 + 2,20,4407.4,88148.0
61,2013-05-17,5,4+1,Match 4 + 1 Euro number,4 + 1,316,220.8,69772.8
61,2013-05-17,6,4+0,Match 4 + 0 Euro numbers,4 + 0,515,85.5,44032.5
61,2013-05-17,7,3+2,Match 3 + 2 Euro numbers,3 + 2,1388,44.9,62321.2
61,2013-05-17,8,3+1,Match 3 + 1 Euro number,3 + 1,15287,19.7,301153.9
61,2013-05-17,9,2+2,Match 2 + 2 Euro numbers,2 + 2,18908,13.4,253367.2
61,2013-05-17,10,3+0,Match 3 + 0 Euro numbers,3 + 0,22413,11.7,262232.1
61,2013-05-17,11,1+2,Match 1 + 2 Euro numbers,1 + 2,93343,9.4,877424.2
61,2013-05-17,12,2+1,Match 2 + 1 Euro number,2 + 1,211805,7.9,1673259.5
62,2013-05-24,1,5+2,Match 5 + 2 Euro numbers,5 + 2,0,0.0,0.0
62,2013-05-24,2,5+1,Match 5 + 1 Euro number,5 + 1,1,369814.1,369814.1
62,2013-05-24,3,5+0,Match 5 + 0 Euro numbers,5 + 0,2,144003.1,288006.2
62,2013-05-24,4,4+2,Match 4 + 2 Euro numbers,4 + 2,27,3287.2,88754.4
62,2013-05-24,5,4+1,Match 4 + 1 Euro number,4 + 1,273,257.3,70242.9
62,2013-05-24,6,4+0,Match 4 + 0 Euro numbers,4 + 0,355,125.0,44375.0
62,2013-05-24,7,3+2,Match 3 + 2 Euro numbers,3 + 2,1319,47.6,62784.4
62,2013-05-24,8,3+1,Match 3 + 1 Euro number,3 + 1,13877,21.8,302518.6
62,2013-05-24,9,2+2,Match 2 + 2 Euro numbers,2 + 2,19467,14.0,272538.0
62,2013-05-24,10,3+0,Match 3 + 0 Euro numbers,3 + 0,17657,14.0,247198.0
62,2013-05-24,11,1+2,Match 1 + 2 Euro numbers,1 + 2,111497,8.0,891976.0
62,2013-05-24,12,2+1,Match 2 + 1 Euro number,2 + 1,207854,8.0,1662832.0
63,2013-05-31,1,5+2,Match 5 + 2 Euro numbers,5 + 2,0,0.0,0.0
63,2013-05-31,2,5+1,Match 5 + 1 Euro number,5 + 1,3,127279.1,381837.3
63,2013-05-31,3,5+0,Match 5 + 0 Euro numbers,5 + 0,3,33092.5,99277.5
63,2013-05-31,4,4+2,Match 4 + 2 Euro numbers,4 + 2,55,1666.1,91635.5
63,2013-05-31,5,4+1,Match 4 + 1 Euro number,4 + 1,483,150.2,72546.6
63,2013-05-31,6,4+0,Match 4 + 0 Euro numbers,4 + 0,599,76.4,45763.6
63,2013-05-31,7,3+2,Match 3 + 2 Euro numbers,3 + 2,2251,28.8,64828.8
63,2013-05-31,8,3+1,Match 3 + 1 Euro number,3 + 1,19815,15.8,313077.0
63,2013-05-31,9,2+2,Match 2 + 2 Euro numbers,2 + 2,27543,10.5,289201.5
63,2013-05-31,10,3+0,Match 3 + 0 Euro numbers,3 + 0,23648,10.5,248304.0
63,2013-05-31,11,1+2,Match 1 + 2 Euro numbers,1 + 2,128303,7.1,910951.3
63,2013-05-31,12,2+1,Match 2 + 1 Euro number,2 + 1,254340,6.8,1729512.0
64,2013-06-07,1,5+2,Match 5 + 2 Euro numbers,5 + 2,0,0.0,0.0
64,2013-06-07,2,5+1,Match 5 + 1 Euro number,5 + 1,1,386206.7,386206.7
64,2013-06-07,3,5+0,Match 5 + 0 Euro numbers,5 + 0,3,33471.2,100413.6
64,2013-06-07,4,4+2,Match 4 + 2 Euro numbers,4 + 2,41,2260.7,92688.7
64,2013-06-07,5,4+1,Match 4 + 1 Euro number,4 + 1,419,175.1,73366.9
64,2013-06-07,6,4+0,Match 4 + 0 Euro numbers,4 + 0,526,88.1,46340.6
64,2013-06-07,7,3+2,Match 3 + 2 Euro numbers,3 + 2,1711,38.3,65531.3
64,2013-06-07,8,3+1,Match 3 + 1 Euro number,3 + 1,17553,18.0,315954.0
64,2013-06-07,9,2+2,Match 2 + 2 Euro numbers,2 + 2,21658,12.3,266393.4
64,2013-06-07,10,3+0,Match 3 + 0 Euro numbers,3 + 0,23015,12.0,276180.0
64,2013-06-07,11,1+2,Match 1 + 2 Euro numbers,1 + 2,106140,8.7,923418.0
64,2013-06-07,12,2+1,Match 2 + 1 Euro number,2 + 1,231697,7.6,1760897.2
65,2013-06-14,1,5+2,Match 5 + 2 Euro numbers,5 + 2,0,0.0,0.0
65,2013-06-14,2,5+1,Match 5 + 1 Euro number,5 + 1,2,202431.7,404863.4
65,2013-06-14,3,5+0,Match 5 + 0 Euro numbers,5 + 0,1,105264.5,105264.5
65,2013-06-14,4,4+2,Match 4 + 2 Euro numbers,4 + 2,16,6072.9,97166.4
65,2013-06-14,5,4+1,Match 4 + 1 Euro number,4 + 1,277,277.7,76922.9
65,2013-06-14,6,4+0,Match 4 + 0 Euro numbers,4 + 0,334,145.4,48563.6
65,2013-06-14,7,3+2,Match 3 + 2 Euro numbers,3 + 2,1020,67.4,68748.0
65,2013-06-14,8,3+1,Match 3 + 1 Euro number,3 + 1,13009,25.5,331729.5
65,2013-06-14,9,2+2,Match 2 + 2 Euro numbers,2 + 2,16294,17.8,290033.2
65,2013-06-14,10,3+0,Match 3 + 0 Euro numbers,3 + 0,15756,17.8,280456.8
65,2013-06-14,11,1+2,Match 1 + 2 Euro numbers,1 + 2,99371,9.7,963898.7
65,2013-06-14,12,2+1,Match 2 + 1 Euro number,2 + 1,200909,9.2,1848362.8
66,2013-06-21,1,5+2,Match 5 + 2 Euro numbers,5 + 2,0,0.0,0.0
66,2013-06-21,2,5+1,Match 5 + 1 Euro number,5 + 1,0,0.0,0.0
66,2013-06-21,3,5+0,Match 5 + 0 Euro numbers,5 + 0,2,54229.2,108458.4
66,2013-06-21,4,4+2,Match 4 + 2 Euro numbers,4 + 2,29,3452.2,100113.8
66,2013-06-21,5,4+1,Match 4 + 1 Euro number,4 + 1,386,205.3,79245.8
66,2013-06-21,6,4+0,Match 4 + 0 Euro numbers,4 + 0,462,108.3,50034.6
66,2013-06-21,7,3+2,Match 3 + 2 Euro numbers,3 + 2,1836,38.6,70869.6
66,2013-06-21,8,3+1,Match 3 + 1 Euro number,3 + 1,17325,19.7,341302.5
66,2013-06-21,9,2+2,Match 2 + 2 Euro numbers,2 + 2,26356,12.2,321543.2
66,2013-06-21,10,3+0,Match 3 + 0 Euro numbers,3 + 0,21792,12.2,265862.4
66,2013-06-21,11,1+2,Match 1 + 2 Euro numbers,1 + 2,134367,7.6,1021189.2
66,2013-06-21,12,2+1,Match 2 + 1 Euro number,2 + 1,248186,7.6,1886213.6
67,2013-06-28,1,5+2,Match 5 + 2 Euro numbers,5 + 2,0,0.0,0.0
67,2013-06-28,2,5+1,Match 5 + 1 Euro number,5 + 1,2,445381.1,890762.2
67,2013-06-28,3,5+0,Match 5 + 0 Euro numbers,5 + 0,0,0.0,0.0
67,2013-06-28,4,4+2,Match 4 + 2 Euro numbers,4 + 2,35,3247.6,113666.0
67,2013-06-28,5,4+1,Match 4 + 1 Euro number,4 + 1,459,196.0,89964.0
67,2013-06-28,6,4+0,Match 4 + 0 Euro numbers,4 + 0,526,108.0,56808.0
67,2013-06-28,7,3+2,Match 3 + 2 Euro numbers,3 + 2,1821,44.2,80488.2
67,2013-06-28,8,3+1,Match 3 + 1 Euro number,3 + 1,20729,18.7,387632.3
67,2013-06-28,9,2+2,Match 2 + 2 Euro numbers,2 + 2,26379,13.2,348202.8
67,2013-06-28,10,3+0,Match 3 + 0 Euro numbers,3 + 0,23977,13.2,316496.4
67,2013-06-28,11,1+2,Match 1 + 2 Euro numbers,1 + 2,128108,8.8,1127350.4
67,2013-06-28,12,2+1,Match 2 + 1 Euro number,2 + 1,299330,7.2,2155176.0
68,2013-07-05,1,5+2,Match 5 + 2 Euro numbers,5 + 2,0,0.0,0.0
68,2013-07-05,2,5+1,Match 5 + 1 Euro number,5 + 1,1,536321.4,536321.4
68,2013-07-05,3,5+0,Match 5 + 0 Euro numbers,5 + 0,1,262583.2,262583.2
68,2013-07-05,4,4+2,Match 4 + 2 Euro numbers,4 + 2,43,2993.4,128716.2
68,2013-07-05,5,4+1,Match 4 + 1 Euro number,4 + 1,440,231.5,101860.0
68,2013-07-05,6,4+0,Match 4 + 0 Euro numbers,4 + 0,474,135.7,64321.8
68,2013-07-05,7,3+2,Match 3 + 2 Euro numbers,3 + 2,1746,52.2,91141.2
68,2013-07-05,8,3+1,Match 3 + 1 Euro number,3 + 1,19117,23.0,439691.0
68,2013-07-05,9,2+2,Match 2 + 2 Euro numbers,2 + 2,26691,15.5,413710.5
68,2013-07-05,10,3+0,Match 3 + 0 Euro numbers,3 + 0,21838,15.5,338489.0
68,2013-07-05,11,1+2,Match 1 + 2 Euro numbers,1 + 2,152989,8.4,1285107.6
68,2013-07-05,12,2+1,Match 2 + 1 Euro number,2 + 1,304672,8.0,2437376.0
69,2013-07-12,1,5+2,Match 5 + 2 Euro numbers,5 + 2,0,0.0,0.0
69,2013-07-12,2,5+1,Match 5 + 1 Euro number,5 + 1,3,192248.5,576745.5
69,2013-07-12,3,5+0,Match 5 + 0 Euro numbers,5 + 0,0,0.0,0.0
69,2013-07-12,4,4+2,Match 4 + 2 Euro numbers,4 + 2,62,2232.5,138415.0
69,2013-07-12,5,4+1,Match 4 + 1 Euro number,4 + 1,681,160.9,109572.9
69,2013-07-12,6,4+0,Match 4 + 0 Euro numbers,4 + 0,754,91.7,69141.8
69,2013-07-12,7,3+2,Match 3 + 2 Euro numbers,3 + 2,3245,30.2,97999.0
69,2013-07-12,8,3+1,Match 3 + 1 Euro number,3 + 1,28515,16.5,470497.5
69,2013-07-12,9,2+2,Match 2 + 2 Euro numbers,2 + 2,39771,11.4,453389.4
69,2013-07-12,10,3+0,Match 3 + 0 Euro numbers,3 + 0,31301,11.4,356831.4
69,2013-07-12,11,1+2,Match 1 + 2 Euro numbers,1 + 2,191021,7.3,1394453.3
69,2013-07-12,12,2+1,Match 2 + 1 Euro number,2 + 1,354576,7.3,2588404.8
70,2013-07-19,1,5+2,Match 5 + 2 Euro numbers,5 + 2,1,41522930.1,41522930.1
70,2013-07-19,2,5+1,Match 5 + 1 Euro number,5 + 1,7,95036.1,665252.7
70,2013-07-19,3,5+0,Match 5 + 0 Euro numbers,5 + 0,8,40364.9,322919.2
70,2013-07-19,4,4+2,Match 4 + 2 Euro numbers,4 + 2,78,2046.9,159658.2
70,2013-07-19,5,4+1,Match 4 + 1 Euro number,4 + 1,801,157.8,126397.8
70,2013-07-19,6,4+0,Match 4 + 0 Euro numbers,4 + 0,1050,76.0,79800.0
70,2013-07-19,7,3+2,Match 3 + 2 Euro numbers,3 + 2,3133,36.0,112788.0
70,2013-07-19,8,3+1,Match 3 + 1 Euro number,3 + 1,34238,15.9,544384.2
70,2013-07-19,9,2+2,Match 2 + 2 Euro numbers,2 + 2,40948,11.3,462712.4
70,2013-07-19,10,3+0,Match 3 + 0 Euro numbers,3 + 0,41742,11.3,471684.6
70,2013-07-19,11,1+2,Match 1 + 2 Euro numbers,1 + 2,191425,8.3,1588827.5
70,2013-07-19,12,2+1,Match 2 + 1 Euro number,2 + 1,440370,6.9,3038553.0
71,2013-07-26,1,5+2,Match 5 + 2 Euro numbers,5 + 2,0,0.0,0.0
71,2013-07-26,2,5+1,Match 5 + 1 Euro number,5 + 1,4,101657.2,406628.8
71,2013-07-26,3,5+0,Match 5 + 0 Euro numbers,5 + 0,1,101657.2,101657.2
71,2013-07-26,4,4+2,Match 4 + 2 Euro numbers,4 + 2,38,2547.8,96816.4
71,2013-07-26,5,4+1,Match 4 + 1 Euro number,4 + 1,490,156.4,76636.0
71,2013-07-26,6,4+0,Match 4 + 0 Euro numbers,4 + 0,559,86.5,48353.5
71,2013-07-26,7,3+2,Match 3 + 2 Euro numbers,3 + 2,1503,45.6,68536.8
71,2013-07-26,8,3+1,Match 3 + 1 Euro number,3 + 1,21231,15.5,329080.5
71,2013-07-26,9,2+2,Match 2 + 2 Euro numbers,2 + 2,19528,14.2,277297.6
71,2013-07-26,10,3+0,Match 3 + 0 Euro numbers,3 + 0,22399,12.9,288947.1
71,2013-07-26,11,1+2,Match 1 + 2 Euro numbers,1 + 2,93475,10.3,962792.5
71,2013-07-26,12,2+1,Match 2 + 1 Euro number,2 + 1,277668,6.6,1832608.8
72,2013-08-02,1,5+2,Match 5 + 2 Euro numbers,5 + 2,0,0.0,0.0
72,2013-08-02,2,5+1,Match 5 + 1 Euro number,5 + 1,1,406422.5,406422.5
72,2013-08-02,3,5+0,Match 5 + 0 Euro numbers,5 + 0,2,52834.9,105669.8
72,2013-08-02,4,4+2,Match 4 + 2 Euro numbers,4 + 2,67,1455.8,97538.6
72,2013-08-02,5,4+1,Match 4 + 1 Euro number,4 + 1,540,143.0,77220.0
72,2013-08-02,6,4+0,Match 4 + 0 Euro numbers,4 + 0,593,82.2,48744.6
72,2013-08-02,7,3+2,Match 3 + 2 Euro numbers,3 + 2,2006,34.4,69006.4
72,2013-08-02,8,3+1,Match 3 + 1 Euro number,3 + 1,19291,17.2,331805.2
72,2013-08-02,9,2+2,Match 2 + 2 Euro numbers,2 + 2,25801,11.7,301871.7
72,2013-08-02,10,3+0,Match 3 + 0 Euro numbers,3 + 0,23012,11.7,269240.4
72,2013-08-02,11,1+2,Match 1 + 2 Euro numbers,1 + 2,119849,8.1,970776.9
72,2013-08-02,12,2+1,Match 2 + 1 Euro number,2 + 1,256310,7.2,1845432.0
73,2013-08-09,1,5+2,Match 5 + 2 Euro numbers,5 + 2,0,0.0,0.0
73,2013-08-09,2,5+1,Match 5 + 1 Euro number,5 + 1,0,0.0,0.0
73,2013-08-09,3,5+0,Match 5 + 0 Euro numbers,5 + 0,0,0.0,0.0
73,2013-08-09,4,4+2,Match 4 + 2 Euro numbers,4 + 2,22,4461.7,98157.4
73,2013-08-09,5,4+1,Match 4 + 1 Euro number,4 + 1,335,231.9,77686.5
73,2013-08-09,6,4+0,Match 4 + 0 Euro numbers,4 + 0,437,112.3,49075.1
73,2013-08-09,7,3+2,Match 3 + 2 Euro numbers,3 + 2,1193,58.2,69432.6
73,2013-08-09,8,3+1,Match 3 + 1 Euro number,3 + 1,15213,22.0,334686.0
73,2013-08-09,9,2+2,Match 2 + 2 Euro numbers,2 + 2,17532,16.0,280512.0
73,2013-08-09,10,3+0,Match 3 + 0 Euro numbers,3 + 0,22177,13.2,292736.4
73,2013-08-09,11,1+2,Match 1 + 2 Euro numbers,1 + 2,92601,10.6,981570.6
73,2013-08-09,12,2+1,Match 2 + 1 Euro number,2 + 1,216919,8.6,1865503.4
74,2013-08-16,1,5+2,Match 5 + 2 Euro numbers,5 + 2,1,15541392.0,15541392.0
74,2013-08-16,2,5+1,Match 5 + 1 Euro number,5 + 1,2,407660.4,815320.8
74,2013-08-16,3,5+0,Match 5 + 0 Euro numbers,5 + 0,1,211983.4,211983.4
74,2013-08-16,4,4+2,Match 4 + 2 Euro numbers,4 + 2,32,3047.4,97516.8
74,2013-08-16,5,4+1,Match 4 + 1 Euro number,4 + 1,361,213.8,77181.8
74,2013-08-16,6,4+0,Match 4 + 0 Euro numbers,4 + 0,440,110.8,48752.0
74,2013-08-16,7,3+2,Match 3 + 2 Euro numbers,3 + 2,1459,47.3,69010.7
74,2013-08-16,8,3+1,Match 3 + 1 Euro number,3 + 1,15110,22.0,332420.0
74,2013-08-16,9,2+2,Match 2 + 2 Euro numbers,2 + 2,21298,14.3,304561.4
74,2013-08-16,10,3+0,Match 3 + 0 Euro numbers,3 + 0,18511,14.3,264707.3
74,2013-08-16,11,1+2,Match 1 + 2 Euro numbers,1 + 2,110928,8.7,965073.6
74,2013-08-16,12,2+1,Match 2 + 1 Euro number,2 + 1,231175,8.0,1849400.0
75,2013-08-23,1,5+2,Match 5 + 2 Euro numbers,5 + 2,0,0.0,0.0
75,2013-08-23,2,5+1,Match 5 + 1 Euro number,5 + 1,3,125221.8,375665.4
75,2013-08-23,3,5+0,Match 5 + 0 Euro numbers,5 + 0,8,12209.1,97672.8
75,2013-08-23,4,4+2,Match 4 + 2 Euro numbers,4 + 2,19,4745.2,90158.8
75,2013-08-23,5,4+1,Match 4 + 1 Euro number,4 + 1,360,198.2,71352.0
75,2013-08-23,6,4+0,Match 4 + 0 Euro numbers,4 + 0,423,106.5,45049.5
75,2013-08-23,7,3+2,Match 3 + 2 Euro numbers,3 + 2,997,64.0,63808.0
75,2013-08-23,8,3+1,Match 3 + 1 Euro number,3 + 1,15795,19.5,308002.5
75,2013-08-23,9,2+2,Match 2 + 2 Euro numbers,2 + 2,14379,18.0,258822.0
75,2013-08-23,10,3+0,Match 3 + 0 Euro numbers,3 + 0,17785,15.2,270332.0
75,2013-08-23,11,1+2,Match 1 + 2 Euro numbers,1 + 2,76905,11.7,899788.5
75,2013-08-23,12,2+1,Match 2 + 1 Euro number,2 + 1,226817,7.6,1723809.2
76,2013-08-30,1,5+2,Match 5 + 2 Euro numbers,5 + 2,0,0.0,0.0
76,2013-08-30,2,5+1,Match 5 + 1 Euro number,5 + 1,2,191998.3,383996.6
76,2013-08-30,3,5+0,Match 5 + 0 Euro numbers,5 + 0,1,99839.1,99839.1
76,2013-08-30,4,4+2,Match 4 + 2 Euro numbers,4 + 2,33,2792.7,92159.1
76,2013-08-30,5,4+1,Match 4 + 1 Euro number,4 + 1,382,190.9,72923.8
76,2013-08-30,6,4+0,Match 4 + 0 Euro numbers,4 + 0,475,97.0,46075.0
76,2013-08-30,7,3+2,Match 3 + 2 Euro numbers,3 + 2,1446,45.1,65214.6
76,2013-08-30,8,3+1,Match 3 + 1 Euro number,3 + 1,16635,18.9,314401.5
76,2013-08-30,9,2+2,Match 2 + 2 Euro numbers,2 + 2,19925,13.2,263010.0
76,2013-08-30,10,3+0,Match 3 + 0 Euro numbers,3 + 0,21915,12.6,276129.0
76,2013-08-30,11,1+2,Match 1 + 2 Euro numbers,1 + 2,100280,9.1,912548.0
76,2013-08-30,12,2+1,Match 2 + 1 Euro number,2 + 1,233003,7.5,1747522.5
77,2013-09-06,1,5+2,Match 5 + 2 Euro numbers,5 + 2,0,0.0,0.0
77,2013-09-06,2,5+1,Match 5 + 1 Euro number,5 + 1,0,0.0,0.0
77,2013-09-06,3,5+0,Match 5 + 0 Euro numbers,5 + 0,2,50544.0,101088.0
77,2013-09-06,4,4+2,Match 4 + 2 Euro numbers,4 + 2,31,3010.0,93310.0
77,2013-09-06,5,4+1,Match 4 + 1 Euro number,4 + 1,409,180.6,73865.4
77,2013-09-06,6,4+0,Match 4 + 0 Euro numbers,4 + 0,494,94.4,46633.6
77,2013-09-06,7,3+2,Match 3 + 2 Euro numbers,3 + 2,1316,50.2,66063.2
77,2013-09-06,8,3+1,Match 3 + 1 Euro number,3 + 1,16087,19.8,318522.6
77,2013-09-06,9,2+2,Match 2 + 2 Euro numbers,2 + 2,18933,14.1,266955.3
77,2013-09-06,10,3+0,Match 3 + 0 Euro numbers,3 + 0,20693,13.5,279355.5
77,2013-09-06,11,1+2,Match 1 + 2 Euro numbers,1 + 2,98229,9.4,923352.6
77,2013-09-06,12,2+1,Match 2 + 1 Euro number,2 + 1,229713,7.7,1768790.1
78,2013-09-13,1,5+2,Match 5 + 2 Euro numbers,5 + 2,0,0.0,0.0
78,2013-09-13,2,5+1,Match 5 + 1 Euro number,5 + 1,2,400300.4,800600.8
78,2013-09-13,3,5+0,Match 5 + 0 Euro numbers,5 + 0,0,0.0,0.0
78,2013-09-13,4,4+2,Match 4 + 2 Euro numbers,4 + 2,36,2745.3,98830.8
78,2013-09-13,5,4+1,Match 4 + 1 Euro number,4 + 1,411,190.3,78213.3
78,2013-09-13,6,4+0,Match 4 + 0 Euro numbers,4 + 0,514,96.1,49395.4
78,2013-09-13,7,3+2,Match 3 + 2 Euro numbers,3 + 2,1373,50.9,69885.7
78,2013-09-13,8,3+1,Match 3 + 1 Euro number,3 + 1,16771,20.1,337097.1
78,2013-09-13,9,2+2,Match 2 + 2 Euro numbers,2 + 2,19304,14.7,283768.8
78,2013-09-13,10,3+0,Match 3 + 0 Euro numbers,3 + 0,20875,14.2,296425.0
78,2013-09-13,11,1+2,Match 1 + 2 Euro numbers,1 + 2,102457,9.6,983587.2
78,2013-09-13,12,2+1,Match 2 + 1 Euro number,2 + 1,235178,8.0,1881424.0
79,2013-09-20,1,5+2,Match 5 + 2 Euro numbers,5 + 2,0,0.0,0.0
79,2013-09-20,2,5+1,Match 5 + 1 Euro number,5 + 1,3,138630.6,415891.8
79,2013-09-20,3,5+0,Match 5 + 0 Euro numbers,5 + 0,5,43039.9,215199.5
79,2013-09-20,4,4+2,Match 4 + 2 Euro numbers,4 + 2,39,2559.3,99812.7
79,2013-09-20,5,4+1,Match 4 + 1 Euro number,4 + 1,472,167.4,79012.8
79,2013-09-20,6,4+0,Match 4 + 0 Euro numbers,4 + 0,644,77.4,49845.6
79,2013-09-20,7,3+2,Match 3 + 2 Euro numbers,3 + 2,1531,46.1,70579.1
79,2013-09-20,8,3+1,Match 3 + 1 Euro number,3 + 1,19296,17.6,339609.6
79,2013-09-20,9,2+2,Match 2 + 2 Euro numbers,2 + 2,21147,13.5,285484.5
79,2013-09-20,10,3+0,Match 3 + 0 Euro numbers,3 + 0,23669,12.6,298229.4
79,2013-09-20,11,1+2,Match 1 + 2 Euro numbers,1 + 2,113908,8.7,990999.6
79,2013-09-20,12,2+1,Match 2 + 1 Euro number,2 + 1,257832,7.4,1907956.8
80,2013-09-27,1,5+2,Match 5 + 2 Euro numbers,5 + 2,1,21256582.4,21256582.4
80,2013-09-27,2,5+1,Match 5 + 1 Euro number,5 + 1,6,74374.1,446244.6
80,2013-09-27,3,5+0,Match 5 + 0 Euro numbers,5 + 0,2,58011.8,116023.6
80,2013-09-27,4,4+2,Match 4 + 2 Euro numbers,4 + 2,26,4119.1,107096.6
80,2013-09-27,5,4+1,Match 4 + 1 Euro number,4 + 1,352,240.8,84761.6
80,2013-09-27,6,4+0,Match 4 + 0 Euro numbers,4 + 0,508,105.4,53543.2
80,2013-09-27,7,3+2,Match 3 + 2 Euro numbers,3 + 2,1264,60.0,75840.0
80,2013-09-27,8,3+1,Match 3 + 1 Euro number,3 + 1,15941,22.9,365048.9
80,2013-09-27,9,2+2,Match 2 + 2 Euro numbers,2 + 2,18252,16.8,306633.6
80,2013-09-27,10,3+0,Match 3 + 0 Euro numbers,3 + 0,22164,14.4,319161.6
80,2013-09-27,11,1+2,Match 1 + 2 Euro numbers,1 + 2,96643,11.0,1063073.0
80,2013-09-27,12,2+1,Match 2 + 1 Euro number,2 + 1,238822,8.5,2029987.0
81,2013-10-04,1,5+2,Match 5 + 2 Euro numbers,5 + 2,0,0.0,0.0
81,2013-10-04,2,5+1,Match 5 + 1 Euro number,5 + 1,1,376460.6,376460.6
81,2013-10-04,3,5+0,Match 5 + 0 Euro numbers,5 + 0,1,97879.7,97879.7
81,2013-10-04,4,4+2,Match 4 + 2 Euro numbers,4 + 2,17,5314.7,90349.9
81,2013-10-04,5,4+1,Match 4 + 1 Euro number,4 + 1,269,265.9,71527.1
81,2013-10-04,6,4+0,Match 4 + 0 Euro numbers,4 + 0,355,127.2,45156.0
81,2013-10-04,7,3+2,Match 3 + 2 Euro numbers,3 + 2,1097,58.3,63955.1
81,2013-10-04,8,3+1,Match 3 + 1 Euro number,3 + 1,13721,22.4,307350.4
81,2013-10-04,9,2+2,Match 2 + 2 Euro numbers,2 + 2,18147,14.4,261316.8
81,2013-10-04,10,3+0,Match 3 + 0 Euro numbers,3 + 0,18668,14.4,268819.2
81,2013-10-04,11,1+2,Match 1 + 2 Euro numbers,1 + 2,93795,9.6,900432.0
81,2013-10-04,12,2+1,Match 2 + 1 Euro number,2 + 1,200700,8.6,1726020.0
82,2013-10-11,1,5+2,Match 5 + 2 Euro numbers,5 + 2,0,0.0,0.0
82,2013-10-11,2,5+1,Match 5 + 1 Euro number,5 + 1,3,123994.5,371983.5
82,2013-10-11,3,5+0,Match 5 + 0 Euro numbers,5 + 0,2,48357.8,96715.6
82,2013-10-11,4,4+2,Match 4 + 2 Euro numbers,4 + 2,25,3571.0,89275.0
82,2013-10-11,5,4+1,Match 4 + 1 Euro number,4 + 1,366,193.1,70674.6
82,2013-10-11,6,4+0,Match 4 + 0 Euro numbers,4 + 0,454,98.3,44628.2
82,2013-10-11,7,3+2,Match 3 + 2 Euro numbers,3 + 2,971,65.1,63212.1
82,2013-10-11,8,3+1,Match 3 + 1 Euro number,3 + 1,16597,18.3,303725.1
82,2013-10-11,9,2+2,Match 2 + 2 Euro numbers,2 + 2,14594,17.5,255395.0
82,2013-10-11,10,3+0,Match 3 + 0 Euro numbers,3 + 0,19873,13.4,266298.2
82,2013-10-11,11,1+2,Match 1 + 2 Euro numbers,1 + 2,77179,11.5,887558.5
82,2013-10-11,12,2+1,Match 2 + 1 Euro number,2 + 1,235949,7.2,1698832.8
83,2013-10-18,1,5+2,Match 5 + 2 Euro numbers,5 + 2,1,13308947.8,13308947.8
83,2013-10-18,2,5+1,Match 5 + 1 Euro number,5 + 1,2,190024.9,380049.8
83,2013-10-18,3,5+0,Match 5 + 0 Euro numbers,5 + 0,1,98812.9,98812.9
83,2013-10-18,4,4+2,Match 4 + 2 Euro numbers,4 + 2,26,3508.1,91210.6
83,2013-10-18,5,4+1,Match 4 + 1 Euro number,4 + 1,283,255.1,72193.3
83,2013-10-18,6,4+0,Match 4 + 0 Euro numbers,4 + 0,379,120.3,45593.7
83,2013-10-18,7,3+2,Match 3 + 2 Euro numbers,3 + 2,1096,58.9,64554.4
83,2013-10-18,8,3+1,Match 3 + 1 Euro number,3 + 1,15229,20.4,310671.6
83,2013-10-18,9,2+2,Match 2 + 2 Euro numbers,2 + 2,16009,16.3,260946.7
83,2013-10-18,10,3+0,Match 3 + 0 Euro numbers,3 + 0,18990,14.4,273456.0
83,2013-10-18,11,1+2,Match 1 + 2 Euro numbers,1 + 2,85279,10.6,903957.4
83,2013-10-18,12,2+1,Match 2 + 1 Euro number,2 + 1,229355,7.6,1743098.0
84,2013-10-25,1,5+2,Match 5 + 2 Euro numbers,5 + 2,0,0.0,0.0
84,2013-10-25,2,5+1,Match 5 + 1 Euro number,5 + 1,0,0.0,0.0
84,2013-10-25,3,5+0,Match 5 + 0 Euro numbers,5 + 0,0,0.0,0.0
84,2013-10-25,4,4+2,Match 4 + 2 Euro numbers,4 + 2,29,2974.1,86248.9
84,2013-10-25,5,4+1,Match 4 + 1 Euro number,4 + 1,298,229.1,68271.8
84,2013-10-25,6,4+0,Match 4 + 0 Euro numbers,4 + 0,357,120.7,43089.9
84,2013-10-25,7,3+2,Match 3 + 2 Euro numbers,3 + 2,1033,59.1,61050.3
84,2013-10-25,8,3+1,Match 3 + 1 Euro number,3 + 1,12154,24.2,294126.8
84,2013-10-25,9,2+2,Match 2 + 2 Euro numbers,2 + 2,15740,16.0,251840.0
84,2013-10-25,10,3+0,Match 3 + 0 Euro numbers,3 + 0,15832,16.0,253312.0
84,2013-10-25,11,1+2,Match 1 + 2 Euro numbers,1 + 2,89259,9.6,856886.4
84,2013-10-25,12,2+1,Match 2 + 1 Euro number,2 + 1,185394,8.8,1631467.2
85,2013-11-01,1,5+2,Match 5 + 2 Euro numbers,5 + 2,0,0.0,0.0
85,2013-11-01,2,5+1,Match 5 + 1 Euro number,5 + 1,1,712833.9,712833.9
85,2013-11-01,3,5+0,Match 5 + 0 Euro numbers,5 + 0,2,92668.4,185336.8
85,2013-11-01,4,4+2,Match 4 + 2 Euro numbers,4 + 2,30,2827.7,84831.0
85,2013-11-01,5,4+1,Match 4 + 1 Euro number,4 + 1,468,143.4,67111.2
85,2013-11-01,6,4+0,Match 4 + 0 Euro numbers,4 + 0,662,64.0,42368.0
85,2013-11-01,7,3+2,Match 3 + 2 Euro numbers,3 + 2,1471,40.8,60016.8
85,2013-11-01,8,3+1,Match 3 + 1 Euro number,3 + 1,20352,14.2,288998.4
85,2013-11-01,9,2+2,Match 2 + 2 Euro numbers,2 + 2,18965,12.8,242752.0
85,2013-11-01,10,3+0,Match 3 + 0 Euro numbers,3 + 0,27219,9.5,258580.5
85,2013-11-01,11,1+2,Match 1 + 2 Euro numbers,1 + 2,88504,9.5,840788.0
85,2013-11-01,12,2+1,Match 2 + 1 Euro number,2 + 1,250401,6.4,1602566.4
86,2013-11-08,1,5+2,Match 5 + 2 Euro numbers,5 + 2,0,0.0,0.0
86,2013-11-08,2,5+1,Match 5 + 1 Euro number,5 + 1,4,95627.0,382508.0
86,2013-11-08,3,5+0,Match 5 + 0 Euro numbers,5 + 0,3,33150.7,99452.1
86,2013-11-08,4,4+2,Match 4 + 2 Euro numbers,4 + 2,33,2781.8,91799.4
86,2013-11-08,5,4+1,Match 4 + 1 Euro number,4 + 1,374,194.3,72668.2
86,2013-11-08,6,4+0,Match 4 + 0 Euro numbers,4 + 0,384,119.5,45888.0
86,2013-11-08,7,3+2,Match 3 + 2 Euro numbers,3 + 2,1225,53.0,64925.0
86,2013-11-08,8,3+1,Match 3 + 1 Euro number,3 + 1,16440,19.0,312360.0
86,2013-11-08,9,2+2,Match 2 + 2 Euro numbers,2 + 2,17050,15.4,262570.0
86,2013-11-08,10,3+0,Match 3 + 0 Euro numbers,3 + 0,18149,15.1,274049.9
86,2013-11-08,11,1+2,Match 1 + 2 Euro numbers,1 + 2,86325,10.6,915045.0
86,2013-11-08,12,2+1,Match 2 + 1 Euro number,2 + 1,236900,7.4,1753060.0
87,2013-11-15,1,5+2,Match 5 + 2 Euro numbers,5 + 2,0,0.0,0.0
87,2013-11-15,2,5+1,Match 5 + 1 Euro number,5 + 1,0,0.0,0.0
87,2013-11-15,3,5+0,Match 5 + 0 Euro numbers,5 + 0,0,0.0,0.0
87,2013-11-15,4,4+2,Match 4 + 2 Euro numbers,4 + 2,41,2300.7,94328.7
87,2013-11-15,5,4+1,Match 4 + 1 Euro number,4 + 1,357,209.1,74648.7
87,2013-11-15,6,4+0,Match 4 + 0 Euro numbers,4 + 0,516,91.4,47162.4
87,2013-11-15,7,3+2,Match 3 + 2 Euro numbers,3 + 2,1283,52.0,66716.0
87,2013-11-15,8,3+1,Match 3 + 1 Euro number,3 + 1,14908,21.6,322012.8
87,2013-11-15,9,2+2,Match 2 + 2 Euro numbers,2 + 2,18447,14.7,271170.9
87,2013-11-15,10,3+0,Match 3 + 0 Euro numbers,3 + 0,20851,13.5,281488.5
87,2013-11-15,11,1+2,Match 1 + 2 Euro numbers,1 + 2,96704,9.7,938028.8
87,2013-11-15,12,2+1,Match 2 + 1 Euro number,2 + 1,213081,8.4,1789880.4
88,2013-11-22,1,5+2,Match 5 + 2 Euro numbers,5 + 2,0,0.0,0.0
88,2013-11-22,2,5+1,Match 5 + 1 Euro number,5 + 1,2,398102.9,796205.8
88,2013-11-22,3,5+0,Match 5 + 0 Euro numbers,5 + 0,2,103506.7,207013.4
88,2013-11-22,4,4+2,Match 4 + 2 Euro numbers,4 + 2,27,3583.5,96754.5
88,2013-11-22,5,4+1,Match 4 + 1 Euro number,4 + 1,224,341.9,76585.6
88,2013-11-22,6,4+0,Match 4 + 0 Euro numbers,4 + 0,263,183.9,48365.7
88,2013-11-22,7,3+2,Match 3 + 2 Euro numbers,3 + 2,949,72.2,68517.8
88,2013-11-22,8,3+1,Match 3 + 1 Euro number,3 + 1,12526,26.3,329433.8
88,2013-11-22,9,2+2,Match 2 + 2 Euro numbers,2 + 2,14221,19.5,277309.5
88,2013-11-22,10,3+0,Match 3 + 0 Euro numbers,3 + 0,15081,19.2,289555.2
88,2013-11-22,11,1+2,Match 1 + 2 Euro numbers,1 + 2,78482,12.3,965328.6
88,2013-11-22,12,2+1,Match 2 + 1 Euro number,2 + 1,197326,9.3,1835131.8
89,2013-11-29,1,5+2,Match 5 + 2 Euro numbers,5 + 2,0,0.0,0.0
89,2013-11-29,2,5+1,Match 5 + 1 Euro number,5 + 1,2,207752.5,415505.0
89,2013-11-29,3,5+0,Match 5 + 0 Euro numbers,5 + 0,1,108031.3,108031.3
89,2013-11-29,4,4+2,Match 4 + 2 Euro numbers,4 + 2,31,3216.8,99720.8
89,2013-11-29,5,4+1,Match 4 + 1 Euro number,4 + 1,420,187.9,78918.0
89,2013-11-29,6,4+0,Match 4 + 0 Euro numbers,4 + 0,479,104.0,49816.0
89,2013-11-29,7,3+2,Match 3 + 2 Euro numbers,3 + 2,1624,43.4,70481.6
89,2013-11-29,8,3+1,Match 3 + 1 Euro number,3 + 1,17755,19.1,339120.5
89,2013-11-29,9,2+2,Match 2 + 2 Euro numbers,2 + 2,22077,13.3,293624.1
89,2013-11-29,10,3+0,Match 3 + 0 Euro numbers,3 + 0,21718,13.3,288849.4
89,2013-11-29,11,1+2,Match 1 + 2 Euro numbers,1 + 2,115157,8.6,990350.2
89,2013-11-29,12,2+1,Match 2 + 1 Euro number,2 + 1,240226,7.9,1897785.4
90,2013-12-06,1,5+2,Match 5 + 2 Euro numbers,5 + 2,1,21047334.8,21047334.8
90,2013-12-06,2,5+1,Match 5 + 1 Euro number,5 + 1,2,223645.7,447291.4
90,2013-12-06,3,5+0,Match 5 + 0 Euro numbers,5 + 0,0,0.0,0.0
90,2013-12-06,4,4+2,Match 4 + 2 Euro numbers,4 + 2,63,1703.9,107345.7
90,2013-12-06,5,4+1,Match 4 + 1 Euro number,4 + 1,388,219.0,84972.0
90,2013-12-06,6,4+0,Match 4 + 0 Euro numbers,4 + 0,505,106.2,53631.0
90,2013-12-06,7,3+2,Match 3 + 2 Euro numbers,3 + 2,1868,40.7,76027.6
90,2013-12-06,8,3+1,Match 3 + 1 Euro number,3 + 1,17556,20.8,365164.8
90,2013-12-06,9,2+2,Match 2 + 2 Euro numbers,2 + 2,26409,12.9,340676.1
90,2013-12-06,10,3+0,Match 3 + 0 Euro numbers,3 + 0,22204,12.9,286431.6
90,2013-12-06,11,1+2,Match 1 + 2 Euro numbers,1 + 2,142095,7.8,1108341.0
90,2013-12-06,12,2+1,Match 2 + 1 Euro number,2 + 1,256283,7.8,1999007.4
91,2013-12-13,1,5+2,Match 5 + 2 Euro numbers,5 + 2,0,0.0,0.0
91,2013-12-13,2,5+1,Match 5 + 1 Euro number,5 + 1,2,190519.0,381038.0
91,2013-12-13,3,5+0,Match 5 + 0 Euro numbers,5 + 0,2,107682.8,215365.6
91,2013-12-13,4,4+2,Match 4 + 2 Euro numbers,4 + 2,30,3048.3,91449.0
91,2013-12-13,5,4+1,Match 4 + 1 Euro number,4 + 1,374,193.5,72369.0
91,2013-12-13,6,4+0,Match 4 + 0 Euro numbers,4 + 0,469,97.4,45680.6
91,2013-12-13,7,3+2,Match 3 + 2 Euro numbers,3 + 2,1748,37.0,64676.0
91,2013-12-13,8,3+1,Match 3 + 1 Euro number,3 + 1,17557,17.7,310758.9
91,2013-12-13,9,2+2,Match 2 + 2 Euro numbers,2 + 2,21667,12.1,262170.7
91,2013-12-13,10,3+0,Match 3 + 0 Euro numbers,3 + 0,22758,12.0,273096.0
91,2013-12-13,11,1+2,Match 1 + 2 Euro numbers,1 + 2,105006,8.7,913552.2
91,2013-12-13,12,2+1,Match 2 + 1 Euro number,2 + 1,235161,7.4,1740191.4
92,2013-12-20,1,5+2,Match 5 + 2 Euro numbers,5 + 2,0,0.0,0.0
92,2013-12-20,2,5+1,Match 5 + 1 Euro number,5 + 1,3,126700.3,380100.9
92,2013-12-20,3,5+0,Match 5 + 0 Euro numbers,5 + 0,4,24706.5,98826.0
92,2013-12-20,4,4+2,Match 4 + 2 Euro numbers,4 + 2,34,2683.0,91222.0
92,2013-12-20,5,4+1,Match 4 + 1 Euro number,4 + 1,414,174.4,72201.6
92,2013-12-20,6,4+0,Match 4 + 0 Euro numbers,4 + 0,504,90.5,45612.0
92,2013-12-20,7,3+2,Match 3 + 2 Euro numbers,3 + 2,1128,57.2,64521.6
92,2013-12-20,8,3+1,Match 3 + 1 Euro number,3 + 1,17911,17.4,311651.4
92,2013-12-20,9,2+2,Match 2 + 2 Euro numbers,2 + 2,15284,17.1,261356.4
92,2013-12-20,10,3+0,Match 3 + 0 Euro numbers,3 + 0,21905,12.4,271622.0
92,2013-12-20,11,1+2,Match 1 + 2 Euro numbers,1 + 2,78891,11.5,907246.5
92,2013-12-20,12,2+1,Match 2 + 1 Euro number,2 + 1,231010,7.5,1732575.0
93,2013-12-27,1,5+2,Match 5 + 2 Euro numbers,5 + 2,0,0.0,0.0
93,2013-12-27,2,5+1,Match 5 + 1 Euro number,5 + 1,0,0.0,0.0
93,2013-12-27,3,5+0,Match 5 + 0 Euro numbers,5 + 0,1,95762.6,95762.6
93,2013-12-27,4,4+2,Match 4 + 2 Euro numbers,4 + 2,22,4018.0,88396.0
93,2013-12-27,5,4+1,Match 4 + 1 Euro number,4 + 1,275,254.4,69960.0
93,2013-12-27,6,4+0,Match 4 + 0 Euro numbers,4 + 0,294,150.3,44188.2
93,2013-12-27,7,3+2,Match 3 + 2 Euro numbers,3 + 2,1381,45.3,62559.3
93,2013-12-27,8,3+1,Match 3 + 1 Euro number,3 + 1,12787,23.6,301773.2
93,2013-12-27,9,2+2,Match 2 + 2 Euro numbers,2 + 2,21593,14.1,304461.3
93,2013-12-27,10,3+0,Match 3 + 0 Euro numbers,3 + 0,15186,14.1,214122.6
93,2013-12-27,11,1+2,Match 1 + 2 Euro numbers,1 + 2,127014,7.9,1003410.6
93,2013-12-27,12,2+1,Match 2 + 1 Euro number,2 + 1,195708,7.9,1546093.2
94,2014-01-03,1,5+2,Match 5 + 2 Euro numbers,5 + 2,0,0.0,0.0
94,2014-01-03,2,5+1,Match 5 + 1 Euro number,5 + 1,3,254435.4,763306.2
94,2014-01-03,3,5+0,Match 5 + 0 Euro numbers,5 + 0,2,51348.4,102696.8
94,2014-01-03,4,4+2,Match 4 + 2 Euro numbers,4 + 2,22,4308.9,94795.8
94,2014-01-03,5,4+1,Match 4 + 1 Euro number,4 + 1,292,257.0,75044.0
94,2014-01-03,6,4+0,Match 4 + 0 Euro numbers,4 + 0,371,127.7,47376.7
94,2014-01-03,7,3+2,Match 3 + 2 Euro numbers,3 + 2,1093,61.4,67110.2
94,2014-01-03,8,3+1,Match 3 + 1 Euro number,3 + 1,13571,23.8,322989.8
94,2014-01-03,9,2+2,Match 2 + 2 Euro numbers,2 + 2,17292,16.1,278401.2
94,2014-01-03,10,3+0,Match 3 + 0 Euro numbers,3 + 0,17257,16.1,277837.7
94,2014-01-03,11,1+2,Match 1 + 2 Euro numbers,1 + 2,95743,9.9,947855.7
94,2014-01-03,12,2+1,Match 2 + 1 Euro number,2 + 1,199826,9.0,1798434.0
95,2014-01-10,1,5+2,Match 5 + 2 Euro numbers,5 + 2,1,17283821.5,17283821.5
95,2014-01-10,2,5+1,Match 5 + 1 Euro number,5 + 1,4,102267.8,409071.2
95,2014-01-10,3,5+0,Match 5 + 0 Euro numbers,5 + 0,5,21271.7,106358.5
95,2014-01-10,4,4+2,Match 4 + 2 Euro numbers,4 + 2,45,2181.7,98176.5
95,2014-01-10,5,4+1,Match 4 + 1 Euro number,4 + 1,426,182.4,77702.4
95,2014-01-10,6,4+0,Match 4 + 0 Euro numbers,4 + 0,551,89.0,49039.0
95,2014-01-10,7,3+2,Match 3 + 2 Euro numbers,3 + 2,1791,38.8,69490.8
95,2014-01-10,8,3+1,Match 3 + 1 Euro number,3 + 1,18416,18.2,335171.2
95,2014-01-10,9,2+2,Match 2 + 2 Euro numbers,2 + 2,23421,12.8,299788.8
95,2014-01-10,10,3+0,Match 3 + 0 Euro numbers,3 + 0,21521,12.8,275468.8
95,2014-01-10,11,1+2,Match 1 + 2 Euro numbers,1 + 2,113381,8.6,975076.6
95,2014-01-10,12,2+1,Match 2 + 1 Euro number,2 + 1,244258,7.6,1856360.8
96,2014-01-17,1,5+2,Match 5 + 2 Euro numbers,5 + 2,0,0.0,0.0
96,2014-01-17,2,5+1,Match 5 + 1 Euro number,5 + 1,3,120140.4,360421.2
96,2014-01-17,3,5+0,Match 5 + 0 Euro numbers,5 + 0,4,23427.3,93709.2
96,2014-01-17,4,4+2,Match 4 + 2 Euro numbers,4 + 2,50,1730.0,86500.0
96,2014-01-17,5,4+1,Match 4 + 1 Euro number,4 + 1,550,124.5,68475.0
96,2014-01-17,6,4+0,Match 4 + 0 Euro numbers,4 + 0,631,68.5,43223.5
96,2014-01-17,7,3+2,Match 3 + 2 Euro numbers,3 + 2,1536,39.8,61132.8
96,2014-01-17,8,3+1,Match 3 + 1 Euro number,3 + 1,20876,14.1,294351.6
96,2014-01-17,9,2+2,Match 2 + 2 Euro numbers,2 + 2,19112,13.0,248456.0
96,2014-01-17,10,3+0,Match 3 + 0 Euro numbers,3 + 0,25004,10.3,257541.2
96,2014-01-17,11,1+2,Match 1 + 2 Euro numbers,1 + 2,88057,9.8,862958.6
96,2014-01-17,12,2+1,Match 2 + 1 Euro number,2 + 1,250835,6.5,1630427.5
97,2014-01-24,1,5+2,Match 5 + 2 Euro numbers,5 + 2,0,0.0,0.0
97,2014-01-24,2,5+1,Match 5 + 1 Euro number,5 + 1,1,360226.2,360226.2
97,2014-01-24,3,5+0,Match 5 + 0 Euro numbers,5 + 0,3,31219.6,93658.8
97,2014-01-24,4,4+2,Match 4 + 2 Euro numbers,4 + 2,22,3929.7,86453.4
97,2014-01-24,5,4+1,Match 4 + 1 Euro number,4 + 1,245,279.3,68428.5
97,2014-01-24,6,4+0,Match 4 + 0 Euro numbers,4 + 0,288,150.0,43200.0
97,2014-01-24,7,3+2,Match 3 + 2 Euro numbers,3 + 2,1386,44.1,61122.6
97,2014-01-24,8,3+1,Match 3 + 1 Euro number,3 + 1,12196,24.2,295143.2
97,2014-01-24,9,2+2,Match 2 + 2 Euro numbers,2 + 2,21235,14.1,299413.5
97,2014-01-24,10,3+0,Match 3 + 0 Euro numbers,3 + 0,14723,14.1,207594.3
97,2014-01-24,11,1+2,Match 1 + 2 Euro numbers,1 + 2,122560,8.0,980480.0
97,2014-01-24,12,2+1,Match 2 + 1 Euro number,2 + 1,191556,8.0,1532448.0
98,2014-01-31,1,5+2,Match 5 + 2 Euro numbers,5 + 2,0,0.0,0.0
98,2014-01-31,2,5+1,Match 5 + 1 Euro number,5 + 1,1,380757.6,380757.6
98,2014-01-31,3,5+0,Match 5 + 0 Euro numbers,5 + 0,4,24749.2,98996.8
98,2014-01-31,4,4+2,Match 4 + 2 Euro numbers,4 + 2,28,3263.6,91380.8
98,2014-01-31,5,4+1,Match 4 + 1 Euro number,4 + 1,316,228.9,72332.4
98,2014-01-31,6,4+0,Match 4 + 0 Euro numbers,4 + 0,379,120.5,45669.5
98,2014-01-31,7,3+2,Match 3 + 2 Euro numbers,3 + 2,1061,61.0,64721.0
98,2014-01-31,8,3+1,Match 3 + 1 Euro number,3 + 1,14942,20.8,310793.6
98,2014-01-31,9,2+2,Match 2 + 2 Euro numbers,2 + 2,15261,17.2,262489.2
98,2014-01-31,10,3+0,Match 3 + 0 Euro numbers,3 + 0,18586,14.7,273214.2
98,2014-01-31,11,1+2,Match 1 + 2 Euro numbers,1 + 2,79807,11.4,909799.8
98,2014-01-31,12,2+1,Match 2 + 1 Euro number,2 + 1,222856,7.8,1738276.8
99,2014-02-07,1,5+2,Match 5 + 2 Euro numbers,5 + 2,0,0.0,0.0
99,2014-02-07,2,5+1,Match 5 + 1 Euro number,5 + 1,0,0.0,0.0
99,2014-02-07,3,5+0,Match 5 + 0 Euro numbers,5 + 0,2,51021.6,102043.2
99,2014-02-07,4,4+2,Match 4 + 2 Euro numbers,4 + 2,14,6728.1,94193.4
99,2014-02-07,5,4+1,Match 4 + 1 Euro number,4 + 1,288,258.9,74563.2
99,2014-02-07,6,4+0,Match 4 + 0 Euro numbers,4 + 0,345,136.5,47092.5
99,2014-02-07,7,3+2,Match 3 + 2 Euro numbers,3 + 2,1000,66.7,66700.0
99,2014-02-07,8,3+1,Match 3 + 1 Euro number,3 + 1,14284,22.5,321390.0
99,2014-02-07,9,2+2,Match 2 + 2 Euro numbers,2 + 2,15355,17.6,270248.0
99,2014-02-07,10,3+0,Match 3 + 0 Euro numbers,3 + 0,16839,16.7,281211.3
99,2014-02-07,11,1+2,Match 1 + 2 Euro numbers,1 + 2,85566,11.0,941226.0
99,2014-02-07,12,2+1,Match 2 + 1 Euro number,2 + 1,215301,8.3,1786998.3
100,2014-02-14,1,5+2,Match 5 + 2 Euro numbers,5 + 2,0,0.0,0.0
100,2014-02-14,2,5+1,Match 5 + 1 Euro number,5 + 1,3,264739.3,794217.9
100,2014-02-14,3,5+0,Match 5 + 0 Euro numbers,5 + 0,3,34817.8,104453.4
100,2014-02-14,4,4+2,Match 4 + 2 Euro numbers,4 + 2,20,4820.9,96418.0
100,2014-02-14,5,4+1,Match 4 + 1 Euro number,4 + 1,344,221.8,76299.2
100,2014-02-14,6,4+0,Match 4 + 0 Euro numbers,4 + 0,400,120.5,48200.0
100,2014-02-14,7,3+2,Match 3 + 2 Euro numbers,3 + 2,1143,59.7,68237.1
100,2014-02-14,8,3+1,Match 3 + 1 Euro number,3 + 1,15859,20.7,328281.3
100,2014-02-14,9,2+2,Match 2 + 2 Euro numbers,2 + 2,15308,18.1,277074.8
100,2014-02-14,10,3+0,Match 3 + 0 Euro numbers,3 + 0,18746,15.4,288688.4
100,2014-02-14,11,1+2,Match 1 + 2 Euro numbers,1 + 2,80499,11.9,957938.1
100,2014-02-14,12,2+1,Match 2 + 1 Euro number,2 + 1,244647,7.5,1834852.5
101,2014-02-21,1,5+2,Match 5 + 2 Euro numbers,5 + 2,0,0.0,0.0
101,2014-02-21,2,5+1,Match 5 + 1 Euro number,5 + 1,2,220746.7,441493.4
101,2014-02-21,3,5+0,Match 5 + 0 Euro numbers,5 + 0,1,114788.3,114788.3
101,2014-02-21,4,4+2,Match 4 + 2 Euro numbers,4 + 2,25,4238.3,105957.5
101,2014-02-21,5,4+1,Match 4 + 1 Euro number,4 + 1,339,247.4,83868.6
101,2014-02-21,6,4+0,Match 4 + 0 Euro numbers,4 + 0,394,134.4,52953.6
101,2014-02-21,7,3+2,Match 3 + 2 Euro numbers,3 + 2,1118,67.1,75017.8
101,2014-02-21,8,3+1,Match 3 + 1 Euro number,3 + 1,16076,22.5,361710.0
101,2014-02-21,9,2+2,Match 2 + 2 Euro numbers,2 + 2,17132,17.7,303236.4
101,2014-02-21,10,3+0,Match 3 + 0 Euro numbers,3 + 0,19464,16.3,317263.2
101,2014-02-21,11,1+2,Match 1 + 2 Euro numbers,1 + 2,90315,11.7,1056685.5
101,2014-02-21,12,2+1,Match 2 + 1 Euro number,2 + 1,243649,8.3,2022286.7
102,2014-02-28,1,5+2,Match 5 + 2 Euro numbers,5 + 2,0,0.0,0.0
102,2014-02-28,2,5+1,Match 5 + 1 Euro number,5 + 1,3,161722.2,485166.6
102,2014-02-28,3,5+0,Match 5 + 0 Euro numbers,5 + 0,0,0.0,0.0
102,2014-02-28,4,4+2,Match 4 + 2 Euro numbers,4 + 2,35,3326.8,116438.0
102,2014-02-28,5,4+1,Match 4 + 1 Euro number,4 + 1,388,237.5,92150.0
102,2014-02-28,6,4+0,Match 4 + 0 Euro numbers,4 + 0,527,110.4,58180.8
102,2014-02-28,7,3+2,Match 3 + 2 Euro numbers,3 + 2,1397,59.0,82423.0
102,2014-02-28,8,3+1,Match 3 + 1 Euro number,3 + 1,18187,21.8,396476.6
102,2014-02-28,9,2+2,Match 2 + 2 Euro numbers,2 + 2,21588,15.5,334614.0
102,2014-02-28,10,3+0,Match 3 + 0 Euro numbers,3 + 0,24787,14.0,347018.0
102,2014-02-28,11,1+2,Match 1 + 2 Euro numbers,1 + 2,118294,9.8,1159281.2
102,2014-02-28,12,2+1,Match 2 + 1 Euro number,2 + 1,265694,8.3,2205260.2
103,2014-03-07,1,5+2,Match 5 + 2 Euro numbers,5 + 2,0,0.0,0.0
103,2014-03-07,2,5+1,Match 5 + 1 Euro number,5 + 1,1,567839.4,567839.4
103,2014-03-07,3,5+0,Match 5 + 0 Euro numbers,5 + 0,5,54756.3,273781.5
103,2014-03-07,4,4+2,Match 4 + 2 Euro numbers,4 + 2,37,3683.2,136278.4
103,2014-03-07,5,4+1,Match 4 + 1 Euro number,4 + 1,444,242.9,107847.6
103,2014-03-07,6,4+0,Match 4 + 0 Euro numbers,4 + 0,599,113.7,68106.3
103,2014-03-07,7,3+2,Match 3 + 2 Euro numbers,3 + 2,1720,56.1,96492.0
103,2014-03-07,8,3+1,Match 3 + 1 Euro number,3 + 1,21271,21.8,463707.8
103,2014-03-07,9,2+2,Match 2 + 2 Euro numbers,2 + 2,26071,15.0,391065.0
103,2014-03-07,10,3+0,Match 3 + 0 Euro numbers,3 + 0,30987,13.1,405929.7
103,2014-03-07,11,1+2,Match 1 + 2 Euro numbers,1 + 2,139216,9.7,1350395.2
103,2014-03-07,12,2+1,Match 2 + 1 Euro number,2 + 1,304127,8.5,2585079.5
104,2014-03-14,1,5+2,Match 5 + 2 Euro numbers,5 + 2,0,0.0,0.0
104,2014-03-14,2,5+1,Match 5 + 1 Euro number,5 + 1,0,0.0,0.0
104,2014-03-14,3,5+0,Match 5 + 0 Euro numbers,5 + 0,6,28020.6,168123.6
104,2014-03-14,4,4+2,Match 4 + 2 Euro numbers,4 + 2,80,1939.8,155184.0
104,2014-03-14,5,4+1,Match 4 + 1 Euro number,4 + 1,861,142.6,122778.6
104,2014-03-14,6,4+0,Match 4 + 0 Euro numbers,4 + 0,1081,71.7,77507.7
104,2014-03-14,7,3+2,Match 3 + 2 Euro numbers,3 + 2,2978,36.9,109888.2
104,2014-03-14,8,3+1,Match 3 + 1 Euro number,3 + 1,34020,15.5,527310.0
104,2014-03-14,9,2+2,Match 2 + 2 Euro numbers,2 + 2,39659,11.4,452112.6
104,2014-03-14,10,3+0,Match 3 + 0 Euro numbers,3 + 0,40158,11.4,457801.2
104,2014-03-14,11,1+2,Match 1 + 2 Euro numbers,1 + 2,192485,8.0,1539880.0
104,2014-03-14,12,2+1,Match 2 + 1 Euro number,2 + 1,432228,6.8,2939150.4
105,2014-03-21,1,5+2,Match 5 + 2 Euro numbers,5 + 2,0,0.0,0.0
105,2014-03-21,2,5+1,Match 5 + 1 Euro number,5 + 1,4,346006.3,1384025.2
105,2014-03-21,3,5+0,Match 5 + 0 Euro numbers,5 + 0,4,47930.5,191722.0
105,2014-03-21,4,4+2,Match 4 + 2 Euro numbers,4 + 2,65,2722.6,176969.0
105,2014-03-21,5,4+1,Match 4 + 1 Euro number,4 + 1,726,192.9,140045.4
105,2014-03-21,6,4+0,Match 4 + 0 Euro numbers,4 + 0,926,95.5,88433.0
105,2014-03-21,7,3+2,Match 3 + 2 Euro numbers,3 + 2,2674,46.8,125143.2
105,2014-03-21,8,3+1,Match 3 + 1 Euro number,3 + 1,30093,20.0,601860.0
105,2014-03-21,9,2+2,Match 2 + 2 Euro numbers,2 + 2,34908,14.5,506166.0
105,2014-03-21,10,3+0,Match 3 + 0 Euro numbers,3 + 0,39625,13.3,527012.5
105,2014-03-21,11,1+2,Match 1 + 2 Euro numbers,1 + 2,181433,9.7,1759900.1
105,2014-03-21,12,2+1,Match 2 + 1 Euro number,2 + 1,407429,8.3,3381660.7
106,2014-03-28,1,5+2,Match 5 + 2 Euro numbers,5 + 2,0,0.0,0.0
106,2014-03-28,2,5+1,Match 5 + 1 Euro number,5 + 1,2,464115.2,928230.4
106,2014-03-28,3,5+0,Match 5 + 0 Euro numbers,5 + 0,1,241339.9,241339.9
106,2014-03-28,4,4+2,Match 4 + 2 Euro numbers,4 + 2,67,3325.0,222775.0
106,2014-03-28,5,4+1,Match 4 + 1 Euro number,4 + 1,721,244.6,176356.6
106,2014-03-28,6,4+0,Match 4 + 0 Euro numbers,4 + 0,846,131.6,111333.6
106,2014-03-28,7,3+2,Match 3 + 2 Euro numbers,3 + 2,2804,56.2,157584.8
106,2014-03-28,8,3+1,Match 3 + 1 Euro number,3 + 1,34174,22.2,758662.8
106,2014-03-28,9,2+2,Match 2 + 2 Euro numbers,2 + 2,42757,15.5,662733.5
106,2014-03-28,10,3+0,Match 3 + 0 Euro numbers,3 + 0,41183,15.5,638336.5
106,2014-03-28,11,1+2,Match 1 + 2 Euro numbers,1 + 2,232096,9.5,2204912.0
106,2014-03-28,12,2+1,Match 2 + 1 Euro number,2 + 1,507204,8.4,4260513.6
107,2014-04-04,1,5+2,Match 5 + 2 Euro numbers,5 + 2,1,57275841.6,57275841.6
107,2014-04-04,2,5+1,Match 5 + 1 Euro number,5 + 1,5,227128.2,1135641.0
107,2014-04-04,3,5+0,Match 5 + 0 Euro numbers,5 + 0,7,42180.9,295266.3
107,2014-04-04,4,4+2,Match 4 + 2 Euro numbers,4 + 2,110,2477.7,272547.0
107,2014-04-04,5,4+1,Match 4 + 1 Euro number,4 + 1,1055,204.5,215747.5
107,2014-04-04,6,4+0,Match 4 + 0 Euro numbers,4 + 0,1380,98.7,136206.0
107,2014-04-04,7,3+2,Match 3 + 2 Euro numbers,3 + 2,4116,46.9,193040.4
107,2014-04-04,8,3+1,Match 3 + 1 Euro number,3 + 1,46735,19.9,930026.5
107,2014-04-04,9,2+2,Match 2 + 2 Euro numbers,2 + 2,55879,14.0,782306.0
107,2014-04-04,10,3+0,Match 3 + 0 Euro numbers,3 + 0,60088,13.6,817196.8
107,2014-04-04,11,1+2,Match 1 + 2 Euro numbers,1 + 2,286038,9.5,2717361.0
107,2014-04-04,12,2+1,Match 2 + 1 Euro number,2 + 1,644530,8.0,5156240.0
108,2014-04-11,1,5+2,Match 5 + 2 Euro numbers,5 + 2,0,0.0,0.0
108,2014-04-11,2,5+1,Match 5 + 1 Euro number,5 + 1,0,0.0,0.0
108,2014-04-11,3,5+0,Match 5 + 0 Euro numbers,5 + 0,5,24960.9,124804.5
108,2014-04-11,4,4+2,Match 4 + 2 Euro numbers,4 + 2,37,3113.6,115203.2
108,2014-04-11,5,4+1,Match 4 + 1 Euro number,4 + 1,607,150.2,91171.4
108,2014-04-11,6,4+0,Match 4 + 0 Euro numbers,4 + 0,718,80.2,57583.6
108,2014-04-11,7,3+2,Match 3 + 2 Euro numbers,3 + 2,1432,56.9,81480.8
108,2014-04-11,8,3+1,Match 3 + 1 Euro number,3 + 1,24002,16.5,396033.0
108,2014-04-11,9,2+2,Match 2 + 2 Euro numbers,2 + 2,19677,16.5,324670.5
108,2014-04-11,10,3+0,Match 3 + 0 Euro numbers,3 + 0,28192,12.2,343942.4
108,2014-04-11,11,1+2,Match 1 + 2 Euro numbers,1 + 2,97543,11.8,1151007.4
108,2014-04-11,12,2+1,Match 2 + 1 Euro number,2 + 1,301376,7.3,2200044.8
109,2014-04-18,1,5+2,Match 5 + 2 Euro numbers,5 + 2,0,0.0,0.0
109,2014-04-18,2,5+1,Match 5 + 1 Euro number,5 + 1,1,916837.0,916837.0
109,2014-04-18,3,5+0,Match 5 + 0 Euro numbers,5 + 0,6,18928.8,113572.8
109,2014-04-18,4,4+2,Match 4 + 2 Euro numbers,4 + 2,20,5241.8,104836.0
109,2014-04-18,5,4+1,Match 4 + 1 Euro number,4 + 1,334,248.4,82965.6
109,2014-04-18,6,4+0,Match 4 + 0 Euro numbers,4 + 0,392,133.7,52410.4
109,2014-04-18,7,3+2,Match 3 + 2 Euro numbers,3 + 2,1115,66.6,74259.0
109,2014-04-18,8,3+1,Match 3 + 1 Euro number,3 + 1,17283,20.7,357758.1
109,2014-04-18,9,2+2,Match 2 + 2 Euro numbers,2 + 2,16441,18.3,300870.3
109,2014-04-18,10,3+0,Match 3 + 0 Euro numbers,3 + 0,18981,16.5,313186.5
109,2014-04-18,11,1+2,Match 1 + 2 Euro numbers,1 + 2,91228,11.4,1039999.2
109,2014-04-18,12,2+1,Match 2 + 1 Euro number,2 + 1,251810,7.9,1989299.0
110,2014-04-25,1,5+2,Match 5 + 2 Euro numbers,5 + 2,0,0.0,0.0
110,2014-04-25,2,5+1,Match 5 + 1 Euro number,5 + 1,1,437709.3,437709.3
110,2014-04-25,3,5+0,Match 5 + 0 Euro numbers,5 + 0,3,37934.8,113804.4
110,2014-04-25,4,4+2,Match 4 + 2 Euro numbers,4 + 2,20,5252.5,105050.0
110,2014-04-25,5,4+1,Match 4 + 1 Euro number,4 + 1,380,218.8,83144.0
110,2014-04-25,6,4+0,Match 4 + 0 Euro numbers,4 + 0,390,134.6,52494.0
110,2014-04-25,7,3+2,Match 3 + 2 Euro numbers,3 + 2,1299,57.2,74302.8
110,2014-04-25,8,3+1,Match 3 + 1 Euro number,3 + 1,18937,18.9,357909.3
110,2014-04-25,9,2+2,Match 2 + 2 Euro numbers,2 + 2,20018,15.0,300270.0
110,2014-04-25,10,3+0,Match 3 + 0 Euro numbers,3 + 0,20875,15.0,313125.0
110,2014-04-25,11,1+2,Match 1 + 2 Euro numbers,1 + 2,104489,10.0,1044890.0
110,2014-04-25,12,2+1,Match 2 + 1 Euro number,2 + 1,278256,7.2,2003443.2
111,2014-05-02,1,5+2,Match 5 + 2 Euro numbers,5 + 2,0,0.0,0.0
111,2014-05-02,2,5+1,Match 5 + 1 Euro number,5 + 1,3,158256.2,474768.6
111,2014-05-02,3,5+0,Match 5 + 0 Euro numbers,5 + 0,1,123439.9,123439.9
111,2014-05-02,4,4+2,Match 4 + 2 Euro numbers,4 + 2,30,3798.1,113943.0
111,2014-05-02,5,4+1,Match 4 + 1 Euro number,4 + 1,519,173.8,90202.2
111,2014-05-02,6,4+0,Match 4 + 0 Euro numbers,4 + 0,628,90.7,56959.6
111,2014-05-02,7,3+2,Match 3 + 2 Euro numbers,3 + 2,1173,68.8,80702.4
111,2014-05-02,8,3+1,Match 3 + 1 Euro number,3 + 1,15357,25.3,388532.1
111,2014-05-02,9,2+2,Match 2 + 2 Euro numbers,2 + 2,17803,18.4,327575.2
111,2014-05-02,10,3+0,Match 3 + 0 Euro numbers,3 + 0,20433,16.7,341231.1
111,2014-05-02,11,1+2,Match 1 + 2 Euro numbers,1 + 2,101389,11.2,1135556.8
111,2014-05-02,12,2+1,Match 2 + 1 Euro number,2 + 1,247190,8.8,2175272.0
112,2014-05-09,1,5+2,Match 5 + 2 Euro numbers,5 + 2,0,0.0,0.0
112,2014-05-09,2,5+1,Match 5 + 1 Euro number,5 + 1,0,0.0,0.0
112,2014-05-09,3,5+0,Match 5 + 0 Euro numbers,5 + 0,1,133907.7,133907.7
112,2014-05-09,4,4+2,Match 4 + 2 Euro numbers,4 + 2,36,3433.5,123606.0
112,2014-05-09,5,4+1,Match 4 + 1 Euro number,4 + 1,468,209.0,97812.0
112,2014-05-09,6,4+0,Match 4 + 0 Euro numbers,4 + 0,552,111.9,61768.8
112,2014-05-09,7,3+2,Match 3 + 2 Euro numbers,3 + 2,1657,52.8,87489.6
112,2014-05-09,8,3+1,Match 3 + 1 Euro number,3 + 1,21568,19.5,420576.0
112,2014-05-09,9,2+2,Match 2 + 2 Euro numbers,2 + 2,23067,15.4,355231.8
112,2014-05-09,10,3+0,Match 3 + 0 Euro numbers,3 + 0,26211,14.1,369575.1
112,2014-05-09,11,1+2,Match 1 + 2 Euro numbers,1 + 2,120627,10.2,1230395.4
112,2014-05-09,12,2+1,Match 2 + 1 Euro number,2 + 1,307750,7.6,2338900.0
113,2014-05-16,1,5+2,Match 5 + 2 Euro numbers,5 + 2,1,28207473.9,28207473.9
113,2014-05-16,2,5+1,Match 5 + 1 Euro number,5 + 1,0,0.0,0.0
113,2014-05-16,3,5+0,Match 5 + 0 Euro numbers,5 + 0,2,71402.3,142804.6
113,2014-05-16,4,4+2,Match 4 + 2 Euro numbers,4 + 2,34,3877.0,131818.0
113,2014-05-16,5,4+1,Match 4 + 1 Euro number,4 + 1,484,215.6,104350.4
113,2014-05-16,6,4+0,Match 4 + 0 Euro numbers,4 + 0,556,118.5,65886.0
113,2014-05-16,7,3+2,Match 3 + 2 Euro numbers,3 + 2,1873,49.8,93275.4
113,2014-05-16,8,3+1,Match 3 + 1 Euro number,3 + 1,20360,22.1,449956.0
113,2014-05-16,9,2+2,Match 2 + 2 Euro numbers,2 + 2,27494,14.3,393164.2
113,2014-05-16,10,3+0,Match 3 + 0 Euro numbers,3 + 0,26363,14.3,376990.9
113,2014-05-16,11,1+2,Match 1 + 2 Euro numbers,1 + 2,144818,9.1,1317843.8
113,2014-05-16,12,2+1,Match 2 + 1 Euro number,2 + 1,296175,8.5,2517487.5
114,2014-05-23,1,5+2,Match 5 + 2 Euro numbers,5 + 2,0,0.0,0.0
114,2014-05-23,2,5+1,Match 5 + 1 Euro number,5 + 1,3,493290.0,1479870.0
114,2014-05-23,3,5+0,Match 5 + 0 Euro numbers,5 + 0,4,27013.4,108053.6
114,2014-05-23,4,4+2,Match 4 + 2 Euro numbers,4 + 2,18,5541.2,99741.6
114,2014-05-23,5,4+1,Match 4 + 1 Euro number,4 + 1,385,205.0,78925.0
114,2014-05-23,6,4+0,Match 4 + 0 Euro numbers,4 + 0,411,121.3,49854.3
114,2014-05-23,7,3+2,Match 3 + 2 Euro numbers,3 + 2,1073,65.8,70603.4
114,2014-05-23,8,3+1,Match 3 + 1 Euro number,3 + 1,16554,20.5,339357.0
114,2014-05-23,9,2+2,Match 2 + 2 Euro numbers,2 + 2,15993,17.9,286274.7
114,2014-05-23,10,3+0,Match 3 + 0 Euro numbers,3 + 0,18934,15.8,299157.2
114,2014-05-23,11,1+2,Match 1 + 2 Euro numbers,1 + 2,87837,11.3,992558.1
114,2014-05-23,12,2+1,Match 2 + 1 Euro number,2 + 1,245926,7.7,1893630.2
115,2014-05-30,1,5+2,Match 5 + 2 Euro numbers,5 + 2,0,0.0,0.0
115,2014-05-30,2,5+1,Match 5 + 1 Euro number,5 + 1,3,140140.0,420420.0
115,2014-05-30,3,5+0,Match 5 + 0 Euro numbers,5 + 0,5,21861.8,109309.0
115,2014-05-30,4,4+2,Match 4 + 2 Euro numbers,4 + 2,45,2242.2,100899.0
115,2014-05-30,5,4+1,Match 4 + 1 Euro number,4 + 1,462,172.9,79879.8
115,2014-05-30,6,4+0,Match 4 + 0 Euro numbers,4 + 0,498,101.3,50447.4
115,2014-05-30,7,3+2,Match 3 + 2 Euro numbers,3 + 2,1951,36.6,71406.6
115,2014-05-30,8,3+1,Match 3 + 1 Euro number,3 + 1,20353,16.9,343965.7
115,2014-05-30,9,2+2,Match 2 + 2 Euro numbers,2 + 2,27717,11.7,324288.9
115,2014-05-30,10,3+0,Match 3 + 0 Euro numbers,3 + 0,22794,11.7,266689.8
115,2014-05-30,11,1+2,Match 1 + 2 Euro numbers,1 + 2,128842,7.8,1004967.6
115,2014-05-30,12,2+1,Match 2 + 1 Euro number,2 + 1,281897,6.8,1916899.6
116,2014-06-06,1,5+2,Match 5 + 2 Euro numbers,5 + 2,0,0.0,0.0
116,2014-06-06,2,5+1,Match 5 + 1 Euro number,5 + 1,2,211681.2,423362.4
116,2014-06-06,3,5+0,Match 5 + 0 Euro numbers,5 + 0,3,36691.4,110074.2
116,2014-06-06,4,4+2,Match 4 + 2 Euro numbers,4 + 2,26,3907.9,101605.4
116,2014-06-06,5,4+1,Match 4 + 1 Euro number,4 + 1,430,187.0,80410.0
116,2014-06-06,6,4+0,Match 4 + 0 Euro numbers,4 + 0,555,91.5,50782.5
116,2014-06-06,7,3+2,Match 3 + 2 Euro numbers,3 + 2,1471,48.9,71931.9
116,2014-06-06,8,3+1,Match 3 + 1 Euro number,3 + 1,18623,18.6,346387.8
116,2014-06-06,9,2+2,Match 2 + 2 Euro numbers,2 + 2,21747,13.4,291409.8
116,2014-06-06,10,3+0,Match 3 + 0 Euro numbers,3 + 0,25161,12.1,304448.1
116,2014-06-06,11,1+2,Match 1 + 2 Euro numbers,1 + 2,108512,9.3,1009161.6
116,2014-06-06,12,2+1,Match 2 + 1 Euro number,2 + 1,256590,7.5,1924425.0
117,2014-06-13,1,5+2,Match 5 + 2 Euro numbers,5 + 2,0,0.0,0.0
117,2014-06-13,2,5+1,Match 5 + 1 Euro number,5 + 1,0,0.0,0.0
117,2014-06-13,3,5+0,Match 5 + 0 Euro numbers,5 + 0,0,0.0,0.0
117,2014-06-13,4,4+2,Match 4 + 2 Euro numbers,4 + 2,29,3534.2,102491.8
117,2014-06-13,5,4+1,Match 4 + 1 Euro number,4 + 1,358,226.6,81122.8
117,2014-06-13,6,4+0,Match 4 + 0 Euro numbers,4 + 0,443,115.6,51210.8
117,2014-06-13,7,3+2,Match 3 + 2 Euro numbers,3 + 2,1181,61.4,72513.4
117,2014-06-13,8,3+1,Match 3 + 1 Euro number,3 + 1,16476,21.2,349291.2
117,2014-06-13,9,2+2,Match 2 + 2 Euro numbers,2 + 2,17573,16.7,293469.1
117,2014-06-13,10,3+0,Match 3 + 0 Euro numbers,3 + 0,21927,14.0,306978.0
117,2014-06-13,11,1+2,Match 1 + 2 Euro numbers,1 + 2,91485,11.2,1024632.0
117,2014-06-13,12,2+1,Match 2 + 1 Euro number,2 + 1,231029,8.4,1940643.6
118,2014-06-20,1,5+2,Match 5 + 2 Euro numbers,5 + 2,1,19318051.4,19318051.4
118,2014-06-20,2,5+1,Match 5 + 1 Euro number,5 + 1,3,290944.6,872833.8
118,2014-06-20,3,5+0,Match 5 + 0 Euro numbers,5 + 0,3,75645.6,226936.8
118,2014-06-20,4,4+2,Match 4 + 2 Euro numbers,4 + 2,30,3566.2,106986.0
118,2014-06-20,5,4+1,Match 4 + 1 Euro number,4 + 1,436,194.2,84671.2
118,2014-06-20,6,4+0,Match 4 + 0 Euro numbers,4 + 0,565,94.6,53449.0
118,2014-06-20,7,3+2,Match 3 + 2 Euro numbers,3 + 2,1295,58.5,75757.5
118,2014-06-20,8,3+1,Match 3 + 1 Euro number,3 + 1,18713,19.5,364903.5
118,2014-06-20,9,2+2,Match 2 + 2 Euro numbers,2 + 2,18801,16.3,306456.3
118,2014-06-20,10,3+0,Match 3 + 0 Euro numbers,3 + 0,23484,13.6,319382.4
118,2014-06-20,11,1+2,Match 1 + 2 Euro numbers,1 + 2,95722,11.1,1062514.2
118,2014-06-20,12,2+1,Match 2 + 1 Euro number,2 + 1,262706,7.7,2022836.2
119,2014-06-27,1,5+2,Match 5 + 2 Euro numbers,5 + 2,0,0.0,0.0
119,2014-06-27,2,5+1,Match 5 + 1 Euro number,5 + 1,0,0.0,0.0
119,2014-06-27,3,5+0,Match 5 + 0 Euro numbers,5 + 0,1,101474.1,101474.1
119,2014-06-27,4,4+2,Match 4 + 2 Euro numbers,4 + 2,33,2838.4,93667.2
119,2014-06-27,5,4+1,Match 4 + 1 Euro number,4 + 1,351,211.2,74131.2
119,2014-06-27,6,4+0,Match 4 + 0 Euro numbers,4 + 0,440,106.4,46816.0
119,2014-06-27,7,3+2,Match 3 + 2 Euro numbers,3 + 2,1314,50.4,66225.6
119,2014-06-27,8,3+1,Match 3 + 1 Euro number,3 + 1,14666,21.8,319718.8
119,2014-06-27,9,2+2,Match 2 + 2 Euro numbers,2 + 2,18553,14.6,270873.8
119,2014-06-27,10,3+0,Match 3 + 0 Euro numbers,3 + 0,18991,14.6,277268.6
119,2014-06-27,11,1+2,Match 1 + 2 Euro numbers,1 + 2,98085,9.5,931807.5
119,2014-06-27,12,2+1,Match 2 + 1 Euro number,2 + 1,207009,8.6,1780277.4
120,2014-07-04,1,5+2,Match 5 + 2 Euro numbers,5 + 2,0,0.0,0.0
120,2014-07-04,2,5+1,Match 5 + 1 Euro number,5 + 1,1,792002.5,792002.5
120,2014-07-04,3,5+0,Match 5 + 0 Euro numbers,5 + 0,2,52223.2,104446.4
120,2014-07-04,4,4+2,Match 4 + 2 Euro numbers,4 + 2,25,3856.4,96410.0
120,2014-07-04,5,4+1,Match 4 + 1 Euro number,4 + 1,413,184.8,76322.4
120,2014-07-04,6,4+0,Match 4 + 0 Euro numbers,4 + 0,517,93.2,48184.4
120,2014-07-04,7,3+2,Match 3 + 2 Euro numbers,3 + 2,1451,47.0,68197.0
120,2014-07-04,8,3+1,Match 3 + 1 Euro number,3 + 1,16867,19.5,328906.5
120,2014-07-04,9,2+2,Match 2 + 2 Euro numbers,2 + 2,20897,13.2,275840.4
120,2014-07-04,10,3+0,Match 3 + 0 Euro numbers,3 + 0,24253,11.9,288610.7
120,2014-07-04,11,1+2,Match 1 + 2 Euro numbers,1 + 2,103258,9.3,960299.4
120,2014-07-04,12,2+1,Match 2 + 1 Euro number,2 + 1,233569,7.8,1821838.2
121,2014-07-11,1,5+2,Match 5 + 2 Euro numbers,5 + 2,0,0.0,0.0
121,2014-07-11,2,5+1,Match 5 + 1 Euro number,5 + 1,2,201718.1,403436.2
121,2014-07-11,3,5+0,Match 5 + 0 Euro numbers,5 + 0,1,104893.4,104893.4
121,2014-07-11,4,4+2,Match 4 + 2 Euro numbers,4 + 2,31,3123.3,96822.3
121,2014-07-11,5,4+1,Match 4 + 1 Euro number,4 + 1,298,257.2,76645.6
121,2014-07-11,6,4+0,Match 4 + 0 Euro numbers,4 + 0,407,118.9,48392.3
121,2014-07-11,7,3+2,Match 3 + 2 Euro numbers,3 + 2,1397,49.0,68453.0
121,2014-07-11,8,3+1,Match 3 + 1 Euro number,3 + 1,15021,22.0,330462.0
121,2014-07-11,9,2+2,Match 2 + 2 Euro numbers,2 + 2,20014,14.1,282197.4
121,2014-07-11,10,3+0,Match 3 + 0 Euro numbers,3 + 0,20077,14.1,283085.7
121,2014-07-11,11,1+2,Match 1 + 2 Euro numbers,1 + 2,104047,9.3,967637.1
121,2014-07-11,12,2+1,Match 2 + 1 Euro number,2 + 1,218562,8.4,1835920.8
122,2014-07-18,1,5+2,Match 5 + 2 Euro numbers,5 + 2,0,0.0,0.0
122,2014-07-18,2,5+1,Match 5 + 1 Euro number,5 + 1,1,411696.0,411696.0
122,2014-07-18,3,5+0,Match 5 + 0 Euro numbers,5 + 0,2,53520.4,107040.8
122,2014-07-18,4,4+2,Match 4 + 2 Euro numbers,4 + 2,34,2906.0,98804.0
122,2014-07-18,5,4+1,Match 4 + 1 Euro number,4 + 1,342,228.7,78215.4
122,2014-07-18,6,4+0,Match 4 + 0 Euro numbers,4 + 0,424,116.5,49396.0
122,2014-07-18,7,3+2,Match 3 + 2 Euro numbers,3 + 2,1391,50.3,69967.3
122,2014-07-18,8,3+1,Match 3 + 1 Euro number,3 + 1,16948,19.9,337265.2
122,2014-07-18,9,2+2,Match 2 + 2 Euro numbers,2 + 2,20013,14.1,282183.3
122,2014-07-18,10,3+0,Match 3 + 0 Euro numbers,3 + 0,20893,14.1,294591.3
122,2014-07-18,11,1+2,Match 1 + 2 Euro numbers,1 + 2,100867,9.7,978409.9
122,2014-07-18,12,2+1,Match 2 + 1 Euro number,2 + 1,245394,7.7,1889533.8
123,2014-07-25,1,5+2,Match 5 + 2 Euro numbers,5 + 2,0,0.0,0.0
123,2014-07-25,2,5+1,Match 5 + 1 Euro number,5 + 1,3,143579.3,430737.9
123,2014-07-25,3,5+0,Match 5 + 0 Euro numbers,5 + 0,1,111991.9,111991.9
123,2014-07-25,4,4+2,Match 4 + 2 Euro numbers,4 + 2,21,4922.7,103376.7
123,2014-07-25,5,4+1,Match 4 + 1 Euro number,4 + 1,264,310.0,81840.0
123,2014-07-25,6,4+0,Match 4 + 0 Euro numbers,4 + 0,365,141.6,51684.0
123,2014-07-25,7,3+2,Match 3 + 2 Euro numbers,3 + 2,1453,50.3,73085.9
123,2014-07-25,8,3+1,Match 3 + 1 Euro number,3 + 1,15226,23.1,351720.6
123,2014-07-25,9,2+2,Match 2 + 2 Euro numbers,2 + 2,21735,14.7,319504.5
123,2014-07-25,10,3+0,Match 3 + 0 Euro numbers,3 + 0,19306,14.7,283798.2
123,2014-07-25,11,1+2,Match 1 + 2 Euro numbers,1 + 2,122958,8.4,1032847.2
123,2014-07-25,12,2+1,Match 2 + 1 Euro number,2 + 1,232814,8.4,1955637.6
124,2014-08-01,1,5+2,Match 5 + 2 Euro numbers,5 + 2,0,0.0,0.0
124,2014-08-01,2,5+1,Match 5 + 1 Euro number,5 + 1,5,98160.1,490800.5
124,2014-08-01,3,5+0,Match 5 + 0 Euro numbers,5 + 0,6,21268.0,127608.0
124,2014-08-01,4,4+2,Match 4 + 2 Euro numbers,4 + 2,61,1931.0,117791.0
124,2014-08-01,5,4+1,Match 4 + 1 Euro number,4 + 1,483,193.0,93219.0
124,2014-08-01,6,4+0,Match 4 + 0 Euro numbers,4 + 0,578,101.8,58840.4
124,2014-08-01,7,3+2,Match 3 + 2 Euro numbers,3 + 2,2168,38.4,83251.2
124,2014-08-01,8,3+1,Match 3 + 1 Euro number,3 + 1,20571,19.5,401134.5
124,2014-08-01,9,2+2,Match 2 + 2 Euro numbers,2 + 2,30063,12.3,369774.9
124,2014-08-01,10,3+0,Match 3 + 0 Euro numbers,3 + 0,25905,12.3,318631.5
124,2014-08-01,11,1+2,Match 1 + 2 Euro numbers,1 + 2,153767,7.8,1199382.6
124,2014-08-01,12,2+1,Match 2 + 1 Euro number,2 + 1,283940,7.8,2214732.0
125,2014-08-08,1,5+2,Match 5 + 2 Euro numbers,5 + 2,0,0.0,0.0
125,2014-08-08,2,5+1,Match 5 + 1 Euro number,5 + 1,2,261779.5,523559.0
125,2014-08-08,3,5+0,Match 5 + 0 Euro numbers,5 + 0,3,45375.1,136125.3
125,2014-08-08,4,4+2,Match 4 + 2 Euro numbers,4 + 2,36,3490.3,125650.8
125,2014-08-08,5,4+1,Match 4 + 1 Euro number,4 + 1,424,234.6,99470.4
125,2014-08-08,6,4+0,Match 4 + 0 Euro numbers,4 + 0,490,128.2,62818.0
125,2014-08-08,7,3+2,Match 3 + 2 Euro numbers,3 + 2,1446,61.5,88929.0
125,2014-08-08,8,3+1,Match 3 + 1 Euro number,3 + 1,19254,22.2,427438.8
125,2014-08-08,9,2+2,Match 2 + 2 Euro numbers,2 + 2,22204,16.4,364145.6
125,2014-08-08,10,3+0,Match 3 + 0 Euro numbers,3 + 0,22742,16.4,372968.8
125,2014-08-08,11,1+2,Match 1 + 2 Euro numbers,1 + 2,122633,10.2,1250856.6
125,2014-08-08,12,2+1,Match 2 + 1 Euro number,2 + 1,296360,8.1,2400516.0
126,2014-08-15,1,5+2,Match 5 + 2 Euro numbers,5 + 2,0,0.0,0.0
126,2014-08-15,2,5+1,Match 5 + 1 Euro number,5 + 1,3,199645.7,598937.1
126,2014-08-15,3,5+0,Match 5 + 0 Euro numbers,5 + 0,3,51907.8,155723.4
126,2014-08-15,4,4+2,Match 4 + 2 Euro numbers,4 + 2,48,2994.6,143740.8
126,2014-08-15,5,4+1,Match 4 + 1 Euro number,4 + 1,396,287.3,113770.8
126,2014-08-15,6,4+0,Match 4 + 0 Euro numbers,4 + 0,548,131.1,71842.8
126,2014-08-15,7,3+2,Match 3 + 2 Euro numbers,3 + 2,1810,56.2,101722.0
126,2014-08-15,8,3+1,Match 3 + 1 Euro number,3 + 1,20643,23.7,489239.1
126,2014-08-15,9,2+2,Match 2 + 2 Euro numbers,2 + 2,27242,15.4,419526.8
126,2014-08-15,10,3+0,Match 3 + 0 Euro numbers,3 + 0,27315,15.4,420651.0
126,2014-08-15,11,1+2,Match 1 + 2 Euro numbers,1 + 2,150857,9.5,1433141.5
126,2014-08-15,12,2+1,Match 2 + 1 Euro number,2 + 1,306222,8.9,2725375.8
127,2014-08-22,1,5+2,Match 5 + 2 Euro numbers,5 + 2,0,0.0,0.0
127,2014-08-22,2,5+1,Match 5 + 1 Euro number,5 + 1,1,675905.7,675905.7
127,2014-08-22,3,5+0,Match 5 + 0 Euro numbers,5 + 0,3,58578.5,175735.5
127,2014-08-22,4,4+2,Match 4 + 2 Euro numbers,4 + 2,38,4268.8,162214.4
127,2014-08-22,5,4+1,Match 4 + 1 Euro number,4 + 1,439,292.5,128407.5
127,2014-08-22,6,4+0,Match 4 + 0 Euro numbers,4 + 0,507,159.9,81069.3
127,2014-08-22,7,3+2,Match 3 + 2 Euro numbers,3 + 2,1813,63.3,114762.9
127,2014-08-22,8,3+1,Match 3 + 1 Euro number,3 + 1,20650,26.8,553420.0
127,2014-08-22,9,2+2,Match 2 + 2 Euro numbers,2 + 2,29480,16.9,498212.0
127,2014-08-22,10,3+0,Match 3 + 0 Euro numbers,3 + 0,26617,16.9,449827.3
127,2014-08-22,11,1+2,Match 1 + 2 Euro numbers,1 + 2,173680,9.3,1615224.0
127,2014-08-22,12,2+1,Match 2 + 1 Euro number,2 + 1,333523,9.3,3101763.9
128,2014-08-29,1,5+2,Match 5 + 2 Euro numbers,5 + 2,0,0.0,0.0
128,2014-08-29,2,5+1,Match 5 + 1 Euro number,5 + 1,2,401877.1,803754.2
128,2014-08-29,3,5+0,Match 5 + 0 Euro numbers,5 + 0,1,208976.0,208976.0
128,2014-08-29,4,4+2,Match 4 + 2 Euro numbers,4 + 2,60,3215.0,192900.0
128,2014-08-29,5,4+1,Match 4 + 1 Euro number,4 + 1,773,197.5,152667.5
128,2014-08-29,6,4+0,Match 4 + 0 Euro numbers,4 + 0,998,96.6,96406.8
128,2014-08-29,7,3+2,Match 3 + 2 Euro numbers,3 + 2,3249,42.0,136458.0
128,2014-08-29,8,3+1,Match 3 + 1 Euro number,3 + 1,35655,18.4,656052.0
128,2014-08-29,9,2+2,Match 2 + 2 Euro numbers,2 + 2,43538,12.7,552932.6
128,2014-08-29,10,3+0,Match 3 + 0 Euro numbers,3 + 0,46928,12.3,577214.4
128,2014-08-29,11,1+2,Match 1 + 2 Euro numbers,1 + 2,220307,8.7,1916670.9
128,2014-08-29,12,2+1,Match 2 + 1 Euro number,2 + 1,485206,7.6,3687565.6
129,2014-09-05,1,5+2,Match 5 + 2 Euro numbers,5 + 2,0,0.0,0.0
129,2014-09-05,2,5+1,Match 5 + 1 Euro number,5 + 1,1,948748.4,948748.4
129,2014-09-05,3,5+0,Match 5 + 0 Euro numbers,5 + 0,6,41112.4,246674.4
129,2014-09-05,4,4+2,Match 4 + 2 Euro numbers,4 + 2,46,4949.9,227695.4
129,2014-09-05,5,4+1,Match 4 + 1 Euro number,4 + 1,649,277.7,180227.3
129,2014-09-05,6,4+0,Match 4 + 0 Euro numbers,4 + 0,833,136.6,113787.8
129,2014-09-05,7,3+2,Match 3 + 2 Euro numbers,3 + 2,2295,70.2,161109.0
129,2014-09-05,8,3+1,Match 3 + 1 Euro number,3 + 1,32459,23.9,775770.1
129,2014-09-05,9,2+2,Match 2 + 2 Euro numbers,2 + 2,37025,17.6,651640.0
129,2014-09-05,10,3+0,Match 3 + 0 Euro numbers,3 + 0,39284,17.3,679613.2
129,2014-09-05,11,1+2,Match 1 + 2 Euro numbers,1 + 2,200854,11.3,2269650.2
129,2014-09-05,12,2+1,Match 2 + 1 Euro number,2 + 1,504560,8.6,4339216.0
130,2014-09-12,1,5+2,Match 5 + 2 Euro numbers,5 + 2,1,61170752.7,61170752.7
130,2014-09-12,2,5+1,Match 5 + 1 Euro number,5 + 1,9,137166.5,1234498.5
130,2014-09-12,3,5+0,Match 5 + 0 Euro numbers,5 + 0,8,40121.2,320969.6
130,2014-09-12,4,4+2,Match 4 + 2 Euro numbers,4 + 2,175,1693.0,296275.0
130,2014-09-12,5,4+1,Match 4 + 1 Euro number,4 + 1,1711,137.0,234407.0
130,2014-09-12,6,4+0,Match 4 + 0 Euro numbers,4 + 0,2062,71.8,148051.6
130,2014-09-12,7,3+2,Match 3 + 2 Euro numbers,3 + 2,6107,34.3,209470.1
130,2014-09-12,8,3+1,Match 3 + 1 Euro number,3 + 1,64047,15.8,1011942.6
130,2014-09-12,9,2+2,Match 2 + 2 Euro numbers,2 + 2,75984,11.3,858619.2
130,2014-09-12,10,3+0,Match 3 + 0 Euro numbers,3 + 0,77290,11.3,873377.0
130,2014-09-12,11,1+2,Match 1 + 2 Euro numbers,1 + 2,365935,8.0,2927480.0
130,2014-09-12,12,2+1,Match 2 + 1 Euro number,2 + 1,797379,7.1,5661390.9
131,2014-09-19,1,5+2,Match 5 + 2 Euro numbers,5 + 2,0,0.0,0.0
131,2014-09-19,2,5+1,Match 5 + 1 Euro number,5 + 1,1,511013.8,511013.8
131,2014-09-19,3,5+0,Match 5 + 0 Euro numbers,5 + 0,2,66431.7,132863.4
131,2014-09-19,4,4+2,Match 4 + 2 Euro numbers,4 + 2,32,3832.6,122643.2
131,2014-09-19,5,4+1,Match 4 + 1 Euro number,4 + 1,341,284.7,97082.7
131,2014-09-19,6,4+0,Match 4 + 0 Euro numbers,4 + 0,496,123.6,61305.6
131,2014-09-19,7,3+2,Match 3 + 2 Euro numbers,3 + 2,1628,53.3,86772.4
131,2014-09-19,8,3+1,Match 3 + 1 Euro number,3 + 1,17836,23.4,417362.4
131,2014-09-19,9,2+2,Match 2 + 2 Euro numbers,2 + 2,24679,14.2,350441.8
131,2014-09-19,10,3+0,Match 3 + 0 Euro numbers,3 + 0,25926,14.1,365556.6
131,2014-09-19,11,1+2,Match 1 + 2 Euro numbers,1 + 2,128785,9.5,1223457.5
131,2014-09-19,12,2+1,Match 2 + 1 Euro number,2 + 1,270291,8.6,2324502.6
132,2014-09-26,1,5+2,Match 5 + 2 Euro numbers,5 + 2,0,0.0,0.0
132,2014-09-26,2,5+1,Match 5 + 1 Euro number,5 + 1,0,0.0,0.0
132,2014-09-26,3,5+0,Match 5 + 0 Euro numbers,5 + 0,2,64409.4,128818.8
132,2014-09-26,4,4+2,Match 4 + 2 Euro numbers,4 + 2,49,2426.7,118908.3
132,2014-09-26,5,4+1,Match 4 + 1 Euro number,4 + 1,514,183.1,94113.4
132,2014-09-26,6,4+0,Match 4 + 0 Euro numbers,4 + 0,613,96.9,59399.7
132,2014-09-26,7,3+2,Match 3 + 2 Euro numbers,3 + 2,1851,45.5,84220.5
132,2014-09-26,8,3+1,Match 3 + 1 Euro number,3 + 1,18444,22.0,405768.0
132,2014-09-26,9,2+2,Match 2 + 2 Euro numbers,2 + 2,27369,13.9,380429.1
132,2014-09-26,10,3+0,Match 3 + 0 Euro numbers,3 + 0,22883,13.9,318073.7
132,2014-09-26,11,1+2,Match 1 + 2 Euro numbers,1 + 2,147989,8.2,1213509.8
132,2014-09-26,12,2+1,Match 2 + 1 Euro number,2 + 1,271325,8.2,2224865.0
133,2014-10-03,1,5+2,Match 5 + 2 Euro numbers,5 + 2,1,16606337.3,16606337.3
133,2014-10-03,2,5+1,Match 5 + 1 Euro number,5 + 1,1,998133.5,998133.5
133,2014-10-03,3,5+0,Match 5 + 0 Euro numbers,5 + 0,1,130695.8,130695.8
133,2014-10-03,4,4+2,Match 4 + 2 Euro numbers,4 + 2,38,3174.7,120638.6
133,2014-10-03,5,4+1,Match 4 + 1 Euro number,4 + 1,382,250.0,95500.0
133,2014-10-03,6,4+0,Match 4 + 0 Euro numbers,4 + 0,449,134.3,60300.7
133,2014-10-03,7,3+2,Match 3 + 2 Euro numbers,3 + 2,1629,52.4,85359.6
133,2014-10-03,8,3+1,Match 3 + 1 Euro number,3 + 1,17867,23.0,410941.0
133,2014-10-03,9,2+2,Match 2 + 2 Euro numbers,2 + 2,24638,15.0,369570.0
133,2014-10-03,10,3+0,Match 3 + 0 Euro numbers,3 + 0,22593,15.0,338895.0
133,2014-10-03,11,1+2,Match 1 + 2 Euro numbers,1 + 2,130918,9.2,1204445.6
133,2014-10-03,12,2+1,Match 2 + 1 Euro number,2 + 1,271015,8.5,2303627.5
134,2014-10-10,1,5+2,Match 5 + 2 Euro numbers,5 + 2,0,0.0,0.0
134,2014-10-10,2,5+1,Match 5 + 1 Euro number,5 + 1,1,864054.7,864054.7
134,2014-10-10,3,5+0,Match 5 + 0 Euro numbers,5 + 0,4,76240.1,304960.4
134,2014-10-10,4,4+2,Match 4 + 2 Euro numbers,4 + 2,33,3080.4,101653.2
134,2014-10-10,5,4+1,Match 4 + 1 Euro number,4 + 1,407,224.7,91452.9
134,2014-10-10,6,4+0,Match 4 + 0 Euro numbers,4 + 0,732,97.2,71150.4
134,2014-10-10,7,3+2,Match 3 + 2 Euro numbers,3 + 2,1573,38.7,60875.1
134,2014-10-10,8,2+2,Match 2 + 2 Euro numbers,2 + 2,21391,15.3,327282.3
134,2014-10-10,9,3+1,Match 3 + 1 Euro number,3 + 1,19134,15.3,292750.2
134,2014-10-10,10,3+0,Match 3 + 0 Euro numbers,3 + 0,31555,13.8,435459.0
134,2014-10-10,11,1+2,Match 1 + 2 Euro numbers,1 + 2,107045,7.4,792133.0
134,2014-10-10,12,2+1,Match 2 + 1 Euro number,2 + 1,268020,7.2,1929744.0
135,2014-10-17,1,5+2,Match 5 + 2 Euro numbers,5 + 2,0,0.0,0.0
135,2014-10-17,2,5+1,Match 5 + 1 Euro number,5 + 1,2,435530.6,871061.2
135,2014-10-17,3,5+0,Match 5 + 0 Euro numbers,5 + 0,3,102477.7,307433.1
135,2014-10-17,4,4+2,Match 4 + 2 Euro numbers,4 + 2,19,5393.5,102476.5
135,2014-10-17,5,4+1,Match 4 + 1 Euro number,4 + 1,573,160.9,92195.7
135,2014-10-17,6,4+0,Match 4 + 0 Euro numbers,4 + 0,834,86.0,71724.0
135,2014-10-17,7,3+2,Match 3 + 2 Euro numbers,3 + 2,1154,53.2,61392.8
135,2014-10-17,8,2+2,Match 2 + 2 Euro numbers,2 + 2,15243,20.8,317054.4
135,2014-10-17,9,3+1,Match 3 + 1 Euro number,3 + 1,23114,13.5,312039.0
135,2014-10-17,10,3+0,Match 3 + 0 Euro numbers,3 + 0,32142,13.5,433917.0
135,2014-10-17,11,1+2,Match 1 + 2 Euro numbers,1 + 2,79551,10.0,795510.0
135,2014-10-17,12,2+1,Match 2 + 1 Euro number,2 + 1,298375,6.5,1939437.5
136,2014-10-24,1,5+2,Match 5 + 2 Euro numbers,5 + 2,0,0.0,0.0
136,2014-10-24,2,5+1,Match 5 + 1 Euro number,5 + 1,6,150199.8,901198.8
136,2014-10-24,3,5+0,Match 5 + 0 Euro numbers,5 + 0,2,150199.8,300399.6
136,2014-10-24,4,4+2,Match 4 + 2 Euro numbers,4 + 2,37,2823.9,104484.3
136,2014-10-24,5,4+1,Match 4 + 1 Euro number,4 + 1,550,170.9,93995.0
136,2014-10-24,6,4+0,Match 4 + 0 Euro numbers,4 + 0,731,100.0,73100.0
136,2014-10-24,7,3+2,Match 3 + 2 Euro numbers,3 + 2,1438,43.5,62553.0
136,2014-10-24,8,2+2,Match 2 + 2 Euro numbers,2 + 2,18701,17.3,323527.3
136,2014-10-24,9,3+1,Match 3 + 1 Euro number,3 + 1,21464,14.6,313374.4
136,2014-10-24,10,3+0,Match 3 + 0 Euro numbers,3 + 0,31421,14.2,446178.2
136,2014-10-24,11,1+2,Match 1 + 2 Euro numbers,1 + 2,95301,8.5,810058.5
136,2014-10-24,12,2+1,Match 2 + 1 Euro number,2 + 1,286141,6.9,1974372.9
137,2014-10-31,1,5+2,Match 5 + 2 Euro numbers,5 + 2,0,0.0,0.0
137,2014-10-31,2,5+1,Match 5 + 1 Euro number,5 + 1,2,501368.7,1002737.4
137,2014-10-31,3,5+0,Match 5 + 0 Euro numbers,5 + 0,3,117969.1,353907.3
137,2014-10-31,4,4+2,Match 4 + 2 Euro numbers,4 + 2,40,2949.2,117968.0
137,2014-10-31,5,4+1,Match 4 + 1 Euro number,4 + 1,535,198.4,106144.0
137,2014-10-31,6,4+0,Match 4 + 0 Euro numbers,4 + 0,738,111.8,82508.4
137,2014-10-31,7,3+2,Match 3 + 2 Euro numbers,3 + 2,1970,35.9,70723.0
137,2014-10-31,8,2+2,Match 2 + 2 Euro numbers,2 + 2,26737,14.1,376991.7
137,2014-10-31,9,3+1,Match 3 + 1 Euro number,3 + 1,25025,14.1,352852.5
137,2014-10-31,10,3+0,Match 3 + 0 Euro numbers,3 + 0,35104,14.1,494966.4
137,2014-10-31,11,1+2,Match 1 + 2 Euro numbers,1 + 2,133646,6.8,908792.8
137,2014-10-31,12,2+1,Match 2 + 1 Euro number,2 + 1,339561,6.6,2241102.6
138,2014-11-07,1,5+2,Match 5 + 2 Euro numbers,5 + 2,0,0.0,0.0
138,2014-11-07,2,5+1,Match 5 + 1 Euro number,5 + 1,3,354704.0,1064112.0
138,2014-11-07,3,5+0,Match 5 + 0 Euro numbers,5 + 0,6,62594.8,375568.8
138,2014-11-07,4,4+2,Match 4 + 2 Euro numbers,4 + 2,56,2235.5,125188.0
138,2014-11-07,5,4+1,Match 4 + 1 Euro number,4 + 1,738,152.6,112618.8
138,2014-11-07,6,4+0,Match 4 + 0 Euro numbers,4 + 0,1252,69.9,87514.8
138,2014-11-07,7,3+2,Match 3 + 2 Euro numbers,3 + 2,2377,31.6,75113.2
138,2014-11-07,8,2+2,Match 2 + 2 Euro numbers,2 + 2,28773,13.4,385558.2
138,2014-11-07,9,3+1,Match 3 + 1 Euro number,3 + 1,28758,13.0,373854.0
138,2014-11-07,10,3+0,Match 3 + 0 Euro numbers,3 + 0,48515,11.0,533665.0
138,2014-11-07,11,1+2,Match 1 + 2 Euro numbers,1 + 2,136942,7.1,972288.2
138,2014-11-07,12,2+1,Match 2 + 1 Euro number,2 + 1,349654,6.8,2377647.2
139,2014-11-14,1,5+2,Match 5 + 2 Euro numbers,5 + 2,0,0.0,0.0
139,2014-11-14,2,5+1,Match 5 + 1 Euro number,5 + 1,0,0.0,0.0
139,2014-11-14,3,5+0,Match 5 + 0 Euro numbers,5 + 0,3,141261.7,423785.1
139,2014-11-14,4,4+2,Match 4 + 2 Euro numbers,4 + 2,34,4154.7,141259.8
139,2014-11-14,5,4+1,Match 4 + 1 Euro number,4 + 1,452,281.2,127102.4
139,2014-11-14,6,4+0,Match 4 + 0 Euro numbers,4 + 0,685,144.3,98845.5
139,2014-11-14,7,3+2,Match 3 + 2 Euro numbers,3 + 2,1640,51.6,84624.0
139,2014-11-14,8,2+2,Match 2 + 2 Euro numbers,2 + 2,24691,18.5,456783.5
139,2014-11-14,9,3+1,Match 3 + 1 Euro number,3 + 1,21763,18.5,402615.5
139,2014-11-14,10,3+0,Match 3 + 0 Euro numbers,3 + 0,33488,18.1,606132.8
139,2014-11-14,11,1+2,Match 1 + 2 Euro numbers,1 + 2,138450,8.1,1121445.0
139,2014-11-14,12,2+1,Match 2 + 1 Euro number,2 + 1,329506,8.1,2668998.6
140,2014-11-21,1,5+2,Match 5 + 2 Euro numbers,5 + 2,0,0.0,0.0
140,2014-11-21,2,5+1,Match 5 + 1 Euro number,5 + 1,4,625882.5,2503530.0
140,2014-11-21,3,5+0,Match 5 + 0 Euro numbers,5 + 0,5,91962.7,459813.5
140,2014-11-21,4,4+2,Match 4 + 2 Euro numbers,4 + 2,37,4142.4,153268.8
140,2014-11-21,5,4+1,Match 4 + 1 Euro number,4 + 1,599,230.2,137889.8
140,2014-11-21,6,4+0,Match 4 + 0 Euro numbers,4 + 0,832,128.9,107244.8
140,2014-11-21,7,3+2,Match 3 + 2 Euro numbers,3 + 2,1563,58.8,91904.4
140,2014-11-21,8,2+2,Match 2 + 2 Euro numbers,2 + 2,24130,19.6,472948.0
140,2014-11-21,9,3+1,Match 3 + 1 Euro number,3 + 1,24864,18.4,457497.6
140,2014-11-21,10,3+0,Match 3 + 0 Euro numbers,3 + 0,37997,17.3,657348.1
140,2014-11-21,11,1+2,Match 1 + 2 Euro numbers,1 + 2,131416,9.0,1182744.0
140,2014-11-21,12,2+1,Match 2 + 1 Euro number,2 + 1,370087,7.9,2923687.3
141,2014-11-28,1,5+2,Match 5 + 2 Euro numbers,5 + 2,0,0.0,0.0
141,2014-11-28,2,5+1,Match 5 + 1 Euro number,5 + 1,0,0.0,0.0
141,2014-11-28,3,5+0,Match 5 + 0 Euro numbers,5 + 0,3,174676.4,524029.2
141,2014-11-28,4,4+2,Match 4 + 2 Euro numbers,4 + 2,27,6469.4,174673.8
141,2014-11-28,5,4+1,Match 4 + 1 Euro number,4 + 1,616,255.2,157203.2
141,2014-11-28,6,4+0,Match 4 + 0 Euro numbers,4 + 0,1088,112.3,122182.4
141,2014-11-28,7,3+2,Match 3 + 2 Euro numbers,3 + 2,1403,74.7,104804.1
141,2014-11-28,8,2+2,Match 2 + 2 Euro numbers,2 + 2,20174,26.8,540663.2
141,2014-11-28,9,3+1,Match 3 + 1 Euro number,3 + 1,27490,19.0,522310.0
141,2014-11-28,10,3+0,Match 3 + 0 Euro numbers,3 + 0,51863,14.4,746827.2
141,2014-11-28,11,1+2,Match 1 + 2 Euro numbers,1 + 2,101465,13.4,1359631.0
141,2014-11-28,12,2+1,Match 2 + 1 Euro number,2 + 1,393088,8.4,3301939.2
142,2014-12-05,1,5+2,Match 5 + 2 Euro numbers,5 + 2,1,58693173.9,58693173.9
142,2014-12-05,2,5+1,Match 5 + 1 Euro number,5 + 1,2,1600017.8,3200035.6
142,2014-12-05,3,5+0,Match 5 + 0 Euro numbers,5 + 0,3,201798.3,605394.9
142,2014-12-05,4,4+2,Match 4 + 2 Euro numbers,4 + 2,34,5935.2,201796.8
142,2014-12-05,5,4+1,Match 4 + 1 Euro number,4 + 1,662,274.3,181586.6
142,2014-12-05,6,4+0,Match 4 + 0 Euro numbers,4 + 0,1257,112.3,141161.1
142,2014-12-05,7,3+2,Match 3 + 2 Euro numbers,3 + 2,1652,73.2,120926.4
142,2014-12-05,8,2+2,Match 2 + 2 Euro numbers,2 + 2,24487,25.5,624418.5
142,2014-12-05,9,3+1,Match 3 + 1 Euro number,3 + 1,29903,20.2,604040.6
142,2014-12-05,10,3+0,Match 3 + 0 Euro numbers,3 + 0,57829,15.0,867435.0
142,2014-12-05,11,1+2,Match 1 + 2 Euro numbers,1 + 2,132223,11.9,1573453.7
142,2014-12-05,12,2+1,Match 2 + 1 Euro number,2 + 1,440131,8.7,3829139.7
143,2014-12-12,1,5+2,Match 5 + 2 Euro numbers,5 + 2,0,0.0,0.0
143,2014-12-12,2,5+1,Match 5 + 1 Euro number,5 + 1,2,465402.8,930805.6
143,2014-12-12,3,5+0,Match 5 + 0 Euro numbers,5 + 0,5,65703.9,328519.5
143,2014-12-12,4,4+2,Match 4 + 2 Euro numbers,4 + 2,9,12167.3,109505.7
143,2014-12-12,5,4+1,Match 4 + 1 Euro number,4 + 1,366,269.2,98527.2
143,2014-12-12,6,4+0,Match 4 + 0 Euro numbers,4 + 0,844,90.8,76635.2
143,2014-12-12,7,3+2,Match 3 + 2 Euro numbers,3 + 2,767,85.6,65655.2
143,2014-12-12,8,2+2,Match 2 + 2 Euro numbers,2 + 2,11130,30.5,339465.0
143,2014-12-12,9,3+1,Match 3 + 1 Euro number,3 + 1,18530,17.7,327981.0
143,2014-12-12,10,3+0,Match 3 + 0 Euro numbers,3 + 0,36441,14.1,513818.1
143,2014-12-12,11,1+2,Match 1 + 2 Euro numbers,1 + 2,57158,14.1,805927.8
143,2014-12-12,12,2+1,Match 2 + 1 Euro number,2 + 1,260892,8.0,2087136.0
144,2014-12-19,1,5+2,Match 5 + 2 Euro numbers,5 + 2,0,0.0,0.0
144,2014-12-19,2,5+1,Match 5 + 1 Euro number,5 + 1,4,241199.6,964798.4
144,2014-12-19,3,5+0,Match 5 + 0 Euro numbers,5 + 0,4,85129.2,340516.8
144,2014-12-19,4,4+2,Match 4 + 2 Euro numbers,4 + 2,20,5675.2,113504.0
144,2014-12-19,5,4+1,Match 4 + 1 Euro number,4 + 1,548,186.4,102147.2
144,2014-12-19,6,4+0,Match 4 + 0 Euro numbers,4 + 0,928,85.6,79436.8
144,2014-12-19,7,3+2,Match 3 + 2 Euro numbers,3 + 2,933,72.9,68015.7
144,2014-12-19,8,2+2,Match 2 + 2 Euro numbers,2 + 2,13089,26.8,350785.2
144,2014-12-19,9,3+1,Match 3 + 1 Euro number,3 + 1,20029,17.0,340493.0
144,2014-12-19,10,3+0,Match 3 + 0 Euro numbers,3 + 0,37260,13.2,491832.0
144,2014-12-19,11,1+2,Match 1 + 2 Euro numbers,1 + 2,66212,13.2,873998.4
144,2014-12-19,12,2+1,Match 2 + 1 Euro number,2 + 1,261782,8.2,2146612.4
145,2014-12-26,1,5+2,Match 5 + 2 Euro numbers,5 + 2,1,17783911.0,17783911.0
145,2014-12-26,2,5+1,Match 5 + 1 Euro number,5 + 1,5,174613.8,873069.0
145,2014-12-26,3,5+0,Match 5 + 0 Euro numbers,5 + 0,4,77035.5,308142.0
145,2014-12-26,4,4+2,Match 4 + 2 Euro numbers,4 + 2,30,3423.8,102714.0
145,2014-12-26,5,4+1,Match 4 + 1 Euro number,4 + 1,373,247.8,92429.4
145,2014-12-26,6,4+0,Match 4 + 0 Euro numbers,4 + 0,544,132.1,71862.4
145,2014-12-26,7,3+2,Match 3 + 2 Euro numbers,3 + 2,1189,51.8,61590.2
145,2014-12-26,8,2+2,Match 2 + 2 Euro numbers,2 + 2,17460,18.9,329994.0
145,2014-12-26,9,3+1,Match 3 + 1 Euro number,3 + 1,15562,18.9,294121.8
145,2014-12-26,10,3+0,Match 3 + 0 Euro numbers,3 + 0,24193,18.2,440312.6
145,2014-12-26,11,1+2,Match 1 + 2 Euro numbers,1 + 2,102365,8.1,829156.5
145,2014-12-26,12,2+1,Match 2 + 1 Euro number,2 + 1,237848,8.1,1926568.8
146,2015-01-02,1,5+2,Match 5 + 2 Euro numbers,5 + 2,0,0.0,0.0
146,2015-01-02,2,5+1,Match 5 + 1 Euro number,5 + 1,2,440355.5,880711.0
146,2015-01-02,3,5+0,Match 5 + 0 Euro numbers,5 + 0,3,103613.0,310839.0
146,2015-01-02,4,4+2,Match 4 + 2 Euro numbers,4 + 2,27,3837.5,103612.5
146,2015-01-02,5,4+1,Match 4 + 1 Euro number,4 + 1,363,256.8,93218.4
146,2015-01-02,6,4+0,Match 4 + 0 Euro numbers,4 + 0,572,126.7,72472.4
146,2015-01-02,7,3+2,Match 3 + 2 Euro numbers,3 + 2,993,62.6,62161.8
146,2015-01-02,8,2+2,Match 2 + 2 Euro numbers,2 + 2,14226,22.5,320085.0
146,2015-01-02,9,3+1,Match 3 + 1 Euro number,3 + 1,16184,19.2,310732.8
146,2015-01-02,10,3+0,Match 3 + 0 Euro numbers,3 + 0,26347,16.9,445264.3
146,2015-01-02,11,1+2,Match 1 + 2 Euro numbers,1 + 2,78214,10.3,805604.2
146,2015-01-02,12,2+1,Match 2 + 1 Euro number,2 + 1,236538,8.3,1963265.4
147,2015-01-09,1,5+2,Match 5 + 2 Euro numbers,5 + 2,0,0.0,0.0
147,2015-01-09,2,5+1,Match 5 + 1 Euro number,5 + 1,2,441927.5,883855.0
147,2015-01-09,3,5+0,Match 5 + 0 Euro numbers,5 + 0,1,311948.8,311948.8
147,2015-01-09,4,4+2,Match 4 + 2 Euro numbers,4 + 2,27,3851.2,103982.4
147,2015-01-09,5,4+1,Match 4 + 1 Euro number,4 + 1,355,263.6,93578.0
147,2015-01-09,6,4+0,Match 4 + 0 Euro numbers,4 + 0,708,102.8,72782.4
147,2015-01-09,7,3+2,Match 3 + 2 Euro numbers,3 + 2,849,73.4,62316.6
147,2015-01-09,8,2+2,Match 2 + 2 Euro numbers,2 + 2,12445,25.9,322325.5
147,2015-01-09,9,3+1,Match 3 + 1 Euro number,3 + 1,16700,18.6,310620.0
147,2015-01-09,10,3+0,Match 3 + 0 Euro numbers,3 + 0,33419,13.3,444472.7
147,2015-01-09,11,1+2,Match 1 + 2 Euro numbers,1 + 2,63308,12.8,810342.4
147,2015-01-09,12,2+1,Match 2 + 1 Euro number,2 + 1,239569,8.2,1964465.8
148,2015-01-16,1,5+2,Match 5 + 2 Euro numbers,5 + 2,0,0.0,0.0
148,2015-01-16,2,5+1,Match 5 + 1 Euro number,5 + 1,3,320778.1,962334.3
148,2015-01-16,3,5+0,Match 5 + 0 Euro numbers,5 + 0,3,113215.8,339647.4
148,2015-01-16,4,4+2,Match 4 + 2 Euro numbers,4 + 2,26,4354.4,113214.4
148,2015-01-16,5,4+1,Match 4 + 1 Euro number,4 + 1,343,297.0,101871.0
148,2015-01-16,6,4+0,Match 4 + 0 Euro numbers,4 + 0,625,126.8,79250.0
148,2015-01-16,7,3+2,Match 3 + 2 Euro numbers,3 + 2,1060,64.0,67840.0
148,2015-01-16,8,2+2,Match 2 + 2 Euro numbers,2 + 2,15856,22.1,350417.6
148,2015-01-16,9,3+1,Match 3 + 1 Euro number,3 + 1,17014,19.9,338578.6
148,2015-01-16,10,3+0,Match 3 + 0 Euro numbers,3 + 0,29507,16.4,483914.8
148,2015-01-16,11,1+2,Match 1 + 2 Euro numbers,1 + 2,87266,10.1,881386.6
148,2015-01-16,12,2+1,Match 2 + 1 Euro number,2 + 1,262751,8.2,2154558.2
149,2015-01-23,1,5+2,Match 5 + 2 Euro numbers,5 + 2,0,0.0,0.0
149,2015-01-23,2,5+1,Match 5 + 1 Euro number,5 + 1,3,347405.2,1042215.6
149,2015-01-23,3,5+0,Match 5 + 0 Euro numbers,5 + 0,4,91960.2,367840.8
149,2015-01-23,4,4+2,Match 4 + 2 Euro numbers,4 + 2,21,5838.7,122612.7
149,2015-01-23,5,4+1,Match 4 + 1 Euro number,4 + 1,425,259.6,110330.0
149,2015-01-23,6,4+0,Match 4 + 0 Euro numbers,4 + 0,713,120.3,85773.9
149,2015-01-23,7,3+2,Match 3 + 2 Euro numbers,3 + 2,1240,59.3,73532.0
149,2015-01-23,8,2+2,Match 2 + 2 Euro numbers,2 + 2,18421,20.6,379472.6
149,2015-01-23,9,3+1,Match 3 + 1 Euro number,3 + 1,20146,18.2,366657.2
149,2015-01-23,10,3+0,Match 3 + 0 Euro numbers,3 + 0,33148,15.9,527053.2
149,2015-01-23,11,1+2,Match 1 + 2 Euro numbers,1 + 2,95867,9.9,949083.3
149,2015-01-23,12,2+1,Match 2 + 1 Euro number,2 + 1,305983,7.6,2325470.8
150,2015-01-30,1,5+2,Match 5 + 2 Euro numbers,5 + 2,0,0.0,0.0
150,2015-01-30,2,5+1,Match 5 + 1 Euro number,5 + 1,0,0.0,0.0
150,2015-01-30,3,5+0,Match 5 + 0 Euro numbers,5 + 0,3,133111.9,399335.7
150,2015-01-30,4,4+2,Match 4 + 2 Euro numbers,4 + 2,41,3246.6,133110.6
150,2015-01-30,5,4+1,Match 4 + 1 Euro number,4 + 1,514,233.0,119762.0
150,2015-01-30,6,4+0,Match 4 + 0 Euro numbers,4 + 0,841,110.7,93098.7
150,2015-01-30,7,3+2,Match 3 + 2 Euro numbers,3 + 2,1976,40.4,79830.4
150,2015-01-30,8,2+2,Match 2 + 2 Euro numbers,2 + 2,29247,14.7,429930.9
150,2015-01-30,9,3+1,Match 3 + 1 Euro number,3 + 1,25757,14.7,378627.9
150,2015-01-30,10,3+0,Match 3 + 0 Euro numbers,3 + 0,38756,14.7,569713.2
150,2015-01-30,11,1+2,Match 1 + 2 Euro numbers,1 + 2,150687,7.1,1069877.7
150,2015-01-30,12,2+1,Match 2 + 1 Euro number,2 + 1,352425,7.1,2502217.5
151,2015-02-06,1,5+2,Match 5 + 2 Euro numbers,5 + 2,0,0.0,0.0
151,2015-02-06,2,5+1,Match 5 + 1 Euro number,5 + 1,0,0.0,0.0
151,2015-02-06,3,5+0,Match 5 + 0 Euro numbers,5 + 0,5,85754.8,428774.0
151,2015-02-06,4,4+2,Match 4 + 2 Euro numbers,4 + 2,23,6214.1,142924.3
151,2015-02-06,5,4+1,Match 4 + 1 Euro number,4 + 1,591,217.6,128601.6
151,2015-02-06,6,4+0,Match 4 + 0 Euro numbers,4 + 0,1335,78.4,104664.0
151,2015-02-06,7,3+2,Match 3 + 2 Euro numbers,3 + 2,1033,78.4,80987.2
151,2015-02-06,8,2+2,Match 2 + 2 Euro numbers,2 + 2,15063,29.4,442852.2
151,2015-02-06,9,3+1,Match 3 + 1 Euro number,3 + 1,23854,17.9,426986.6
151,2015-02-06,10,3+0,Match 3 + 0 Euro numbers,3 + 0,51776,13.2,683443.2
151,2015-02-06,11,1+2,Match 1 + 2 Euro numbers,1 + 2,78867,13.2,1041044.4
151,2015-02-06,12,2+1,Match 2 + 1 Euro number,2 + 1,324533,8.4,2726077.2
152,2015-02-13,1,5+2,Match 5 + 2 Euro numbers,5 + 2,0,0.0,0.0
152,2015-02-13,2,5+1,Match 5 + 1 Euro number,5 + 1,3,1260783.6,3782350.8
152,2015-02-13,3,5+0,Match 5 + 0 Euro numbers,5 + 0,7,72405.3,506837.1
152,2015-02-13,4,4+2,Match 4 + 2 Euro numbers,4 + 2,40,4223.6,168944.0
152,2015-02-13,5,4+1,Match 4 + 1 Euro number,4 + 1,477,318.7,152019.9
152,2015-02-13,6,4+0,Match 4 + 0 Euro numbers,4 + 0,986,119.9,118221.4
152,2015-02-13,7,3+2,Match 3 + 2 Euro numbers,3 + 2,1282,79.0,101278.0
152,2015-02-13,8,2+2,Match 2 + 2 Euro numbers,2 + 2,19341,27.0,522207.0
152,2015-02-13,9,3+1,Match 3 + 1 Euro number,3 + 1,25232,20.0,504640.0
152,2015-02-13,10,3+0,Match 3 + 0 Euro numbers,3 + 0,51033,14.2,724668.6
152,2015-02-13,11,1+2,Match 1 + 2 Euro numbers,1 + 2,101472,12.9,1308988.8
152,2015-02-13,12,2+1,Match 2 + 1 Euro number,2 + 1,376728,8.5,3202188.0
153,2015-02-20,1,5+2,Match 5 + 2 Euro numbers,5 + 2,1,49670283.0,49670283.0
153,2015-02-20,2,5+1,Match 5 + 1 Euro number,5 + 1,5,307998.0,1539990.0
153,2015-02-20,3,5+0,Match 5 + 0 Euro numbers,5 + 0,2,271762.9,543525.8
153,2015-02-20,4,4+2,Match 4 + 2 Euro numbers,4 + 2,49,3697.4,181172.6
153,2015-02-20,5,4+1,Match 4 + 1 Euro number,4 + 1,608,268.1,163004.8
153,2015-02-20,6,4+0,Match 4 + 0 Euro numbers,4 + 0,947,133.9,126803.3
153,2015-02-20,7,3+2,Match 3 + 2 Euro numbers,3 + 2,2277,47.7,108612.9
153,2015-02-20,8,2+2,Match 2 + 2 Euro numbers,2 + 2,34066,17.4,592748.4
153,2015-02-20,9,3+1,Match 3 + 1 Euro number,3 + 1,29096,17.4,506270.4
153,2015-02-20,10,3+0,Match 3 + 0 Euro numbers,3 + 0,46965,16.5,774922.5
153,2015-02-20,11,1+2,Match 1 + 2 Euro numbers,1 + 2,189366,7.7,1458118.2
153,2015-02-20,12,2+1,Match 2 + 1 Euro number,2 + 1,437055,7.7,3365323.5
154,2015-02-27,1,5+2,Match 5 + 2 Euro numbers,5 + 2,0,0.0,0.0
154,2015-02-27,2,5+1,Match 5 + 1 Euro number,5 + 1,2,480633.5,961267.0
154,2015-02-27,3,5+0,Match 5 + 0 Euro numbers,5 + 0,1,339270.7,339270.7
154,2015-02-27,4,4+2,Match 4 + 2 Euro numbers,4 + 2,14,8077.8,113089.2
154,2015-02-27,5,4+1,Match 4 + 1 Euro number,4 + 1,349,291.6,101768.4
154,2015-02-27,6,4+0,Match 4 + 0 Euro numbers,4 + 0,716,110.5,79118.0
154,2015-02-27,7,3+2,Match 3 + 2 Euro numbers,3 + 2,687,98.7,67806.9
154,2015-02-27,8,2+2,Match 2 + 2 Euro numbers,2 + 2,10079,34.7,349741.3
154,2015-02-27,9,3+1,Match 3 + 1 Euro number,3 + 1,15900,21.3,338670.0
154,2015-02-27,10,3+0,Match 3 + 0 Euro numbers,3 + 0,32280,16.0,516480.0
154,2015-02-27,11,1+2,Match 1 + 2 Euro numbers,1 + 2,53090,16.0,849440.0
154,2015-02-27,12,2+1,Match 2 + 1 Euro number,2 + 1,235030,9.1,2138773.0
155,2015-03-06,1,5+2,Match 5 + 2 Euro numbers,5 + 2,0,0.0,0.0
155,2015-03-06,2,5+1,Match 5 + 1 Euro number,5 + 1,1,966523.5,966523.5
155,2015-03-06,3,5+0,Match 5 + 0 Euro numbers,5 + 0,2,170562.9,341125.8
155,2015-03-06,4,4+2,Match 4 + 2 Euro numbers,4 + 2,25,4548.3,113707.5
155,2015-03-06,5,4+1,Match 4 + 1 Euro number,4 + 1,435,235.2,102312.0
155,2015-03-06,6,4+0,Match 4 + 0 Euro numbers,4 + 0,614,129.6,79574.4
155,2015-03-06,7,3+2,Match 3 + 2 Euro numbers,3 + 2,1202,56.7,68153.4
155,2015-03-06,8,2+2,Match 2 + 2 Euro numbers,2 + 2,15873,22.2,352380.6
155,2015-03-06,9,3+1,Match 3 + 1 Euro number,3 + 1,22044,15.7,346090.8
155,2015-03-06,10,3+0,Match 3 + 0 Euro numbers,3 + 0,30514,15.7,479069.8
155,2015-03-06,11,1+2,Match 1 + 2 Euro numbers,1 + 2,82058,10.8,886226.4
155,2015-03-06,12,2+1,Match 2 + 1 Euro number,2 + 1,319094,6.8,2169839.2
156,2015-03-13,1,5+2,Match 5 + 2 Euro numbers,5 + 2,0,0.0,0.0
156,2015-03-13,2,5+1,Match 5 + 1 Euro number,5 + 1,3,346533.6,1039600.8
156,2015-03-13,3,5+0,Match 5 + 0 Euro numbers,5 + 0,6,61153.0,366918.0
156,2015-03-13,4,4+2,Match 4 + 2 Euro numbers,4 + 2,33,3706.2,122304.6
156,2015-03-13,5,4+1,Match 4 + 1 Euro number,4 + 1,405,271.7,110038.5
156,2015-03-13,6,4+0,Match 4 + 0 Euro numbers,4 + 0,695,123.1,85554.5
156,2015-03-13,7,3+2,Match 3 + 2 Euro numbers,3 + 2,1088,67.4,73331.2
156,2015-03-13,8,2+2,Match 2 + 2 Euro numbers,2 + 2,15386,24.6,378495.6
156,2015-03-13,9,3+1,Match 3 + 1 Euro number,3 + 1,19566,18.7,365884.2
156,2015-03-13,10,3+0,Match 3 + 0 Euro numbers,3 + 0,32293,16.2,523146.6
156,2015-03-13,11,1+2,Match 1 + 2 Euro numbers,1 + 2,80881,11.7,946307.7
156,2015-03-13,12,2+1,Match 2 + 1 Euro number,2 + 1,285995,8.1,2316559.5
157,2015-03-20,1,5+2,Match 5 + 2 Euro numbers,5 + 2,0,0.0,0.0
157,2015-03-20,2,5+1,Match 5 + 1 Euro number,5 + 1,3,353403.7,1060211.1
157,2015-03-20,3,5+0,Match 5 + 0 Euro numbers,5 + 0,3,124730.7,374192.1
157,2015-03-20,4,4+2,Match 4 + 2 Euro numbers,4 + 2,42,2969.7,124727.4
157,2015-03-20,5,4+1,Match 4 + 1 Euro number,4 + 1,545,205.9,112215.5
157,2015-03-20,6,4+0,Match 4 + 0 Euro numbers,4 + 0,838,104.1,87235.8
157,2015-03-20,7,3+2,Match 3 + 2 Euro numbers,3 + 2,2053,36.4,74729.2
157,2015-03-20,8,2+2,Match 2 + 2 Euro numbers,2 + 2,28191,14.0,394674.0
157,2015-03-20,9,3+1,Match 3 + 1 Euro number,3 + 1,26325,14.0,368550.0
157,2015-03-20,10,3+0,Match 3 + 0 Euro numbers,3 + 0,37894,14.0,530516.0
157,2015-03-20,11,1+2,Match 1 + 2 Euro numbers,1 + 2,136895,7.1,971954.5
157,2015-03-20,12,2+1,Match 2 + 1 Euro number,2 + 1,367093,6.4,2349395.2
158,2015-03-27,1,5+2,Match 5 + 2 Euro numbers,5 + 2,0,0.0,0.0
158,2015-03-27,2,5+1,Match 5 + 1 Euro number,5 + 1,0,0.0,0.0
158,2015-03-27,3,5+0,Match 5 + 0 Euro numbers,5 + 0,4,99256.8,397027.2
158,2015-03-27,4,4+2,Match 4 + 2 Euro numbers,4 + 2,24,5514.2,132340.8
158,2015-03-27,5,4+1,Match 4 + 1 Euro number,4 + 1,406,293.3,119079.8
158,2015-03-27,6,4+0,Match 4 + 0 Euro numbers,4 + 0,753,123.0,92619.0
158,2015-03-27,7,3+2,Match 3 + 2 Euro numbers,3 + 2,1256,63.2,79379.2
158,2015-03-27,8,2+2,Match 2 + 2 Euro numbers,2 + 2,19251,21.3,410046.3
158,2015-03-27,9,3+1,Match 3 + 1 Euro number,3 + 1,20465,19.4,397021.0
158,2015-03-27,10,3+0,Match 3 + 0 Euro numbers,3 + 0,35938,15.8,567820.4
158,2015-03-27,11,1+2,Match 1 + 2 Euro numbers,1 + 2,101222,10.1,1022342.2
158,2015-03-27,12,2+1,Match 2 + 1 Euro number,2 + 1,305353,8.2,2503894.6
159,2015-04-03,1,5+2,Match 5 + 2 Euro numbers,5 + 2,0,0.0,0.0
159,2015-04-03,2,5+1,Match 5 + 1 Euro number,5 + 1,2,1167073.9,2334147.8
159,2015-04-03,3,5+0,Match 5 + 0 Euro numbers,5 + 0,3,142263.1,426789.3
159,2015-04-03,4,4+2,Match 4 + 2 Euro numbers,4 + 2,22,6466.5,142263.0
159,2015-04-03,5,4+1,Match 4 + 1 Euro number,4 + 1,485,263.9,127991.5
159,2015-04-03,6,4+0,Match 4 + 0 Euro numbers,4 + 0,765,130.1,99526.5
159,2015-04-03,7,3+2,Match 3 + 2 Euro numbers,3 + 2,1380,61.8,85284.0
159,2015-04-03,8,2+2,Match 2 + 2 Euro numbers,2 + 2,21112,20.8,439129.6
159,2015-04-03,9,3+1,Match 3 + 1 Euro number,3 + 1,23634,18.0,425412.0
159,2015-04-03,10,3+0,Match 3 + 0 Euro numbers,3 + 0,36781,16.6,610564.6
159,2015-04-03,11,1+2,Match 1 + 2 Euro numbers,1 + 2,116504,9.5,1106788.0
159,2015-04-03,12,2+1,Match 2 + 1 Euro number,2 + 1,354094,7.6,2691114.4
160,2015-04-10,1,5+2,Match 5 + 2 Euro numbers,5 + 2,0,0.0,0.0
160,2015-04-10,2,5+1,Match 5 + 1 Euro number,5 + 1,5,267013.1,1335065.5
160,2015-04-10,3,5+0,Match 5 + 0 Euro numbers,5 + 0,5,94239.9,471199.5
160,2015-04-10,4,4+2,Match 4 + 2 Euro numbers,4 + 2,31,5066.6,157064.6
160,2015-04-10,5,4+1,Match 4 + 1 Euro number,4 + 1,512,276.0,141312.0
160,2015-04-10,6,4+0,Match 4 + 0 Euro numbers,4 + 0,836,131.5,109934.0
160,2015-04-10,7,3+2,Match 3 + 2 Euro numbers,3 + 2,1324,71.1,94136.4
160,2015-04-10,8,2+2,Match 2 + 2 Euro numbers,2 + 2,21213,22.9,485777.7
160,2015-04-10,9,3+1,Match 3 + 1 Euro number,3 + 1,23724,19.8,469735.2
160,2015-04-10,10,3+0,Match 3 + 0 Euro numbers,3 + 0,37419,18.0,673542.0
160,2015-04-10,11,1+2,Match 1 + 2 Euro numbers,1 + 2,121385,10.0,1213850.0
160,2015-04-10,12,2+1,Match 2 + 1 Euro number,2 + 1,368157,8.1,2982071.7
161,2015-04-17,1,5+2,Match 5 + 2 Euro numbers,5 + 2,0,0.0,0.0
161,2015-04-17,2,5+1,Match 5 + 1 Euro number,5 + 1,6,313607.1,1881642.6
161,2015-04-17,3,5+0,Match 5 + 0 Euro numbers,5 + 0,1,313607.1,313607.1
161,2015-04-17,4,4+2,Match 4 + 2 Euro numbers,4 + 2,93,2052.5,190882.5
161,2015-04-17,5,4+1,Match 4 + 1 Euro number,4 + 1,907,189.4,171785.8
161,2015-04-17,6,4+0,Match 4 + 0 Euro numbers,4 + 0,1428,93.5,133518.0
161,2015-04-17,7,3+2,Match 3 + 2 Euro numbers,3 + 2,3073,37.2,114315.6
161,2015-04-17,8,2+2,Match 2 + 2 Euro numbers,2 + 2,41937,14.2,595505.4
161,2015-04-17,9,3+1,Match 3 + 1 Euro number,3 + 1,39662,14.2,563200.4
161,2015-04-17,10,3+0,Match 3 + 0 Euro numbers,3 + 0,61263,13.3,814797.9
161,2015-04-17,11,1+2,Match 1 + 2 Euro numbers,1 + 2,201696,7.3,1472380.8
161,2015-04-17,12,2+1,Match 2 + 1 Euro number,2 + 1,532167,6.8,3618735.6
162,2015-04-24,1,5+2,Match 5 + 2 Euro numbers,5 + 2,0,0.0,0.0
162,2015-04-24,2,5+1,Match 5 + 1 Euro number,5 + 1,7,291422.6,2039958.2
162,2015-04-24,3,5+0,Match 5 + 0 Euro numbers,5 + 0,12,59998.7,719984.4
162,2015-04-24,4,4+2,Match 4 + 2 Euro numbers,4 + 2,90,2666.6,239994.0
162,2015-04-24,5,4+1,Match 4 + 1 Euro number,4 + 1,1104,195.6,215942.4
162,2015-04-24,6,4+0,Match 4 + 0 Euro numbers,4 + 0,1918,87.5,167825.0
162,2015-04-24,7,3+2,Match 3 + 2 Euro numbers,3 + 2,3093,46.5,143824.5
162,2015-04-24,8,2+2,Match 2 + 2 Euro numbers,2 + 2,40043,18.5,740795.5
162,2015-04-24,9,3+1,Match 3 + 1 Euro number,3 + 1,44622,16.1,718414.2
162,2015-04-24,10,3+0,Match 3 + 0 Euro numbers,3 + 0,78229,13.1,1024799.9
162,2015-04-24,11,1+2,Match 1 + 2 Euro numbers,1 + 2,199730,9.3,1857489.0
162,2015-04-24,12,2+1,Match 2 + 1 Euro number,2 + 1,600434,7.6,4563298.4
163,2015-05-01,1,5+2,Match 5 + 2 Euro numbers,5 + 2,0,0.0,0.0
163,2015-05-01,2,5+1,Match 5 + 1 Euro number,5 + 1,1,2465617.5,2465617.5
163,2015-05-01,3,5+0,Match 5 + 0 Euro numbers,5 + 0,4,217554.4,870217.6
163,2015-05-01,4,4+2,Match 4 + 2 Euro numbers,4 + 2,60,4834.5,290070.0
163,2015-05-01,5,4+1,Match 4 + 1 Euro number,4 + 1,953,273.9,261026.7
163,2015-05-01,6,4+0,Match 4 + 0 Euro numbers,4 + 0,1637,124.0,202988.0
163,2015-05-01,7,3+2,Match 3 + 2 Euro numbers,3 + 2,3011,57.8,174035.8
163,2015-05-01,8,2+2,Match 2 + 2 Euro numbers,2 + 2,46936,19.5,915252.0
163,2015-05-01,9,3+1,Match 3 + 1 Euro number,3 + 1,43483,19.5,847918.5
163,2015-05-01,10,3+0,Match 3 + 0 Euro numbers,3 + 0,75949,16.4,1245563.6
163,2015-05-01,11,1+2,Match 1 + 2 Euro numbers,1 + 2,261882,8.6,2252185.2
163,2015-05-01,12,2+1,Match 2 + 1 Euro number,2 + 1,670259,8.2,5496123.8
164,2015-05-08,1,5+2,Match 5 + 2 Euro numbers,5 + 2,0,0.0,0.0
164,2015-05-08,2,5+1,Match 5 + 1 Euro number,5 + 1,2,4323237.7,8646475.4
164,2015-05-08,3,5+0,Match 5 + 0 Euro numbers,5 + 0,4,302864.9,1211459.6
164,2015-05-08,4,4+2,Match 4 + 2 Euro numbers,4 + 2,69,5852.4,403815.6
164,2015-05-08,5,4+1,Match 4 + 1 Euro number,4 + 1,1200,302.8,363360.0
164,2015-05-08,6,4+0,Match 4 + 0 Euro numbers,4 + 0,2050,137.8,282490.0
164,2015-05-08,7,3+2,Match 3 + 2 Euro numbers,3 + 2,2952,82.0,242064.0
164,2015-05-08,8,2+2,Match 2 + 2 Euro numbers,2 + 2,43362,28.8,1248825.6
164,2015-05-08,9,3+1,Match 3 + 1 Euro number,3 + 1,57715,20.9,1206243.5
164,2015-05-08,10,3+0,Match 3 + 0 Euro numbers,3 + 0,99237,17.4,1726723.8
164,2015-05-08,11,1+2,Match 1 + 2 Euro numbers,1 + 2,235211,13.3,3128306.3
164,2015-05-08,12,2+1,Match 2 + 1 Euro number,2 + 1,867644,8.8,7635267.2
165,2015-05-15,1,5+2,Match 5 + 2 Euro numbers,5 + 2,1,90000000.0,90000000.0
165,2015-05-15,2,5+1,Match 5 + 1 Euro number,5 + 1,3,7643519.6,22930558.8
165,2015-05-15,3,5+0,Match 5 + 0 Euro numbers,5 + 0,6,201877.6,1211265.6
165,2015-05-15,4,4+2,Match 4 + 2 Euro numbers,4 + 2,73,5530.8,403748.4
165,2015-05-15,5,4+1,Match 4 + 1 Euro number,4 + 1,1358,267.5,363265.0
165,2015-05-15,6,4+0,Match 4 + 0 Euro numbers,4 + 0,3050,92.6,282430.0
165,2015-05-15,7,3+2,Match 3 + 2 Euro numbers,3 + 2,3113,77.8,242191.4
165,2015-05-15,8,2+2,Match 2 + 2 Euro numbers,2 + 2,45170,27.7,1251209.0
165,2015-05-15,9,3+1,Match 3 + 1 Euro number,3 + 1,59769,20.2,1207333.8
165,2015-05-15,10,3+0,Match 3 + 0 Euro numbers,3 + 0,133744,13.1,1752046.4
165,2015-05-15,11,1+2,Match 1 + 2 Euro numbers,1 + 2,237245,13.1,3107909.5
165,2015-05-15,12,2+1,Match 2 + 1 Euro number,2 + 1,838201,9.2,7711449.2
166,2015-05-22,1,5+2,Match 5 + 2 Euro numbers,5 + 2,0,0.0,0.0
166,2015-05-22,2,5+1,Match 5 + 1 Euro number,5 + 1,3,394844.7,1184534.1
166,2015-05-22,3,5+0,Match 5 + 0 Euro numbers,5 + 0,2,209035.4,418070.8
166,2015-05-22,4,4+2,Match 4 + 2 Euro numbers,4 + 2,29,4805.4,139356.6
166,2015-05-22,5,4+1,Match 4 + 1 Euro number,4 + 1,475,264.0,125400.0
166,2015-05-22,6,4+0,Match 4 + 0 Euro numbers,4 + 0,782,124.7,97515.4
166,2015-05-22,7,3+2,Match 3 + 2 Euro numbers,3 + 2,1341,62.3,83544.3
166,2015-05-22,8,2+2,Match 2 + 2 Euro numbers,2 + 2,19818,21.7,430050.6
166,2015-05-22,9,3+1,Match 3 + 1 Euro number,3 + 1,21724,19.2,417100.8
166,2015-05-22,10,3+0,Match 3 + 0 Euro numbers,3 + 0,39862,15.0,597930.0
166,2015-05-22,11,1+2,Match 1 + 2 Euro numbers,1 + 2,109855,9.8,1076579.0
166,2015-05-22,12,2+1,Match 2 + 1 Euro number,2 + 1,325395,8.1,2635699.5
167,2015-05-29,1,5+2,Match 5 + 2 Euro numbers,5 + 2,0,0.0,0.0
167,2015-05-29,2,5+1,Match 5 + 1 Euro number,5 + 1,2,585694.5,1171389.0
167,2015-05-29,3,5+0,Match 5 + 0 Euro numbers,5 + 0,1,413431.4,413431.4
167,2015-05-29,4,4+2,Match 4 + 2 Euro numbers,4 + 2,58,2376.0,137808.0
167,2015-05-29,5,4+1,Match 4 + 1 Euro number,4 + 1,487,254.6,123990.2
167,2015-05-29,6,4+0,Match 4 + 0 Euro numbers,4 + 0,783,123.2,96465.6
167,2015-05-29,7,3+2,Match 3 + 2 Euro numbers,3 + 2,2055,40.2,82611.0
167,2015-05-29,8,2+2,Match 2 + 2 Euro numbers,2 + 2,21511,19.8,425917.8
167,2015-05-29,9,3+1,Match 3 + 1 Euro number,3 + 1,21545,19.1,411509.5
167,2015-05-29,10,3+0,Match 3 + 0 Euro numbers,3 + 0,37610,15.7,590477.0
167,2015-05-29,11,1+2,Match 1 + 2 Euro numbers,1 + 2,97882,10.9,1066913.8
167,2015-05-29,12,2+1,Match 2 + 1 Euro number,2 + 1,319802,8.2,2622376.4
168,2015-06-05,1,5+2,Match 5 + 2 Euro numbers,5 + 2,1,23251598.3,23251598.3
168,2015-06-05,2,5+1,Match 5 + 1 Euro number,5 + 1,1,1182434.0,1182434.0
168,2015-06-05,3,5+0,Match 5 + 0 Euro numbers,5 + 0,1,417329.6,417329.6
168,2015-06-05,4,4+2,Match 4 + 2 Euro numbers,4 + 2,21,6624.2,139108.2
168,2015-06-05,5,4+1,Match 4 + 1 Euro number,4 + 1,380,329.4,125172.0
168,2015-06-05,6,4+0,Match 4 + 0 Euro numbers,4 + 0,650,149.8,97370.0
168,2015-06-05,7,3+2,Match 3 + 2 Euro numbers,3 + 2,1181,70.6,83378.6
168,2015-06-05,8,2+2,Match 2 + 2 Euro numbers,2 + 2,17738,24.3,431033.4
168,2015-06-05,9,3+1,Match 3 + 1 Euro number,3 + 1,18390,22.6,415614.0
168,2015-06-05,10,3+0,Match 3 + 0 Euro numbers,3 + 0,31658,18.8,595170.4
168,2015-06-05,11,1+2,Match 1 + 2 Euro numbers,1 + 2,100373,10.8,1084028.4
168,2015-06-05,12,2+1,Match 2 + 1 Euro number,2 + 1,289369,9.1,2633257.9
169,2015-06-12,1,5+2,Match 5 + 2 Euro numbers,5 + 2,0,0.0,0.0
169,2015-06-12,2,5+1,Match 5 + 1 Euro number,5 + 1,3,343003.6,1029010.8
169,2015-06-12,3,5+0,Match 5 + 0 Euro numbers,5 + 0,3,121060.1,363180.3
169,2015-06-12,4,4+2,Match 4 + 2 Euro numbers,4 + 2,29,4174.4,121057.6
169,2015-06-12,5,4+1,Match 4 + 1 Euro number,4 + 1,476,228.8,108908.8
169,2015-06-12,6,4+0,Match 4 + 0 Euro numbers,4 + 0,836,101.3,84686.8
169,2015-06-12,7,3+2,Match 3 + 2 Euro numbers,3 + 2,1215,59.7,72535.5
169,2015-06-12,8,2+2,Match 2 + 2 Euro numbers,2 + 2,17518,21.4,374885.2
169,2015-06-12,9,3+1,Match 3 + 1 Euro number,3 + 1,22274,16.3,363066.2
169,2015-06-12,10,3+0,Match 3 + 0 Euro numbers,3 + 0,37650,13.8,519570.0
169,2015-06-12,11,1+2,Match 1 + 2 Euro numbers,1 + 2,91751,10.2,935860.2
169,2015-06-12,12,2+1,Match 2 + 1 Euro number,2 + 1,310588,7.4,2298351.2
170,2015-06-19,1,5+2,Match 5 + 2 Euro numbers,5 + 2,0,0.0,0.0
170,2015-06-19,2,5+1,Match 5 + 1 Euro number,5 + 1,1,1043277.6,1043277.6
170,2015-06-19,3,5+0,Match 5 + 0 Euro numbers,5 + 0,2,184107.8,368215.6
170,2015-06-19,4,4+2,Match 4 + 2 Euro numbers,4 + 2,23,5336.4,122737.2
170,2015-06-19,5,4+1,Match 4 + 1 Euro number,4 + 1,349,316.5,110458.5
170,2015-06-19,6,4+0,Match 4 + 0 Euro numbers,4 + 0,738,116.4,85903.2
170,2015-06-19,7,3+2,Match 3 + 2 Euro numbers,3 + 2,896,82.1,73561.6
170,2015-06-19,8,2+2,Match 2 + 2 Euro numbers,2 + 2,13128,28.9,379399.2
170,2015-06-19,9,3+1,Match 3 + 1 Euro number,3 + 1,18197,20.2,367579.4
170,2015-06-19,10,3+0,Match 3 + 0 Euro numbers,3 + 0,36907,14.3,527770.1
170,2015-06-19,11,1+2,Match 1 + 2 Euro numbers,1 + 2,69897,13.6,950599.2
170,2015-06-19,12,2+1,Match 2 + 1 Euro number,2 + 1,265549,8.8,2336831.2
171,2015-06-26,1,5+2,Match 5 + 2 Euro numbers,5 + 2,0,0.0,0.0
171,2015-06-26,2,5+1,Match 5 + 1 Euro number,5 + 1,1,1052228.2,1052228.2
171,2015-06-26,3,5+0,Match 5 + 0 Euro numbers,5 + 0,3,123791.5,371374.5
171,2015-06-26,4,4+2,Match 4 + 2 Euro numbers,4 + 2,22,5626.8,123789.6
171,2015-06-26,5,4+1,Match 4 + 1 Euro number,4 + 1,503,221.4,111364.2
171,2015-06-26,6,4+0,Match 4 + 0 Euro numbers,4 + 0,1070,80.9,86563.0
171,2015-06-26,7,3+2,Match 3 + 2 Euro numbers,3 + 2,1249,59.4,74190.6
171,2015-06-26,8,2+2,Match 2 + 2 Euro numbers,2 + 2,17687,21.6,382039.2
171,2015-06-26,9,3+1,Match 3 + 1 Euro number,3 + 1,21778,17.0,370226.0
171,2015-06-26,10,3+0,Match 3 + 0 Euro numbers,3 + 0,41989,12.6,529061.4
171,2015-06-26,11,1+2,Match 1 + 2 Euro numbers,1 + 2,95272,10.1,962247.2
171,2015-06-26,12,2+1,Match 2 + 1 Euro number,2 + 1,288882,8.1,2339944.2
172,2015-07-03,1,5+2,Match 5 + 2 Euro numbers,5 + 2,0,0.0,0.0
172,2015-07-03,2,5+1,Match 5 + 1 Euro number,5 + 1,0,0.0,0.0
172,2015-07-03,3,5+0,Match 5 + 0 Euro numbers,5 + 0,4,96098.2,384392.8
172,2015-07-03,4,4+2,Match 4 + 2 Euro numbers,4 + 2,15,8542.0,128130.0
172,2015-07-03,5,4+1,Match 4 + 1 Euro number,4 + 1,326,353.7,115306.2
172,2015-07-03,6,4+0,Match 4 + 0 Euro numbers,4 + 0,546,164.2,89653.2
172,2015-07-03,7,3+2,Match 3 + 2 Euro numbers,3 + 2,856,89.8,76868.8
172,2015-07-03,8,2+2,Match 2 + 2 Euro numbers,2 + 2,13332,29.7,395960.4
172,2015-07-03,9,3+1,Match 3 + 1 Euro number,3 + 1,15369,25.0,384225.0
172,2015-07-03,10,3+0,Match 3 + 0 Euro numbers,3 + 0,28191,19.5,549724.5
172,2015-07-03,11,1+2,Match 1 + 2 Euro numbers,1 + 2,81596,12.2,995471.2
172,2015-07-03,12,2+1,Match 2 + 1 Euro number,2 + 1,237602,10.3,2447300.6
173,2015-07-10,1,5+2,Match 5 + 2 Euro numbers,5 + 2,0,0.0,0.0
173,2015-07-10,2,5+1,Match 5 + 1 Euro number,5 + 1,0,0.0,0.0
173,2015-07-10,3,5+0,Match 5 + 0 Euro numbers,5 + 0,1,428497.8,428497.8
173,2015-07-10,4,4+2,Match 4 + 2 Euro numbers,4 + 2,40,3570.8,142832.0
173,2015-07-10,5,4+1,Match 4 + 1 Euro number,4 + 1,518,248.1,128515.8
173,2015-07-10,6,4+0,Match 4 + 0 Euro numbers,4 + 0,837,119.4,99937.8
173,2015-07-10,7,3+2,Match 3 + 2 Euro numbers,3 + 2,1807,47.4,85651.8
173,2015-07-10,8,2+2,Match 2 + 2 Euro numbers,2 + 2,26922,17.2,463058.4
173,2015-07-10,9,3+1,Match 3 + 1 Euro number,3 + 1,23706,17.2,407743.2
173,2015-07-10,10,3+0,Match 3 + 0 Euro numbers,3 + 0,38264,16.0,612224.0
173,2015-07-10,11,1+2,Match 1 + 2 Euro numbers,1 + 2,142482,7.9,1125607.8
173,2015-07-10,12,2+1,Match 2 + 1 Euro number,2 + 1,340164,7.9,2687295.6
174,2015-07-17,1,5+2,Match 5 + 2 Euro numbers,5 + 2,0,0.0,0.0
174,2015-07-17,2,5+1,Match 5 + 1 Euro number,5 + 1,5,724891.0,3624455.0
174,2015-07-17,3,5+0,Match 5 + 0 Euro numbers,5 + 0,7,66618.3,466328.1
174,2015-07-17,4,4+2,Match 4 + 2 Euro numbers,4 + 2,26,5978.5,155441.0
174,2015-07-17,5,4+1,Match 4 + 1 Euro number,4 + 1,596,234.7,139881.2
174,2015-07-17,6,4+0,Match 4 + 0 Euro numbers,4 + 0,987,110.2,108767.4
174,2015-07-17,7,3+2,Match 3 + 2 Euro numbers,3 + 2,1292,72.1,93153.2
174,2015-07-17,8,2+2,Match 2 + 2 Euro numbers,2 + 2,19586,24.6,481815.6
174,2015-07-17,9,3+1,Match 3 + 1 Euro number,3 + 1,24319,19.1,464492.9
174,2015-07-17,10,3+0,Match 3 + 0 Euro numbers,3 + 0,41910,15.9,666369.0
174,2015-07-17,11,1+2,Match 1 + 2 Euro numbers,1 + 2,111257,10.8,1201575.6
174,2015-07-17,12,2+1,Match 2 + 1 Euro number,2 + 1,354718,8.3,2944159.4
175,2015-07-24,1,5+2,Match 5 + 2 Euro numbers,5 + 2,1,46154745.9,46154745.9
175,2015-07-24,2,5+1,Match 5 + 1 Euro number,5 + 1,2,730911.1,1461822.2
175,2015-07-24,3,5+0,Match 5 + 0 Euro numbers,5 + 0,9,57326.3,515936.7
175,2015-07-24,4,4+2,Match 4 + 2 Euro numbers,4 + 2,76,2262.8,171972.8
175,2015-07-24,5,4+1,Match 4 + 1 Euro number,4 + 1,852,181.6,154723.2
175,2015-07-24,6,4+0,Match 4 + 0 Euro numbers,4 + 0,1314,91.6,120362.4
175,2015-07-24,7,3+2,Match 3 + 2 Euro numbers,3 + 2,2795,36.9,103135.5
175,2015-07-24,8,2+2,Match 2 + 2 Euro numbers,2 + 2,34392,15.7,539954.4
175,2015-07-24,9,3+1,Match 3 + 1 Euro number,3 + 1,32388,15.7,508491.6
175,2015-07-24,10,3+0,Match 3 + 0 Euro numbers,3 + 0,51668,14.3,738852.4
175,2015-07-24,11,1+2,Match 1 + 2 Euro numbers,1 + 2,169329,7.9,1337699.1
175,2015-07-24,12,2+1,Match 2 + 1 Euro number,2 + 1,432582,7.5,3244365.0
176,2015-07-31,1,5+2,Match 5 + 2 Euro numbers,5 + 2,0,0.0,0.0
176,2015-07-31,2,5+1,Match 5 + 1 Euro number,5 + 1,4,258055.3,1032221.2
176,2015-07-31,3,5+0,Match 5 + 0 Euro numbers,5 + 0,4,91078.3,364313.2
176,2015-07-31,4,4+2,Match 4 + 2 Euro numbers,4 + 2,26,4670.6,121435.6
176,2015-07-31,5,4+1,Match 4 + 1 Euro number,4 + 1,430,254.1,109263.0
176,2015-07-31,6,4+0,Match 4 + 0 Euro numbers,4 + 0,815,104.3,85004.5
176,2015-07-31,7,3+2,Match 3 + 2 Euro numbers,3 + 2,1241,58.7,72846.7
176,2015-07-31,8,2+2,Match 2 + 2 Euro numbers,2 + 2,18114,20.7,374959.8
176,2015-07-31,9,3+1,Match 3 + 1 Euro number,3 + 1,19236,18.9,363560.4
176,2015-07-31,10,3+0,Match 3 + 0 Euro numbers,3 + 0,34041,15.3,520827.3
176,2015-07-31,11,1+2,Match 1 + 2 Euro numbers,1 + 2,95567,9.9,946113.3
176,2015-07-31,12,2+1,Match 2 + 1 Euro number,2 + 1,285435,8.1,2312023.5
177,2015-08-07,1,5+2,Match 5 + 2 Euro numbers,5 + 2,0,0.0,0.0
177,2015-08-07,2,5+1,Match 5 + 1 Euro number,5 + 1,3,340571.4,1021714.2
177,2015-08-07,3,5+0,Match 5 + 0 Euro numbers,5 + 0,3,120201.6,360604.8
177,2015-08-07,4,4+2,Match 4 + 2 Euro numbers,4 + 2,34,3535.3,120200.2
177,2015-08-07,5,4+1,Match 4 + 1 Euro number,4 + 1,503,215.0,108145.0
177,2015-08-07,6,4+0,Match 4 + 0 Euro numbers,4 + 0,763,110.2,84082.6
177,2015-08-07,7,3+2,Match 3 + 2 Euro numbers,3 + 2,1872,38.5,72072.0
177,2015-08-07,8,2+2,Match 2 + 2 Euro numbers,2 + 2,26759,15.1,404060.9
177,2015-08-07,9,3+1,Match 3 + 1 Euro number,3 + 1,21654,15.1,326975.4
177,2015-08-07,10,3+0,Match 3 + 0 Euro numbers,3 + 0,34486,14.9,513841.4
177,2015-08-07,11,1+2,Match 1 + 2 Euro numbers,1 + 2,140990,7.2,1015128.0
177,2015-08-07,12,2+1,Match 2 + 1 Euro number,2 + 1,304651,7.2,2193487.2
178,2015-08-14,1,5+2,Match 5 + 2 Euro numbers,5 + 2,0,0.0,0.0
178,2015-08-14,2,5+1,Match 5 + 1 Euro number,5 + 1,3,363052.8,1089158.4
178,2015-08-14,3,5+0,Match 5 + 0 Euro numbers,5 + 0,1,363052.8,363052.8
178,2015-08-14,4,4+2,Match 4 + 2 Euro numbers,4 + 2,26,4856.8,126276.8
178,2015-08-14,5,4+1,Match 4 + 1 Euro number,4 + 1,406,279.9,113639.4
178,2015-08-14,6,4+0,Match 4 + 0 Euro numbers,4 + 0,697,126.8,88379.6
178,2015-08-14,7,3+2,Match 3 + 2 Euro numbers,3 + 2,1341,56.5,75766.5
178,2015-08-14,8,2+2,Match 2 + 2 Euro numbers,2 + 2,21543,18.2,392082.6
178,2015-08-14,9,3+1,Match 3 + 1 Euro number,3 + 1,20580,18.2,374556.0
178,2015-08-14,10,3+0,Match 3 + 0 Euro numbers,3 + 0,36625,14.8,542050.0
178,2015-08-14,11,1+2,Match 1 + 2 Euro numbers,1 + 2,115476,8.5,981546.0
178,2015-08-14,12,2+1,Match 2 + 1 Euro number,2 + 1,313173,7.7,2411432.1
179,2015-08-21,1,5+2,Match 5 + 2 Euro numbers,5 + 2,0,0.0,0.0
179,2015-08-21,2,5+1,Match 5 + 1 Euro number,5 + 1,2,555413.9,1110827.8
179,2015-08-21,3,5+0,Match 5 + 0 Euro numbers,5 + 0,2,196028.4,392056.8
179,2015-08-21,4,4+2,Match 4 + 2 Euro numbers,4 + 2,23,5681.9,130683.7
179,2015-08-21,5,4+1,Match 4 + 1 Euro number,4 + 1,444,264.9,117615.6
179,2015-08-21,6,4+0,Match 4 + 0 Euro numbers,4 + 0,756,121.0,91476.0
179,2015-08-21,7,3+2,Match 3 + 2 Euro numbers,3 + 2,1369,57.2,78306.8
179,2015-08-21,8,2+2,Match 2 + 2 Euro numbers,2 + 2,20076,20.1,403527.6
179,2015-08-21,9,3+1,Match 3 + 1 Euro number,3 + 1,19613,19.9,390298.7
179,2015-08-21,10,3+0,Match 3 + 0 Euro numbers,3 + 0,34497,16.2,558851.4
179,2015-08-21,11,1+2,Match 1 + 2 Euro numbers,1 + 2,106243,9.5,1009308.5
179,2015-08-21,12,2+1,Match 2 + 1 Euro number,2 + 1,289320,8.6,2488152.0
180,2015-08-28,1,5+2,Match 5 + 2 Euro numbers,5 + 2,0,0.0,0.0
180,2015-08-28,2,5+1,Match 5 + 1 Euro number,5 + 1,5,247071.4,1235357.0
180,2015-08-28,3,5+0,Match 5 + 0 Euro numbers,5 + 0,3,145336.1,436008.3
180,2015-08-28,4,4+2,Match 4 + 2 Euro numbers,4 + 2,34,4274.5,145333.0
180,2015-08-28,5,4+1,Match 4 + 1 Euro number,4 + 1,579,225.9,130796.1
180,2015-08-28,6,4+0,Match 4 + 0 Euro numbers,4 + 0,862,118.0,101716.0
180,2015-08-28,7,3+2,Match 3 + 2 Euro numbers,3 + 2,2004,43.5,87174.0
180,2015-08-28,8,2+2,Match 2 + 2 Euro numbers,2 + 2,31792,15.6,495955.2
180,2015-08-28,9,3+1,Match 3 + 1 Euro number,3 + 1,26149,15.6,407924.4
180,2015-08-28,10,3+0,Match 3 + 0 Euro numbers,3 + 0,38884,15.6,606590.4
180,2015-08-28,11,1+2,Match 1 + 2 Euro numbers,1 + 2,161872,7.1,1149291.2
180,2015-08-28,12,2+1,Match 2 + 1 Euro number,2 + 1,384119,7.1,2727244.9
181,2015-09-04,1,5+2,Match 5 + 2 Euro numbers,5 + 2,1,38878827.5,38878827.5
181,2015-09-04,2,5+1,Match 5 + 1 Euro number,5 + 1,4,367408.5,1469634.0
181,2015-09-04,3,5+0,Match 5 + 0 Euro numbers,5 + 0,1,367408.5,367408.5
181,2015-09-04,4,4+2,Match 4 + 2 Euro numbers,4 + 2,76,2101.8,159736.8
181,2015-09-04,5,4+1,Match 4 + 1 Euro number,4 + 1,633,227.1,143754.3
181,2015-09-04,6,4+0,Match 4 + 0 Euro numbers,4 + 0,918,121.8,111812.4
181,2015-09-04,7,3+2,Match 3 + 2 Euro numbers,3 + 2,2807,34.1,95718.7
181,2015-09-04,8,2+2,Match 2 + 2 Euro numbers,2 + 2,39444,15.2,599548.8
181,2015-09-04,9,3+1,Match 3 + 1 Euro number,3 + 1,27312,15.2,415142.4
181,2015-09-04,10,3+0,Match 3 + 0 Euro numbers,3 + 0,42002,15.2,638430.4
181,2015-09-04,11,1+2,Match 1 + 2 Euro numbers,1 + 2,205792,7.1,1461123.2
181,2015-09-04,12,2+1,Match 2 + 1 Euro number,2 + 1,393320,7.1,2792572.0
182,2015-09-11,1,5+2,Match 5 + 2 Euro numbers,5 + 2,0,0.0,0.0
182,2015-09-11,2,5+1,Match 5 + 1 Euro number,5 + 1,4,253324.3,1013297.2
182,2015-09-11,3,5+0,Match 5 + 0 Euro numbers,5 + 0,3,119211.4,357634.2
182,2015-09-11,4,4+2,Match 4 + 2 Euro numbers,4 + 2,35,3406.0,119210.0
182,2015-09-11,5,4+1,Match 4 + 1 Euro number,4 + 1,516,207.9,107276.4
182,2015-09-11,6,4+0,Match 4 + 0 Euro numbers,4 + 0,676,123.4,83418.4
182,2015-09-11,7,3+2,Match 3 + 2 Euro numbers,3 + 2,1650,43.3,71445.0
182,2015-09-11,8,2+2,Match 2 + 2 Euro numbers,2 + 2,25802,15.3,394770.6
182,2015-09-11,9,3+1,Match 3 + 1 Euro number,3 + 1,22658,15.3,346667.4
182,2015-09-11,10,3+0,Match 3 + 0 Euro numbers,3 + 0,32156,15.3,491986.8
182,2015-09-11,11,1+2,Match 1 + 2 Euro numbers,1 + 2,125366,7.4,927708.4
182,2015-09-11,12,2+1,Match 2 + 1 Euro number,2 + 1,328167,6.9,2264352.3
183,2015-09-18,1,5+2,Match 5 + 2 Euro numbers,5 + 2,0,0.0,0.0
183,2015-09-18,2,5+1,Match 5 + 1 Euro number,5 + 1,3,342156.1,1026468.3
183,2015-09-18,3,5+0,Match 5 + 0 Euro numbers,5 + 0,2,181141.4,362282.8
183,2015-09-18,4,4+2,Match 4 + 2 Euro numbers,4 + 2,29,4164.1,120758.9
183,2015-09-18,5,4+1,Match 4 + 1 Euro number,4 + 1,524,207.4,108677.6
183,2015-09-18,6,4+0,Match 4 + 0 Euro numbers,4 + 0,754,112.1,84523.4
183,2015-09-18,7,3+2,Match 3 + 2 Euro numbers,3 + 2,1589,45.5,72299.5
183,2015-09-18,8,2+2,Match 2 + 2 Euro numbers,2 + 2,20829,17.9,372839.1
183,2015-09-18,9,3+1,Match 3 + 1 Euro number,3 + 1,25182,14.3,360102.6
183,2015-09-18,10,3+0,Match 3 + 0 Euro numbers,3 + 0,37423,13.8,516437.4
183,2015-09-18,11,1+2,Match 1 + 2 Euro numbers,1 + 2,100480,9.3,934464.0
183,2015-09-18,12,2+1,Match 2 + 1 Euro number,2 + 1,328891,7.0,2302237.0
184,2015-09-25,1,5+2,Match 5 + 2 Euro numbers,5 + 2,0,0.0,0.0
184,2015-09-25,2,5+1,Match 5 + 1 Euro number,5 + 1,1,1060512.7,1060512.7
184,2015-09-25,3,5+0,Match 5 + 0 Euro numbers,5 + 0,1,374298.6,374298.6
184,2015-09-25,4,4+2,Match 4 + 2 Euro numbers,4 + 2,53,2354.0,124762.0
184,2015-09-25,5,4+1,Match 4 + 1 Euro number,4 + 1,611,183.7,112240.7
184,2015-09-25,6,4+0,Match 4 + 0 Euro numbers,4 + 0,870,100.3,87261.0
184,2015-09-25,7,3+2,Match 3 + 2 Euro numbers,3 + 2,2069,36.1,74690.9
184,2015-09-25,8,2+2,Match 2 + 2 Euro numbers,2 + 2,28534,13.8,393769.2
184,2015-09-25,9,3+1,Match 3 + 1 Euro number,3 + 1,26539,13.8,366238.2
184,2015-09-25,10,3+0,Match 3 + 0 Euro numbers,3 + 0,38628,13.8,533066.4
184,2015-09-25,11,1+2,Match 1 + 2 Euro numbers,1 + 2,135051,7.2,972367.2
184,2015-09-25,12,2+1,Match 2 + 1 Euro number,2 + 1,349262,6.8,2374981.6
185,2015-10-02,1,5+2,Match 5 + 2 Euro numbers,5 + 2,0,0.0,0.0
185,2015-10-02,2,5+1,Match 5 + 1 Euro number,5 + 1,4,289530.0,1158120.0
185,2015-10-02,3,5+0,Match 5 + 0 Euro numbers,5 + 0,8,51093.5,408748.0
185,2015-10-02,4,4+2,Match 4 + 2 Euro numbers,4 + 2,52,2620.1,136245.2
185,2015-10-02,5,4+1,Match 4 + 1 Euro number,4 + 1,704,174.1,122566.4
185,2015-10-02,6,4+0,Match 4 + 0 Euro numbers,4 + 0,1148,83.0,95284.0
185,2015-10-02,7,3+2,Match 3 + 2 Euro numbers,3 + 2,2393,34.1,81601.3
185,2015-10-02,8,2+2,Match 2 + 2 Euro numbers,2 + 2,30555,14.7,449158.5
185,2015-10-02,9,3+1,Match 3 + 1 Euro number,3 + 1,25730,14.7,378231.0
185,2015-10-02,10,3+0,Match 3 + 0 Euro numbers,3 + 0,44341,13.2,585301.2
185,2015-10-02,11,1+2,Match 1 + 2 Euro numbers,1 + 2,147159,7.2,1059544.8
185,2015-10-02,12,2+1,Match 2 + 1 Euro number,2 + 1,359405,7.2,2587716.0
186,2015-10-09,1,5+2,Match 5 + 2 Euro numbers,5 + 2,1,31579233.1,31579233.1
186,2015-10-09,2,5+1,Match 5 + 1 Euro number,5 + 1,1,1295619.7,1295619.7
186,2015-10-09,3,5+0,Match 5 + 0 Euro numbers,5 + 0,4,114319.3,457277.2
186,2015-10-09,4,4+2,Match 4 + 2 Euro numbers,4 + 2,34,4483.1,152425.4
186,2015-10-09,5,4+1,Match 4 + 1 Euro number,4 + 1,534,256.8,137131.2
186,2015-10-09,6,4+0,Match 4 + 0 Euro numbers,4 + 0,923,115.5,106606.5
186,2015-10-09,7,3+2,Match 3 + 2 Euro numbers,3 + 2,1743,52.4,91333.2
186,2015-10-09,8,2+2,Match 2 + 2 Euro numbers,2 + 2,26828,17.6,472172.8
186,2015-10-09,9,3+1,Match 3 + 1 Euro number,3 + 1,26850,17.0,456450.0
186,2015-10-09,10,3+0,Match 3 + 0 Euro numbers,3 + 0,46078,14.2,654307.6
186,2015-10-09,11,1+2,Match 1 + 2 Euro numbers,1 + 2,133195,8.9,1185435.5
186,2015-10-09,12,2+1,Match 2 + 1 Euro number,2 + 1,391180,7.4,2894732.0
187,2015-10-16,1,5+2,Match 5 + 2 Euro numbers,5 + 2,0,0.0,0.0
187,2015-10-16,2,5+1,Match 5 + 1 Euro number,5 + 1,1,1018326.3,1018326.3
187,2015-10-16,3,5+0,Match 5 + 0 Euro numbers,5 + 0,3,119803.1,359409.3
187,2015-10-16,4,4+2,Match 4 + 2 Euro numbers,4 + 2,47,2549.0,119803.0
187,2015-10-16,5,4+1,Match 4 + 1 Euro number,4 + 1,461,233.8,107781.8
187,2015-10-16,6,4+0,Match 4 + 0 Euro numbers,4 + 0,819,102.3,83783.7
187,2015-10-16,7,3+2,Match 3 + 2 Euro numbers,3 + 2,1312,54.7,71766.4
187,2015-10-16,8,2+2,Match 2 + 2 Euro numbers,2 + 2,18031,20.5,369635.5
187,2015-10-16,9,3+1,Match 3 + 1 Euro number,3 + 1,18775,19.1,358602.5
187,2015-10-16,10,3+0,Match 3 + 0 Euro numbers,3 + 0,33518,15.3,512825.4
187,2015-10-16,11,1+2,Match 1 + 2 Euro numbers,1 + 2,98478,9.4,925693.2
187,2015-10-16,12,2+1,Match 2 + 1 Euro number,2 + 1,269394,8.4,2262909.6
188,2015-10-23,1,5+2,Match 5 + 2 Euro numbers,5 + 2,0,0.0,0.0
188,2015-10-23,2,5+1,Match 5 + 1 Euro number,5 + 1,3,345488.0,1036464.0
188,2015-10-23,3,5+0,Match 5 + 0 Euro numbers,5 + 0,4,91452.7,365810.8
188,2015-10-23,4,4+2,Match 4 + 2 Euro numbers,4 + 2,21,5806.5,121936.5
188,2015-10-23,5,4+1,Match 4 + 1 Euro number,4 + 1,488,224.8,109702.4
188,2015-10-23,6,4+0,Match 4 + 0 Euro numbers,4 + 0,761,112.1,85308.1
188,2015-10-23,7,3+2,Match 3 + 2 Euro numbers,3 + 2,1224,59.7,73072.8
188,2015-10-23,8,2+2,Match 2 + 2 Euro numbers,2 + 2,17017,22.2,377777.4
188,2015-10-23,9,3+1,Match 3 + 1 Euro number,3 + 1,20254,18.0,364572.0
188,2015-10-23,10,3+0,Match 3 + 0 Euro numbers,3 + 0,32506,16.1,523346.6
188,2015-10-23,11,1+2,Match 1 + 2 Euro numbers,1 + 2,89198,10.6,945498.8
188,2015-10-23,12,2+1,Match 2 + 1 Euro number,2 + 1,288896,8.0,2311168.0
189,2015-10-30,1,5+2,Match 5 + 2 Euro numbers,5 + 2,0,0.0,0.0
189,2015-10-30,2,5+1,Match 5 + 1 Euro number,5 + 1,1,1116663.9,1116663.9
189,2015-10-30,3,5+0,Match 5 + 0 Euro numbers,5 + 0,5,78823.3,394116.5
189,2015-10-30,4,4+2,Match 4 + 2 Euro numbers,4 + 2,39,3368.5,131371.5
189,2015-10-30,5,4+1,Match 4 + 1 Euro number,4 + 1,483,244.7,118190.1
189,2015-10-30,6,4+0,Match 4 + 0 Euro numbers,4 + 0,725,126.8,91930.0
189,2015-10-30,7,3+2,Match 3 + 2 Euro numbers,3 + 2,1642,48.0,78816.0
189,2015-10-30,8,2+2,Match 2 + 2 Euro numbers,2 + 2,25847,17.0,439399.0
189,2015-10-30,9,3+1,Match 3 + 1 Euro number,3 + 1,21830,17.0,371110.0
189,2015-10-30,10,3+0,Match 3 + 0 Euro numbers,3 + 0,32290,17.0,548930.0
189,2015-10-30,11,1+2,Match 1 + 2 Euro numbers,1 + 2,132468,7.7,1020003.6
189,2015-10-30,12,2+1,Match 2 + 1 Euro number,2 + 1,345700,7.2,2489040.0
190,2015-11-06,1,5+2,Match 5 + 2 Euro numbers,5 + 2,0,0.0,0.0
190,2015-11-06,2,5+1,Match 5 + 1 Euro number,5 + 1,6,201592.5,1209555.0
190,2015-11-06,3,5+0,Match 5 + 0 Euro numbers,5 + 0,16,26681.3,426900.8
190,2015-11-06,4,4+2,Match 4 + 2 Euro numbers,4 + 2,44,3234.1,142300.4
190,2015-11-06,5,4+1,Match 4 + 1 Euro number,4 + 1,736,174.0,128064.0
190,2015-11-06,6,4+0,Match 4 + 0 Euro numbers,4 + 0,1746,57.0,99522.0
190,2015-11-06,7,3+2,Match 3 + 2 Euro numbers,3 + 2,1848,46.2,85377.6
190,2015-11-06,8,2+2,Match 2 + 2 Euro numbers,2 + 2,23884,18.4,439465.6
190,2015-11-06,9,3+1,Match 3 + 1 Euro number,3 + 1,27138,15.7,426066.6
190,2015-11-06,10,3+0,Match 3 + 0 Euro numbers,3 + 0,55078,11.1,611365.8
190,2015-11-06,11,1+2,Match 1 + 2 Euro numbers,1 + 2,119590,9.2,1100228.0
190,2015-11-06,12,2+1,Match 2 + 1 Euro number,2 + 1,357412,7.6,2716331.2
191,2015-11-13,1,5+2,Match 5 + 2 Euro numbers,5 + 2,1,32657956.9,32657956.9
191,2015-11-13,2,5+1,Match 5 + 1 Euro number,5 + 1,1,1406004.2,1406004.2
191,2015-11-13,3,5+0,Match 5 + 0 Euro numbers,5 + 0,5,99247.3,496236.5
191,2015-11-13,4,4+2,Match 4 + 2 Euro numbers,4 + 2,24,6892.1,165410.4
191,2015-11-13,5,4+1,Match 4 + 1 Euro number,4 + 1,534,278.7,148825.8
191,2015-11-13,6,4+0,Match 4 + 0 Euro numbers,4 + 0,963,120.2,115752.6
191,2015-11-13,7,3+2,Match 3 + 2 Euro numbers,3 + 2,1298,76.4,99167.2
191,2015-11-13,8,2+2,Match 2 + 2 Euro numbers,2 + 2,18474,27.7,511729.8
191,2015-11-13,9,3+1,Match 3 + 1 Euro number,3 + 1,26881,18.4,494610.4
191,2015-11-13,10,3+0,Match 3 + 0 Euro numbers,3 + 0,50840,13.9,706676.0
191,2015-11-13,11,1+2,Match 1 + 2 Euro numbers,1 + 2,97968,13.1,1283380.8
191,2015-11-13,12,2+1,Match 2 + 1 Euro number,2 + 1,396986,7.9,3136189.4
192,2015-11-20,1,5+2,Match 5 + 2 Euro numbers,5 + 2,0,0.0,0.0
192,2015-11-20,2,5+1,Match 5 + 1 Euro number,5 + 1,1,1016924.7,1016924.7
192,2015-11-20,3,5+0,Match 5 + 0 Euro numbers,5 + 0,5,71782.9,358914.5
192,2015-11-20,4,4+2,Match 4 + 2 Euro numbers,4 + 2,18,6646.5,119637.0
192,2015-11-20,5,4+1,Match 4 + 1 Euro number,4 + 1,293,367.4,107648.2
192,2015-11-20,6,4+0,Match 4 + 0 Euro numbers,4 + 0,581,144.1,83722.1
192,2015-11-20,7,3+2,Match 3 + 2 Euro numbers,3 + 2,897,80.0,71760.0
192,2015-11-20,8,2+2,Match 2 + 2 Euro numbers,2 + 2,14557,25.4,369747.8
192,2015-11-20,9,3+1,Match 3 + 1 Euro number,3 + 1,15999,22.4,358377.6
192,2015-11-20,10,3+0,Match 3 + 0 Euro numbers,3 + 0,29710,17.3,513983.0
192,2015-11-20,11,1+2,Match 1 + 2 Euro numbers,1 + 2,80250,11.6,930900.0
192,2015-11-20,12,2+1,Match 2 + 1 Euro number,2 + 1,250606,9.1,2280514.6
193,2015-11-27,1,5+2,Match 5 + 2 Euro numbers,5 + 2,0,0.0,0.0
193,2015-11-27,2,5+1,Match 5 + 1 Euro number,5 + 1,2,513350.8,1026701.6
193,2015-11-27,3,5+0,Match 5 + 0 Euro numbers,5 + 0,6,60394.2,362365.2
193,2015-11-27,4,4+2,Match 4 + 2 Euro numbers,4 + 2,33,3660.2,120786.6
193,2015-11-27,5,4+1,Match 4 + 1 Euro number,4 + 1,716,151.8,108688.8
193,2015-11-27,6,4+0,Match 4 + 0 Euro numbers,4 + 0,1062,79.6,84535.2
193,2015-11-27,7,3+2,Match 3 + 2 Euro numbers,3 + 2,1391,52.1,72471.1
193,2015-11-27,8,2+2,Match 2 + 2 Euro numbers,2 + 2,19218,19.4,372829.2
193,2015-11-27,9,3+1,Match 3 + 1 Euro number,3 + 1,29042,12.7,368833.4
193,2015-11-27,10,3+0,Match 3 + 0 Euro numbers,3 + 0,40151,12.7,509917.7
193,2015-11-27,11,1+2,Match 1 + 2 Euro numbers,1 + 2,94490,9.9,935451.0
193,2015-11-27,12,2+1,Match 2 + 1 Euro number,2 + 1,369145,6.2,2288699.0
194,2015-12-04,1,5+2,Match 5 + 2 Euro numbers,5 + 2,0,0.0,0.0
194,2015-12-04,2,5+1,Match 5 + 1 Euro number,5 + 1,5,220909.0,1104545.0
194,2015-12-04,3,5+0,Match 5 + 0 Euro numbers,5 + 0,4,97459.8,389839.2
194,2015-12-04,4,4+2,Match 4 + 2 Euro numbers,4 + 2,60,2165.7,129942.0
194,2015-12-04,5,4+1,Match 4 + 1 Euro number,4 + 1,696,168.0,116928.0
194,2015-12-04,6,4+0,Match 4 + 0 Euro numbers,4 + 0,1113,81.7,90932.1
194,2015-12-04,7,3+2,Match 3 + 2 Euro numbers,3 + 2,2015,38.6,77779.0
194,2015-12-04,8,2+2,Match 2 + 2 Euro numbers,2 + 2,25306,16.0,404896.0
194,2015-12-04,9,3+1,Match 3 + 1 Euro number,3 + 1,24171,16.0,386736.0
194,2015-12-04,10,3+0,Match 3 + 0 Euro numbers,3 + 0,40492,13.7,554740.4
194,2015-12-04,11,1+2,Match 1 + 2 Euro numbers,1 + 2,131807,7.7,1014913.9
194,2015-12-04,12,2+1,Match 2 + 1 Euro number,2 + 1,317347,7.7,2443571.9
195,2015-12-11,1,5+2,Match 5 + 2 Euro numbers,5 + 2,0,0.0,0.0
195,2015-12-11,2,5+1,Match 5 + 1 Euro number,5 + 1,1,1191136.2,1191136.2
195,2015-12-11,3,5+0,Match 5 + 0 Euro numbers,5 + 0,4,105100.2,420400.8
195,2015-12-11,4,4+2,Match 4 + 2 Euro numbers,4 + 2,11,12739.4,140133.4
195,2015-12-11,5,4+1,Match 4 + 1 Euro number,4 + 1,440,286.6,126104.0
195,2015-12-11,6,4+0,Match 4 + 0 Euro numbers,4 + 0,777,126.2,98057.4
195,2015-12-11,7,3+2,Match 3 + 2 Euro numbers,3 + 2,988,85.1,84078.8
195,2015-12-11,8,2+2,Match 2 + 2 Euro numbers,2 + 2,13257,32.7,433503.9
195,2015-12-11,9,3+1,Match 3 + 1 Euro number,3 + 1,18827,22.3,419842.1
195,2015-12-11,10,3+0,Match 3 + 0 Euro numbers,3 + 0,36318,16.5,599247.0
195,2015-12-11,11,1+2,Match 1 + 2 Euro numbers,1 + 2,70366,15.5,1090673.0
195,2015-12-11,12,2+1,Match 2 + 1 Euro number,2 + 1,278326,9.6,2671929.6
196,2015-12-18,1,5+2,Match 5 + 2 Euro numbers,5 + 2,0,0.0,0.0
196,2015-12-18,2,5+1,Match 5 + 1 Euro number,5 + 1,3,451426.8,1354280.4
196,2015-12-18,3,5+0,Match 5 + 0 Euro numbers,5 + 0,6,79663.5,477981.0
196,2015-12-18,4,4+2,Match 4 + 2 Euro numbers,4 + 2,58,2747.0,159326.0
196,2015-12-18,5,4+1,Match 4 + 1 Euro number,4 + 1,775,185.0,143375.0
196,2015-12-18,6,4+0,Match 4 + 0 Euro numbers,4 + 0,1264,88.2,111484.8
196,2015-12-18,7,3+2,Match 3 + 2 Euro numbers,3 + 2,1863,51.3,95571.9
196,2015-12-18,8,2+2,Match 2 + 2 Euro numbers,2 + 2,23795,20.7,492556.5
196,2015-12-18,9,3+1,Match 3 + 1 Euro number,3 + 1,29614,16.1,476785.4
196,2015-12-18,10,3+0,Match 3 + 0 Euro numbers,3 + 0,51741,13.2,682981.2
196,2015-12-18,11,1+2,Match 1 + 2 Euro numbers,1 + 2,117673,10.5,1235566.5
196,2015-12-18,12,2+1,Match 2 + 1 Euro number,2 + 1,392264,7.7,3020432.8
197,2015-12-25,1,5+2,Match 5 + 2 Euro numbers,5 + 2,0,0.0,0.0
197,2015-12-25,2,5+1,Match 5 + 1 Euro number,5 + 1,3,481507.4,1444522.2
197,2015-12-25,3,5+0,Match 5 + 0 Euro numbers,5 + 0,3,169943.7,509831.1
197,2015-12-25,4,4+2,Match 4 + 2 Euro numbers,4 + 2,35,4855.5,169942.5
197,2015-12-25,5,4+1,Match 4 + 1 Euro number,4 + 1,525,291.3,152932.5
197,2015-12-25,6,4+0,Match 4 + 0 Euro numbers,4 + 0,964,123.4,118957.6
197,2015-12-25,7,3+2,Match 3 + 2 Euro numbers,3 + 2,1867,54.6,101938.2
197,2015-12-25,8,2+2,Match 2 + 2 Euro numbers,2 + 2,32091,17.7,568010.7
197,2015-12-25,9,3+1,Match 3 + 1 Euro number,3 + 1,26164,17.7,463102.8
197,2015-12-25,10,3+0,Match 3 + 0 Euro numbers,3 + 0,43990,16.6,730234.0
197,2015-12-25,11,1+2,Match 1 + 2 Euro numbers,1 + 2,165066,8.0,1320528.0
197,2015-12-25,12,2+1,Match 2 + 1 Euro number,2 + 1,421684,7.6,3204798.4
198,2016-01-01,1,5+2,Match 5 + 2 Euro numbers,5 + 2,1,49685851.5,49685851.5
198,2016-01-01,2,5+1,Match 5 + 1 Euro number,5 + 1,4,423474.3,1693897.2
198,2016-01-01,3,5+0,Match 5 + 0 Euro numbers,5 + 0,2,298923.0,597846.0
198,2016-01-01,4,4+2,Match 4 + 2 Euro numbers,4 + 2,44,4529.1,199280.4
198,2016-01-01,5,4+1,Match 4 + 1 Euro number,4 + 1,618,290.2,179343.6
198,2016-01-01,6,4+0,Match 4 + 0 Euro numbers,4 + 0,1012,137.8,139453.6
198,2016-01-01,7,3+2,Match 3 + 2 Euro numbers,3 + 2,1946,61.4,119484.4
198,2016-01-01,8,2+2,Match 2 + 2 Euro numbers,2 + 2,28874,21.3,615016.2
198,2016-01-01,9,3+1,Match 3 + 1 Euro number,3 + 1,30216,19.7,595255.2
198,2016-01-01,10,3+0,Match 3 + 0 Euro numbers,3 + 0,50290,17.0,854930.0
198,2016-01-01,11,1+2,Match 1 + 2 Euro numbers,1 + 2,154105,10.0,1541050.0
198,2016-01-01,12,2+1,Match 2 + 1 Euro number,2 + 1,470848,8.0,3766784.0
199,2016-01-08,1,5+2,Match 5 + 2 Euro numbers,5 + 2,0,0.0,0.0
199,2016-01-08,2,5+1,Match 5 + 1 Euro number,5 + 1,2,514927.7,1029855.4
199,2016-01-08,3,5+0,Match 5 + 0 Euro numbers,5 + 0,2,181739.2,363478.4
199,2016-01-08,4,4+2,Match 4 + 2 Euro numbers,4 + 2,27,4487.3,121157.1
199,2016-01-08,5,4+1,Match 4 + 1 Euro number,4 + 1,419,260.2,109023.8
199,2016-01-08,6,4+0,Match 4 + 0 Euro numbers,4 + 0,708,119.7,84747.6
199,2016-01-08,7,3+2,Match 3 + 2 Euro numbers,3 + 2,1611,45.1,72656.1
199,2016-01-08,8,2+2,Match 2 + 2 Euro numbers,2 + 2,23778,16.5,392337.0
199,2016-01-08,9,3+1,Match 3 + 1 Euro number,3 + 1,20842,16.5,343893.0
199,2016-01-08,10,3+0,Match 3 + 0 Euro numbers,3 + 0,35518,14.6,518562.8
199,2016-01-08,11,1+2,Match 1 + 2 Euro numbers,1 + 2,130001,7.5,975007.5
199,2016-01-08,12,2+1,Match 2 + 1 Euro number,2 + 1,303153,7.5,2273647.5
200,2016-01-15,1,5+2,Match 5 + 2 Euro numbers,5 + 2,0,0.0,0.0
200,2016-01-15,2,5+1,Match 5 + 1 Euro number,5 + 1,1,1080486.7,1080486.7
200,2016-01-15,3,5+0,Match 5 + 0 Euro numbers,5 + 0,8,47668.5,381348.0
200,2016-01-15,4,4+2,Match 4 + 2 Euro numbers,4 + 2,23,5526.7,127114.1
200,2016-01-15,5,4+1,Match 4 + 1 Euro number,4 + 1,472,242.3,114365.6
200,2016-01-15,6,4+0,Match 4 + 0 Euro numbers,4 + 0,1098,81.0,88938.0
200,2016-01-15,7,3+2,Match 3 + 2 Euro numbers,3 + 2,1010,75.5,76255.0
200,2016-01-15,8,2+2,Match 2 + 2 Euro numbers,2 + 2,14479,27.2,393828.8
200,2016-01-15,9,3+1,Match 3 + 1 Euro number,3 + 1,19730,19.3,380789.0
200,2016-01-15,10,3+0,Match 3 + 0 Euro numbers,3 + 0,42561,12.9,549036.9
200,2016-01-15,11,1+2,Match 1 + 2 Euro numbers,1 + 2,76597,12.9,988101.3
200,2016-01-15,12,2+1,Match 2 + 1 Euro number,2 + 1,275643,8.8,2425658.4
201,2016-01-22,1,5+2,Match 5 + 2 Euro numbers,5 + 2,1,19379323.3,19379323.3
201,2016-01-22,2,5+1,Match 5 + 1 Euro number,5 + 1,1,1134075.7,1134075.7
201,2016-01-22,3,5+0,Match 5 + 0 Euro numbers,5 + 0,1,400262.0,400262.0
201,2016-01-22,4,4+2,Match 4 + 2 Euro numbers,4 + 2,25,5336.8,133420.0
201,2016-01-22,5,4+1,Match 4 + 1 Euro number,4 + 1,452,265.6,120051.2
201,2016-01-22,6,4+0,Match 4 + 0 Euro numbers,4 + 0,863,108.2,93376.6
201,2016-01-22,7,3+2,Match 3 + 2 Euro numbers,3 + 2,1338,59.8,80012.4
201,2016-01-22,8,2+2,Match 2 + 2 Euro numbers,2 + 2,19075,21.6,412020.0
201,2016-01-22,9,3+1,Match 3 + 1 Euro number,3 + 1,22853,17.5,399927.5
201,2016-01-22,10,3+0,Match 3 + 0 Euro numbers,3 + 0,41616,13.7,570139.2
201,2016-01-22,11,1+2,Match 1 + 2 Euro numbers,1 + 2,97255,10.7,1040628.5
201,2016-01-22,12,2+1,Match 2 + 1 Euro number,2 + 1,326478,7.8,2546528.4
202,2016-01-29,1,5+2,Match 5 + 2 Euro numbers,5 + 2,0,0.0,0.0
202,2016-01-29,2,5+1,Match 5 + 1 Euro number,5 + 1,0,0.0,0.0
202,2016-01-29,3,5+0,Match 5 + 0 Euro numbers,5 + 0,3,122354.2,367062.6
202,2016-01-29,4,4+2,Match 4 + 2 Euro numbers,4 + 2,20,6117.7,122354.0
202,2016-01-29,5,4+1,Match 4 + 1 Euro number,4 + 1,377,292.0,110084.0
202,2016-01-29,6,4+0,Match 4 + 0 Euro numbers,4 + 0,638,134.2,85619.6
202,2016-01-29,7,3+2,Match 3 + 2 Euro numbers,3 + 2,911,80.5,73335.5
202,2016-01-29,8,2+2,Match 2 + 2 Euro numbers,2 + 2,14934,25.3,377830.2
202,2016-01-29,9,3+1,Match 3 + 1 Euro number,3 + 1,15997,22.9,366331.3
202,2016-01-29,10,3+0,Match 3 + 0 Euro numbers,3 + 0,29393,17.8,523195.4
202,2016-01-29,11,1+2,Match 1 + 2 Euro numbers,1 + 2,85240,11.1,946164.0
202,2016-01-29,12,2+1,Match 2 + 1 Euro number,2 + 1,246895,9.4,2320813.0
203,2016-02-05,1,5+2,Match 5 + 2 Euro numbers,5 + 2,0,0.0,0.0
203,2016-02-05,2,5+1,Match 5 + 1 Euro number,5 + 1,1,2111427.2,2111427.2
203,2016-02-05,3,5+0,Match 5 + 0 Euro numbers,5 + 0,1,378146.9,378146.9
203,2016-02-05,4,4+2,Match 4 + 2 Euro numbers,4 + 2,24,5252.0,126048.0
203,2016-02-05,5,4+1,Match 4 + 1 Euro number,4 + 1,474,239.3,113428.2
203,2016-02-05,6,4+0,Match 4 + 0 Euro numbers,4 + 0,710,124.2,88182.0
203,2016-02-05,7,3+2,Match 3 + 2 Euro numbers,3 + 2,1650,45.8,75570.0
203,2016-02-05,8,2+2,Match 2 + 2 Euro numbers,2 + 2,24409,16.9,412512.1
203,2016-02-05,9,3+1,Match 3 + 1 Euro number,3 + 1,20843,16.9,352246.7
203,2016-02-05,10,3+0,Match 3 + 0 Euro numbers,3 + 0,33769,16.0,540304.0
203,2016-02-05,11,1+2,Match 1 + 2 Euro numbers,1 + 2,122582,8.0,980656.0
203,2016-02-05,12,2+1,Match 2 + 1 Euro number,2 + 1,310198,7.7,2388524.6
204,2016-02-12,1,5+2,Match 5 + 2 Euro numbers,5 + 2,0,0.0,0.0
204,2016-02-12,2,5+1,Match 5 + 1 Euro number,5 + 1,2,556439.9,1112879.8
204,2016-02-12,3,5+0,Match 5 + 0 Euro numbers,5 + 0,8,49097.6,392780.8
204,2016-02-12,4,4+2,Match 4 + 2 Euro numbers,4 + 2,28,4675.9,130925.2
204,2016-02-12,5,4+1,Match 4 + 1 Euro number,4 + 1,564,208.9,117819.6
204,2016-02-12,6,4+0,Match 4 + 0 Euro numbers,4 + 0,983,93.2,91615.6
204,2016-02-12,7,3+2,Match 3 + 2 Euro numbers,3 + 2,1075,73.0,78475.0
204,2016-02-12,8,2+2,Match 2 + 2 Euro numbers,2 + 2,16090,25.2,405468.0
204,2016-02-12,9,3+1,Match 3 + 1 Euro number,3 + 1,22896,17.1,391521.6
204,2016-02-12,10,3+0,Match 3 + 0 Euro numbers,3 + 0,40360,13.9,561004.0
204,2016-02-12,11,1+2,Match 1 + 2 Euro numbers,1 + 2,83823,12.1,1014258.3
204,2016-02-12,12,2+1,Match 2 + 1 Euro number,2 + 1,315189,7.9,2489993.1
205,2016-02-19,1,5+2,Match 5 + 2 Euro numbers,5 + 2,0,0.0,0.0
205,2016-02-19,2,5+1,Match 5 + 1 Euro number,5 + 1,1,1189732.5,1189732.5
205,2016-02-19,3,5+0,Match 5 + 0 Euro numbers,5 + 0,2,209952.8,419905.6
205,2016-02-19,4,4+2,Match 4 + 2 Euro numbers,4 + 2,42,3332.5,139965.0
205,2016-02-19,5,4+1,Match 4 + 1 Euro number,4 + 1,614,205.1,125931.4
205,2016-02-19,6,4+0,Match 4 + 0 Euro numbers,4 + 0,914,107.1,97889.4
205,2016-02-19,7,3+2,Match 3 + 2 Euro numbers,3 + 2,1529,54.9,83942.1
205,2016-02-19,8,2+2,Match 2 + 2 Euro numbers,2 + 2,21597,20.0,431940.0
205,2016-02-19,9,3+1,Match 3 + 1 Euro number,3 + 1,27603,15.2,419565.6
205,2016-02-19,10,3+0,Match 3 + 0 Euro numbers,3 + 0,40538,14.8,599962.4
205,2016-02-19,11,1+2,Match 1 + 2 Euro numbers,1 + 2,109864,9.9,1087653.6
205,2016-02-19,12,2+1,Match 2 + 1 Euro number,2 + 1,391897,6.8,2664899.6
206,2016-02-26,1,5+2,Match 5 + 2 Euro numbers,5 + 2,0,0.0,0.0
206,2016-02-26,2,5+1,Match 5 + 1 Euro number,5 + 1,5,270193.8,1350969.0
206,2016-02-26,3,5+0,Match 5 + 0 Euro numbers,5 + 0,10,47681.2,476812.0
206,2016-02-26,4,4+2,Match 4 + 2 Euro numbers,4 + 2,32,4966.7,158934.4
206,2016-02-26,5,4+1,Match 4 + 1 Euro number,4 + 1,549,260.5,143014.5
206,2016-02-26,6,4+0,Match 4 + 0 Euro numbers,4 + 0,1115,99.7,111165.5
206,2016-02-26,7,3+2,Match 3 + 2 Euro numbers,3 + 2,1217,78.3,95291.1
206,2016-02-26,8,2+2,Match 2 + 2 Euro numbers,2 + 2,17520,28.1,492312.0
206,2016-02-26,9,3+1,Match 3 + 1 Euro number,3 + 1,26329,18.1,476554.9
206,2016-02-26,10,3+0,Match 3 + 0 Euro numbers,3 + 0,50889,13.4,681912.6
206,2016-02-26,11,1+2,Match 1 + 2 Euro numbers,1 + 2,92525,13.3,1230582.5
206,2016-02-26,12,2+1,Match 2 + 1 Euro number,2 + 1,371275,8.1,3007327.5
207,2016-03-04,1,5+2,Match 5 + 2 Euro numbers,5 + 2,0,0.0,0.0
207,2016-03-04,2,5+1,Match 5 + 1 Euro number,5 + 1,8,198145.8,1585166.4
207,2016-03-04,3,5+0,Match 5 + 0 Euro numbers,5 + 0,12,46622.5,559470.0
207,2016-03-04,4,4+2,Match 4 + 2 Euro numbers,4 + 2,47,3967.8,186486.6
207,2016-03-04,5,4+1,Match 4 + 1 Euro number,4 + 1,1110,151.2,167832.0
207,2016-03-04,6,4+0,Match 4 + 0 Euro numbers,4 + 0,1987,65.6,130347.2
207,2016-03-04,7,3+2,Match 3 + 2 Euro numbers,3 + 2,1814,61.6,111742.4
207,2016-03-04,8,2+2,Match 2 + 2 Euro numbers,2 + 2,23608,24.4,576035.2
207,2016-03-04,9,3+1,Match 3 + 1 Euro number,3 + 1,38695,14.4,557208.0
207,2016-03-04,10,3+0,Match 3 + 0 Euro numbers,3 + 0,71466,12.1,864738.6
207,2016-03-04,11,1+2,Match 1 + 2 Euro numbers,1 + 2,113663,12.1,1375322.3
207,2016-03-04,12,2+1,Match 2 + 1 Euro number,2 + 1,487156,7.3,3556238.8
208,2016-03-11,1,5+2,Match 5 + 2 Euro numbers,5 + 2,0,0.0,0.0
208,2016-03-11,2,5+1,Match 5 + 1 Euro number,5 + 1,2,931858.5,1863717.0
208,2016-03-11,3,5+0,Match 5 + 0 Euro numbers,5 + 0,3,219260.8,657782.4
208,2016-03-11,4,4+2,Match 4 + 2 Euro numbers,4 + 2,36,6090.5,219258.0
208,2016-03-11,5,4+1,Match 4 + 1 Euro number,4 + 1,681,289.7,197285.7
208,2016-03-11,6,4+0,Match 4 + 0 Euro numbers,4 + 0,1179,130.1,153387.9
208,2016-03-11,7,3+2,Match 3 + 2 Euro numbers,3 + 2,2216,59.3,131408.8
208,2016-03-11,8,2+2,Match 2 + 2 Euro numbers,2 + 2,34394,20.2,694758.8
208,2016-03-11,9,3+1,Match 3 + 1 Euro number,3 + 1,31594,20.2,638198.8
208,2016-03-11,10,3+0,Match 3 + 0 Euro numbers,3 + 0,55072,17.1,941731.2
208,2016-03-11,11,1+2,Match 1 + 2 Euro numbers,1 + 2,195165,8.7,1697935.5
208,2016-03-11,12,2+1,Match 2 + 1 Euro number,2 + 1,482692,8.6,4151151.2
209,2016-03-18,1,5+2,Match 5 + 2 Euro numbers,5 + 2,0,0.0,0.0
209,2016-03-18,2,5+1,Match 5 + 1 Euro number,5 + 1,3,726652.3,2179956.9
209,2016-03-18,3,5+0,Match 5 + 0 Euro numbers,5 + 0,4,192349.1,769396.4
209,2016-03-18,4,4+2,Match 4 + 2 Euro numbers,4 + 2,66,3885.8,256462.8
209,2016-03-18,5,4+1,Match 4 + 1 Euro number,4 + 1,771,299.3,230760.3
209,2016-03-18,6,4+0,Match 4 + 0 Euro numbers,4 + 0,1359,132.1,179523.9
209,2016-03-18,7,3+2,Match 3 + 2 Euro numbers,3 + 2,2833,54.3,153831.9
209,2016-03-18,8,2+2,Match 2 + 2 Euro numbers,2 + 2,44917,18.9,848931.3
209,2016-03-18,9,3+1,Match 3 + 1 Euro number,3 + 1,37514,18.9,709014.6
209,2016-03-18,10,3+0,Match 3 + 0 Euro numbers,3 + 0,66523,16.5,1097629.5
209,2016-03-18,11,1+2,Match 1 + 2 Euro numbers,1 + 2,262079,8.4,2201463.6
209,2016-03-18,12,2+1,Match 2 + 1 Euro number,2 + 1,552347,8.4,4639714.8
210,2016-03-25,1,5+2,Match 5 + 2 Euro numbers,5 + 2,1,76766891.4,76766891.4
210,2016-03-25,2,5+1,Match 5 + 1 Euro number,5 + 1,6,421735.3,2530411.8
210,2016-03-25,3,5+0,Match 5 + 0 Euro numbers,5 + 0,9,99231.8,893086.2
210,2016-03-25,4,4+2,Match 4 + 2 Euro numbers,4 + 2,89,3344.8,297687.2
210,2016-03-25,5,4+1,Match 4 + 1 Euro number,4 + 1,1427,187.7,267847.9
210,2016-03-25,6,4+0,Match 4 + 0 Euro numbers,4 + 0,2099,99.2,208220.8
210,2016-03-25,7,3+2,Match 3 + 2 Euro numbers,3 + 2,3523,50.7,178616.1
210,2016-03-25,8,2+2,Match 2 + 2 Euro numbers,2 + 2,45268,20.3,918940.4
210,2016-03-25,9,3+1,Match 3 + 1 Euro number,3 + 1,61181,14.8,905478.8
210,2016-03-25,10,3+0,Match 3 + 0 Euro numbers,3 + 0,85173,14.8,1260560.4
210,2016-03-25,11,1+2,Match 1 + 2 Euro numbers,1 + 2,228859,10.1,2311475.9
210,2016-03-25,12,2+1,Match 2 + 1 Euro number,2 + 1,810355,7.0,5672485.0
211,2016-04-01,1,5+2,Match 5 + 2 Euro numbers,5 + 2,0,0.0,0.0
211,2016-04-01,2,5+1,Match 5 + 1 Euro number,5 + 1,1,1147821.3,1147821.3
211,2016-04-01,3,5+0,Match 5 + 0 Euro numbers,5 + 0,2,202556.7,405113.4
211,2016-04-01,4,4+2,Match 4 + 2 Euro numbers,4 + 2,17,7943.4,135037.8
211,2016-04-01,5,4+1,Match 4 + 1 Euro number,4 + 1,413,294.2,121504.6
211,2016-04-01,6,4+0,Match 4 + 0 Euro numbers,4 + 0,850,111.2,94520.0
211,2016-04-01,7,3+2,Match 3 + 2 Euro numbers,3 + 2,837,96.8,81021.6
211,2016-04-01,8,2+2,Match 2 + 2 Euro numbers,2 + 2,12865,32.5,418112.5
211,2016-04-01,9,3+1,Match 3 + 1 Euro number,3 + 1,18461,21.9,404295.9
211,2016-04-01,10,3+0,Match 3 + 0 Euro numbers,3 + 0,36863,15.7,578749.1
211,2016-04-01,11,1+2,Match 1 + 2 Euro numbers,1 + 2,69149,15.2,1051064.8
211,2016-04-01,12,2+1,Match 2 + 1 Euro number,2 + 1,280055,9.2,2576506.0
212,2016-04-08,1,5+2,Match 5 + 2 Euro numbers,5 + 2,0,0.0,0.0
212,2016-04-08,2,5+1,Match 5 + 1 Euro number,5 + 1,2,578888.2,1157776.4
212,2016-04-08,3,5+0,Match 5 + 0 Euro numbers,5 + 0,2,204313.5,408627.0
212,2016-04-08,4,4+2,Match 4 + 2 Euro numbers,4 + 2,25,5448.3,136207.5
212,2016-04-08,5,4+1,Match 4 + 1 Euro number,4 + 1,456,268.8,122572.8
212,2016-04-08,6,4+0,Match 4 + 0 Euro numbers,4 + 0,675,141.2,95310.0
212,2016-04-08,7,3+2,Match 3 + 2 Euro numbers,3 + 2,1338,61.0,81618.0
212,2016-04-08,8,2+2,Match 2 + 2 Euro numbers,2 + 2,19211,21.9,420720.9
212,2016-04-08,9,3+1,Match 3 + 1 Euro number,3 + 1,21145,19.3,408098.5
212,2016-04-08,10,3+0,Match 3 + 0 Euro numbers,3 + 0,33441,17.5,585217.5
212,2016-04-08,11,1+2,Match 1 + 2 Euro numbers,1 + 2,103988,10.2,1060677.6
212,2016-04-08,12,2+1,Match 2 + 1 Euro number,2 + 1,303055,8.5,2575967.5
213,2016-04-15,1,5+2,Match 5 + 2 Euro numbers,5 + 2,0,0.0,0.0
213,2016-04-15,2,5+1,Match 5 + 1 Euro number,5 + 1,2,615935.8,1231871.6
213,2016-04-15,3,5+0,Match 5 + 0 Euro numbers,5 + 0,3,144926.0,434778.0
213,2016-04-15,4,4+2,Match 4 + 2 Euro numbers,4 + 2,24,6038.5,144924.0
213,2016-04-15,5,4+1,Match 4 + 1 Euro number,4 + 1,558,233.7,130404.6
213,2016-04-15,6,4+0,Match 4 + 0 Euro numbers,4 + 0,875,115.9,101412.5
213,2016-04-15,7,3+2,Match 3 + 2 Euro numbers,3 + 2,1294,67.1,86827.4
213,2016-04-15,8,2+2,Match 2 + 2 Euro numbers,2 + 2,18926,23.7,448546.2
213,2016-04-15,9,3+1,Match 3 + 1 Euro number,3 + 1,24509,17.7,433809.3
213,2016-04-15,10,3+0,Match 3 + 0 Euro numbers,3 + 0,39534,15.7,620683.8
213,2016-04-15,11,1+2,Match 1 + 2 Euro numbers,1 + 2,98401,11.4,1121771.4
213,2016-04-15,12,2+1,Match 2 + 1 Euro number,2 + 1,362393,7.6,2754186.8
214,2016-04-22,1,5+2,Match 5 + 2 Euro numbers,5 + 2,1,29071164.3,29071164.3
214,2016-04-22,2,5+1,Match 5 + 1 Euro number,5 + 1,3,426725.4,1280176.2
214,2016-04-22,3,5+0,Match 5 + 0 Euro numbers,5 + 0,2,225913.4,451826.8
214,2016-04-22,4,4+2,Match 4 + 2 Euro numbers,4 + 2,30,5020.2,150606.0
214,2016-04-22,5,4+1,Match 4 + 1 Euro number,4 + 1,447,303.2,135530.4
214,2016-04-22,6,4+0,Match 4 + 0 Euro numbers,4 + 0,899,117.2,105362.8
214,2016-04-22,7,3+2,Match 3 + 2 Euro numbers,3 + 2,1203,75.1,90345.3
214,2016-04-22,8,2+2,Match 2 + 2 Euro numbers,2 + 2,17473,26.7,466529.1
214,2016-04-22,9,3+1,Match 3 + 1 Euro number,3 + 1,22920,19.7,451524.0
214,2016-04-22,10,3+0,Match 3 + 0 Euro numbers,3 + 0,41216,15.7,647091.2
214,2016-04-22,11,1+2,Match 1 + 2 Euro numbers,1 + 2,97355,12.0,1168260.0
214,2016-04-22,12,2+1,Match 2 + 1 Euro number,2 + 1,344213,8.3,2856967.9
215,2016-04-29,1,5+2,Match 5 + 2 Euro numbers,5 + 2,0,0.0,0.0
215,2016-04-29,2,5+1,Match 5 + 1 Euro number,5 + 1,2,544175.0,1088350.0
215,2016-04-29,3,5+0,Match 5 + 0 Euro numbers,5 + 0,2,192061.7,384123.4
215,2016-04-29,4,4+2,Match 4 + 2 Euro numbers,4 + 2,20,6402.0,128040.0
215,2016-04-29,5,4+1,Match 4 + 1 Euro number,4 + 1,480,240.0,115200.0
215,2016-04-29,6,4+0,Match 4 + 0 Euro numbers,4 + 0,880,101.8,89584.0
215,2016-04-29,7,3+2,Match 3 + 2 Euro numbers,3 + 2,1020,75.3,76806.0
215,2016-04-29,8,2+2,Match 2 + 2 Euro numbers,2 + 2,13972,28.4,396804.8
215,2016-04-29,9,3+1,Match 3 + 1 Euro number,3 + 1,21331,18.0,383958.0
215,2016-04-29,10,3+0,Match 3 + 0 Euro numbers,3 + 0,41046,13.6,558225.6
215,2016-04-29,11,1+2,Match 1 + 2 Euro numbers,1 + 2,72551,13.6,986693.6
215,2016-04-29,12,2+1,Match 2 + 1 Euro number,2 + 1,267450,9.1,2433795.0
216,2016-05-06,1,5+2,Match 5 + 2 Euro numbers,5 + 2,1,14476862.8,14476862.8
216,2016-05-06,2,5+1,Match 5 + 1 Euro number,5 + 1,3,352345.6,1057036.8
216,2016-05-06,3,5+0,Match 5 + 0 Euro numbers,5 + 0,7,53295.9,373071.3
216,2016-05-06,4,4+2,Match 4 + 2 Euro numbers,4 + 2,23,5406.8,124356.4
216,2016-05-06,5,4+1,Match 4 + 1 Euro number,4 + 1,513,218.1,111885.3
216,2016-05-06,6,4+0,Match 4 + 0 Euro numbers,4 + 0,1106,83.1,91908.6
216,2016-05-06,7,3+2,Match 3 + 2 Euro numbers,3 + 2,839,83.1,69720.9
216,2016-05-06,8,2+2,Match 2 + 2 Euro numbers,2 + 2,11751,32.8,385432.8
216,2016-05-06,9,3+1,Match 3 + 1 Euro number,3 + 1,19486,19.1,372182.6
216,2016-05-06,10,3+0,Match 3 + 0 Euro numbers,3 + 0,41105,14.5,596022.5
216,2016-05-06,11,1+2,Match 1 + 2 Euro numbers,1 + 2,62555,14.5,907047.5
216,2016-05-06,12,2+1,Match 2 + 1 Euro number,2 + 1,253226,9.3,2355001.8
217,2016-05-13,1,5+2,Match 5 + 2 Euro numbers,5 + 2,1,10000000.0,10000000.0
217,2016-05-13,2,5+1,Match 5 + 1 Euro number,5 + 1,1,1053778.2,1053778.2
217,2016-05-13,3,5+0,Match 5 + 0 Euro numbers,5 + 0,3,123973.9,371921.7
217,2016-05-13,4,4+2,Match 4 + 2 Euro numbers,4 + 2,25,4958.9,123972.5
217,2016-05-13,5,4+1,Match 4 + 1 Euro number,4 + 1,295,378.2,111569.0
217,2016-05-13,6,4+0,Match 4 + 0 Euro numbers,4 + 0,673,128.9,86749.7
217,2016-05-13,7,3+2,Match 3 + 2 Euro numbers,3 + 2,895,83.1,74374.5
217,2016-05-13,8,2+2,Match 2 + 2 Euro numbers,2 + 2,13268,28.9,383445.2
217,2016-05-13,9,3+1,Match 3 + 1 Euro number,3 + 1,14449,25.7,371339.3
217,2016-05-13,10,3+0,Match 3 + 0 Euro numbers,3 + 0,33192,16.0,531072.0
217,2016-05-13,11,1+2,Match 1 + 2 Euro numbers,1 + 2,74234,13.0,965042.0
217,2016-05-13,12,2+1,Match 2 + 1 Euro number,2 + 1,226163,10.4,2352095.2
218,2016-05-20,1,5+2,Match 5 + 2 Euro numbers,5 + 2,0,0.0,0.0
218,2016-05-20,2,5+1,Match 5 + 1 Euro number,5 + 1,3,331489.9,994469.7
218,2016-05-20,3,5+0,Match 5 + 0 Euro numbers,5 + 0,2,175494.6,350989.2
218,2016-05-20,4,4+2,Match 4 + 2 Euro numbers,4 + 2,37,3162.0,116994.0
218,2016-05-20,5,4+1,Match 4 + 1 Euro number,4 + 1,474,222.1,105275.4
218,2016-05-20,6,4+0,Match 4 + 0 Euro numbers,4 + 0,692,118.3,81863.6
218,2016-05-20,7,3+2,Match 3 + 2 Euro numbers,3 + 2,1850,37.9,70115.0
218,2016-05-20,8,2+2,Match 2 + 2 Euro numbers,2 + 2,27718,14.5,401911.0
218,2016-05-20,9,3+1,Match 3 + 1 Euro number,3 + 1,21392,14.5,310184.0
218,2016-05-20,10,3+0,Match 3 + 0 Euro numbers,3 + 0,35046,14.3,501157.8
218,2016-05-20,11,1+2,Match 1 + 2 Euro numbers,1 + 2,139774,6.9,964440.6
218,2016-05-20,12,2+1,Match 2 + 1 Euro number,2 + 1,312923,6.9,2159168.7
219,2016-05-27,1,5+2,Match 5 + 2 Euro numbers,5 + 2,0,0.0,0.0
219,2016-05-27,2,5+1,Match 5 + 1 Euro number,5 + 1,4,251130.9,1004523.6
219,2016-05-27,3,5+0,Match 5 + 0 Euro numbers,5 + 0,10,35453.7,354537.0
219,2016-05-27,4,4+2,Match 4 + 2 Euro numbers,4 + 2,45,2626.2,118179.0
219,2016-05-27,5,4+1,Match 4 + 1 Euro number,4 + 1,505,210.6,106353.0
219,2016-05-27,6,4+0,Match 4 + 0 Euro numbers,4 + 0,963,85.9,82721.7
219,2016-05-27,7,3+2,Match 3 + 2 Euro numbers,3 + 2,1300,54.5,70850.0
219,2016-05-27,8,2+2,Match 2 + 2 Euro numbers,2 + 2,18220,20.1,366222.0
219,2016-05-27,9,3+1,Match 3 + 1 Euro number,3 + 1,19620,18.0,353160.0
219,2016-05-27,10,3+0,Match 3 + 0 Euro numbers,3 + 0,36909,13.7,505653.3
219,2016-05-27,11,1+2,Match 1 + 2 Euro numbers,1 + 2,93736,9.8,918612.8
219,2016-05-27,12,2+1,Match 2 + 1 Euro number,2 + 1,279136,8.0,2233088.0
220,2016-06-03,1,5+2,Match 5 + 2 Euro numbers,5 + 2,0,0.0,0.0
220,2016-06-03,2,5+1,Match 5 + 1 Euro number,5 + 1,2,538743.4,1077486.8
220,2016-06-03,3,5+0,Match 5 + 0 Euro numbers,5 + 0,1,380289.5,380289.5
220,2016-06-03,4,4+2,Match 4 + 2 Euro numbers,4 + 2,20,6338.1,126762.0
220,2016-06-03,5,4+1,Match 4 + 1 Euro number,4 + 1,417,273.5,114049.5
220,2016-06-03,6,4+0,Match 4 + 0 Euro numbers,4 + 0,804,110.3,88681.2
220,2016-06-03,7,3+2,Match 3 + 2 Euro numbers,3 + 2,1017,74.7,75969.9
220,2016-06-03,8,2+2,Match 2 + 2 Euro numbers,2 + 2,14944,26.2,391532.8
220,2016-06-03,9,3+1,Match 3 + 1 Euro number,3 + 1,19695,19.3,380113.5
220,2016-06-03,10,3+0,Match 3 + 0 Euro numbers,3 + 0,36977,14.7,543561.9
220,2016-06-03,11,1+2,Match 1 + 2 Euro numbers,1 + 2,79550,12.4,986420.0
220,2016-06-03,12,2+1,Match 2 + 1 Euro number,2 + 1,276567,8.7,2406132.9
221,2016-06-10,1,5+2,Match 5 + 2 Euro numbers,5 + 2,0,0.0,0.0
221,2016-06-10,2,5+1,Match 5 + 1 Euro number,5 + 1,0,0.0,0.0
221,2016-06-10,3,5+0,Match 5 + 0 Euro numbers,5 + 0,6,67265.9,403595.4
221,2016-06-10,4,4+2,Match 4 + 2 Euro numbers,4 + 2,26,5174.3,134531.8
221,2016-06-10,5,4+1,Match 4 + 1 Euro number,4 + 1,454,266.6,121036.4
221,2016-06-10,6,4+0,Match 4 + 0 Euro numbers,4 + 0,1025,91.8,94095.0
221,2016-06-10,7,3+2,Match 3 + 2 Euro numbers,3 + 2,1054,76.5,80631.0
221,2016-06-10,8,2+2,Match 2 + 2 Euro numbers,2 + 2,14410,28.9,416449.0
221,2016-06-10,9,3+1,Match 3 + 1 Euro number,3 + 1,21426,18.8,402808.8
221,2016-06-10,10,3+0,Match 3 + 0 Euro numbers,3 + 0,45743,13.6,622104.8
221,2016-06-10,11,1+2,Match 1 + 2 Euro numbers,1 + 2,73760,13.6,1003136.0
221,2016-06-10,12,2+1,Match 2 + 1 Euro number,2 + 1,316099,8.1,2560401.9
222,2016-06-17,1,5+2,Match 5 + 2 Euro numbers,5 + 2,0,0.0,0.0
222,2016-06-17,2,5+1,Match 5 + 1 Euro number,5 + 1,5,472273.8,2361369.0
222,2016-06-17,3,5+0,Match 5 + 0 Euro numbers,5 + 0,4,107457.1,429828.4
222,2016-06-17,4,4+2,Match 4 + 2 Euro numbers,4 + 2,30,4775.8,143274.0
222,2016-06-17,5,4+1,Match 4 + 1 Euro number,4 + 1,523,246.5,128919.5
222,2016-06-17,6,4+0,Match 4 + 0 Euro numbers,4 + 0,919,109.1,100262.9
222,2016-06-17,7,3+2,Match 3 + 2 Euro numbers,3 + 2,1316,65.3,85934.8
222,2016-06-17,8,2+2,Match 2 + 2 Euro numbers,2 + 2,20736,21.4,443750.4
222,2016-06-17,9,3+1,Match 3 + 1 Euro number,3 + 1,24791,17.3,428884.3
222,2016-06-17,10,3+0,Match 3 + 0 Euro numbers,3 + 0,41250,14.9,614625.0
222,2016-06-17,11,1+2,Match 1 + 2 Euro numbers,1 + 2,107570,10.3,1107971.0
222,2016-06-17,12,2+1,Match 2 + 1 Euro number,2 + 1,372853,7.3,2721826.9
223,2016-06-24,1,5+2,Match 5 + 2 Euro numbers,5 + 2,0,0.0,0.0
223,2016-06-24,2,5+1,Match 5 + 1 Euro number,5 + 1,1,1316493.6,1316493.6
223,2016-06-24,3,5+0,Match 5 + 0 Euro numbers,5 + 0,3,154881.6,464644.8
223,2016-06-24,4,4+2,Match 4 + 2 Euro numbers,4 + 2,23,6733.9,154879.7
223,2016-06-24,5,4+1,Match 4 + 1 Euro number,4 + 1,470,296.5,139355.0
223,2016-06-24,6,4+0,Match 4 + 0 Euro numbers,4 + 0,854,126.9,108372.6
223,2016-06-24,7,3+2,Match 3 + 2 Euro numbers,3 + 2,1203,77.2,92871.6
223,2016-06-24,8,2+2,Match 2 + 2 Euro numbers,2 + 2,19676,24.4,480094.4
223,2016-06-24,9,3+1,Match 3 + 1 Euro number,3 + 1,21001,22.1,464122.1
223,2016-06-24,10,3+0,Match 3 + 0 Euro numbers,3 + 0,40143,16.5,662359.5
223,2016-06-24,11,1+2,Match 1 + 2 Euro numbers,1 + 2,108703,11.1,1206603.3
223,2016-06-24,12,2+1,Match 2 + 1 Euro number,2 + 1,329420,8.9,2931838.0
224,2016-07-01,1,5+2,Match 5 + 2 Euro numbers,5 + 2,0,0.0,0.0
224,2016-07-01,2,5+1,Match 5 + 1 Euro number,5 + 1,3,497203.3,1491609.9
224,2016-07-01,3,5+0,Match 5 + 0 Euro numbers,5 + 0,2,263225.3,526450.6
224,2016-07-01,4,4+2,Match 4 + 2 Euro numbers,4 + 2,25,7019.3,175482.5
224,2016-07-01,5,4+1,Match 4 + 1 Euro number,4 + 1,525,300.8,157920.0
224,2016-07-01,6,4+0,Match 4 + 0 Euro numbers,4 + 0,832,147.6,122803.2
224,2016-07-01,7,3+2,Match 3 + 2 Euro numbers,3 + 2,1554,67.7,105205.8
224,2016-07-01,8,2+2,Match 2 + 2 Euro numbers,2 + 2,23733,22.9,543485.7
224,2016-07-01,9,3+1,Match 3 + 1 Euro number,3 + 1,25413,20.7,526049.1
224,2016-07-01,10,3+0,Match 3 + 0 Euro numbers,3 + 0,42036,17.9,752444.4
224,2016-07-01,11,1+2,Match 1 + 2 Euro numbers,1 + 2,135141,10.1,1364924.1
224,2016-07-01,12,2+1,Match 2 + 1 Euro number,2 + 1,393767,8.5,3347019.5
225,2016-07-08,1,5+2,Match 5 + 2 Euro numbers,5 + 2,0,0.0,0.0
225,2016-07-08,2,5+1,Match 5 + 1 Euro number,5 + 1,3,532106.0,1596318.0
225,2016-07-08,3,5+0,Match 5 + 0 Euro numbers,5 + 0,10,56340.6,563406.0
225,2016-07-08,4,4+2,Match 4 + 2 Euro numbers,4 + 2,27,6955.6,187801.2
225,2016-07-08,5,4+1,Match 4 + 1 Euro number,4 + 1,572,295.4,168968.8
225,2016-07-08,6,4+0,Match 4 + 0 Euro numbers,4 + 0,1342,97.9,131381.8
225,2016-07-08,7,3+2,Match 3 + 2 Euro numbers,3 + 2,1528,73.7,112613.6
225,2016-07-08,8,2+2,Match 2 + 2 Euro numbers,2 + 2,21375,27.2,581400.0
225,2016-07-08,9,3+1,Match 3 + 1 Euro number,3 + 1,27038,20.8,562390.4
225,2016-07-08,10,3+0,Match 3 + 0 Euro numbers,3 + 0,55294,14.6,807292.4
225,2016-07-08,11,1+2,Match 1 + 2 Euro numbers,1 + 2,116032,12.6,1462003.2
225,2016-07-08,12,2+1,Match 2 + 1 Euro number,2 + 1,397967,9.0,3581703.0
226,2016-07-15,1,5+2,Match 5 + 2 Euro numbers,5 + 2,0,0.0,0.0
226,2016-07-15,2,5+1,Match 5 + 1 Euro number,5 + 1,1,1844221.6,1844221.6
226,2016-07-15,3,5+0,Match 5 + 0 Euro numbers,5 + 0,5,130180.3,650901.5
226,2016-07-15,4,4+2,Match 4 + 2 Euro numbers,4 + 2,45,4821.4,216963.0
226,2016-07-15,5,4+1,Match 4 + 1 Euro number,4 + 1,714,273.4,195207.6
226,2016-07-15,6,4+0,Match 4 + 0 Euro numbers,4 + 0,1256,120.9,151850.4
226,2016-07-15,7,3+2,Match 3 + 2 Euro numbers,3 + 2,2370,54.9,130113.0
226,2016-07-15,8,2+2,Match 2 + 2 Euro numbers,2 + 2,33645,19.9,669535.5
226,2016-07-15,9,3+1,Match 3 + 1 Euro number,3 + 1,32986,19.7,649824.2
226,2016-07-15,10,3+0,Match 3 + 0 Euro numbers,3 + 0,59303,15.7,931057.1
226,2016-07-15,11,1+2,Match 1 + 2 Euro numbers,1 + 2,177398,9.5,1685281.0
226,2016-07-15,12,2+1,Match 2 + 1 Euro number,2 + 1,494344,8.3,4103055.2
227,2016-07-22,1,5+2,Match 5 + 2 Euro numbers,5 + 2,0,0.0,0.0
227,2016-07-22,2,5+1,Match 5 + 1 Euro number,5 + 1,5,417118.9,2085594.5
227,2016-07-22,3,5+0,Match 5 + 0 Euro numbers,5 + 0,4,184023.0,736092.0
227,2016-07-22,4,4+2,Match 4 + 2 Euro numbers,4 + 2,59,4158.7,245363.3
227,2016-07-22,5,4+1,Match 4 + 1 Euro number,4 + 1,954,231.4,220755.6
227,2016-07-22,6,4+0,Match 4 + 0 Euro numbers,4 + 0,1646,104.3,171677.8
227,2016-07-22,7,3+2,Match 3 + 2 Euro numbers,3 + 2,2480,59.3,147064.0
227,2016-07-22,8,2+2,Match 2 + 2 Euro numbers,2 + 2,35548,21.3,757172.4
227,2016-07-22,9,3+1,Match 3 + 1 Euro number,3 + 1,41884,17.5,732970.0
227,2016-07-22,10,3+0,Match 3 + 0 Euro numbers,3 + 0,69017,15.2,1049058.4
227,2016-07-22,11,1+2,Match 1 + 2 Euro numbers,1 + 2,190027,10.0,1900270.0
227,2016-07-22,12,2+1,Match 2 + 1 Euro number,2 + 1,585311,8.0,4682488.0
228,2016-07-29,1,5+2,Match 5 + 2 Euro numbers,5 + 2,1,84777435.8,84777435.8
228,2016-07-29,2,5+1,Match 5 + 1 Euro number,5 + 1,11,241736.4,2659100.4
228,2016-07-29,3,5+0,Match 5 + 0 Euro numbers,5 + 0,18,52139.2,938505.6
228,2016-07-29,4,4+2,Match 4 + 2 Euro numbers,4 + 2,67,4669.1,312829.7
228,2016-07-29,5,4+1,Match 4 + 1 Euro number,4 + 1,1336,210.7,281495.2
228,2016-07-29,6,4+0,Match 4 + 0 Euro numbers,4 + 0,3082,71.0,218822.0
228,2016-07-29,7,3+2,Match 3 + 2 Euro numbers,3 + 2,2903,64.6,187533.8
228,2016-07-29,8,2+2,Match 2 + 2 Euro numbers,2 + 2,39695,24.4,968558.0
228,2016-07-29,9,3+1,Match 3 + 1 Euro number,3 + 1,51956,18.0,935208.0
228,2016-07-29,10,3+0,Match 3 + 0 Euro numbers,3 + 0,109702,12.2,1338364.4
228,2016-07-29,11,1+2,Match 1 + 2 Euro numbers,1 + 2,203828,11.9,2425553.2
228,2016-07-29,12,2+1,Match 2 + 1 Euro number,2 + 1,701076,8.5,5959146.0
229,2016-08-05,1,5+2,Match 5 + 2 Euro numbers,5 + 2,0,0.0,0.0
229,2016-08-05,2,5+1,Match 5 + 1 Euro number,5 + 1,0,0.0,0.0
229,2016-08-05,3,5+0,Match 5 + 0 Euro numbers,5 + 0,1,406861.5,406861.5
229,2016-08-05,4,4+2,Match 4 + 2 Euro numbers,4 + 2,54,2511.4,135615.6
229,2016-08-05,5,4+1,Match 4 + 1 Euro number,4 + 1,561,217.5,122017.5
229,2016-08-05,6,4+0,Match 4 + 0 Euro numbers,4 + 0,867,109.4,94849.8
229,2016-08-05,7,3+2,Match 3 + 2 Euro numbers,3 + 2,1811,44.9,81313.9
229,2016-08-05,8,2+2,Match 2 + 2 Euro numbers,2 + 2,25294,16.6,419880.4
229,2016-08-05,9,3+1,Match 3 + 1 Euro number,3 + 1,25760,15.7,404432.0
229,2016-08-05,10,3+0,Match 3 + 0 Euro numbers,3 + 0,39920,14.6,582832.0
229,2016-08-05,11,1+2,Match 1 + 2 Euro numbers,1 + 2,124954,8.4,1049613.6
229,2016-08-05,12,2+1,Match 2 + 1 Euro number,2 + 1,356437,7.2,2566346.4
230,2016-08-12,1,5+2,Match 5 + 2 Euro numbers,5 + 2,0,0.0,0.0
230,2016-08-12,2,5+1,Match 5 + 1 Euro number,5 + 1,2,1155687.7,2311375.4
230,2016-08-12,3,5+0,Match 5 + 0 Euro numbers,5 + 0,4,102229.5,408918.0
230,2016-08-12,4,4+2,Match 4 + 2 Euro numbers,4 + 2,28,4868.0,136304.0
230,2016-08-12,5,4+1,Match 4 + 1 Euro number,4 + 1,550,223.0,122650.0
230,2016-08-12,6,4+0,Match 4 + 0 Euro numbers,4 + 0,980,97.3,95354.0
230,2016-08-12,7,3+2,Match 3 + 2 Euro numbers,3 + 2,1226,66.7,81774.2
230,2016-08-12,8,2+2,Match 2 + 2 Euro numbers,2 + 2,17730,23.8,421974.0
230,2016-08-12,9,3+1,Match 3 + 1 Euro number,3 + 1,23069,17.7,408321.3
230,2016-08-12,10,3+0,Match 3 + 0 Euro numbers,3 + 0,41929,13.9,582813.1
230,2016-08-12,11,1+2,Match 1 + 2 Euro numbers,1 + 2,91273,11.6,1058766.8
230,2016-08-12,12,2+1,Match 2 + 1 Euro number,2 + 1,325973,7.9,2575186.7
231,2016-08-19,1,5+2,Match 5 + 2 Euro numbers,5 + 2,0,0.0,0.0
231,2016-08-19,2,5+1,Match 5 + 1 Euro number,5 + 1,1,1186893.4,1186893.4
231,2016-08-19,3,5+0,Match 5 + 0 Euro numbers,5 + 0,3,139634.5,418903.5
231,2016-08-19,4,4+2,Match 4 + 2 Euro numbers,4 + 2,16,8727.1,139633.6
231,2016-08-19,5,4+1,Match 4 + 1 Euro number,4 + 1,351,358.0,125658.0
231,2016-08-19,6,4+0,Match 4 + 0 Euro numbers,4 + 0,799,122.3,97717.7
231,2016-08-19,7,3+2,Match 3 + 2 Euro numbers,3 + 2,903,92.7,83708.1
231,2016-08-19,8,2+2,Match 2 + 2 Euro numbers,2 + 2,13808,31.3,432190.4
231,2016-08-19,9,3+1,Match 3 + 1 Euro number,3 + 1,18125,23.1,418687.5
231,2016-08-19,10,3+0,Match 3 + 0 Euro numbers,3 + 0,38044,15.7,597290.8
231,2016-08-19,11,1+2,Match 1 + 2 Euro numbers,1 + 2,73261,14.8,1084262.8
231,2016-08-19,12,2+1,Match 2 + 1 Euro number,2 + 1,274127,9.7,2659031.9
232,2016-08-26,1,5+2,Match 5 + 2 Euro numbers,5 + 2,0,0.0,0.0
232,2016-08-26,2,5+1,Match 5 + 1 Euro number,5 + 1,2,614363.8,1228727.6
232,2016-08-26,3,5+0,Match 5 + 0 Euro numbers,5 + 0,4,108417.1,433668.4
232,2016-08-26,4,4+2,Match 4 + 2 Euro numbers,4 + 2,21,6883.6,144555.6
232,2016-08-26,5,4+1,Match 4 + 1 Euro number,4 + 1,495,262.8,130086.0
232,2016-08-26,6,4+0,Match 4 + 0 Euro numbers,4 + 0,827,122.3,101142.1
232,2016-08-26,7,3+2,Match 3 + 2 Euro numbers,3 + 2,1407,61.6,86671.2
232,2016-08-26,8,2+2,Match 2 + 2 Euro numbers,2 + 2,21654,20.6,446072.4
232,2016-08-26,9,3+1,Match 3 + 1 Euro number,3 + 1,23537,18.4,433080.8
232,2016-08-26,10,3+0,Match 3 + 0 Euro numbers,3 + 0,42445,14.6,619697.0
232,2016-08-26,11,1+2,Match 1 + 2 Euro numbers,1 + 2,111512,10.1,1126271.2
232,2016-08-26,12,2+1,Match 2 + 1 Euro number,2 + 1,359566,7.6,2732701.6
233,2016-09-02,1,5+2,Match 5 + 2 Euro numbers,5 + 2,0,0.0,0.0
233,2016-09-02,2,5+1,Match 5 + 1 Euro number,5 + 1,2,684982.7,1369965.4
233,2016-09-02,3,5+0,Match 5 + 0 Euro numbers,5 + 0,0,0.0,0.0
233,2016-09-02,4,4+2,Match 4 + 2 Euro numbers,4 + 2,26,6198.9,161171.4
233,2016-09-02,5,4+1,Match 4 + 1 Euro number,4 + 1,479,302.8,145041.2
233,2016-09-02,6,4+0,Match 4 + 0 Euro numbers,4 + 0,869,129.8,112796.2
233,2016-09-02,7,3+2,Match 3 + 2 Euro numbers,3 + 2,1369,70.6,96651.4
233,2016-09-02,8,2+2,Match 2 + 2 Euro numbers,2 + 2,21378,23.3,498107.4
233,2016-09-02,9,3+1,Match 3 + 1 Euro number,3 + 1,22982,21.0,482622.0
233,2016-09-02,10,3+0,Match 3 + 0 Euro numbers,3 + 0,41271,16.7,689225.7
233,2016-09-02,11,1+2,Match 1 + 2 Euro numbers,1 + 2,116695,10.7,1248636.5
233,2016-09-02,12,2+1,Match 2 + 1 Euro number,2 + 1,343470,8.9,3056883.0
234,2016-09-09,1,5+2,Match 5 + 2 Euro numbers,5 + 2,0,0.0,0.0
234,2016-09-09,2,5+1,Match 5 + 1 Euro number,5 + 1,2,757473.2,1514946.4
234,2016-09-09,3,5+0,Match 5 + 0 Euro numbers,5 + 0,4,254551.0,1018204.0
234,2016-09-09,4,4+2,Match 4 + 2 Euro numbers,4 + 2,31,5749.3,178228.3
234,2016-09-09,5,4+1,Match 4 + 1 Euro number,4 + 1,495,324.0,160380.0
234,2016-09-09,6,4+0,Match 4 + 0 Euro numbers,4 + 0,1210,103.1,124751.0
234,2016-09-09,7,3+2,Match 3 + 2 Euro numbers,3 + 2,1274,83.9,106888.6
234,2016-09-09,8,2+2,Match 2 + 2 Euro numbers,2 + 2,18680,29.5,551060.0
234,2016-09-09,9,3+1,Match 3 + 1 Euro number,3 + 1,26366,20.2,532593.2
234,2016-09-09,10,3+0,Match 3 + 0 Euro numbers,3 + 0,58153,13.6,790880.8
234,2016-09-09,11,1+2,Match 1 + 2 Euro numbers,1 + 2,99523,13.6,1353512.8
234,2016-09-09,12,2+1,Match 2 + 1 Euro number,2 + 1,378813,8.9,3371435.7
235,2016-09-16,1,5+2,Match 5 + 2 Euro numbers,5 + 2,0,0.0,0.0
235,2016-09-16,2,5+1,Match 5 + 1 Euro number,5 + 1,5,346062.4,1730312.0
235,2016-09-16,3,5+0,Match 5 + 0 Euro numbers,5 + 0,7,87242.6,610698.2
235,2016-09-16,4,4+2,Match 4 + 2 Euro numbers,4 + 2,51,3991.4,203561.4
235,2016-09-16,5,4+1,Match 4 + 1 Euro number,4 + 1,767,238.8,183159.6
235,2016-09-16,6,4+0,Match 4 + 0 Euro numbers,4 + 0,1277,111.5,142385.5
235,2016-09-16,7,3+2,Match 3 + 2 Euro numbers,3 + 2,2310,52.8,121968.0
235,2016-09-16,8,2+2,Match 2 + 2 Euro numbers,2 + 2,33034,19.1,630949.4
235,2016-09-16,9,3+1,Match 3 + 1 Euro number,3 + 1,34207,17.8,608884.6
235,2016-09-16,10,3+0,Match 3 + 0 Euro numbers,3 + 0,57404,15.2,872540.8
235,2016-09-16,11,1+2,Match 1 + 2 Euro numbers,1 + 2,177591,8.9,1580559.9
235,2016-09-16,12,2+1,Match 2 + 1 Euro number,2 + 1,487546,7.9,3851613.4
236,2016-09-23,1,5+2,Match 5 + 2 Euro numbers,5 + 2,0,0.0,0.0
236,2016-09-23,2,5+1,Match 5 + 1 Euro number,5 + 1,4,498907.5,1995630.0
236,2016-09-23,3,5+0,Match 5 + 0 Euro numbers,5 + 0,12,58695.0,704340.0
236,2016-09-23,4,4+2,Match 4 + 2 Euro numbers,4 + 2,78,3010.0,234780.0
236,2016-09-23,5,4+1,Match 4 + 1 Euro number,4 + 1,979,215.8,211268.2
236,2016-09-23,6,4+0,Match 4 + 0 Euro numbers,4 + 0,1986,82.7,164242.2
236,2016-09-23,7,3+2,Match 3 + 2 Euro numbers,3 + 2,2793,50.4,140767.2
236,2016-09-23,8,2+2,Match 2 + 2 Euro numbers,2 + 2,41546,17.5,727055.0
236,2016-09-23,9,3+1,Match 3 + 1 Euro number,3 + 1,43576,16.1,701573.6
236,2016-09-23,10,3+0,Match 3 + 0 Euro numbers,3 + 0,77042,13.1,1009250.2
236,2016-09-23,11,1+2,Match 1 + 2 Euro numbers,1 + 2,215428,8.5,1831138.0
236,2016-09-23,12,2+1,Match 2 + 1 Euro number,2 + 1,598461,7.4,4428611.4
237,2016-09-30,1,5+2,Match 5 + 2 Euro numbers,5 + 2,0,0.0,0.0
237,2016-09-30,2,5+1,Match 5 + 1 Euro number,5 + 1,1,2404162.6,2404162.6
237,2016-09-30,3,5+0,Match 5 + 0 Euro numbers,5 + 0,8,106065.9,848527.2
237,2016-09-30,4,4+2,Match 4 + 2 Euro numbers,4 + 2,45,6285.3,282838.5
237,2016-09-30,5,4+1,Match 4 + 1 Euro number,4 + 1,796,319.7,254481.2
237,2016-09-30,6,4+0,Match 4 + 0 Euro numbers,4 + 0,1618,122.3,197881.4
237,2016-09-30,7,3+2,Match 3 + 2 Euro numbers,3 + 2,2066,82.1,169618.6
237,2016-09-30,8,2+2,Match 2 + 2 Euro numbers,2 + 2,30993,28.2,874002.6
237,2016-09-30,9,3+1,Match 3 + 1 Euro number,3 + 1,41151,20.6,847710.6
237,2016-09-30,10,3+0,Match 3 + 0 Euro numbers,3 + 0,79181,15.3,1211469.3
237,2016-09-30,11,1+2,Match 1 + 2 Euro numbers,1 + 2,166576,13.2,2198803.2
237,2016-09-30,12,2+1,Match 2 + 1 Euro number,2 + 1,625320,8.6,5377752.0
238,2016-10-07,1,5+2,Match 5 + 2 Euro numbers,5 + 2,0,0.0,0.0
238,2016-10-07,2,5+1,Match 5 + 1 Euro number,5 + 1,2,4079856.9,8159713.8
238,2016-10-07,3,5+0,Match 5 + 0 Euro numbers,5 + 0,10,110581.9,1105819.0
238,2016-10-07,4,4+2,Match 4 + 2 Euro numbers,4 + 2,61,6042.7,368604.7
238,2016-10-07,5,4+1,Match 4 + 1 Euro number,4 + 1,1112,298.3,331709.6
238,2016-10-07,6,4+0,Match 4 + 0 Euro numbers,4 + 0,1982,130.1,257858.2
238,2016-10-07,7,3+2,Match 3 + 2 Euro numbers,3 + 2,2965,74.5,220892.5
238,2016-10-07,8,2+2,Match 2 + 2 Euro numbers,2 + 2,44607,25.6,1141939.2
238,2016-10-07,9,3+1,Match 3 + 1 Euro number,3 + 1,50915,21.7,1104855.5
238,2016-10-07,10,3+0,Match 3 + 0 Euro numbers,3 + 0,94395,16.7,1576396.5
238,2016-10-07,11,1+2,Match 1 + 2 Euro numbers,1 + 2,249942,11.5,2874333.0
238,2016-10-07,12,2+1,Match 2 + 1 Euro number,2 + 1,779951,9.0,7019559.0
239,2016-10-14,1,5+2,Match 5 + 2 Euro numbers,5 + 2,1,90000000.0,90000000.0
239,2016-10-14,2,5+1,Match 5 + 1 Euro number,5 + 1,8,2780570.9,22244567.2
239,2016-10-14,3,5+0,Match 5 + 0 Euro numbers,5 + 0,11,109022.7,1199249.7
239,2016-10-14,4,4+2,Match 4 + 2 Euro numbers,4 + 2,122,3276.6,399745.2
239,2016-10-14,5,4+1,Match 4 + 1 Euro number,4 + 1,1704,211.1,359714.4
239,2016-10-14,6,4+0,Match 4 + 0 Euro numbers,4 + 0,2981,93.8,279617.8
239,2016-10-14,7,3+2,Match 3 + 2 Euro numbers,3 + 2,5200,46.1,239720.0
239,2016-10-14,8,2+2,Match 2 + 2 Euro numbers,2 + 2,71230,17.3,1232279.0
239,2016-10-14,9,3+1,Match 3 + 1 Euro number,3 + 1,70957,16.9,1199173.3
239,2016-10-14,10,3+0,Match 3 + 0 Euro numbers,3 + 0,120478,14.2,1710787.6
239,2016-10-14,11,1+2,Match 1 + 2 Euro numbers,1 + 2,371916,8.3,3086902.8
239,2016-10-14,12,2+1,Match 2 + 1 Euro number,2 + 1,1006022,7.5,7545165.0
240,2016-10-21,1,5+2,Match 5 + 2 Euro numbers,5 + 2,1,10549199.7,10549199.7
240,2016-10-21,2,5+1,Match 5 + 1 Euro number,5 + 1,6,220977.1,1325862.6
240,2016-10-21,3,5+0,Match 5 + 0 Euro numbers,5 + 0,8,58493.9,467951.2
240,2016-10-21,4,4+2,Match 4 + 2 Euro numbers,4 + 2,36,4332.8,155980.8
240,2016-10-21,5,4+1,Match 4 + 1 Euro number,4 + 1,645,217.6,140352.0
240,2016-10-21,6,4+0,Match 4 + 0 Euro numbers,4 + 0,1093,99.8,109081.4
240,2016-10-21,7,3+2,Match 3 + 2 Euro numbers,3 + 2,1975,47.3,93417.5
240,2016-10-21,8,2+2,Match 2 + 2 Euro numbers,2 + 2,26759,18.0,481662.0
240,2016-10-21,9,3+1,Match 3 + 1 Euro number,3 + 1,28961,16.1,466272.1
240,2016-10-21,10,3+0,Match 3 + 0 Euro numbers,3 + 0,49635,13.5,670072.5
240,2016-10-21,11,1+2,Match 1 + 2 Euro numbers,1 + 2,140755,8.6,1210493.0
240,2016-10-21,12,2+1,Match 2 + 1 Euro number,2 + 1,373772,7.9,2952798.8
241,2016-10-28,1,5+2,Match 5 + 2 Euro numbers,5 + 2,0,0.0,0.0
241,2016-10-28,2,5+1,Match 5 + 1 Euro number,5 + 1,12,106182.2,1274186.4
241,2016-10-28,3,5+0,Match 5 + 0 Euro numbers,5 + 0,4,106182.2,424728.8
241,2016-10-28,4,4+2,Match 4 + 2 Euro numbers,4 + 2,96,1538.8,147724.8
241,2016-10-28,5,4+1,Match 4 + 1 Euro number,4 + 1,957,138.9,132927.3
241,2016-10-28,6,4+0,Match 4 + 0 Euro numbers,4 + 0,1480,69.8,103304.0
241,2016-10-28,7,3+2,Match 3 + 2 Euro numbers,3 + 2,2581,34.3,88528.3
241,2016-10-28,8,2+2,Match 2 + 2 Euro numbers,2 + 2,24757,18.4,455528.8
241,2016-10-28,9,3+1,Match 3 + 1 Euro number,3 + 1,30897,14.3,441827.1
241,2016-10-28,10,3+0,Match 3 + 0 Euro numbers,3 + 0,51122,12.4,633912.8
241,2016-10-28,11,1+2,Match 1 + 2 Euro numbers,1 + 2,107741,10.6,1142054.6
241,2016-10-28,12,2+1,Match 2 + 1 Euro number,2 + 1,384484,7.3,2806733.2
242,2016-11-04,1,5+2,Match 5 + 2 Euro numbers,5 + 2,0,0.0,0.0
242,2016-11-04,2,5+1,Match 5 + 1 Euro number,5 + 1,3,432594.1,1297782.3
242,2016-11-04,3,5+0,Match 5 + 0 Euro numbers,5 + 0,4,114510.2,458040.8
242,2016-11-04,4,4+2,Match 4 + 2 Euro numbers,4 + 2,26,5872.3,152679.8
242,2016-11-04,5,4+1,Match 4 + 1 Euro number,4 + 1,401,342.6,137382.6
242,2016-11-04,6,4+0,Match 4 + 0 Euro numbers,4 + 0,815,131.1,106846.5
242,2016-11-04,7,3+2,Match 3 + 2 Euro numbers,3 + 2,1104,82.9,91521.6
242,2016-11-04,8,2+2,Match 2 + 2 Euro numbers,2 + 2,17216,27.4,471718.4
242,2016-11-04,9,3+1,Match 3 + 1 Euro number,3 + 1,20283,22.5,456367.5
242,2016-11-04,10,3+0,Match 3 + 0 Euro numbers,3 + 0,39241,16.7,655324.7
242,2016-11-04,11,1+2,Match 1 + 2 Euro numbers,1 + 2,90991,13.0,1182883.0
242,2016-11-04,12,2+1,Match 2 + 1 Euro number,2 + 1,322492,9.0,2902428.0
243,2016-11-11,1,5+2,Match 5 + 2 Euro numbers,5 + 2,0,0.0,0.0
243,2016-11-11,2,5+1,Match 5 + 1 Euro number,5 + 1,2,666056.2,1332112.4
243,2016-11-11,3,5+0,Match 5 + 0 Euro numbers,5 + 0,2,235078.6,470157.2
243,2016-11-11,4,4+2,Match 4 + 2 Euro numbers,4 + 2,32,4897.4,156716.8
243,2016-11-11,5,4+1,Match 4 + 1 Euro number,4 + 1,370,381.2,141044.0
243,2016-11-11,6,4+0,Match 4 + 0 Euro numbers,4 + 0,681,161.0,109641.0
243,2016-11-11,7,3+2,Match 3 + 2 Euro numbers,3 + 2,1288,73.0,94024.0
243,2016-11-11,8,2+2,Match 2 + 2 Euro numbers,2 + 2,20571,23.6,485475.6
243,2016-11-11,9,3+1,Match 3 + 1 Euro number,3 + 1,20992,22.3,468121.6
243,2016-11-11,10,3+0,Match 3 + 0 Euro numbers,3 + 0,35712,18.8,671385.6
243,2016-11-11,11,1+2,Match 1 + 2 Euro numbers,1 + 2,113285,10.7,1212149.5
243,2016-11-11,12,2+1,Match 2 + 1 Euro number,2 + 1,344316,8.6,2961117.6
244,2016-11-18,1,5+2,Match 5 + 2 Euro numbers,5 + 2,0,0.0,0.0
244,2016-11-18,2,5+1,Match 5 + 1 Euro number,5 + 1,5,280478.3,1402391.5
244,2016-11-18,3,5+0,Match 5 + 0 Euro numbers,5 + 0,3,164987.2,494961.6
244,2016-11-18,4,4+2,Match 4 + 2 Euro numbers,4 + 2,30,5499.5,164985.0
244,2016-11-18,5,4+1,Match 4 + 1 Euro number,4 + 1,520,285.5,148460.0
244,2016-11-18,6,4+0,Match 4 + 0 Euro numbers,4 + 0,1076,107.3,115454.8
244,2016-11-18,7,3+2,Match 3 + 2 Euro numbers,3 + 2,1643,60.2,98908.6
244,2016-11-18,8,2+2,Match 2 + 2 Euro numbers,2 + 2,23322,21.9,510751.8
244,2016-11-18,9,3+1,Match 3 + 1 Euro number,3 + 1,25514,19.3,492420.2
244,2016-11-18,10,3+0,Match 3 + 0 Euro numbers,3 + 0,50515,14.0,707210.0
244,2016-11-18,11,1+2,Match 1 + 2 Euro numbers,1 + 2,119935,10.7,1283304.5
244,2016-11-18,12,2+1,Match 2 + 1 Euro number,2 + 1,372973,8.4,3132973.2
245,2016-11-25,1,5+2,Match 5 + 2 Euro numbers,5 + 2,0,0.0,0.0
245,2016-11-25,2,5+1,Match 5 + 1 Euro number,5 + 1,4,376417.4,1505669.6
245,2016-11-25,3,5+0,Match 5 + 0 Euro numbers,5 + 0,4,132853.2,531412.8
245,2016-11-25,4,4+2,Match 4 + 2 Euro numbers,4 + 2,36,4920.4,177134.4
245,2016-11-25,5,4+1,Match 4 + 1 Euro number,4 + 1,528,301.9,159403.2
245,2016-11-25,6,4+0,Match 4 + 0 Euro numbers,4 + 0,1041,119.1,123983.1
245,2016-11-25,7,3+2,Match 3 + 2 Euro numbers,3 + 2,1486,71.5,106249.0
245,2016-11-25,8,2+2,Match 2 + 2 Euro numbers,2 + 2,23472,23.3,546897.6
245,2016-11-25,9,3+1,Match 3 + 1 Euro number,3 + 1,25228,21.0,529788.0
245,2016-11-25,10,3+0,Match 3 + 0 Euro numbers,3 + 0,51234,14.8,758263.2
245,2016-11-25,11,1+2,Match 1 + 2 Euro numbers,1 + 2,126298,10.9,1376648.2
245,2016-11-25,12,2+1,Match 2 + 1 Euro number,2 + 1,379289,8.9,3375672.1
246,2016-12-02,1,5+2,Match 5 + 2 Euro numbers,5 + 2,0,0.0,0.0
246,2016-12-02,2,5+1,Match 5 + 1 Euro number,5 + 1,3,568696.6,1706089.8
246,2016-12-02,3,5+0,Match 5 + 0 Euro numbers,5 + 0,2,301074.7,602149.4
246,2016-12-02,4,4+2,Match 4 + 2 Euro numbers,4 + 2,46,4363.4,200716.4
246,2016-12-02,5,4+1,Match 4 + 1 Euro number,4 + 1,587,307.7,180619.9
246,2016-12-02,6,4+0,Match 4 + 0 Euro numbers,4 + 0,981,143.2,140479.2
246,2016-12-02,7,3+2,Match 3 + 2 Euro numbers,3 + 2,2255,53.4,120417.0
246,2016-12-02,8,2+2,Match 2 + 2 Euro numbers,2 + 2,36747,18.8,690843.6
246,2016-12-02,9,3+1,Match 3 + 1 Euro number,3 + 1,28375,18.8,533450.0
246,2016-12-02,10,3+0,Match 3 + 0 Euro numbers,3 + 0,46931,18.3,858837.3
246,2016-12-02,11,1+2,Match 1 + 2 Euro numbers,1 + 2,231246,8.1,1873092.6
246,2016-12-02,12,2+1,Match 2 + 1 Euro number,2 + 1,430797,8.1,3489455.7
247,2016-12-09,1,5+2,Match 5 + 2 Euro numbers,5 + 2,0,0.0,0.0
247,2016-12-09,2,5+1,Match 5 + 1 Euro number,5 + 1,3,607948.6,1823845.8
247,2016-12-09,3,5+0,Match 5 + 0 Euro numbers,5 + 0,5,128742.0,643710.0
247,2016-12-09,4,4+2,Match 4 + 2 Euro numbers,4 + 2,48,4470.2,214569.6
247,2016-12-09,5,4+1,Match 4 + 1 Euro number,4 + 1,764,252.7,193062.8
247,2016-12-09,6,4+0,Match 4 + 0 Euro numbers,4 + 0,1432,104.8,150073.6
247,2016-12-09,7,3+2,Match 3 + 2 Euro numbers,3 + 2,1847,69.7,128735.9
247,2016-12-09,8,2+2,Match 2 + 2 Euro numbers,2 + 2,25677,25.9,665034.3
247,2016-12-09,9,3+1,Match 3 + 1 Euro number,3 + 1,33792,19.0,642048.0
247,2016-12-09,10,3+0,Match 3 + 0 Euro numbers,3 + 0,65690,14.0,919660.0
247,2016-12-09,11,1+2,Match 1 + 2 Euro numbers,1 + 2,132455,12.6,1668933.0
247,2016-12-09,12,2+1,Match 2 + 1 Euro number,2 + 1,480835,8.5,4087097.5
248,2016-12-16,1,5+2,Match 5 + 2 Euro numbers,5 + 2,0,0.0,0.0
248,2016-12-16,2,5+1,Match 5 + 1 Euro number,5 + 1,3,696069.7,2088209.1
248,2016-12-16,3,5+0,Match 5 + 0 Euro numbers,5 + 0,7,105287.8,737014.6
248,2016-12-16,4,4+2,Match 4 + 2 Euro numbers,4 + 2,45,5459.3,245668.5
248,2016-12-16,5,4+1,Match 4 + 1 Euro number,4 + 1,823,268.6,221057.8
248,2016-12-16,6,4+0,Match 4 + 0 Euro numbers,4 + 0,1552,110.8,171961.6
248,2016-12-16,7,3+2,Match 3 + 2 Euro numbers,3 + 2,2299,64.1,147365.9
248,2016-12-16,8,2+2,Match 2 + 2 Euro numbers,2 + 2,35241,21.6,761205.6
248,2016-12-16,9,3+1,Match 3 + 1 Euro number,3 + 1,39064,18.8,734403.2
248,2016-12-16,10,3+0,Match 3 + 0 Euro numbers,3 + 0,72685,14.5,1053932.5
248,2016-12-16,11,1+2,Match 1 + 2 Euro numbers,1 + 2,188939,10.1,1908283.9
248,2016-12-16,12,2+1,Match 2 + 1 Euro number,2 + 1,619252,7.5,4644390.0
249,2016-12-23,1,5+2,Match 5 + 2 Euro numbers,5 + 2,0,0.0,0.0
249,2016-12-23,2,5+1,Match 5 + 1 Euro number,5 + 1,4,662337.8,2649351.2
249,2016-12-23,3,5+0,Match 5 + 0 Euro numbers,5 + 0,6,155844.2,935065.2
249,2016-12-23,4,4+2,Match 4 + 2 Euro numbers,4 + 2,72,4329.0,311688.0
249,2016-12-23,5,4+1,Match 4 + 1 Euro number,4 + 1,1390,201.8,280502.0
249,2016-12-23,6,4+0,Match 4 + 0 Euro numbers,4 + 0,2002,108.9,218017.8
249,2016-12-23,7,3+2,Match 3 + 2 Euro numbers,3 + 2,3109,60.1,186850.9
249,2016-12-23,8,2+2,Match 2 + 2 Euro numbers,2 + 2,44188,21.8,963298.4
249,2016-12-23,9,3+1,Match 3 + 1 Euro number,3 + 1,58727,15.9,933759.3
249,2016-12-23,10,3+0,Match 3 + 0 Euro numbers,3 + 0,85122,15.7,1336415.4
249,2016-12-23,11,1+2,Match 1 + 2 Euro numbers,1 + 2,237236,10.2,2419807.2
249,2016-12-23,12,2+1,Match 2 + 1 Euro number,2 + 1,817074,7.2,5882932.8
250,2016-12-30,1,5+2,Match 5 + 2 Euro numbers,5 + 2,0,0.0,0.0
250,2016-12-30,2,5+1,Match 5 + 1 Euro number,5 + 1,5,2656767.0,13283835.0
250,2016-12-30,3,5+0,Match 5 + 0 Euro numbers,5 + 0,5,215163.3,1075816.5
250,2016-12-30,4,4+2,Match 4 + 2 Euro numbers,4 + 2,66,5433.4,358604.4
250,2016-12-30,5,4+1,Match 4 + 1 Euro number,4 + 1,1047,308.2,322685.4
250,2016-12-30,6,4+0,Match 4 + 0 Euro numbers,4 + 0,1938,129.5,250971.0
250,2016-12-30,7,3+2,Match 3 + 2 Euro numbers,3 + 2,2699,79.7,215110.3
250,2016-12-30,8,2+2,Match 2 + 2 Euro numbers,2 + 2,41219,26.9,1108791.1
250,2016-12-30,9,3+1,Match 3 + 1 Euro number,3 + 1,47333,22.7,1074459.1
250,2016-12-30,10,3+0,Match 3 + 0 Euro numbers,3 + 0,89106,17.3,1541533.8
250,2016-12-30,11,1+2,Match 1 + 2 Euro numbers,1 + 2,227893,12.2,2780294.6
250,2016-12-30,12,2+1,Match 2 + 1 Euro number,2 + 1,725005,9.4,6815047.0
251,2017-01-06,1,5+2,Match 5 + 2 Euro numbers,5 + 2,5,18000000.0,90000000.0
251,2017-01-06,2,5+1,Match 5 + 1 Euro number,5 + 1,35,596446.7,20875634.5
251,2017-01-06,3,5+0,Match 5 + 0 Euro numbers,5 + 0,30,37115.3,1113459.0
251,2017-01-06,4,4+2,Match 4 + 2 Euro numbers,4 + 2,237,1566.0,371142.0
251,2017-01-06,5,4+1,Match 4 + 1 Euro number,4 + 1,3151,106.0,334006.0
251,2017-01-06,6,4+0,Match 4 + 0 Euro numbers,4 + 0,4098,63.3,259403.4
251,2017-01-06,7,3+2,Match 3 + 2 Euro numbers,3 + 2,6957,32.0,222624.0
251,2017-01-06,8,2+2,Match 2 + 2 Euro numbers,2 + 2,76087,15.1,1148913.7
251,2017-01-06,9,3+1,Match 3 + 1 Euro number,3 + 1,95743,11.6,1110618.8
251,2017-01-06,10,3+0,Match 3 + 0 Euro numbers,3 + 0,137185,11.6,1591346.0
251,2017-01-06,11,1+2,Match 1 + 2 Euro numbers,1 + 2,347066,8.3,2880647.8
251,2017-01-06,12,2+1,Match 2 + 1 Euro number,2 + 1,1102845,6.4,7058208.0
252,2017-01-13,1,5+2,Match 5 + 2 Euro numbers,5 + 2,0,0.0,0.0
252,2017-01-13,2,5+1,Match 5 + 1 Euro number,5 + 1,3,483921.8,1451765.4
252,2017-01-13,3,5+0,Match 5 + 0 Euro numbers,5 + 0,5,102477.5,512387.5
252,2017-01-13,4,4+2,Match 4 + 2 Euro numbers,4 + 2,25,6831.8,170795.0
252,2017-01-13,5,4+1,Match 4 + 1 Euro number,4 + 1,431,356.6,153694.6
252,2017-01-13,6,4+0,Match 4 + 0 Euro numbers,4 + 0,895,133.5,119482.5
252,2017-01-13,7,3+2,Match 3 + 2 Euro numbers,3 + 2,1454,70.4,102361.6
252,2017-01-13,8,2+2,Match 2 + 2 Euro numbers,2 + 2,22324,23.7,529078.8
252,2017-01-13,9,3+1,Match 3 + 1 Euro number,3 + 1,23120,22.1,510952.0
252,2017-01-13,10,3+0,Match 3 + 0 Euro numbers,3 + 0,42966,17.0,730422.0
252,2017-01-13,11,1+2,Match 1 + 2 Euro numbers,1 + 2,124726,10.6,1322095.6
252,2017-01-13,12,2+1,Match 2 + 1 Euro number,2 + 1,354957,9.1,3230108.7
253,2017-01-20,1,5+2,Match 5 + 2 Euro numbers,5 + 2,0,0.0,0.0
253,2017-01-20,2,5+1,Match 5 + 1 Euro number,5 + 1,2,695022.3,1390044.6
253,2017-01-20,3,5+0,Match 5 + 0 Euro numbers,5 + 0,3,163534.6,490603.8
253,2017-01-20,4,4+2,Match 4 + 2 Euro numbers,4 + 2,59,2771.7,163530.3
253,2017-01-20,5,4+1,Match 4 + 1 Euro number,4 + 1,576,255.5,147168.0
253,2017-01-20,6,4+0,Match 4 + 0 Euro numbers,4 + 0,875,130.8,114450.0
253,2017-01-20,7,3+2,Match 3 + 2 Euro numbers,3 + 2,2387,41.1,98105.7
253,2017-01-20,8,2+2,Match 2 + 2 Euro numbers,2 + 2,31659,16.1,509709.9
253,2017-01-20,9,3+1,Match 3 + 1 Euro number,3 + 1,30244,16.1,486928.4
253,2017-01-20,10,3+0,Match 3 + 0 Euro numbers,3 + 0,45093,15.5,698941.5
253,2017-01-20,11,1+2,Match 1 + 2 Euro numbers,1 + 2,161054,7.9,1272326.6
253,2017-01-20,12,2+1,Match 2 + 1 Euro number,2 + 1,407246,7.6,3095069.6
254,2017-01-27,1,5+2,Match 5 + 2 Euro numbers,5 + 2,0,0.0,0.0
254,2017-01-27,2,5+1,Match 5 + 1 Euro number,5 + 1,2,723952.0,1447904.0
254,2017-01-27,3,5+0,Match 5 + 0 Euro numbers,5 + 0,3,170341.6,511024.8
254,2017-01-27,4,4+2,Match 4 + 2 Euro numbers,4 + 2,32,5323.1,170339.2
254,2017-01-27,5,4+1,Match 4 + 1 Euro number,4 + 1,639,239.9,153296.1
254,2017-01-27,6,4+0,Match 4 + 0 Euro numbers,4 + 0,1161,102.7,119234.7
254,2017-01-27,7,3+2,Match 3 + 2 Euro numbers,3 + 2,1676,60.9,102068.4
254,2017-01-27,8,2+2,Match 2 + 2 Euro numbers,2 + 2,22760,23.2,528032.0
254,2017-01-27,9,3+1,Match 3 + 1 Euro number,3 + 1,31135,16.4,510614.0
254,2017-01-27,10,3+0,Match 3 + 0 Euro numbers,3 + 0,51184,14.3,731931.2
254,2017-01-27,11,1+2,Match 1 + 2 Euro numbers,1 + 2,116447,11.4,1327495.8
254,2017-01-27,12,2+1,Match 2 + 1 Euro number,2 + 1,439855,7.3,3210941.5
255,2017-02-03,1,5+2,Match 5 + 2 Euro numbers,5 + 2,0,0.0,0.0
255,2017-02-03,2,5+1,Match 5 + 1 Euro number,5 + 1,4,398732.3,1594929.2
255,2017-02-03,3,5+0,Match 5 + 0 Euro numbers,5 + 0,3,187638.7,562916.1
255,2017-02-03,4,4+2,Match 4 + 2 Euro numbers,4 + 2,47,3992.3,187638.1
255,2017-02-03,5,4+1,Match 4 + 1 Euro number,4 + 1,763,221.3,168851.9
255,2017-02-03,6,4+0,Match 4 + 0 Euro numbers,4 + 0,1122,117.0,131274.0
255,2017-02-03,7,3+2,Match 3 + 2 Euro numbers,3 + 2,1913,58.8,112484.4
255,2017-02-03,8,2+2,Match 2 + 2 Euro numbers,2 + 2,27765,20.9,580288.5
255,2017-02-03,9,3+1,Match 3 + 1 Euro number,3 + 1,36323,15.5,563006.5
255,2017-02-03,10,3+0,Match 3 + 0 Euro numbers,3 + 0,51577,15.5,799443.5
255,2017-02-03,11,1+2,Match 1 + 2 Euro numbers,1 + 2,146263,10.0,1462630.0
255,2017-02-03,12,2+1,Match 2 + 1 Euro number,2 + 1,513826,6.9,3545399.4
256,2017-02-10,1,5+2,Match 5 + 2 Euro numbers,5 + 2,2,22569527.6,45139055.2
256,2017-02-10,2,5+1,Match 5 + 1 Euro number,5 + 1,3,568323.8,1704971.4
256,2017-02-10,3,5+0,Match 5 + 0 Euro numbers,5 + 0,3,200584.8,601754.4
256,2017-02-10,4,4+2,Match 4 + 2 Euro numbers,4 + 2,49,4093.5,200581.5
256,2017-02-10,5,4+1,Match 4 + 1 Euro number,4 + 1,860,209.9,180514.0
256,2017-02-10,6,4+0,Match 4 + 0 Euro numbers,4 + 0,1335,105.1,140308.5
256,2017-02-10,7,3+2,Match 3 + 2 Euro numbers,3 + 2,2362,50.9,120225.8
256,2017-02-10,8,2+2,Match 2 + 2 Euro numbers,2 + 2,34559,17.9,618606.1
256,2017-02-10,9,3+1,Match 3 + 1 Euro number,3 + 1,34983,17.2,601707.6
256,2017-02-10,10,3+0,Match 3 + 0 Euro numbers,3 + 0,57556,14.9,857584.4
256,2017-02-10,11,1+2,Match 1 + 2 Euro numbers,1 + 2,182068,8.5,1547578.0
256,2017-02-10,12,2+1,Match 2 + 1 Euro number,2 + 1,500717,7.6,3805449.2
257,2017-02-17,1,5+2,Match 5 + 2 Euro numbers,5 + 2,0,0.0,0.0
257,2017-02-17,2,5+1,Match 5 + 1 Euro number,5 + 1,6,216658.7,1299952.2
257,2017-02-17,3,5+0,Match 5 + 0 Euro numbers,5 + 0,5,91761.3,458806.5
257,2017-02-17,4,4+2,Match 4 + 2 Euro numbers,4 + 2,37,4133.3,152932.1
257,2017-02-17,5,4+1,Match 4 + 1 Euro number,4 + 1,840,163.8,137592.0
257,2017-02-17,6,4+0,Match 4 + 0 Euro numbers,4 + 0,1127,94.9,106952.3
257,2017-02-17,7,3+2,Match 3 + 2 Euro numbers,3 + 2,1510,60.7,91657.0
257,2017-02-17,8,2+2,Match 2 + 2 Euro numbers,2 + 2,22010,21.5,473215.0
257,2017-02-17,9,3+1,Match 3 + 1 Euro number,3 + 1,27224,16.8,457363.2
257,2017-02-17,10,3+0,Match 3 + 0 Euro numbers,3 + 0,45114,14.5,654153.0
257,2017-02-17,11,1+2,Match 1 + 2 Euro numbers,1 + 2,116338,10.2,1186647.6
257,2017-02-17,12,2+1,Match 2 + 1 Euro number,2 + 1,387514,7.5,2906355.0
258,2017-02-24,1,5+2,Match 5 + 2 Euro numbers,5 + 2,0,0.0,0.0
258,2017-02-24,2,5+1,Match 5 + 1 Euro number,5 + 1,7,188021.3,1316149.1
258,2017-02-24,3,5+0,Match 5 + 0 Euro numbers,5 + 0,21,22120.1,464522.1
258,2017-02-24,4,4+2,Match 4 + 2 Euro numbers,4 + 2,51,3036.0,154836.0
258,2017-02-24,5,4+1,Match 4 + 1 Euro number,4 + 1,1161,120.0,139320.0
258,2017-02-24,6,4+0,Match 4 + 0 Euro numbers,4 + 0,2305,47.9,110409.5
258,2017-02-24,7,3+2,Match 3 + 2 Euro numbers,3 + 2,1890,47.9,90531.0
258,2017-02-24,8,2+2,Match 2 + 2 Euro numbers,2 + 2,23847,20.1,479324.7
258,2017-02-24,9,3+1,Match 3 + 1 Euro number,3 + 1,34068,13.6,463324.8
258,2017-02-24,10,3+0,Match 3 + 0 Euro numbers,3 + 0,63715,10.4,662636.0
258,2017-02-24,11,1+2,Match 1 + 2 Euro numbers,1 + 2,117450,10.2,1197990.0
258,2017-02-24,12,2+1,Match 2 + 1 Euro number,2 + 1,428994,6.8,2917159.2
259,2017-03-03,1,5+2,Match 5 + 2 Euro numbers,5 + 2,0,0.0,0.0
259,2017-03-03,2,5+1,Match 5 + 1 Euro number,5 + 1,3,468753.0,1406259.0
259,2017-03-03,3,5+0,Match 5 + 0 Euro numbers,5 + 0,9,55147.4,496326.6
259,2017-03-03,4,4+2,Match 4 + 2 Euro numbers,4 + 2,35,4726.9,165441.5
259,2017-03-03,5,4+1,Match 4 + 1 Euro number,4 + 1,839,177.4,148838.6
259,2017-03-03,6,4+0,Match 4 + 0 Euro numbers,4 + 0,1735,66.7,115724.5
259,2017-03-03,7,3+2,Match 3 + 2 Euro numbers,3 + 2,1513,65.6,99252.8
259,2017-03-03,8,2+2,Match 2 + 2 Euro numbers,2 + 2,20408,25.1,512240.8
259,2017-03-03,9,3+1,Match 3 + 1 Euro number,3 + 1,31182,15.9,495793.8
259,2017-03-03,10,3+0,Match 3 + 0 Euro numbers,3 + 0,68910,11.6,799356.0
259,2017-03-03,11,1+2,Match 1 + 2 Euro numbers,1 + 2,102499,11.6,1188988.4
259,2017-03-03,12,2+1,Match 2 + 1 Euro number,2 + 1,404390,7.8,3154242.0
260,2017-03-10,1,5+2,Match 5 + 2 Euro numbers,5 + 2,0,0.0,0.0
260,2017-03-10,2,5+1,Match 5 + 1 Euro number,5 + 1,4,372000.2,1488000.8
260,2017-03-10,3,5+0,Match 5 + 0 Euro numbers,5 + 0,3,175058.9,525176.7
260,2017-03-10,4,4+2,Match 4 + 2 Euro numbers,4 + 2,30,5835.2,175056.0
260,2017-03-10,5,4+1,Match 4 + 1 Euro number,4 + 1,605,260.4,157542.0
260,2017-03-10,6,4+0,Match 4 + 0 Euro numbers,4 + 0,936,130.9,122522.4
260,2017-03-10,7,3+2,Match 3 + 2 Euro numbers,3 + 2,1506,69.7,104968.2
260,2017-03-10,8,2+2,Match 2 + 2 Euro numbers,2 + 2,22357,24.2,541039.4
260,2017-03-10,9,3+1,Match 3 + 1 Euro number,3 + 1,30098,17.4,523705.2
260,2017-03-10,10,3+0,Match 3 + 0 Euro numbers,3 + 0,45333,16.6,752527.8
260,2017-03-10,11,1+2,Match 1 + 2 Euro numbers,1 + 2,120883,11.2,1353889.6
260,2017-03-10,12,2+1,Match 2 + 1 Euro number,2 + 1,442520,7.5,3318900.0
261,2017-03-17,1,5+2,Match 5 + 2 Euro numbers,5 + 2,0,0.0,0.0
261,2017-03-17,2,5+1,Match 5 + 1 Euro number,5 + 1,9,178022.1,1602198.9
261,2017-03-17,3,5+0,Match 5 + 0 Euro numbers,5 + 0,6,94247.0,565482.0
261,2017-03-17,4,4+2,Match 4 + 2 Euro numbers,4 + 2,28,6731.9,188493.2
261,2017-03-17,5,4+1,Match 4 + 1 Euro number,4 + 1,1070,158.5,169595.0
261,2017-03-17,6,4+0,Match 4 + 0 Euro numbers,4 + 0,1462,90.2,131872.4
261,2017-03-17,7,3+2,Match 3 + 2 Euro numbers,3 + 2,1627,69.5,113076.5
261,2017-03-17,8,2+2,Match 2 + 2 Euro numbers,2 + 2,24503,23.8,583171.4
261,2017-03-17,9,3+1,Match 3 + 1 Euro number,3 + 1,37192,15.2,565318.4
261,2017-03-17,10,3+0,Match 3 + 0 Euro numbers,3 + 0,56660,14.3,810238.0
261,2017-03-17,11,1+2,Match 1 + 2 Euro numbers,1 + 2,129491,11.3,1463248.3
261,2017-03-17,12,2+1,Match 2 + 1 Euro number,2 + 1,493849,7.2,3555712.8
262,2017-03-24,1,5+2,Match 5 + 2 Euro numbers,5 + 2,0,0.0,0.0
262,2017-03-24,2,5+1,Match 5 + 1 Euro number,5 + 1,3,578497.3,1735491.9
262,2017-03-24,3,5+0,Match 5 + 0 Euro numbers,5 + 0,5,122505.3,612526.5
262,2017-03-24,4,4+2,Match 4 + 2 Euro numbers,4 + 2,38,5373.0,204174.0
262,2017-03-24,5,4+1,Match 4 + 1 Euro number,4 + 1,586,313.5,183711.0
262,2017-03-24,6,4+0,Match 4 + 0 Euro numbers,4 + 0,998,143.2,142913.6
262,2017-03-24,7,3+2,Match 3 + 2 Euro numbers,3 + 2,2007,61.0,122427.0
262,2017-03-24,8,2+2,Match 2 + 2 Euro numbers,2 + 2,32667,20.2,659873.4
262,2017-03-24,9,3+1,Match 3 + 1 Euro number,3 + 1,28781,20.2,581376.2
262,2017-03-24,10,3+0,Match 3 + 0 Euro numbers,3 + 0,49986,17.5,874755.0
262,2017-03-24,11,1+2,Match 1 + 2 Euro numbers,1 + 2,185186,8.5,1574081.0
262,2017-03-24,12,2+1,Match 2 + 1 Euro number,2 + 1,454713,8.5,3865060.5
263,2017-03-31,1,5+2,Match 5 + 2 Euro numbers,5 + 2,0,0.0,0.0
263,2017-03-31,2,5+1,Match 5 + 1 Euro number,5 + 1,4,489804.1,1959216.4
263,2017-03-31,3,5+0,Match 5 + 0 Euro numbers,5 + 0,4,172872.0,691488.0
263,2017-03-31,4,4+2,Match 4 + 2 Euro numbers,4 + 2,45,5122.1,230494.5
263,2017-03-31,5,4+1,Match 4 + 1 Euro number,4 + 1,719,288.5,207431.5
263,2017-03-31,6,4+0,Match 4 + 0 Euro numbers,4 + 0,1249,129.1,161245.9
263,2017-03-31,7,3+2,Match 3 + 2 Euro numbers,3 + 2,2062,67.0,138154.0
263,2017-03-31,8,2+2,Match 2 + 2 Euro numbers,2 + 2,30541,23.3,711605.3
263,2017-03-31,9,3+1,Match 3 + 1 Euro number,3 + 1,34362,20.1,690676.2
263,2017-03-31,10,3+0,Match 3 + 0 Euro numbers,3 + 0,62480,15.8,987184.0
263,2017-03-31,11,1+2,Match 1 + 2 Euro numbers,1 + 2,172916,10.3,1781034.8
263,2017-03-31,12,2+1,Match 2 + 1 Euro number,2 + 1,516931,8.5,4393913.5
264,2017-04-07,1,5+2,Match 5 + 2 Euro numbers,5 + 2,0,0.0,0.0
264,2017-04-07,2,5+1,Match 5 + 1 Euro number,5 + 1,6,374807.9,2248847.4
264,2017-04-07,3,5+0,Match 5 + 0 Euro numbers,5 + 0,8,99213.8,793710.4
264,2017-04-07,4,4+2,Match 4 + 2 Euro numbers,4 + 2,65,4070.3,264569.5
264,2017-04-07,5,4+1,Match 4 + 1 Euro number,4 + 1,828,287.5,238050.0
264,2017-04-07,6,4+0,Match 4 + 0 Euro numbers,4 + 0,1364,135.7,185094.8
264,2017-04-07,7,3+2,Match 3 + 2 Euro numbers,3 + 2,2906,54.6,158667.6
264,2017-04-07,8,2+2,Match 2 + 2 Euro numbers,2 + 2,44839,19.2,860908.8
264,2017-04-07,9,3+1,Match 3 + 1 Euro number,3 + 1,39181,19.2,752275.2
264,2017-04-07,10,3+0,Match 3 + 0 Euro numbers,3 + 0,65776,17.2,1131347.2
264,2017-04-07,11,1+2,Match 1 + 2 Euro numbers,1 + 2,253400,8.3,2103220.0
264,2017-04-07,12,2+1,Match 2 + 1 Euro number,2 + 1,598460,8.3,4967218.0
265,2017-04-14,1,5+2,Match 5 + 2 Euro numbers,5 + 2,1,86970702.8,86970702.8
265,2017-04-14,2,5+1,Match 5 + 1 Euro number,5 + 1,3,821662.0,2464986.0
265,2017-04-14,3,5+0,Match 5 + 0 Euro numbers,5 + 0,10,86999.5,869995.0
265,2017-04-14,4,4+2,Match 4 + 2 Euro numbers,4 + 2,56,5178.5,289996.0
265,2017-04-14,5,4+1,Match 4 + 1 Euro number,4 + 1,1009,258.6,260927.4
265,2017-04-14,6,4+0,Match 4 + 0 Euro numbers,4 + 0,1958,103.6,202848.8
265,2017-04-14,7,3+2,Match 3 + 2 Euro numbers,3 + 2,2708,64.2,173853.6
265,2017-04-14,8,2+2,Match 2 + 2 Euro numbers,2 + 2,39240,22.9,898596.0
265,2017-04-14,9,3+1,Match 3 + 1 Euro number,3 + 1,48409,17.9,866521.1
265,2017-04-14,10,3+0,Match 3 + 0 Euro numbers,3 + 0,85379,14.6,1246533.4
265,2017-04-14,11,1+2,Match 1 + 2 Euro numbers,1 + 2,206245,10.9,2248070.5
265,2017-04-14,12,2+1,Match 2 + 1 Euro number,2 + 1,668674,8.2,5483126.8
266,2017-04-21,1,5+2,Match 5 + 2 Euro numbers,5 + 2,0,0.0,0.0
266,2017-04-21,2,5+1,Match 5 + 1 Euro number,5 + 1,4,322331.5,1289326.0
266,2017-04-21,3,5+0,Match 5 + 0 Euro numbers,5 + 0,3,151685.4,455056.2
266,2017-04-21,4,4+2,Match 4 + 2 Euro numbers,4 + 2,24,6320.2,151684.8
266,2017-04-21,5,4+1,Match 4 + 1 Euro number,4 + 1,465,293.5,136477.5
266,2017-04-21,6,4+0,Match 4 + 0 Euro numbers,4 + 0,753,141.0,106173.0
266,2017-04-21,7,3+2,Match 3 + 2 Euro numbers,3 + 2,1324,68.7,90958.8
266,2017-04-21,8,2+2,Match 2 + 2 Euro numbers,2 + 2,19705,23.8,468979.0
266,2017-04-21,9,3+1,Match 3 + 1 Euro number,3 + 1,21422,21.2,454146.4
266,2017-04-21,10,3+0,Match 3 + 0 Euro numbers,3 + 0,36168,18.0,651024.0
266,2017-04-21,11,1+2,Match 1 + 2 Euro numbers,1 + 2,110529,10.7,1182660.3
266,2017-04-21,12,2+1,Match 2 + 1 Euro number,2 + 1,331983,8.7,2888252.1
267,2017-04-28,1,5+2,Match 5 + 2 Euro numbers,5 + 2,0,0.0,0.0
267,2017-04-28,2,5+1,Match 5 + 1 Euro number,5 + 1,0,0.0,0.0
267,2017-04-28,3,5+0,Match 5 + 0 Euro numbers,5 + 0,3,160523.0,481569.0
267,2017-04-28,4,4+2,Match 4 + 2 Euro numbers,4 + 2,33,4864.3,160521.9
267,2017-04-28,5,4+1,Match 4 + 1 Euro number,4 + 1,444,325.3,144433.2
267,2017-04-28,6,4+0,Match 4 + 0 Euro numbers,4 + 0,704,159.6,112358.4
267,2017-04-28,7,3+2,Match 3 + 2 Euro numbers,3 + 2,1640,58.7,96268.0
267,2017-04-28,8,2+2,Match 2 + 2 Euro numbers,2 + 2,26095,19.7,514071.5
267,2017-04-28,9,3+1,Match 3 + 1 Euro number,3 + 1,23479,19.7,462536.3
267,2017-04-28,10,3+0,Match 3 + 0 Euro numbers,3 + 0,36627,18.8,688587.6
267,2017-04-28,11,1+2,Match 1 + 2 Euro numbers,1 + 2,153811,8.1,1245869.1
267,2017-04-28,12,2+1,Match 2 + 1 Euro number,2 + 1,373448,8.1,3024928.8
268,2017-05-05,1,5+2,Match 5 + 2 Euro numbers,5 + 2,0,0.0,0.0
268,2017-05-05,2,5+1,Match 5 + 1 Euro number,5 + 1,2,1374940.8,2749881.6
268,2017-05-05,3,5+0,Match 5 + 0 Euro numbers,5 + 0,1,488977.2,488977.2
268,2017-05-05,4,4+2,Match 4 + 2 Euro numbers,4 + 2,30,5433.0,162990.0
268,2017-05-05,5,4+1,Match 4 + 1 Euro number,4 + 1,637,230.2,146637.4
268,2017-05-05,6,4+0,Match 4 + 0 Euro numbers,4 + 0,1049,108.7,114026.3
268,2017-05-05,7,3+2,Match 3 + 2 Euro numbers,3 + 2,1625,60.1,97662.5
268,2017-05-05,8,2+2,Match 2 + 2 Euro numbers,2 + 2,24244,20.8,504275.2
268,2017-05-05,9,3+1,Match 3 + 1 Euro number,3 + 1,28311,17.2,486949.2
268,2017-05-05,10,3+0,Match 3 + 0 Euro numbers,3 + 0,47168,14.8,698086.4
268,2017-05-05,11,1+2,Match 1 + 2 Euro numbers,1 + 2,126364,10.0,1263640.0
268,2017-05-05,12,2+1,Match 2 + 1 Euro number,2 + 1,397780,7.8,3102684.0
269,2017-05-12,1,5+2,Match 5 + 2 Euro numbers,5 + 2,0,0.0,0.0
269,2017-05-12,2,5+1,Match 5 + 1 Euro number,5 + 1,2,731856.1,1463712.2
269,2017-05-12,3,5+0,Match 5 + 0 Euro numbers,5 + 0,9,57400.4,516603.6
269,2017-05-12,4,4+2,Match 4 + 2 Euro numbers,4 + 2,36,4783.3,172198.8
269,2017-05-12,5,4+1,Match 4 + 1 Euro number,4 + 1,663,233.7,154943.1
269,2017-05-12,6,4+0,Match 4 + 0 Euro numbers,4 + 0,1081,111.5,120531.5
269,2017-05-12,7,3+2,Match 3 + 2 Euro numbers,3 + 2,1394,74.1,103295.4
269,2017-05-12,8,2+2,Match 2 + 2 Euro numbers,2 + 2,20090,26.5,532385.0
269,2017-05-12,9,3+1,Match 3 + 1 Euro number,3 + 1,28158,18.3,515291.4
269,2017-05-12,10,3+0,Match 3 + 0 Euro numbers,3 + 0,52004,14.2,738456.8
269,2017-05-12,11,1+2,Match 1 + 2 Euro numbers,1 + 2,109929,12.2,1341133.8
269,2017-05-12,12,2+1,Match 2 + 1 Euro number,2 + 1,395666,8.3,3284027.8
270,2017-05-19,1,5+2,Match 5 + 2 Euro numbers,5 + 2,0,0.0,0.0
270,2017-05-19,2,5+1,Match 5 + 1 Euro number,5 + 1,3,516438.4,1549315.2
270,2017-05-19,3,5+0,Match 5 + 0 Euro numbers,5 + 0,4,136704.2,546816.8
270,2017-05-19,4,4+2,Match 4 + 2 Euro numbers,4 + 2,35,5207.7,182269.5
270,2017-05-19,5,4+1,Match 4 + 1 Euro number,4 + 1,586,279.9,164021.4
270,2017-05-19,6,4+0,Match 4 + 0 Euro numbers,4 + 0,1038,122.9,127570.2
270,2017-05-19,7,3+2,Match 3 + 2 Euro numbers,3 + 2,1694,64.5,109263.0
270,2017-05-19,8,2+2,Match 2 + 2 Euro numbers,2 + 2,26386,21.4,564660.4
270,2017-05-19,9,3+1,Match 3 + 1 Euro number,3 + 1,26633,20.5,545976.5
270,2017-05-19,10,3+0,Match 3 + 0 Euro numbers,3 + 0,46915,16.7,783480.5
270,2017-05-19,11,1+2,Match 1 + 2 Euro numbers,1 + 2,147145,9.6,1412592.0
270,2017-05-19,12,2+1,Match 2 + 1 Euro number,2 + 1,393777,8.8,3465237.6
271,2017-05-26,1,5+2,Match 5 + 2 Euro numbers,5 + 2,1,50270035.2,50270035.2
271,2017-05-26,2,5+1,Match 5 + 1 Euro number,5 + 1,7,228137.0,1596959.0
271,2017-05-26,3,5+0,Match 5 + 0 Euro numbers,5 + 0,37,15233.3,563632.1
271,2017-05-26,4,4+2,Match 4 + 2 Euro numbers,4 + 2,34,5525.8,187877.2
271,2017-05-26,5,4+1,Match 4 + 1 Euro number,4 + 1,952,177.6,169075.2
271,2017-05-26,6,4+0,Match 4 + 0 Euro numbers,4 + 0,2027,64.8,131349.6
271,2017-05-26,7,3+2,Match 3 + 2 Euro numbers,3 + 2,2077,54.2,112573.4
271,2017-05-26,8,2+2,Match 2 + 2 Euro numbers,2 + 2,25241,23.0,580543.0
271,2017-05-26,9,3+1,Match 3 + 1 Euro number,3 + 1,37604,14.9,560299.6
271,2017-05-26,10,3+0,Match 3 + 0 Euro numbers,3 + 0,79479,11.2,890164.8
271,2017-05-26,11,1+2,Match 1 + 2 Euro numbers,1 + 2,123361,11.2,1381643.2
271,2017-05-26,12,2+1,Match 2 + 1 Euro number,2 + 1,457728,7.8,3570278.4
272,2017-06-02,1,5+2,Match 5 + 2 Euro numbers,5 + 2,0,0.0,0.0
272,2017-06-02,2,5+1,Match 5 + 1 Euro number,5 + 1,4,304941.1,1219764.4
272,2017-06-02,3,5+0,Match 5 + 0 Euro numbers,5 + 0,3,143501.7,430505.1
272,2017-06-02,4,4+2,Match 4 + 2 Euro numbers,4 + 2,26,5519.2,143499.2
272,2017-06-02,5,4+1,Match 4 + 1 Euro number,4 + 1,496,260.3,129108.8
272,2017-06-02,6,4+0,Match 4 + 0 Euro numbers,4 + 0,962,104.4,100432.8
272,2017-06-02,7,3+2,Match 3 + 2 Euro numbers,3 + 2,1418,60.7,86072.6
272,2017-06-02,8,2+2,Match 2 + 2 Euro numbers,2 + 2,19710,22.5,443475.0
272,2017-06-02,9,3+1,Match 3 + 1 Euro number,3 + 1,23072,18.6,429139.2
272,2017-06-02,10,3+0,Match 3 + 0 Euro numbers,3 + 0,43044,14.3,615529.2
272,2017-06-02,11,1+2,Match 1 + 2 Euro numbers,1 + 2,105111,10.6,1114176.6
272,2017-06-02,12,2+1,Match 2 + 1 Euro number,2 + 1,329736,8.3,2736808.8
273,2017-06-09,1,5+2,Match 5 + 2 Euro numbers,5 + 2,0,0.0,0.0
273,2017-06-09,2,5+1,Match 5 + 1 Euro number,5 + 1,5,246729.0,1233645.0
273,2017-06-09,3,5+0,Match 5 + 0 Euro numbers,5 + 0,4,108851.0,435404.0
273,2017-06-09,4,4+2,Match 4 + 2 Euro numbers,4 + 2,52,2791.0,145132.0
273,2017-06-09,5,4+1,Match 4 + 1 Euro number,4 + 1,579,225.5,130564.5
273,2017-06-09,6,4+0,Match 4 + 0 Euro numbers,4 + 0,1024,99.2,101580.8
273,2017-06-09,7,3+2,Match 3 + 2 Euro numbers,3 + 2,1973,44.1,87009.3
273,2017-06-09,8,2+2,Match 2 + 2 Euro numbers,2 + 2,27988,16.2,453405.6
273,2017-06-09,9,3+1,Match 3 + 1 Euro number,3 + 1,26511,16.2,429478.2
273,2017-06-09,10,3+0,Match 3 + 0 Euro numbers,3 + 0,44695,13.9,621260.5
273,2017-06-09,11,1+2,Match 1 + 2 Euro numbers,1 + 2,139980,8.0,1119840.0
273,2017-06-09,12,2+1,Match 2 + 1 Euro number,2 + 1,377151,7.3,2753202.3
274,2017-06-16,1,5+2,Match 5 + 2 Euro numbers,5 + 2,0,0.0,0.0
274,2017-06-16,2,5+1,Match 5 + 1 Euro number,5 + 1,0,0.0,0.0
274,2017-06-16,3,5+0,Match 5 + 0 Euro numbers,5 + 0,3,152034.9,456104.7
274,2017-06-16,4,4+2,Match 4 + 2 Euro numbers,4 + 2,29,5242.5,152032.5
274,2017-06-16,5,4+1,Match 4 + 1 Euro number,4 + 1,484,282.7,136826.8
274,2017-06-16,6,4+0,Match 4 + 0 Euro numbers,4 + 0,761,139.8,106387.8
274,2017-06-16,7,3+2,Match 3 + 2 Euro numbers,3 + 2,1470,62.0,91140.0
274,2017-06-16,8,2+2,Match 2 + 2 Euro numbers,2 + 2,22457,20.9,469351.3
274,2017-06-16,9,3+1,Match 3 + 1 Euro number,3 + 1,23046,19.7,454006.2
274,2017-06-16,10,3+0,Match 3 + 0 Euro numbers,3 + 0,38512,16.9,650852.8
274,2017-06-16,11,1+2,Match 1 + 2 Euro numbers,1 + 2,119867,9.8,1174696.6
274,2017-06-16,12,2+1,Match 2 + 1 Euro number,2 + 1,353043,8.2,2894952.6
275,2017-06-23,1,5+2,Match 5 + 2 Euro numbers,5 + 2,0,0.0,0.0
275,2017-06-23,2,5+1,Match 5 + 1 Euro number,5 + 1,5,531211.9,2656059.5
275,2017-06-23,3,5+0,Match 5 + 0 Euro numbers,5 + 0,8,60165.9,481327.2
275,2017-06-23,4,4+2,Match 4 + 2 Euro numbers,4 + 2,74,2168.1,160439.4
275,2017-06-23,5,4+1,Match 4 + 1 Euro number,4 + 1,982,147.0,144354.0
275,2017-06-23,6,4+0,Match 4 + 0 Euro numbers,4 + 0,1468,76.5,112302.0
275,2017-06-23,7,3+2,Match 3 + 2 Euro numbers,3 + 2,2130,45.1,96063.0
275,2017-06-23,8,2+2,Match 2 + 2 Euro numbers,2 + 2,27228,18.2,495549.6
275,2017-06-23,9,3+1,Match 3 + 1 Euro number,3 + 1,34991,13.7,479376.7
275,2017-06-23,10,3+0,Match 3 + 0 Euro numbers,3 + 0,55555,12.4,688882.0
275,2017-06-23,11,1+2,Match 1 + 2 Euro numbers,1 + 2,131322,9.5,1247559.0
275,2017-06-23,12,2+1,Match 2 + 1 Euro number,2 + 1,443683,6.9,3061412.7
276,2017-06-30,1,5+2,Match 5 + 2 Euro numbers,5 + 2,0,0.0,0.0
276,2017-06-30,2,5+1,Match 5 + 1 Euro number,5 + 1,5,299394.5,1496972.5
276,2017-06-30,3,5+0,Match 5 + 0 Euro numbers,5 + 0,3,176114.4,528343.2
276,2017-06-30,4,4+2,Match 4 + 2 Euro numbers,4 + 2,62,2840.5,176111.0
276,2017-06-30,5,4+1,Match 4 + 1 Euro number,4 + 1,979,161.9,158500.1
276,2017-06-30,6,4+0,Match 4 + 0 Euro numbers,4 + 0,1370,89.9,123163.0
276,2017-06-30,7,3+2,Match 3 + 2 Euro numbers,3 + 2,2652,39.8,105549.6
276,2017-06-30,8,2+2,Match 2 + 2 Euro numbers,2 + 2,35181,15.5,545305.5
276,2017-06-30,9,3+1,Match 3 + 1 Euro number,3 + 1,35030,15.0,525450.0
276,2017-06-30,10,3+0,Match 3 + 0 Euro numbers,3 + 0,55131,13.7,755294.7
276,2017-06-30,11,1+2,Match 1 + 2 Euro numbers,1 + 2,181195,7.5,1358962.5
276,2017-06-30,12,2+1,Match 2 + 1 Euro number,2 + 1,457968,7.3,3343166.4
277,2017-07-07,1,5+2,Match 5 + 2 Euro numbers,5 + 2,1,46505018.6,46505018.6
277,2017-07-07,2,5+1,Match 5 + 1 Euro number,5 + 1,2,801352.6,1602705.2
277,2017-07-07,3,5+0,Match 5 + 0 Euro numbers,5 + 0,7,80808.6,565660.2
277,2017-07-07,4,4+2,Match 4 + 2 Euro numbers,4 + 2,35,5387.2,188552.0
277,2017-07-07,5,4+1,Match 4 + 1 Euro number,4 + 1,618,274.5,169641.0
277,2017-07-07,6,4+0,Match 4 + 0 Euro numbers,4 + 0,1195,110.4,131928.0
277,2017-07-07,7,3+2,Match 3 + 2 Euro numbers,3 + 2,1717,65.8,112978.6
277,2017-07-07,8,2+2,Match 2 + 2 Euro numbers,2 + 2,24274,24.0,582576.0
277,2017-07-07,9,3+1,Match 3 + 1 Euro number,3 + 1,29804,18.9,563295.6
277,2017-07-07,10,3+0,Match 3 + 0 Euro numbers,3 + 0,57691,14.0,807674.0
277,2017-07-07,11,1+2,Match 1 + 2 Euro numbers,1 + 2,128063,11.4,1459918.2
277,2017-07-07,12,2+1,Match 2 + 1 Euro number,2 + 1,434928,8.2,3566409.6
278,2017-07-14,1,5+2,Match 5 + 2 Euro numbers,5 + 2,0,0.0,0.0
278,2017-07-14,2,5+1,Match 5 + 1 Euro number,5 + 1,3,410780.7,1232342.1
278,2017-07-14,3,5+0,Match 5 + 0 Euro numbers,5 + 0,10,43494.4,434944.0
278,2017-07-14,4,4+2,Match 4 + 2 Euro numbers,4 + 2,23,6303.5,144980.5
278,2017-07-14,5,4+1,Match 4 + 1 Euro number,4 + 1,695,187.7,130451.5
278,2017-07-14,6,4+0,Match 4 + 0 Euro numbers,4 + 0,1145,88.6,101447.0
278,2017-07-14,7,3+2,Match 3 + 2 Euro numbers,3 + 2,1065,81.6,86904.0
278,2017-07-14,8,2+2,Match 2 + 2 Euro numbers,2 + 2,15185,29.5,447957.5
278,2017-07-14,9,3+1,Match 3 + 1 Euro number,3 + 1,26137,16.6,433874.2
278,2017-07-14,10,3+0,Match 3 + 0 Euro numbers,3 + 0,44402,14.2,630508.4
278,2017-07-14,11,1+2,Match 1 + 2 Euro numbers,1 + 2,78965,14.2,1121303.0
278,2017-07-14,12,2+1,Match 2 + 1 Euro number,2 + 1,362473,7.6,2754794.8
279,2017-07-21,1,5+2,Match 5 + 2 Euro numbers,5 + 2,0,0.0,0.0
279,2017-07-21,2,5+1,Match 5 + 1 Euro number,5 + 1,0,0.0,0.0
279,2017-07-21,3,5+0,Match 5 + 0 Euro numbers,5 + 0,5,88165.8,440829.0
279,2017-07-21,4,4+2,Match 4 + 2 Euro numbers,4 + 2,28,5247.9,146941.2
279,2017-07-21,5,4+1,Match 4 + 1 Euro number,4 + 1,528,250.4,132211.2
279,2017-07-21,6,4+0,Match 4 + 0 Euro numbers,4 + 0,763,134.8,102852.4
279,2017-07-21,7,3+2,Match 3 + 2 Euro numbers,3 + 2,1270,69.4,88138.0
279,2017-07-21,8,2+2,Match 2 + 2 Euro numbers,2 + 2,18132,25.1,455113.2
279,2017-07-21,9,3+1,Match 3 + 1 Euro number,3 + 1,24492,17.9,438406.8
279,2017-07-21,10,3+0,Match 3 + 0 Euro numbers,3 + 0,36992,17.0,628864.0
279,2017-07-21,11,1+2,Match 1 + 2 Euro numbers,1 + 2,96725,11.8,1141355.0
279,2017-07-21,12,2+1,Match 2 + 1 Euro number,2 + 1,372536,7.5,2794020.0
280,2017-07-28,1,5+2,Match 5 + 2 Euro numbers,5 + 2,0,0.0,0.0
280,2017-07-28,2,5+1,Match 5 + 1 Euro number,5 + 1,0,0.0,0.0
280,2017-07-28,3,5+0,Match 5 + 0 Euro numbers,5 + 0,6,77163.8,462982.8
280,2017-07-28,4,4+2,Match 4 + 2 Euro numbers,4 + 2,36,4286.8,154324.8
280,2017-07-28,5,4+1,Match 4 + 1 Euro number,4 + 1,546,254.3,138847.8
280,2017-07-28,6,4+0,Match 4 + 0 Euro numbers,4 + 0,869,124.3,108016.7
280,2017-07-28,7,3+2,Match 3 + 2 Euro numbers,3 + 2,1356,68.2,92479.2
280,2017-07-28,8,2+2,Match 2 + 2 Euro numbers,2 + 2,20547,23.2,476690.4
280,2017-07-28,9,3+1,Match 3 + 1 Euro number,3 + 1,23358,19.8,462488.4
280,2017-07-28,10,3+0,Match 3 + 0 Euro numbers,3 + 0,41191,16.1,663175.1
280,2017-07-28,11,1+2,Match 1 + 2 Euro numbers,1 + 2,113707,10.5,1193923.5
280,2017-07-28,12,2+1,Match 2 + 1 Euro number,2 + 1,341571,8.6,2937510.6
281,2017-08-04,1,5+2,Match 5 + 2 Euro numbers,5 + 2,0,0.0,0.0
281,2017-08-04,2,5+1,Match 5 + 1 Euro number,5 + 1,0,0.0,0.0
281,2017-08-04,3,5+0,Match 5 + 0 Euro numbers,5 + 0,2,248969.3,497938.6
281,2017-08-04,4,4+2,Match 4 + 2 Euro numbers,4 + 2,29,5723.4,165978.6
281,2017-08-04,5,4+1,Match 4 + 1 Euro number,4 + 1,494,302.3,149336.2
281,2017-08-04,6,4+0,Match 4 + 0 Euro numbers,4 + 0,851,136.5,116161.5
281,2017-08-04,7,3+2,Match 3 + 2 Euro numbers,3 + 2,1694,58.7,99437.8
281,2017-08-04,8,2+2,Match 2 + 2 Euro numbers,2 + 2,25616,20.0,512320.0
281,2017-08-04,9,3+1,Match 3 + 1 Euro number,3 + 1,24874,20.0,497480.0
281,2017-08-04,10,3+0,Match 3 + 0 Euro numbers,3 + 0,41586,17.1,711120.6
281,2017-08-04,11,1+2,Match 1 + 2 Euro numbers,1 + 2,142830,9.0,1285470.0
281,2017-08-04,12,2+1,Match 2 + 1 Euro number,2 + 1,368899,8.5,3135641.5
282,2017-08-11,1,5+2,Match 5 + 2 Euro numbers,5 + 2,0,0.0,0.0
282,2017-08-11,2,5+1,Match 5 + 1 Euro number,5 + 1,2,2737236.6,5474473.2
282,2017-08-11,3,5+0,Match 5 + 0 Euro numbers,5 + 0,4,132604.1,530416.4
282,2017-08-11,4,4+2,Match 4 + 2 Euro numbers,4 + 2,40,4420.1,176804.0
282,2017-08-11,5,4+1,Match 4 + 1 Euro number,4 + 1,631,252.1,159075.1
282,2017-08-11,6,4+0,Match 4 + 0 Euro numbers,4 + 0,947,130.6,123678.2
282,2017-08-11,7,3+2,Match 3 + 2 Euro numbers,3 + 2,1842,57.5,105915.0
282,2017-08-11,8,2+2,Match 2 + 2 Euro numbers,2 + 2,26068,21.0,547428.0
282,2017-08-11,9,3+1,Match 3 + 1 Euro number,3 + 1,29748,17.8,529514.4
282,2017-08-11,10,3+0,Match 3 + 0 Euro numbers,3 + 0,48320,15.7,758624.0
282,2017-08-11,11,1+2,Match 1 + 2 Euro numbers,1 + 2,132459,10.4,1377573.6
282,2017-08-11,12,2+1,Match 2 + 1 Euro number,2 + 1,456062,7.4,3374858.8
283,2017-08-18,1,5+2,Match 5 + 2 Euro numbers,5 + 2,1,47357065.0,47357065.0
283,2017-08-18,2,5+1,Match 5 + 1 Euro number,5 + 1,4,415861.5,1663446.0
283,2017-08-18,3,5+0,Match 5 + 0 Euro numbers,5 + 0,3,195699.5,587098.5
283,2017-08-18,4,4+2,Match 4 + 2 Euro numbers,4 + 2,41,4773.1,195697.1
283,2017-08-18,5,4+1,Match 4 + 1 Euro number,4 + 1,610,288.7,176107.0
283,2017-08-18,6,4+0,Match 4 + 0 Euro numbers,4 + 0,951,144.0,136944.0
283,2017-08-18,7,3+2,Match 3 + 2 Euro numbers,3 + 2,1957,59.9,117224.3
283,2017-08-18,8,2+2,Match 2 + 2 Euro numbers,2 + 2,32110,19.7,632567.0
283,2017-08-18,9,3+1,Match 3 + 1 Euro number,3 + 1,28438,19.7,560228.6
283,2017-08-18,10,3+0,Match 3 + 0 Euro numbers,3 + 0,48140,17.4,837636.0
283,2017-08-18,11,1+2,Match 1 + 2 Euro numbers,1 + 2,184642,8.3,1532528.6
283,2017-08-18,12,2+1,Match 2 + 1 Euro number,2 + 1,445853,8.3,3700579.9
284,2017-08-25,1,5+2,Match 5 + 2 Euro numbers,5 + 2,0,0.0,0.0
284,2017-08-25,2,5+1,Match 5 + 1 Euro number,5 + 1,3,407221.1,1221663.3
284,2017-08-25,3,5+0,Match 5 + 0 Euro numbers,5 + 0,6,71862.5,431175.0
284,2017-08-25,4,4+2,Match 4 + 2 Euro numbers,4 + 2,40,3593.1,143724.0
284,2017-08-25,5,4+1,Match 4 + 1 Euro number,4 + 1,519,249.2,129334.8
284,2017-08-25,6,4+0,Match 4 + 0 Euro numbers,4 + 0,887,113.4,100585.8
284,2017-08-25,7,3+2,Match 3 + 2 Euro numbers,3 + 2,1388,62.1,86194.8
284,2017-08-25,8,2+2,Match 2 + 2 Euro numbers,2 + 2,18994,23.4,444459.6
284,2017-08-25,9,3+1,Match 3 + 1 Euro number,3 + 1,20895,20.6,430437.0
284,2017-08-25,10,3+0,Match 3 + 0 Euro numbers,3 + 0,37632,16.4,617164.8
284,2017-08-25,11,1+2,Match 1 + 2 Euro numbers,1 + 2,102942,10.8,1111773.6
284,2017-08-25,12,2+1,Match 2 + 1 Euro number,2 + 1,312290,8.7,2716923.0
285,2017-09-01,1,5+2,Match 5 + 2 Euro numbers,5 + 2,0,0.0,0.0
285,2017-09-01,2,5+1,Match 5 + 1 Euro number,5 + 1,2,642089.4,1284178.8
285,2017-09-01,3,5+0,Match 5 + 0 Euro numbers,5 + 0,13,34864.5,453238.5
285,2017-09-01,4,4+2,Match 4 + 2 Euro numbers,4 + 2,51,2962.3,151077.3
285,2017-09-01,5,4+1,Match 4 + 1 Euro number,4 + 1,856,158.8,135932.8
285,2017-09-01,6,4+0,Match 4 + 0 Euro numbers,4 + 0,1632,64.8,105753.6
285,2017-09-01,7,3+2,Match 3 + 2 Euro numbers,3 + 2,2045,44.3,90593.5
285,2017-09-01,8,2+2,Match 2 + 2 Euro numbers,2 + 2,26324,17.7,465934.8
285,2017-09-01,9,3+1,Match 3 + 1 Euro number,3 + 1,33431,13.5,451318.5
285,2017-09-01,10,3+0,Match 3 + 0 Euro numbers,3 + 0,59509,10.9,648648.1
285,2017-09-01,11,1+2,Match 1 + 2 Euro numbers,1 + 2,123193,9.5,1170333.5
285,2017-09-01,12,2+1,Match 2 + 1 Euro number,2 + 1,423785,6.8,2881738.0
286,2017-09-08,1,5+2,Match 5 + 2 Euro numbers,5 + 2,0,0.0,0.0
286,2017-09-08,2,5+1,Match 5 + 1 Euro number,5 + 1,3,447913.7,1343741.1
286,2017-09-08,3,5+0,Match 5 + 0 Euro numbers,5 + 0,5,94852.3,474261.5
286,2017-09-08,4,4+2,Match 4 + 2 Euro numbers,4 + 2,23,6873.3,158085.9
286,2017-09-08,5,4+1,Match 4 + 1 Euro number,4 + 1,433,328.5,142240.5
286,2017-09-08,6,4+0,Match 4 + 0 Euro numbers,4 + 0,740,149.5,110630.0
286,2017-09-08,7,3+2,Match 3 + 2 Euro numbers,3 + 2,1292,73.4,94832.8
286,2017-09-08,8,2+2,Match 2 + 2 Euro numbers,2 + 2,19972,24.5,489314.0
286,2017-09-08,9,3+1,Match 3 + 1 Euro number,3 + 1,22446,21.1,473610.6
286,2017-09-08,10,3+0,Match 3 + 0 Euro numbers,3 + 0,36136,18.8,679356.8
286,2017-09-08,11,1+2,Match 1 + 2 Euro numbers,1 + 2,115484,10.6,1224130.4
286,2017-09-08,12,2+1,Match 2 + 1 Euro number,2 + 1,346250,8.7,3012375.0
287,2017-09-15,1,5+2,Match 5 + 2 Euro numbers,5 + 2,2,15363349.6,30726699.2
287,2017-09-15,2,5+1,Match 5 + 1 Euro number,5 + 1,5,308244.3,1541221.5
287,2017-09-15,3,5+0,Match 5 + 0 Euro numbers,5 + 0,7,77708.6,543960.2
287,2017-09-15,4,4+2,Match 4 + 2 Euro numbers,4 + 2,136,1333.2,181315.2
287,2017-09-15,5,4+1,Match 4 + 1 Euro number,4 + 1,907,179.9,163169.3
287,2017-09-15,6,4+0,Match 4 + 0 Euro numbers,4 + 0,1503,84.4,126853.2
287,2017-09-15,7,3+2,Match 3 + 2 Euro numbers,3 + 2,3696,29.4,108662.4
287,2017-09-15,8,2+2,Match 2 + 2 Euro numbers,2 + 2,45737,13.9,635744.3
287,2017-09-15,9,3+1,Match 3 + 1 Euro number,3 + 1,34874,13.9,484748.6
287,2017-09-15,10,3+0,Match 3 + 0 Euro numbers,3 + 0,54237,13.9,753894.3
287,2017-09-15,11,1+2,Match 1 + 2 Euro numbers,1 + 2,229808,7.0,1608656.0
287,2017-09-15,12,2+1,Match 2 + 1 Euro number,2 + 1,461326,7.0,3229282.0
288,2017-09-22,1,5+2,Match 5 + 2 Euro numbers,5 + 2,0,0.0,0.0
288,2017-09-22,2,5+1,Match 5 + 1 Euro number,5 + 1,1,1281937.1,1281937.1
288,2017-09-22,3,5+0,Match 5 + 0 Euro numbers,5 + 0,3,150816.1,452448.3
288,2017-09-22,4,4+2,Match 4 + 2 Euro numbers,4 + 2,36,4189.3,150814.8
288,2017-09-22,5,4+1,Match 4 + 1 Euro number,4 + 1,512,265.1,135731.2
288,2017-09-22,6,4+0,Match 4 + 0 Euro numbers,4 + 0,917,115.1,105546.7
288,2017-09-22,7,3+2,Match 3 + 2 Euro numbers,3 + 2,1796,50.3,90338.8
288,2017-09-22,8,2+2,Match 2 + 2 Euro numbers,2 + 2,25119,18.6,467213.4
288,2017-09-22,9,3+1,Match 3 + 1 Euro number,3 + 1,24200,18.6,450120.0
288,2017-09-22,10,3+0,Match 3 + 0 Euro numbers,3 + 0,40257,16.1,648137.7
288,2017-09-22,11,1+2,Match 1 + 2 Euro numbers,1 + 2,135059,8.7,1175013.3
288,2017-09-22,12,2+1,Match 2 + 1 Euro number,2 + 1,360034,8.0,2880272.0
289,2017-09-29,1,5+2,Match 5 + 2 Euro numbers,5 + 2,0,0.0,0.0
289,2017-09-29,2,5+1,Match 5 + 1 Euro number,5 + 1,3,446711.6,1340134.8
289,2017-09-29,3,5+0,Match 5 + 0 Euro numbers,5 + 0,5,94597.7,472988.5
289,2017-09-29,4,4+2,Match 4 + 2 Euro numbers,4 + 2,32,4926.9,157660.8
289,2017-09-29,5,4+1,Match 4 + 1 Euro number,4 + 1,601,236.1,141896.1
289,2017-09-29,6,4+0,Match 4 + 0 Euro numbers,4 + 0,1196,92.2,110271.2
289,2017-09-29,7,3+2,Match 3 + 2 Euro numbers,3 + 2,1268,74.6,94592.8
289,2017-09-29,8,2+2,Match 2 + 2 Euro numbers,2 + 2,18348,26.6,488056.8
289,2017-09-29,9,3+1,Match 3 + 1 Euro number,3 + 1,27358,17.2,470557.6
289,2017-09-29,10,3+0,Match 3 + 0 Euro numbers,3 + 0,50929,13.3,677355.7
289,2017-09-29,11,1+2,Match 1 + 2 Euro numbers,1 + 2,91817,13.3,1221166.1
289,2017-09-29,12,2+1,Match 2 + 1 Euro number,2 + 1,376301,8.0,3010408.0
290,2017-10-06,1,5+2,Match 5 + 2 Euro numbers,5 + 2,0,0.0,0.0
290,2017-10-06,2,5+1,Match 5 + 1 Euro number,5 + 1,1,1393936.7,1393936.7
290,2017-10-06,3,5+0,Match 5 + 0 Euro numbers,5 + 0,5,98395.5,491977.5
290,2017-10-06,4,4+2,Match 4 + 2 Euro numbers,4 + 2,37,4432.2,163991.4
290,2017-10-06,5,4+1,Match 4 + 1 Euro number,4 + 1,576,256.2,147571.2
290,2017-10-06,6,4+0,Match 4 + 0 Euro numbers,4 + 0,1163,98.7,114788.1
290,2017-10-06,7,3+2,Match 3 + 2 Euro numbers,3 + 2,1615,60.9,98353.5
290,2017-10-06,8,2+2,Match 2 + 2 Euro numbers,2 + 2,23459,21.6,506714.4
290,2017-10-06,9,3+1,Match 3 + 1 Euro number,3 + 1,26922,18.2,489980.4
290,2017-10-06,10,3+0,Match 3 + 0 Euro numbers,3 + 0,48863,14.4,703627.2
290,2017-10-06,11,1+2,Match 1 + 2 Euro numbers,1 + 2,125020,10.2,1275204.0
290,2017-10-06,12,2+1,Match 2 + 1 Euro number,2 + 1,385091,8.1,3119237.1
291,2017-10-13,1,5+2,Match 5 + 2 Euro numbers,5 + 2,0,0.0,0.0
291,2017-10-13,2,5+1,Match 5 + 1 Euro number,5 + 1,2,817025.0,1634050.0
291,2017-10-13,3,5+0,Match 5 + 0 Euro numbers,5 + 0,4,144180.8,576723.2
291,2017-10-13,4,4+2,Match 4 + 2 Euro numbers,4 + 2,34,5654.1,192239.4
291,2017-10-13,5,4+1,Match 4 + 1 Euro number,4 + 1,608,284.5,172976.0
291,2017-10-13,6,4+0,Match 4 + 0 Euro numbers,4 + 0,992,135.6,134515.2
291,2017-10-13,7,3+2,Match 3 + 2 Euro numbers,3 + 2,1500,76.8,115200.0
291,2017-10-13,8,2+2,Match 2 + 2 Euro numbers,2 + 2,25102,23.7,594917.4
291,2017-10-13,9,3+1,Match 3 + 1 Euro number,3 + 1,25366,22.7,575808.2
291,2017-10-13,10,3+0,Match 3 + 0 Euro numbers,3 + 0,44298,18.6,823942.8
291,2017-10-13,11,1+2,Match 1 + 2 Euro numbers,1 + 2,138372,10.8,1494417.6
291,2017-10-13,12,2+1,Match 2 + 1 Euro number,2 + 1,385117,9.5,3658611.5
292,2017-10-20,1,5+2,Match 5 + 2 Euro numbers,5 + 2,1,41570496.9,41570496.9
292,2017-10-20,2,5+1,Match 5 + 1 Euro number,5 + 1,4,435251.6,1741006.4
292,2017-10-20,3,5+0,Match 5 + 0 Euro numbers,5 + 0,6,102412.1,614472.6
292,2017-10-20,4,4+2,Match 4 + 2 Euro numbers,4 + 2,42,4876.7,204821.4
292,2017-10-20,5,4+1,Match 4 + 1 Euro number,4 + 1,742,248.4,184312.8
292,2017-10-20,6,4+0,Match 4 + 0 Euro numbers,4 + 0,1283,111.7,143311.1
292,2017-10-20,7,3+2,Match 3 + 2 Euro numbers,3 + 2,2129,57.7,122843.3
292,2017-10-20,8,2+2,Match 2 + 2 Euro numbers,2 + 2,28549,22.2,633787.8
292,2017-10-20,9,3+1,Match 3 + 1 Euro number,3 + 1,32337,19.0,614403.0
292,2017-10-20,10,3+0,Match 3 + 0 Euro numbers,3 + 0,56500,15.5,875750.0
292,2017-10-20,11,1+2,Match 1 + 2 Euro numbers,1 + 2,148659,10.7,1590651.3
292,2017-10-20,12,2+1,Match 2 + 1 Euro number,2 + 1,455860,8.5,3874810.0
293,2017-10-27,1,5+2,Match 5 + 2 Euro numbers,5 + 2,0,0.0,0.0
293,2017-10-27,2,5+1,Match 5 + 1 Euro number,5 + 1,1,1289927.7,1289927.7
293,2017-10-27,3,5+0,Match 5 + 0 Euro numbers,5 + 0,11,41388.0,455268.0
293,2017-10-27,4,4+2,Match 4 + 2 Euro numbers,4 + 2,31,4895.3,151754.3
293,2017-10-27,5,4+1,Match 4 + 1 Euro number,4 + 1,457,298.8,136551.6
293,2017-10-27,6,4+0,Match 4 + 0 Euro numbers,4 + 0,793,133.9,106182.7
293,2017-10-27,7,3+2,Match 3 + 2 Euro numbers,3 + 2,1353,67.2,90921.6
293,2017-10-27,8,2+2,Match 2 + 2 Euro numbers,2 + 2,20862,22.5,469395.0
293,2017-10-27,9,3+1,Match 3 + 1 Euro number,3 + 1,23014,19.7,453375.8
293,2017-10-27,10,3+0,Match 3 + 0 Euro numbers,3 + 0,38657,16.8,649437.6
293,2017-10-27,11,1+2,Match 1 + 2 Euro numbers,1 + 2,113091,10.4,1176146.4
293,2017-10-27,12,2+1,Match 2 + 1 Euro number,2 + 1,356672,8.1,2889043.2
294,2017-11-03,1,5+2,Match 5 + 2 Euro numbers,5 + 2,0,0.0,0.0
294,2017-11-03,2,5+1,Match 5 + 1 Euro number,5 + 1,0,0.0,0.0
294,2017-11-03,3,5+0,Match 5 + 0 Euro numbers,5 + 0,1,470575.5,470575.5
294,2017-11-03,4,4+2,Match 4 + 2 Euro numbers,4 + 2,23,6819.9,156857.7
294,2017-11-03,5,4+1,Match 4 + 1 Euro number,4 + 1,412,342.6,141151.2
294,2017-11-03,6,4+0,Match 4 + 0 Euro numbers,4 + 0,735,149.3,109735.5
294,2017-11-03,7,3+2,Match 3 + 2 Euro numbers,3 + 2,1175,80.0,94000.0
294,2017-11-03,8,2+2,Match 2 + 2 Euro numbers,2 + 2,18077,26.8,484463.6
294,2017-11-03,9,3+1,Match 3 + 1 Euro number,3 + 1,20789,22.6,469831.4
294,2017-11-03,10,3+0,Match 3 + 0 Euro numbers,3 + 0,35578,18.9,672424.2
294,2017-11-03,11,1+2,Match 1 + 2 Euro numbers,1 + 2,103111,11.8,1216709.8
294,2017-11-03,12,2+1,Match 2 + 1 Euro number,2 + 1,333087,8.9,2964474.3
295,2017-11-10,1,5+2,Match 5 + 2 Euro numbers,5 + 2,1,23425613.9,23425613.9
295,2017-11-10,2,5+1,Match 5 + 1 Euro number,5 + 1,3,919573.1,2758719.3
295,2017-11-10,3,5+0,Match 5 + 0 Euro numbers,5 + 0,2,251545.0,503090.0
295,2017-11-10,4,4+2,Match 4 + 2 Euro numbers,4 + 2,37,4532.3,167695.1
295,2017-11-10,5,4+1,Match 4 + 1 Euro number,4 + 1,543,277.9,150899.7
295,2017-11-10,6,4+0,Match 4 + 0 Euro numbers,4 + 0,984,119.2,117292.8
295,2017-11-10,7,3+2,Match 3 + 2 Euro numbers,3 + 2,1298,77.5,100595.0
295,2017-11-10,8,2+2,Match 2 + 2 Euro numbers,2 + 2,18551,28.0,519428.0
295,2017-11-10,9,3+1,Match 3 + 1 Euro number,3 + 1,26045,19.3,502668.5
295,2017-11-10,10,3+0,Match 3 + 0 Euro numbers,3 + 0,47705,15.1,720345.5
295,2017-11-10,11,1+2,Match 1 + 2 Euro numbers,1 + 2,98770,13.2,1303764.0
295,2017-11-10,12,2+1,Match 2 + 1 Euro number,2 + 1,394313,8.1,3193935.3
296,2017-11-17,1,5+2,Match 5 + 2 Euro numbers,5 + 2,1,10000000.0,10000000.0
296,2017-11-17,2,5+1,Match 5 + 1 Euro number,5 + 1,0,0.0,0.0
296,2017-11-17,3,5+0,Match 5 + 0 Euro numbers,5 + 0,2,221146.9,442293.8
296,2017-11-17,4,4+2,Match 4 + 2 Euro numbers,4 + 2,29,5083.8,147430.2
296,2017-11-17,5,4+1,Match 4 + 1 Euro number,4 + 1,483,274.7,132680.1
296,2017-11-17,6,4+0,Match 4 + 0 Euro numbers,4 + 0,877,117.6,103135.2
296,2017-11-17,7,3+2,Match 3 + 2 Euro numbers,3 + 2,1656,53.4,88430.4
296,2017-11-17,8,2+2,Match 2 + 2 Euro numbers,2 + 2,25458,18.4,468427.2
296,2017-11-17,9,3+1,Match 3 + 1 Euro number,3 + 1,23328,18.4,429235.2
296,2017-11-17,10,3+0,Match 3 + 0 Euro numbers,3 + 0,40832,15.5,632896.0
296,2017-11-17,11,1+2,Match 1 + 2 Euro numbers,1 + 2,133564,8.6,1148650.4
296,2017-11-17,12,2+1,Match 2 + 1 Euro number,2 + 1,360287,7.8,2810238.6
297,2017-11-24,1,5+2,Match 5 + 2 Euro numbers,5 + 2,1,10000000.0,10000000.0
297,2017-11-24,2,5+1,Match 5 + 1 Euro number,5 + 1,2,1242185.3,2484370.6
297,2017-11-24,3,5+0,Match 5 + 0 Euro numbers,5 + 0,5,86908.5,434542.5
297,2017-11-24,4,4+2,Match 4 + 2 Euro numbers,4 + 2,24,6035.3,144847.2
297,2017-11-24,5,4+1,Match 4 + 1 Euro number,4 + 1,550,237.0,130350.0
297,2017-11-24,6,4+0,Match 4 + 0 Euro numbers,4 + 0,801,126.5,101326.5
297,2017-11-24,7,3+2,Match 3 + 2 Euro numbers,3 + 2,1321,65.7,86789.7
297,2017-11-24,8,2+2,Match 2 + 2 Euro numbers,2 + 2,19441,23.0,447143.0
297,2017-11-24,9,3+1,Match 3 + 1 Euro number,3 + 1,26407,16.4,433074.8
297,2017-11-24,10,3+0,Match 3 + 0 Euro numbers,3 + 0,40126,15.5,621953.0
297,2017-11-24,11,1+2,Match 1 + 2 Euro numbers,1 + 2,101850,11.0,1120350.0
297,2017-11-24,12,2+1,Match 2 + 1 Euro number,2 + 1,389596,7.1,2766131.6
298,2017-12-01,1,5+2,Match 5 + 2 Euro numbers,5 + 2,0,0.0,0.0
298,2017-12-01,2,5+1,Match 5 + 1 Euro number,5 + 1,3,416053.6,1248160.8
298,2017-12-01,3,5+0,Match 5 + 0 Euro numbers,5 + 0,8,55065.9,440527.2
298,2017-12-01,4,4+2,Match 4 + 2 Euro numbers,4 + 2,39,3765.1,146838.9
298,2017-12-01,5,4+1,Match 4 + 1 Euro number,4 + 1,593,222.8,132120.4
298,2017-12-01,6,4+0,Match 4 + 0 Euro numbers,4 + 0,946,108.6,102735.6
298,2017-12-01,7,3+2,Match 3 + 2 Euro numbers,3 + 2,1885,46.7,88029.5
298,2017-12-01,8,2+2,Match 2 + 2 Euro numbers,2 + 2,26445,17.4,460143.0
298,2017-12-01,9,3+1,Match 3 + 1 Euro number,3 + 1,24764,17.4,430893.6
298,2017-12-01,10,3+0,Match 3 + 0 Euro numbers,3 + 0,40903,15.4,629906.2
298,2017-12-01,11,1+2,Match 1 + 2 Euro numbers,1 + 2,141364,8.1,1145048.4
298,2017-12-01,12,2+1,Match 2 + 1 Euro number,2 + 1,356866,7.8,2783554.8
299,2017-12-08,1,5+2,Match 5 + 2 Euro numbers,5 + 2,0,0.0,0.0
299,2017-12-08,2,5+1,Match 5 + 1 Euro number,5 + 1,4,321831.8,1287327.2
299,2017-12-08,3,5+0,Match 5 + 0 Euro numbers,5 + 0,3,151450.2,454350.6
299,2017-12-08,4,4+2,Match 4 + 2 Euro numbers,4 + 2,27,5609.2,151448.4
299,2017-12-08,5,4+1,Match 4 + 1 Euro number,4 + 1,490,278.1,136269.0
299,2017-12-08,6,4+0,Match 4 + 0 Euro numbers,4 + 0,895,118.4,105968.0
299,2017-12-08,7,3+2,Match 3 + 2 Euro numbers,3 + 2,1516,59.9,90808.4
299,2017-12-08,8,2+2,Match 2 + 2 Euro numbers,2 + 2,21567,21.7,468003.9
299,2017-12-08,9,3+1,Match 3 + 1 Euro number,3 + 1,23262,19.5,453609.0
299,2017-12-08,10,3+0,Match 3 + 0 Euro numbers,3 + 0,41914,15.5,649667.0
299,2017-12-08,11,1+2,Match 1 + 2 Euro numbers,1 + 2,113631,10.3,1170399.3
299,2017-12-08,12,2+1,Match 2 + 1 Euro number,2 + 1,350158,8.2,2871295.6
300,2017-12-15,1,5+2,Match 5 + 2 Euro numbers,5 + 2,0,0.0,0.0
300,2017-12-15,2,5+1,Match 5 + 1 Euro number,5 + 1,0,0.0,0.0
300,2017-12-15,3,5+0,Match 5 + 0 Euro numbers,5 + 0,7,69151.0,484057.0
300,2017-12-15,4,4+2,Match 4 + 2 Euro numbers,4 + 2,60,2689.2,161352.0
300,2017-12-15,5,4+1,Match 4 + 1 Euro number,4 + 1,854,170.0,145180.0
300,2017-12-15,6,4+0,Match 4 + 0 Euro numbers,4 + 0,1377,82.0,112914.0
300,2017-12-15,7,3+2,Match 3 + 2 Euro numbers,3 + 2,1667,58.0,96686.0
300,2017-12-15,8,2+2,Match 2 + 2 Euro numbers,2 + 2,23401,21.3,498441.3
300,2017-12-15,9,3+1,Match 3 + 1 Euro number,3 + 1,32816,14.7,482395.2
300,2017-12-15,10,3+0,Match 3 + 0 Euro numbers,3 + 0,56140,12.3,690522.0
300,2017-12-15,11,1+2,Match 1 + 2 Euro numbers,1 + 2,112974,11.1,1254011.4
300,2017-12-15,12,2+1,Match 2 + 1 Euro number,2 + 1,431963,7.1,3066937.3
301,2017-12-22,1,5+2,Match 5 + 2 Euro numbers,5 + 2,0,0.0,0.0
301,2017-12-22,2,5+1,Match 5 + 1 Euro number,5 + 1,2,1476716.4,2953432.8
301,2017-12-22,3,5+0,Match 5 + 0 Euro numbers,5 + 0,4,139582.7,558330.8
301,2017-12-22,4,4+2,Match 4 + 2 Euro numbers,4 + 2,39,4772.0,186108.0
301,2017-12-22,5,4+1,Match 4 + 1 Euro number,4 + 1,515,325.2,167478.0
301,2017-12-22,6,4+0,Match 4 + 0 Euro numbers,4 + 0,931,139.9,130246.9
301,2017-12-22,7,3+2,Match 3 + 2 Euro numbers,3 + 2,1663,67.1,111587.3
301,2017-12-22,8,2+2,Match 2 + 2 Euro numbers,2 + 2,23802,24.2,576008.4
301,2017-12-22,9,3+1,Match 3 + 1 Euro number,3 + 1,25363,22.0,557986.0
301,2017-12-22,10,3+0,Match 3 + 0 Euro numbers,3 + 0,48084,16.6,798194.4
301,2017-12-22,11,1+2,Match 1 + 2 Euro numbers,1 + 2,132336,10.9,1442462.4
301,2017-12-22,12,2+1,Match 2 + 1 Euro number,2 + 1,382174,9.3,3554218.2
302,2017-12-29,1,5+2,Match 5 + 2 Euro numbers,5 + 2,0,0.0,0.0
302,2017-12-29,2,5+1,Match 5 + 1 Euro number,5 + 1,1,1664701.8,1664701.8
302,2017-12-29,3,5+0,Match 5 + 0 Euro numbers,5 + 0,2,293770.9,587541.8
302,2017-12-29,4,4+2,Match 4 + 2 Euro numbers,4 + 2,43,4554.5,195843.5
302,2017-12-29,5,4+1,Match 4 + 1 Euro number,4 + 1,595,296.2,176239.0
302,2017-12-29,6,4+0,Match 4 + 0 Euro numbers,4 + 0,976,140.4,137030.4
302,2017-12-29,7,3+2,Match 3 + 2 Euro numbers,3 + 2,1739,67.5,117382.5
302,2017-12-29,8,2+2,Match 2 + 2 Euro numbers,2 + 2,25800,23.5,606300.0
302,2017-12-29,9,3+1,Match 3 + 1 Euro number,3 + 1,27901,21.0,585921.0
302,2017-12-29,10,3+0,Match 3 + 0 Euro numbers,3 + 0,46663,18.0,839934.0
302,2017-12-29,11,1+2,Match 1 + 2 Euro numbers,1 + 2,147178,10.3,1515933.4
302,2017-12-29,12,2+1,Match 2 + 1 Euro number,2 + 1,434405,8.6,3735883.0
303,2018-01-05,1,5+2,Match 5 + 2 Euro numbers,5 + 2,0,0.0,0.0
303,2018-01-05,2,5+1,Match 5 + 1 Euro number,5 + 1,4,452853.8,1811415.2
303,2018-01-05,3,5+0,Match 5 + 0 Euro numbers,5 + 0,8,79915.3,639322.4
303,2018-01-05,4,4+2,Match 4 + 2 Euro numbers,4 + 2,32,6659.6,213107.2
303,2018-01-05,5,4+1,Match 4 + 1 Euro number,4 + 1,662,289.7,191781.4
303,2018-01-05,6,4+0,Match 4 + 0 Euro numbers,4 + 0,1186,125.7,149080.2
303,2018-01-05,7,3+2,Match 3 + 2 Euro numbers,3 + 2,1578,81.0,127818.0
303,2018-01-05,8,2+2,Match 2 + 2 Euro numbers,2 + 2,23850,27.6,658260.0
303,2018-01-05,9,3+1,Match 3 + 1 Euro number,3 + 1,30358,21.0,637518.0
303,2018-01-05,10,3+0,Match 3 + 0 Euro numbers,3 + 0,54020,16.9,912938.0
303,2018-01-05,11,1+2,Match 1 + 2 Euro numbers,1 + 2,128698,12.9,1660204.2
303,2018-01-05,12,2+1,Match 2 + 1 Euro number,2 + 1,472493,8.6,4063439.8
304,2018-01-12,1,5+2,Match 5 + 2 Euro numbers,5 + 2,0,0.0,0.0
304,2018-01-12,2,5+1,Match 5 + 1 Euro number,5 + 1,1,2082967.2,2082967.2
304,2018-01-12,3,5+0,Match 5 + 0 Euro numbers,5 + 0,7,105023.5,735164.5
304,2018-01-12,4,4+2,Match 4 + 2 Euro numbers,4 + 2,44,5569.4,245053.6
304,2018-01-12,5,4+1,Match 4 + 1 Euro number,4 + 1,838,263.1,220477.8
304,2018-01-12,6,4+0,Match 4 + 0 Euro numbers,4 + 0,1811,94.7,171501.7
304,2018-01-12,7,3+2,Match 3 + 2 Euro numbers,3 + 2,2410,61.0,147010.0
304,2018-01-12,8,2+2,Match 2 + 2 Euro numbers,2 + 2,38213,19.9,760438.7
304,2018-01-12,9,3+1,Match 3 + 1 Euro number,3 + 1,36706,19.9,730449.4
304,2018-01-12,10,3+0,Match 3 + 0 Euro numbers,3 + 0,70808,14.8,1047958.4
304,2018-01-12,11,1+2,Match 1 + 2 Euro numbers,1 + 2,205938,9.2,1894629.6
304,2018-01-12,12,2+1,Match 2 + 1 Euro number,2 + 1,557705,8.3,4628951.5
305,2018-01-19,1,5+2,Match 5 + 2 Euro numbers,5 + 2,0,0.0,0.0
305,2018-01-19,2,5+1,Match 5 + 1 Euro number,5 + 1,5,476872.5,2384362.5
305,2018-01-19,3,5+0,Match 5 + 0 Euro numbers,5 + 0,3,280513.2,841539.6
305,2018-01-19,4,4+2,Match 4 + 2 Euro numbers,4 + 2,74,3790.7,280511.8
305,2018-01-19,5,4+1,Match 4 + 1 Euro number,4 + 1,1090,231.6,252444.0
305,2018-01-19,6,4+0,Match 4 + 0 Euro numbers,4 + 0,1919,102.3,196313.7
305,2018-01-19,7,3+2,Match 3 + 2 Euro numbers,3 + 2,3113,54.0,168102.0
305,2018-01-19,8,2+2,Match 2 + 2 Euro numbers,2 + 2,43059,20.1,865485.9
305,2018-01-19,9,3+1,Match 3 + 1 Euro number,3 + 1,48899,17.2,841062.8
305,2018-01-19,10,3+0,Match 3 + 0 Euro numbers,3 + 0,86782,13.8,1197591.6
305,2018-01-19,11,1+2,Match 1 + 2 Euro numbers,1 + 2,219136,9.9,2169446.4
305,2018-01-19,12,2+1,Match 2 + 1 Euro number,2 + 1,687775,7.7,5295867.5
306,2018-01-26,1,5+2,Match 5 + 2 Euro numbers,5 + 2,0,0.0,0.0
306,2018-01-26,2,5+1,Match 5 + 1 Euro number,5 + 1,2,1515220.9,3030441.8
306,2018-01-26,3,5+0,Match 5 + 0 Euro numbers,5 + 0,6,178261.2,1069567.2
306,2018-01-26,4,4+2,Match 4 + 2 Euro numbers,4 + 2,124,2875.1,356512.4
306,2018-01-26,5,4+1,Match 4 + 1 Euro number,4 + 1,1522,210.8,320837.6
306,2018-01-26,6,4+0,Match 4 + 0 Euro numbers,4 + 0,2261,110.3,249388.3
306,2018-01-26,7,3+2,Match 3 + 2 Euro numbers,3 + 2,4706,45.4,213652.4
306,2018-01-26,8,2+2,Match 2 + 2 Euro numbers,2 + 2,66728,16.5,1101012.0
306,2018-01-26,9,3+1,Match 3 + 1 Euro number,3 + 1,66577,16.0,1065232.0
306,2018-01-26,10,3+0,Match 3 + 0 Euro numbers,3 + 0,100814,15.2,1532372.8
306,2018-01-26,11,1+2,Match 1 + 2 Euro numbers,1 + 2,338459,8.2,2775363.8
306,2018-01-26,12,2+1,Match 2 + 1 Euro number,2 + 1,931749,7.3,6801767.7
307,2018-02-02,1,5+2,Match 5 + 2 Euro numbers,5 + 2,0,0.0,0.0
307,2018-02-02,2,5+1,Match 5 + 1 Euro number,5 + 1,7,2921419.3,20449935.1
307,2018-02-02,3,5+0,Match 5 + 0 Euro numbers,5 + 0,6,236690.9,1420145.4
307,2018-02-02,4,4+2,Match 4 + 2 Euro numbers,4 + 2,102,4640.9,473371.8
307,2018-02-02,5,4+1,Match 4 + 1 Euro number,4 + 1,1799,236.8,426003.2
307,2018-02-02,6,4+0,Match 4 + 0 Euro numbers,4 + 0,2917,113.5,331079.5
307,2018-02-02,7,3+2,Match 3 + 2 Euro numbers,3 + 2,4165,68.1,283636.5
307,2018-02-02,8,2+2,Match 2 + 2 Euro numbers,2 + 2,62245,23.5,1462757.5
307,2018-02-02,9,3+1,Match 3 + 1 Euro number,3 + 1,82832,17.1,1416427.2
307,2018-02-02,10,3+0,Match 3 + 0 Euro numbers,3 + 0,129148,15.7,2027623.6
307,2018-02-02,11,1+2,Match 1 + 2 Euro numbers,1 + 2,330727,11.1,3671069.7
307,2018-02-02,12,2+1,Match 2 + 1 Euro number,2 + 1,1186544,7.6,9017734.4
308,2018-02-09,1,5+2,Match 5 + 2 Euro numbers,5 + 2,1,90000000.0,90000000.0
308,2018-02-09,2,5+1,Match 5 + 1 Euro number,5 + 1,8,3520586.1,28164688.8
308,2018-02-09,3,5+0,Match 5 + 0 Euro numbers,5 + 0,9,167953.8,1511584.2
308,2018-02-09,4,4+2,Match 4 + 2 Euro numbers,4 + 2,150,3359.0,503850.0
308,2018-02-09,5,4+1,Match 4 + 1 Euro number,4 + 1,1678,270.2,453395.6
308,2018-02-09,6,4+0,Match 4 + 0 Euro numbers,4 + 0,2747,128.3,352440.1
308,2018-02-09,7,3+2,Match 3 + 2 Euro numbers,3 + 2,6234,48.4,301725.6
308,2018-02-09,8,2+2,Match 2 + 2 Euro numbers,2 + 2,98760,16.7,1649292.0
308,2018-02-09,9,3+1,Match 3 + 1 Euro number,3 + 1,85007,16.7,1419616.9
308,2018-02-09,10,3+0,Match 3 + 0 Euro numbers,3 + 0,138572,15.6,2161723.2
308,2018-02-09,11,1+2,Match 1 + 2 Euro numbers,1 + 2,496340,7.9,3921086.0
308,2018-02-09,12,2+1,Match 2 + 1 Euro number,2 + 1,1272441,7.5,9543307.5
309,2018-02-16,1,5+2,Match 5 + 2 Euro numbers,5 + 2,0,0.0,0.0
309,2018-02-16,2,5+1,Match 5 + 1 Euro number,5 + 1,1,1614745.6,1614745.6
309,2018-02-16,3,5+0,Match 5 + 0 Euro numbers,5 + 0,7,81415.7,569909.9
309,2018-02-16,4,4+2,Match 4 + 2 Euro numbers,4 + 2,42,4523.0,189966.0
309,2018-02-16,5,4+1,Match 4 + 1 Euro number,4 + 1,791,216.1,170935.1
309,2018-02-16,6,4+0,Match 4 + 0 Euro numbers,4 + 0,1807,76.0,137332.0
309,2018-02-16,7,3+2,Match 3 + 2 Euro numbers,3 + 2,1440,76.0,109440.0
309,2018-02-16,8,2+2,Match 2 + 2 Euro numbers,2 + 2,19578,30.0,587340.0
309,2018-02-16,9,3+1,Match 3 + 1 Euro number,3 + 1,31177,18.2,567421.4
309,2018-02-16,10,3+0,Match 3 + 0 Euro numbers,3 + 0,73274,12.9,945234.6
309,2018-02-16,11,1+2,Match 1 + 2 Euro numbers,1 + 2,104249,12.9,1344812.1
309,2018-02-16,12,2+1,Match 2 + 1 Euro number,2 + 1,417353,8.6,3589235.8
310,2018-02-23,1,5+2,Match 5 + 2 Euro numbers,5 + 2,0,0.0,0.0
310,2018-02-23,2,5+1,Match 5 + 1 Euro number,5 + 1,3,546393.5,1639180.5
310,2018-02-23,3,5+0,Match 5 + 0 Euro numbers,5 + 0,4,144633.5,578534.0
310,2018-02-23,4,4+2,Match 4 + 2 Euro numbers,4 + 2,32,6026.3,192841.6
310,2018-02-23,5,4+1,Match 4 + 1 Euro number,4 + 1,812,213.7,173524.4
310,2018-02-23,6,4+0,Match 4 + 0 Euro numbers,4 + 0,1579,85.4,134846.6
310,2018-02-23,7,3+2,Match 3 + 2 Euro numbers,3 + 2,1478,78.2,115579.6
310,2018-02-23,8,2+2,Match 2 + 2 Euro numbers,2 + 2,21106,28.3,597299.8
310,2018-02-23,9,3+1,Match 3 + 1 Euro number,3 + 1,29958,19.3,578189.4
310,2018-02-23,10,3+0,Match 3 + 0 Euro numbers,3 + 0,59733,13.8,824315.4
310,2018-02-23,11,1+2,Match 1 + 2 Euro numbers,1 + 2,111170,13.5,1500795.0
310,2018-02-23,12,2+1,Match 2 + 1 Euro number,2 + 1,410517,8.9,3653601.3
311,2018-03-02,1,5+2,Match 5 + 2 Euro numbers,5 + 2,0,0.0,0.0
311,2018-03-02,2,5+1,Match 5 + 1 Euro number,5 + 1,4,440725.6,1762902.4
311,2018-03-02,3,5+0,Match 5 + 0 Euro numbers,5 + 0,4,155550.2,622200.8
311,2018-03-02,4,4+2,Match 4 + 2 Euro numbers,4 + 2,61,3400.0,207400.0
311,2018-03-02,5,4+1,Match 4 + 1 Euro number,4 + 1,707,264.0,186648.0
311,2018-03-02,6,4+0,Match 4 + 0 Euro numbers,4 + 0,1113,130.4,145135.2
311,2018-03-02,7,3+2,Match 3 + 2 Euro numbers,3 + 2,2712,45.8,124209.6
311,2018-03-02,8,2+2,Match 2 + 2 Euro numbers,2 + 2,36448,17.6,641484.8
311,2018-03-02,9,3+1,Match 3 + 1 Euro number,3 + 1,35950,17.3,621935.0
311,2018-03-02,10,3+0,Match 3 + 0 Euro numbers,3 + 0,57170,15.5,886135.0
311,2018-03-02,11,1+2,Match 1 + 2 Euro numbers,1 + 2,194201,8.3,1611868.3
311,2018-03-02,12,2+1,Match 2 + 1 Euro number,2 + 1,526600,7.5,3949500.0
312,2018-03-09,1,5+2,Match 5 + 2 Euro numbers,5 + 2,1,42670719.3,42670719.3
312,2018-03-09,2,5+1,Match 5 + 1 Euro number,5 + 1,6,317860.6,1907163.6
312,2018-03-09,3,5+0,Match 5 + 0 Euro numbers,5 + 0,6,112186.1,673116.6
312,2018-03-09,4,4+2,Match 4 + 2 Euro numbers,4 + 2,150,1495.8,224370.0
312,2018-03-09,5,4+1,Match 4 + 1 Euro number,4 + 1,1311,154.0,201894.0
312,2018-03-09,6,4+0,Match 4 + 0 Euro numbers,4 + 0,1898,82.7,156964.6
312,2018-03-09,7,3+2,Match 3 + 2 Euro numbers,3 + 2,4101,32.8,134512.8
312,2018-03-09,8,2+2,Match 2 + 2 Euro numbers,2 + 2,51537,14.3,736979.1
312,2018-03-09,9,3+1,Match 3 + 1 Euro number,3 + 1,44044,14.3,629829.2
312,2018-03-09,10,3+0,Match 3 + 0 Euro numbers,3 + 0,69914,13.7,957821.8
312,2018-03-09,11,1+2,Match 1 + 2 Euro numbers,1 + 2,252600,7.2,1818720.0
312,2018-03-09,12,2+1,Match 2 + 1 Euro number,2 + 1,580152,7.2,4177094.4
313,2018-03-16,1,5+2,Match 5 + 2 Euro numbers,5 + 2,0,0.0,0.0
313,2018-03-16,2,5+1,Match 5 + 1 Euro number,5 + 1,0,0.0,0.0
313,2018-03-16,3,5+0,Match 5 + 0 Euro numbers,5 + 0,1,514131.6,514131.6
313,2018-03-16,4,4+2,Match 4 + 2 Euro numbers,4 + 2,29,5909.5,171375.5
313,2018-03-16,5,4+1,Match 4 + 1 Euro number,4 + 1,524,294.3,154213.2
313,2018-03-16,6,4+0,Match 4 + 0 Euro numbers,4 + 0,910,131.8,119938.0
313,2018-03-16,7,3+2,Match 3 + 2 Euro numbers,3 + 2,1562,65.8,102779.6
313,2018-03-16,8,2+2,Match 2 + 2 Euro numbers,2 + 2,22988,23.1,531022.8
313,2018-03-16,9,3+1,Match 3 + 1 Euro number,3 + 1,28338,18.1,512917.8
313,2018-03-16,10,3+0,Match 3 + 0 Euro numbers,3 + 0,44275,16.6,734965.0
313,2018-03-16,11,1+2,Match 1 + 2 Euro numbers,1 + 2,125062,10.6,1325657.2
313,2018-03-16,12,2+1,Match 2 + 1 Euro number,2 + 1,436602,7.4,3230854.8
314,2018-03-23,1,5+2,Match 5 + 2 Euro numbers,5 + 2,1,17461478.8,17461478.8
314,2018-03-23,2,5+1,Match 5 + 1 Euro number,5 + 1,7,425220.6,2976544.2
314,2018-03-23,3,5+0,Match 5 + 0 Euro numbers,5 + 0,8,67051.6,536412.8
314,2018-03-23,4,4+2,Match 4 + 2 Euro numbers,4 + 2,55,3250.9,178799.5
314,2018-03-23,5,4+1,Match 4 + 1 Euro number,4 + 1,695,231.5,160892.5
314,2018-03-23,6,4+0,Match 4 + 0 Euro numbers,4 + 0,1860,67.5,125550.0
314,2018-03-23,7,3+2,Match 3 + 2 Euro numbers,3 + 2,1581,67.5,106717.5
314,2018-03-23,8,2+2,Match 2 + 2 Euro numbers,2 + 2,21688,25.5,553044.0
314,2018-03-23,9,3+1,Match 3 + 1 Euro number,3 + 1,25671,20.8,533956.8
314,2018-03-23,10,3+0,Match 3 + 0 Euro numbers,3 + 0,63409,12.3,779930.7
314,2018-03-23,11,1+2,Match 1 + 2 Euro numbers,1 + 2,112488,12.3,1383602.4
314,2018-03-23,12,2+1,Match 2 + 1 Euro number,2 + 1,357287,9.5,3394226.5
315,2018-03-30,1,5+2,Match 5 + 2 Euro numbers,5 + 2,0,0.0,0.0
315,2018-03-30,2,5+1,Match 5 + 1 Euro number,5 + 1,4,343149.1,1372596.4
315,2018-03-30,3,5+0,Match 5 + 0 Euro numbers,5 + 0,4,121111.4,484445.6
315,2018-03-30,4,4+2,Match 4 + 2 Euro numbers,4 + 2,64,2523.1,161478.4
315,2018-03-30,5,4+1,Match 4 + 1 Euro number,4 + 1,816,178.1,145329.6
315,2018-03-30,6,4+0,Match 4 + 0 Euro numbers,4 + 0,1239,91.2,112996.8
315,2018-03-30,7,3+2,Match 3 + 2 Euro numbers,3 + 2,2673,36.2,96762.6
315,2018-03-30,8,2+2,Match 2 + 2 Euro numbers,2 + 2,34670,14.4,499248.0
315,2018-03-30,9,3+1,Match 3 + 1 Euro number,3 + 1,33582,14.4,483580.8
315,2018-03-30,10,3+0,Match 3 + 0 Euro numbers,3 + 0,49652,13.9,690162.8
315,2018-03-30,11,1+2,Match 1 + 2 Euro numbers,1 + 2,161496,7.7,1243519.2
315,2018-03-30,12,2+1,Match 2 + 1 Euro number,2 + 1,450096,6.8,3060652.8
316,2018-04-06,1,5+2,Match 5 + 2 Euro numbers,5 + 2,0,0.0,0.0
316,2018-04-06,2,5+1,Match 5 + 1 Euro number,5 + 1,1,1406265.3,1406265.3
316,2018-04-06,3,5+0,Match 5 + 0 Euro numbers,5 + 0,2,248164.4,496328.8
316,2018-04-06,4,4+2,Match 4 + 2 Euro numbers,4 + 2,34,4865.9,165440.6
316,2018-04-06,5,4+1,Match 4 + 1 Euro number,4 + 1,700,212.7,148890.0
316,2018-04-06,6,4+0,Match 4 + 0 Euro numbers,4 + 0,1051,110.1,115715.1
316,2018-04-06,7,3+2,Match 3 + 2 Euro numbers,3 + 2,2514,39.4,99051.6
316,2018-04-06,8,2+2,Match 2 + 2 Euro numbers,2 + 2,33557,15.8,530200.6
316,2018-04-06,9,3+1,Match 3 + 1 Euro number,3 + 1,30261,15.8,478123.8
316,2018-04-06,10,3+0,Match 3 + 0 Euro numbers,3 + 0,48290,14.7,709863.0
316,2018-04-06,11,1+2,Match 1 + 2 Euro numbers,1 + 2,171334,7.5,1285005.0
316,2018-04-06,12,2+1,Match 2 + 1 Euro number,2 + 1,417622,7.5,3132165.0
317,2018-04-13,1,5+2,Match 5 + 2 Euro numbers,5 + 2,0,0.0,0.0
317,2018-04-13,2,5+1,Match 5 + 1 Euro number,5 + 1,5,321585.0,1607925.0
317,2018-04-13,3,5+0,Match 5 + 0 Euro numbers,5 + 0,3,189167.7,567503.1
317,2018-04-13,4,4+2,Match 4 + 2 Euro numbers,4 + 2,36,5254.6,189165.6
317,2018-04-13,5,4+1,Match 4 + 1 Euro number,4 + 1,734,231.9,170214.6
317,2018-04-13,6,4+0,Match 4 + 0 Euro numbers,4 + 0,1338,98.9,132328.2
317,2018-04-13,7,3+2,Match 3 + 2 Euro numbers,3 + 2,1562,72.6,113401.2
317,2018-04-13,8,2+2,Match 2 + 2 Euro numbers,2 + 2,22144,26.4,584601.6
317,2018-04-13,9,3+1,Match 3 + 1 Euro number,3 + 1,31956,17.7,565621.2
317,2018-04-13,10,3+0,Match 3 + 0 Euro numbers,3 + 0,59936,13.5,809136.0
317,2018-04-13,11,1+2,Match 1 + 2 Euro numbers,1 + 2,112236,13.1,1470291.6
317,2018-04-13,12,2+1,Match 2 + 1 Euro number,2 + 1,451540,8.0,3612320.0
318,2018-04-20,1,5+2,Match 5 + 2 Euro numbers,5 + 2,0,0.0,0.0
318,2018-04-20,2,5+1,Match 5 + 1 Euro number,5 + 1,3,526678.1,1580034.3
318,2018-04-20,3,5+0,Match 5 + 0 Euro numbers,5 + 0,7,79665.6,557659.2
318,2018-04-20,4,4+2,Match 4 + 2 Euro numbers,4 + 2,48,3872.6,185884.8
318,2018-04-20,5,4+1,Match 4 + 1 Euro number,4 + 1,729,229.4,167232.6
318,2018-04-20,6,4+0,Match 4 + 0 Euro numbers,4 + 0,1168,111.4,130115.2
318,2018-04-20,7,3+2,Match 3 + 2 Euro numbers,3 + 2,1967,56.7,111528.9
318,2018-04-20,8,2+2,Match 2 + 2 Euro numbers,2 + 2,28582,20.1,574498.2
318,2018-04-20,9,3+1,Match 3 + 1 Euro number,3 + 1,31401,17.7,555797.7
318,2018-04-20,10,3+0,Match 3 + 0 Euro numbers,3 + 0,50184,15.9,797925.6
318,2018-04-20,11,1+2,Match 1 + 2 Euro numbers,1 + 2,150904,9.6,1448678.4
318,2018-04-20,12,2+1,Match 2 + 1 Euro number,2 + 1,462026,7.6,3511397.6
319,2018-04-27,1,5+2,Match 5 + 2 Euro numbers,5 + 2,0,0.0,0.0
319,2018-04-27,2,5+1,Match 5 + 1 Euro number,5 + 1,4,440544.4,1762177.6
319,2018-04-27,3,5+0,Match 5 + 0 Euro numbers,5 + 0,6,103657.5,621945.0
319,2018-04-27,4,4+2,Match 4 + 2 Euro numbers,4 + 2,42,4936.0,207312.0
319,2018-04-27,5,4+1,Match 4 + 1 Euro number,4 + 1,545,342.3,186553.5
319,2018-04-27,6,4+0,Match 4 + 0 Euro numbers,4 + 0,1280,113.3,145024.0
319,2018-04-27,7,3+2,Match 3 + 2 Euro numbers,3 + 2,1501,82.8,124282.8
319,2018-04-27,8,2+2,Match 2 + 2 Euro numbers,2 + 2,21369,30.0,641070.0
319,2018-04-27,9,3+1,Match 3 + 1 Euro number,3 + 1,27546,22.5,619785.0
319,2018-04-27,10,3+0,Match 3 + 0 Euro numbers,3 + 0,58772,15.1,887457.2
319,2018-04-27,11,1+2,Match 1 + 2 Euro numbers,1 + 2,114910,14.0,1608740.0
319,2018-04-27,12,2+1,Match 2 + 1 Euro number,2 + 1,421801,9.3,3922749.3
320,2018-05-04,1,5+2,Match 5 + 2 Euro numbers,5 + 2,0,0.0,0.0
320,2018-05-04,2,5+1,Match 5 + 1 Euro number,5 + 1,5,392271.4,1961357.0
320,2018-05-04,3,5+0,Match 5 + 0 Euro numbers,5 + 0,5,138448.7,692243.5
320,2018-05-04,4,4+2,Match 4 + 2 Euro numbers,4 + 2,54,4273.1,230747.4
320,2018-05-04,5,4+1,Match 4 + 1 Euro number,4 + 1,810,256.3,207603.0
320,2018-05-04,6,4+0,Match 4 + 0 Euro numbers,4 + 0,1280,126.1,161408.0
320,2018-05-04,7,3+2,Match 3 + 2 Euro numbers,3 + 2,2911,47.5,138272.5
320,2018-05-04,8,2+2,Match 2 + 2 Euro numbers,2 + 2,43438,17.5,760165.0
320,2018-05-04,9,3+1,Match 3 + 1 Euro number,3 + 1,36852,17.5,644910.0
320,2018-05-04,10,3+0,Match 3 + 0 Euro numbers,3 + 0,60495,16.4,992118.0
320,2018-05-04,11,1+2,Match 1 + 2 Euro numbers,1 + 2,231220,7.9,1826638.0
320,2018-05-04,12,2+1,Match 2 + 1 Euro number,2 + 1,548251,7.9,4331182.9
321,2018-05-11,1,5+2,Match 5 + 2 Euro numbers,5 + 2,0,0.0,0.0
321,2018-05-11,2,5+1,Match 5 + 1 Euro number,5 + 1,3,702147.4,2106442.2
321,2018-05-11,3,5+0,Match 5 + 0 Euro numbers,5 + 0,14,53103.5,743449.0
321,2018-05-11,4,4+2,Match 4 + 2 Euro numbers,4 + 2,57,4347.6,247813.2
321,2018-05-11,5,4+1,Match 4 + 1 Euro number,4 + 1,1060,210.4,223024.0
321,2018-05-11,6,4+0,Match 4 + 0 Euro numbers,4 + 0,2235,77.6,173436.0
321,2018-05-11,7,3+2,Match 3 + 2 Euro numbers,3 + 2,2326,63.9,148631.4
321,2018-05-11,8,2+2,Match 2 + 2 Euro numbers,2 + 2,31008,24.7,765897.6
321,2018-05-11,9,3+1,Match 3 + 1 Euro number,3 + 1,42287,17.5,740022.5
321,2018-05-11,10,3+0,Match 3 + 0 Euro numbers,3 + 0,88705,12.0,1064460.0
321,2018-05-11,11,1+2,Match 1 + 2 Euro numbers,1 + 2,161111,11.9,1917220.9
321,2018-05-11,12,2+1,Match 2 + 1 Euro number,2 + 1,576865,8.2,4730293.0
322,2018-05-18,1,5+2,Match 5 + 2 Euro numbers,5 + 2,0,0.0,0.0
322,2018-05-18,2,5+1,Match 5 + 1 Euro number,5 + 1,4,632321.7,2529286.8
322,2018-05-18,3,5+0,Match 5 + 0 Euro numbers,5 + 0,7,127527.0,892689.0
322,2018-05-18,4,4+2,Match 4 + 2 Euro numbers,4 + 2,60,4959.3,297558.0
322,2018-05-18,5,4+1,Match 4 + 1 Euro number,4 + 1,1091,245.4,267731.4
322,2018-05-18,6,4+0,Match 4 + 0 Euro numbers,4 + 0,1831,113.7,208184.7
322,2018-05-18,7,3+2,Match 3 + 2 Euro numbers,3 + 2,3715,48.0,178320.0
322,2018-05-18,8,2+2,Match 2 + 2 Euro numbers,2 + 2,53615,17.5,938262.5
322,2018-05-18,9,3+1,Match 3 + 1 Euro number,3 + 1,49864,17.5,872620.0
322,2018-05-18,10,3+0,Match 3 + 0 Euro numbers,3 + 0,83385,15.3,1275790.5
322,2018-05-18,11,1+2,Match 1 + 2 Euro numbers,1 + 2,282921,8.2,2319952.2
322,2018-05-18,12,2+1,Match 2 + 1 Euro number,2 + 1,705949,8.0,5647592.0
323,2018-05-25,1,5+2,Match 5 + 2 Euro numbers,5 + 2,0,0.0,0.0
323,2018-05-25,2,5+1,Match 5 + 1 Euro number,5 + 1,4,2327357.8,9309431.2
323,2018-05-25,3,5+0,Match 5 + 0 Euro numbers,5 + 0,11,97570.3,1073273.3
323,2018-05-25,4,4+2,Match 4 + 2 Euro numbers,4 + 2,83,4310.3,357754.9
323,2018-05-25,5,4+1,Match 4 + 1 Euro number,4 + 1,1071,300.6,321942.6
323,2018-05-25,6,4+0,Match 4 + 0 Euro numbers,4 + 0,1834,136.5,250341.0
323,2018-05-25,7,3+2,Match 3 + 2 Euro numbers,3 + 2,3654,58.7,214489.8
323,2018-05-25,8,2+2,Match 2 + 2 Euro numbers,2 + 2,58490,19.8,1158102.0
323,2018-05-25,9,3+1,Match 3 + 1 Euro number,3 + 1,51579,19.8,1021264.2
323,2018-05-25,10,3+0,Match 3 + 0 Euro numbers,3 + 0,86930,17.6,1529968.0
323,2018-05-25,11,1+2,Match 1 + 2 Euro numbers,1 + 2,335422,8.6,2884629.2
323,2018-05-25,12,2+1,Match 2 + 1 Euro number,2 + 1,782101,8.6,6726068.6
324,2018-06-01,1,5+2,Match 5 + 2 Euro numbers,5 + 2,0,0.0,0.0
324,2018-06-01,2,5+1,Match 5 + 1 Euro number,5 + 1,3,7318844.8,21956534.4
324,2018-06-01,3,5+0,Match 5 + 0 Euro numbers,5 + 0,13,91471.7,1189132.1
324,2018-06-01,4,4+2,Match 4 + 2 Euro numbers,4 + 2,119,3330.9,396377.1
324,2018-06-01,5,4+1,Match 4 + 1 Euro number,4 + 1,1388,257.0,356716.0
324,2018-06-01,6,4+0,Match 4 + 0 Euro numbers,4 + 0,2416,114.8,277356.8
324,2018-06-01,7,3+2,Match 3 + 2 Euro numbers,3 + 2,5644,42.1,237612.4
324,2018-06-01,8,2+2,Match 2 + 2 Euro numbers,2 + 2,85289,15.9,1356095.1
324,2018-06-01,9,3+1,Match 3 + 1 Euro number,3 + 1,66097,15.9,1050942.3
324,2018-06-01,10,3+0,Match 3 + 0 Euro numbers,3 + 0,107953,15.7,1694862.1
324,2018-06-01,11,1+2,Match 1 + 2 Euro numbers,1 + 2,444634,7.5,3334755.0
324,2018-06-01,12,2+1,Match 2 + 1 Euro number,2 + 1,971800,7.5,7288500.0
325,2018-06-08,1,5+2,Match 5 + 2 Euro numbers,5 + 2,0,0.0,0.0
325,2018-06-08,2,5+1,Match 5 + 1 Euro number,5 + 1,5,4673083.2,23365416.0
325,2018-06-08,3,5+0,Match 5 + 0 Euro numbers,5 + 0,13,96190.8,1250480.4
325,2018-06-08,4,4+2,Match 4 + 2 Euro numbers,4 + 2,89,4683.4,416822.6
325,2018-06-08,5,4+1,Match 4 + 1 Euro number,4 + 1,1764,212.6,375026.4
325,2018-06-08,6,4+0,Match 4 + 0 Euro numbers,4 + 0,3703,78.7,291426.1
325,2018-06-08,7,3+2,Match 3 + 2 Euro numbers,3 + 2,3349,74.6,249835.4
325,2018-06-08,8,2+2,Match 2 + 2 Euro numbers,2 + 2,47103,27.4,1290622.2
325,2018-06-08,9,3+1,Match 3 + 1 Euro number,3 + 1,68760,18.1,1244556.0
325,2018-06-08,10,3+0,Match 3 + 0 Euro numbers,3 + 0,146021,12.6,1839864.6
325,2018-06-08,11,1+2,Match 1 + 2 Euro numbers,1 + 2,252881,12.6,3186300.6
325,2018-06-08,12,2+1,Match 2 + 1 Euro number,2 + 1,941723,8.4,7910473.2
326,2018-06-15,1,5+2,Match 5 + 2 Euro numbers,5 + 2,0,0.0,0.0
326,2018-06-15,2,5+1,Match 5 + 1 Euro number,5 + 1,28,853136.9,23887833.2
326,2018-06-15,3,5+0,Match 5 + 0 Euro numbers,5 + 0,41,30927.9,1268043.9
326,2018-06-15,4,4+2,Match 4 + 2 Euro numbers,4 + 2,140,3019.1,422674.0
326,2018-06-15,5,4+1,Match 4 + 1 Euro number,4 + 1,3383,112.4,380249.2
326,2018-06-15,6,4+0,Match 4 + 0 Euro numbers,4 + 0,6656,49.5,329472.0
326,2018-06-15,7,3+2,Match 3 + 2 Euro numbers,3 + 2,4438,49.5,219681.0
326,2018-06-15,8,2+2,Match 2 + 2 Euro numbers,2 + 2,54351,24.1,1309859.1
326,2018-06-15,9,3+1,Match 3 + 1 Euro number,3 + 1,87027,14.5,1261891.5
326,2018-06-15,10,3+0,Match 3 + 0 Euro numbers,3 + 0,168026,11.5,1932299.0
326,2018-06-15,11,1+2,Match 1 + 2 Euro numbers,1 + 2,273714,11.5,3147711.0
326,2018-06-15,12,2+1,Match 2 + 1 Euro number,2 + 1,1055581,7.6,8022415.6
327,2018-06-22,1,5+2,Match 5 + 2 Euro numbers,5 + 2,0,0.0,0.0
327,2018-06-22,2,5+1,Match 5 + 1 Euro number,5 + 1,11,2173407.1,23907478.1
327,2018-06-22,3,5+0,Match 5 + 0 Euro numbers,5 + 0,20,63178.4,1263568.0
327,2018-06-22,4,4+2,Match 4 + 2 Euro numbers,4 + 2,93,4528.9,421187.7
327,2018-06-22,5,4+1,Match 4 + 1 Euro number,4 + 1,1917,197.7,378990.9
327,2018-06-22,6,4+0,Match 4 + 0 Euro numbers,4 + 0,2817,104.6,294658.2
327,2018-06-22,7,3+2,Match 3 + 2 Euro numbers,3 + 2,4160,60.7,252512.0
327,2018-06-22,8,2+2,Match 2 + 2 Euro numbers,2 + 2,55962,23.3,1303914.6
327,2018-06-22,9,3+1,Match 3 + 1 Euro number,3 + 1,77501,16.3,1263266.3
327,2018-06-22,10,3+0,Match 3 + 0 Euro numbers,3 + 0,121233,14.9,1806371.7
327,2018-06-22,11,1+2,Match 1 + 2 Euro numbers,1 + 2,291643,11.2,3266401.6
327,2018-06-22,12,2+1,Match 2 + 1 Euro number,2 + 1,1083078,7.4,8014777.2
328,2018-06-29,1,5+2,Match 5 + 2 Euro numbers,5 + 2,0,0.0,0.0
328,2018-06-29,2,5+1,Match 5 + 1 Euro number,5 + 1,4,5966268.7,23865074.8
328,2018-06-29,3,5+0,Match 5 + 0 Euro numbers,5 + 0,8,158045.3,1264362.4
328,2018-06-29,4,4+2,Match 4 + 2 Euro numbers,4 + 2,82,5139.6,421447.2
328,2018-06-29,5,4+1,Match 4 + 1 Euro number,4 + 1,1339,283.2,379204.8
328,2018-06-29,6,4+0,Match 4 + 0 Euro numbers,4 + 0,2346,125.7,294892.2
328,2018-06-29,7,3+2,Match 3 + 2 Euro numbers,3 + 2,4152,60.9,252856.8
328,2018-06-29,8,2+2,Match 2 + 2 Euro numbers,2 + 2,63113,20.7,1306439.1
328,2018-06-29,9,3+1,Match 3 + 1 Euro number,3 + 1,61831,20.4,1261352.4
328,2018-06-29,10,3+0,Match 3 + 0 Euro numbers,3 + 0,108032,16.7,1804134.4
328,2018-06-29,11,1+2,Match 1 + 2 Euro numbers,1 + 2,349323,9.4,3283636.2
328,2018-06-29,12,2+1,Match 2 + 1 Euro number,2 + 1,945584,8.5,8037464.0
329,2018-07-06,1,5+2,Match 5 + 2 Euro numbers,5 + 2,2,45000000.0,90000000.0
329,2018-07-06,2,5+1,Match 5 + 1 Euro number,5 + 1,24,999914.6,23997950.4
329,2018-07-06,3,5+0,Match 5 + 0 Euro numbers,5 + 0,29,43966.7,1275034.3
329,2018-07-06,4,4+2,Match 4 + 2 Euro numbers,4 + 2,191,2225.1,424994.1
329,2018-07-06,5,4+1,Match 4 + 1 Euro number,4 + 1,2239,170.8,382421.2
329,2018-07-06,6,4+0,Match 4 + 0 Euro numbers,4 + 0,4264,69.7,297200.8
329,2018-07-06,7,3+2,Match 3 + 2 Euro numbers,3 + 2,6554,38.9,254950.6
329,2018-07-06,8,2+2,Match 2 + 2 Euro numbers,2 + 2,79772,16.5,1316238.0
329,2018-07-06,9,3+1,Match 3 + 1 Euro number,3 + 1,84568,15.0,1268520.0
329,2018-07-06,10,3+0,Match 3 + 0 Euro numbers,3 + 0,137427,13.2,1814036.4
329,2018-07-06,11,1+2,Match 1 + 2 Euro numbers,1 + 2,414050,8.0,3312400.0
329,2018-07-06,12,2+1,Match 2 + 1 Euro number,2 + 1,1078148,7.5,8086110.0
330,2018-07-13,1,5+2,Match 5 + 2 Euro numbers,5 + 2,0,0.0,0.0
330,2018-07-13,2,5+1,Match 5 + 1 Euro number,5 + 1,2,896645.6,1793291.2
330,2018-07-13,3,5+0,Match 5 + 0 Euro numbers,5 + 0,3,210975.4,632926.2
330,2018-07-13,4,4+2,Match 4 + 2 Euro numbers,4 + 2,51,4136.7,210971.7
330,2018-07-13,5,4+1,Match 4 + 1 Euro number,4 + 1,839,226.3,189865.7
330,2018-07-13,6,4+0,Match 4 + 0 Euro numbers,4 + 0,1400,105.4,147560.0
330,2018-07-13,7,3+2,Match 3 + 2 Euro numbers,3 + 2,2528,50.0,126400.0
330,2018-07-13,8,2+2,Match 2 + 2 Euro numbers,2 + 2,35264,18.5,652384.0
330,2018-07-13,9,3+1,Match 3 + 1 Euro number,3 + 1,37217,17.0,632689.0
330,2018-07-13,10,3+0,Match 3 + 0 Euro numbers,3 + 0,62888,14.4,905587.2
330,2018-07-13,11,1+2,Match 1 + 2 Euro numbers,1 + 2,182796,9.0,1645164.0
330,2018-07-13,12,2+1,Match 2 + 1 Euro number,2 + 1,523897,7.6,3981617.2
331,2018-07-20,1,5+2,Match 5 + 2 Euro numbers,5 + 2,1,22736889.8,22736889.8
331,2018-07-20,2,5+1,Match 5 + 1 Euro number,5 + 1,3,582528.3,1747584.9
331,2018-07-20,3,5+0,Match 5 + 0 Euro numbers,5 + 0,2,308397.3,616794.6
331,2018-07-20,4,4+2,Match 4 + 2 Euro numbers,4 + 2,28,7342.7,205595.6
331,2018-07-20,5,4+1,Match 4 + 1 Euro number,4 + 1,672,275.3,185001.6
331,2018-07-20,6,4+0,Match 4 + 0 Euro numbers,4 + 0,1099,130.9,143859.1
331,2018-07-20,7,3+2,Match 3 + 2 Euro numbers,3 + 2,1972,62.5,123250.0
331,2018-07-20,8,2+2,Match 2 + 2 Euro numbers,2 + 2,27242,23.3,634738.6
331,2018-07-20,9,3+1,Match 3 + 1 Euro number,3 + 1,35361,17.4,615281.4
331,2018-07-20,10,3+0,Match 3 + 0 Euro numbers,3 + 0,58022,15.2,881934.4
331,2018-07-20,11,1+2,Match 1 + 2 Euro numbers,1 + 2,144974,11.0,1594714.0
331,2018-07-20,12,2+1,Match 2 + 1 Euro number,2 + 1,495097,7.9,3911266.3
332,2018-07-27,1,5+2,Match 5 + 2 Euro numbers,5 + 2,0,0.0,0.0
332,2018-07-27,2,5+1,Match 5 + 1 Euro number,5 + 1,1,1555928.4,1555928.4
332,2018-07-27,3,5+0,Match 5 + 0 Euro numbers,5 + 0,6,91525.2,549151.2
332,2018-07-27,4,4+2,Match 4 + 2 Euro numbers,4 + 2,36,5084.7,183049.2
332,2018-07-27,5,4+1,Match 4 + 1 Euro number,4 + 1,523,315.0,164745.0
332,2018-07-27,6,4+0,Match 4 + 0 Euro numbers,4 + 0,822,155.8,128067.6
332,2018-07-27,7,3+2,Match 3 + 2 Euro numbers,3 + 2,1793,61.2,109731.6
332,2018-07-27,8,2+2,Match 2 + 2 Euro numbers,2 + 2,29839,20.2,602747.8
332,2018-07-27,9,3+1,Match 3 + 1 Euro number,3 + 1,25294,20.2,510938.8
332,2018-07-27,10,3+0,Match 3 + 0 Euro numbers,3 + 0,42025,18.7,785867.5
332,2018-07-27,11,1+2,Match 1 + 2 Euro numbers,1 + 2,181840,8.5,1545640.0
332,2018-07-27,12,2+1,Match 2 + 1 Euro number,2 + 1,393133,8.5,3341630.5
333,2018-08-03,1,5+2,Match 5 + 2 Euro numbers,5 + 2,0,0.0,0.0
333,2018-08-03,2,5+1,Match 5 + 1 Euro number,5 + 1,5,332426.4,1662132.0
333,2018-08-03,3,5+0,Match 5 + 0 Euro numbers,5 + 0,14,41902.4,586633.6
333,2018-08-03,4,4+2,Match 4 + 2 Euro numbers,4 + 2,74,2642.4,195537.6
333,2018-08-03,5,4+1,Match 4 + 1 Euro number,4 + 1,1434,122.7,175951.8
333,2018-08-03,6,4+0,Match 4 + 0 Euro numbers,4 + 0,2098,65.2,136789.6
333,2018-08-03,7,3+2,Match 3 + 2 Euro numbers,3 + 2,2192,53.5,117272.0
333,2018-08-03,8,2+2,Match 2 + 2 Euro numbers,2 + 2,28299,21.4,605598.6
333,2018-08-03,9,3+1,Match 3 + 1 Euro number,3 + 1,45967,12.7,583780.9
333,2018-08-03,10,3+0,Match 3 + 0 Euro numbers,3 + 0,71422,11.7,835637.4
333,2018-08-03,11,1+2,Match 1 + 2 Euro numbers,1 + 2,139206,10.9,1517345.4
333,2018-08-03,12,2+1,Match 2 + 1 Euro number,2 + 1,559530,6.6,3692898.0
334,2018-08-10,1,5+2,Match 5 + 2 Euro numbers,5 + 2,0,0.0,0.0
334,2018-08-10,2,5+1,Match 5 + 1 Euro number,5 + 1,3,578753.6,1736260.8
334,2018-08-10,3,5+0,Match 5 + 0 Euro numbers,5 + 0,9,68088.6,612797.4
334,2018-08-10,4,4+2,Match 4 + 2 Euro numbers,4 + 2,48,4255.5,204264.0
334,2018-08-10,5,4+1,Match 4 + 1 Euro number,4 + 1,952,193.1,183831.2
334,2018-08-10,6,4+0,Match 4 + 0 Euro numbers,4 + 0,1507,94.8,142863.6
334,2018-08-10,7,3+2,Match 3 + 2 Euro numbers,3 + 2,2025,60.5,122512.5
334,2018-08-10,8,2+2,Match 2 + 2 Euro numbers,2 + 2,28066,22.5,631485.0
334,2018-08-10,9,3+1,Match 3 + 1 Euro number,3 + 1,41635,14.7,612034.5
334,2018-08-10,10,3+0,Match 3 + 0 Euro numbers,3 + 0,65820,13.3,875406.0
334,2018-08-10,11,1+2,Match 1 + 2 Euro numbers,1 + 2,142116,11.2,1591699.2
334,2018-08-10,12,2+1,Match 2 + 1 Euro number,2 + 1,565204,6.9,3899907.6
335,2018-08-17,1,5+2,Match 5 + 2 Euro numbers,5 + 2,0,0.0,0.0
335,2018-08-17,2,5+1,Match 5 + 1 Euro number,5 + 1,5,369648.5,1848242.5
335,2018-08-17,3,5+0,Match 5 + 0 Euro numbers,5 + 0,5,130464.1,652320.5
335,2018-08-17,4,4+2,Match 4 + 2 Euro numbers,4 + 2,45,4832.0,217440.0
335,2018-08-17,5,4+1,Match 4 + 1 Euro number,4 + 1,878,222.8,195618.4
335,2018-08-17,6,4+0,Match 4 + 0 Euro numbers,4 + 0,1361,111.8,152159.8
335,2018-08-17,7,3+2,Match 3 + 2 Euro numbers,3 + 2,2246,58.0,130268.0
335,2018-08-17,8,2+2,Match 2 + 2 Euro numbers,2 + 2,30329,22.2,673303.8
335,2018-08-17,9,3+1,Match 3 + 1 Euro number,3 + 1,39737,16.4,651686.8
335,2018-08-17,10,3+0,Match 3 + 0 Euro numbers,3 + 0,59752,15.6,932131.2
335,2018-08-17,11,1+2,Match 1 + 2 Euro numbers,1 + 2,160574,10.5,1686027.0
335,2018-08-17,12,2+1,Match 2 + 1 Euro number,2 + 1,557957,7.4,4128881.8
336,2018-08-24,1,5+2,Match 5 + 2 Euro numbers,5 + 2,0,0.0,0.0
336,2018-08-24,2,5+1,Match 5 + 1 Euro number,5 + 1,2,1002723.6,2005447.2
336,2018-08-24,3,5+0,Match 5 + 0 Euro numbers,5 + 0,7,101114.9,707804.3
336,2018-08-24,4,4+2,Match 4 + 2 Euro numbers,4 + 2,43,5486.8,235932.4
336,2018-08-24,5,4+1,Match 4 + 1 Euro number,4 + 1,833,254.9,212331.7
336,2018-08-24,6,4+0,Match 4 + 0 Euro numbers,4 + 0,1644,100.4,165057.6
336,2018-08-24,7,3+2,Match 3 + 2 Euro numbers,3 + 2,2316,61.1,141507.6
336,2018-08-24,8,2+2,Match 2 + 2 Euro numbers,2 + 2,32153,22.7,729873.1
336,2018-08-24,9,3+1,Match 3 + 1 Euro number,3 + 1,39462,17.9,706369.8
336,2018-08-24,10,3+0,Match 3 + 0 Euro numbers,3 + 0,73697,13.7,1009648.9
336,2018-08-24,11,1+2,Match 1 + 2 Euro numbers,1 + 2,165737,11.1,1839680.7
336,2018-08-24,12,2+1,Match 2 + 1 Euro number,2 + 1,545474,8.2,4472886.8
337,2018-08-31,1,5+2,Match 5 + 2 Euro numbers,5 + 2,2,30920808.3,61841616.6
337,2018-08-31,2,5+1,Match 5 + 1 Euro number,5 + 1,23,96645.8,2222853.4
337,2018-08-31,3,5+0,Match 5 + 0 Euro numbers,5 + 0,32,24516.7,784534.4
337,2018-08-31,4,4+2,Match 4 + 2 Euro numbers,4 + 2,172,1520.4,261508.8
337,2018-08-31,5,4+1,Match 4 + 1 Euro number,4 + 1,2068,113.8,235338.4
337,2018-08-31,6,4+0,Match 4 + 0 Euro numbers,4 + 0,3855,47.4,182727.0
337,2018-08-31,7,3+2,Match 3 + 2 Euro numbers,3 + 2,4858,32.2,156427.6
337,2018-08-31,8,2+2,Match 2 + 2 Euro numbers,2 + 2,55961,14.4,805838.4
337,2018-08-31,9,3+1,Match 3 + 1 Euro number,3 + 1,63099,12.4,782427.6
337,2018-08-31,10,3+0,Match 3 + 0 Euro numbers,3 + 0,105519,10.6,1118501.4
337,2018-08-31,11,1+2,Match 1 + 2 Euro numbers,1 + 2,258765,7.8,2018367.0
337,2018-08-31,12,2+1,Match 2 + 1 Euro number,2 + 1,740989,6.7,4964626.3
338,2018-09-07,1,5+2,Match 5 + 2 Euro numbers,5 + 2,0,0.0,0.0
338,2018-09-07,2,5+1,Match 5 + 1 Euro number,5 + 1,3,522991.8,1568975.4
338,2018-09-07,3,5+0,Match 5 + 0 Euro numbers,5 + 0,10,55375.6,553756.0
338,2018-09-07,4,4+2,Match 4 + 2 Euro numbers,4 + 2,42,4394.8,184581.6
338,2018-09-07,5,4+1,Match 4 + 1 Euro number,4 + 1,745,222.9,166060.5
338,2018-09-07,6,4+0,Match 4 + 0 Euro numbers,4 + 0,1545,83.6,129162.0
338,2018-09-07,7,3+2,Match 3 + 2 Euro numbers,3 + 2,1809,61.2,110710.8
338,2018-09-07,8,2+2,Match 2 + 2 Euro numbers,2 + 2,25008,22.8,570182.4
338,2018-09-07,9,3+1,Match 3 + 1 Euro number,3 + 1,30269,18.2,550895.8
338,2018-09-07,10,3+0,Match 3 + 0 Euro numbers,3 + 0,62653,12.6,789427.8
338,2018-09-07,11,1+2,Match 1 + 2 Euro numbers,1 + 2,133214,10.8,1438711.2
338,2018-09-07,12,2+1,Match 2 + 1 Euro number,2 + 1,424482,8.3,3523200.6
339,2018-09-14,1,5+2,Match 5 + 2 Euro numbers,5 + 2,0,0.0,0.0
339,2018-09-14,2,5+1,Match 5 + 1 Euro number,5 + 1,1,1634210.0,1634210.0
339,2018-09-14,3,5+0,Match 5 + 0 Euro numbers,5 + 0,6,96130.0,576780.0
339,2018-09-14,4,4+2,Match 4 + 2 Euro numbers,4 + 2,32,6008.1,192259.2
339,2018-09-14,5,4+1,Match 4 + 1 Euro number,4 + 1,722,239.6,172991.2
339,2018-09-14,6,4+0,Match 4 + 0 Euro numbers,4 + 0,1265,106.3,134469.5
339,2018-09-14,7,3+2,Match 3 + 2 Euro numbers,3 + 2,1972,58.4,115164.8
339,2018-09-14,8,2+2,Match 2 + 2 Euro numbers,2 + 2,26757,22.2,594005.4
339,2018-09-14,9,3+1,Match 3 + 1 Euro number,3 + 1,31016,18.5,573796.0
339,2018-09-14,10,3+0,Match 3 + 0 Euro numbers,3 + 0,54728,15.1,826392.8
339,2018-09-14,11,1+2,Match 1 + 2 Euro numbers,1 + 2,146612,10.2,1495442.4
339,2018-09-14,12,2+1,Match 2 + 1 Euro number,2 + 1,439972,8.3,3651767.6
340,2018-09-21,1,5+2,Match 5 + 2 Euro numbers,5 + 2,0,0.0,0.0
340,2018-09-21,2,5+1,Match 5 + 1 Euro number,5 + 1,3,580434.1,1741302.3
340,2018-09-21,3,5+0,Match 5 + 0 Euro numbers,5 + 0,5,122915.4,614577.0
340,2018-09-21,4,4+2,Match 4 + 2 Euro numbers,4 + 2,33,6207.8,204857.4
340,2018-09-21,5,4+1,Match 4 + 1 Euro number,4 + 1,606,304.2,184345.2
340,2018-09-21,6,4+0,Match 4 + 0 Euro numbers,4 + 0,1160,123.6,143376.0
340,2018-09-21,7,3+2,Match 3 + 2 Euro numbers,3 + 2,1674,73.4,122871.6
340,2018-09-21,8,2+2,Match 2 + 2 Euro numbers,2 + 2,24356,26.0,633256.0
340,2018-09-21,9,3+1,Match 3 + 1 Euro number,3 + 1,29093,21.1,613862.3
340,2018-09-21,10,3+0,Match 3 + 0 Euro numbers,3 + 0,58651,15.0,879765.0
340,2018-09-21,11,1+2,Match 1 + 2 Euro numbers,1 + 2,129638,12.3,1594547.4
340,2018-09-21,12,2+1,Match 2 + 1 Euro number,2 + 1,443541,8.8,3903160.8
341,2018-09-28,1,5+2,Match 5 + 2 Euro numbers,5 + 2,0,0.0,0.0
341,2018-09-28,2,5+1,Match 5 + 1 Euro number,5 + 1,4,454542.6,1818170.4
341,2018-09-28,3,5+0,Match 5 + 0 Euro numbers,5 + 0,6,106951.2,641707.2
341,2018-09-28,4,4+2,Match 4 + 2 Euro numbers,4 + 2,41,5217.1,213901.1
341,2018-09-28,5,4+1,Match 4 + 1 Euro number,4 + 1,858,224.3,192449.4
341,2018-09-28,6,4+0,Match 4 + 0 Euro numbers,4 + 0,2115,72.3,152914.5
341,2018-09-28,7,3+2,Match 3 + 2 Euro numbers,3 + 2,1729,72.3,125006.7
341,2018-09-28,8,2+2,Match 2 + 2 Euro numbers,2 + 2,23764,27.9,663015.6
341,2018-09-28,9,3+1,Match 3 + 1 Euro number,3 + 1,32992,19.4,640044.8
341,2018-09-28,10,3+0,Match 3 + 0 Euro numbers,3 + 0,73835,13.0,959855.0
341,2018-09-28,11,1+2,Match 1 + 2 Euro numbers,1 + 2,124212,13.0,1614756.0
341,2018-09-28,12,2+1,Match 2 + 1 Euro number,2 + 1,483396,8.4,4060526.4
342,2018-10-05,1,5+2,Match 5 + 2 Euro numbers,5 + 2,0,0.0,0.0
342,2018-10-05,2,5+1,Match 5 + 1 Euro number,5 + 1,4,493312.5,1973250.0
342,2018-10-05,3,5+0,Match 5 + 0 Euro numbers,5 + 0,8,87055.1,696440.8
342,2018-10-05,4,4+2,Match 4 + 2 Euro numbers,4 + 2,88,2638.0,232144.0
342,2018-10-05,5,4+1,Match 4 + 1 Euro number,4 + 1,893,233.9,208872.7
342,2018-10-05,6,4+0,Match 4 + 0 Euro numbers,4 + 0,1493,108.8,162438.4
342,2018-10-05,7,3+2,Match 3 + 2 Euro numbers,3 + 2,2838,49.0,139062.0
342,2018-10-05,8,2+2,Match 2 + 2 Euro numbers,2 + 2,40871,17.6,719329.6
342,2018-10-05,9,3+1,Match 3 + 1 Euro number,3 + 1,40660,17.1,695286.0
342,2018-10-05,10,3+0,Match 3 + 0 Euro numbers,3 + 0,64815,15.4,998151.0
342,2018-10-05,11,1+2,Match 1 + 2 Euro numbers,1 + 2,216385,8.3,1795995.5
342,2018-10-05,12,2+1,Match 2 + 1 Euro number,2 + 1,570657,7.7,4394058.9
343,2018-10-12,1,5+2,Match 5 + 2 Euro numbers,5 + 2,0,0.0,0.0
343,2018-10-12,2,5+1,Match 5 + 1 Euro number,5 + 1,1,2226367.1,2226367.1
343,2018-10-12,3,5+0,Match 5 + 0 Euro numbers,5 + 0,6,130962.7,785776.2
343,2018-10-12,4,4+2,Match 4 + 2 Euro numbers,4 + 2,52,5037.0,261924.0
343,2018-10-12,5,4+1,Match 4 + 1 Euro number,4 + 1,742,317.6,235659.2
343,2018-10-12,6,4+0,Match 4 + 0 Euro numbers,4 + 0,1332,137.6,183283.2
343,2018-10-12,7,3+2,Match 3 + 2 Euro numbers,3 + 2,2251,69.8,157119.8
343,2018-10-12,8,2+2,Match 2 + 2 Euro numbers,2 + 2,37028,22.2,822021.6
343,2018-10-12,9,3+1,Match 3 + 1 Euro number,3 + 1,34888,22.2,774513.6
343,2018-10-12,10,3+0,Match 3 + 0 Euro numbers,3 + 0,63032,17.8,1121969.6
343,2018-10-12,11,1+2,Match 1 + 2 Euro numbers,1 + 2,210576,9.7,2042587.2
343,2018-10-12,12,2+1,Match 2 + 1 Euro number,2 + 1,541693,9.2,4983575.6
344,2018-10-19,1,5+2,Match 5 + 2 Euro numbers,5 + 2,0,0.0,0.0
344,2018-10-19,2,5+1,Match 5 + 1 Euro number,5 + 1,15,172489.9,2587348.5
344,2018-10-19,3,5+0,Match 5 + 0 Euro numbers,5 + 0,19,48062.2,913181.8
344,2018-10-19,4,4+2,Match 4 + 2 Euro numbers,4 + 2,54,5636.9,304392.6
344,2018-10-19,5,4+1,Match 4 + 1 Euro number,4 + 1,1555,176.1,273835.5
344,2018-10-19,6,4+0,Match 4 + 0 Euro numbers,4 + 0,2222,95.8,212867.6
344,2018-10-19,7,3+2,Match 3 + 2 Euro numbers,3 + 2,2957,61.7,182446.9
344,2018-10-19,8,2+2,Match 2 + 2 Euro numbers,2 + 2,41880,22.5,942300.0
344,2018-10-19,9,3+1,Match 3 + 1 Euro number,3 + 1,63467,14.3,907578.1
344,2018-10-19,10,3+0,Match 3 + 0 Euro numbers,3 + 0,91322,14.3,1305904.6
344,2018-10-19,11,1+2,Match 1 + 2 Euro numbers,1 + 2,216577,10.9,2360689.3
344,2018-10-19,12,2+1,Match 2 + 1 Euro number,2 + 1,845533,6.8,5749624.4
345,2018-10-26,1,5+2,Match 5 + 2 Euro numbers,5 + 2,0,0.0,0.0
345,2018-10-26,2,5+1,Match 5 + 1 Euro number,5 + 1,5,1234568.5,6172842.5
345,2018-10-26,3,5+0,Match 5 + 0 Euro numbers,5 + 0,9,121221.4,1090992.6
345,2018-10-26,4,4+2,Match 4 + 2 Euro numbers,4 + 2,57,6380.0,363660.0
345,2018-10-26,5,4+1,Match 4 + 1 Euro number,4 + 1,1306,250.6,327283.6
345,2018-10-26,6,4+0,Match 4 + 0 Euro numbers,4 + 0,2538,100.3,254561.4
345,2018-10-26,7,3+2,Match 3 + 2 Euro numbers,3 + 2,3159,69.0,217971.0
345,2018-10-26,8,2+2,Match 2 + 2 Euro numbers,2 + 2,46058,24.4,1123815.2
345,2018-10-26,9,3+1,Match 3 + 1 Euro number,3 + 1,62243,17.5,1089252.5
345,2018-10-26,10,3+0,Match 3 + 0 Euro numbers,3 + 0,127997,12.2,1561563.4
345,2018-10-26,11,1+2,Match 1 + 2 Euro numbers,1 + 2,234078,12.1,2832343.8
345,2018-10-26,12,2+1,Match 2 + 1 Euro number,2 + 1,863017,8.0,6904136.0
346,2018-11-02,1,5+2,Match 5 + 2 Euro numbers,5 + 2,0,0.0,0.0
346,2018-11-02,2,5+1,Match 5 + 1 Euro number,5 + 1,7,3100089.5,21700626.5
346,2018-11-02,3,5+0,Match 5 + 0 Euro numbers,5 + 0,15,77675.6,1165134.0
346,2018-11-02,4,4+2,Match 4 + 2 Euro numbers,4 + 2,63,6164.7,388376.1
346,2018-11-02,5,4+1,Match 4 + 1 Euro number,4 + 1,1588,220.1,349518.8
346,2018-11-02,6,4+0,Match 4 + 0 Euro numbers,4 + 0,3438,79.0,271602.0
346,2018-11-02,7,3+2,Match 3 + 2 Euro numbers,3 + 2,3116,74.7,232765.2
346,2018-11-02,8,2+2,Match 2 + 2 Euro numbers,2 + 2,44363,27.1,1202237.3
346,2018-11-02,9,3+1,Match 3 + 1 Euro number,3 + 1,65209,17.8,1160720.2
346,2018-11-02,10,3+0,Match 3 + 0 Euro numbers,3 + 0,139928,12.5,1749100.0
346,2018-11-02,11,1+2,Match 1 + 2 Euro numbers,1 + 2,235787,12.5,2947337.5
346,2018-11-02,12,2+1,Match 2 + 1 Euro number,2 + 1,891051,8.3,7395723.3
347,2018-11-09,1,5+2,Match 5 + 2 Euro numbers,5 + 2,0,0.0,0.0
347,2018-11-09,2,5+1,Match 5 + 1 Euro number,5 + 1,3,7529076.4,22587229.2
347,2018-11-09,3,5+0,Match 5 + 0 Euro numbers,5 + 0,10,120638.7,1206387.0
347,2018-11-09,4,4+2,Match 4 + 2 Euro numbers,4 + 2,121,3323.3,402119.3
347,2018-11-09,5,4+1,Match 4 + 1 Euro number,4 + 1,1475,245.3,361817.5
347,2018-11-09,6,4+0,Match 4 + 0 Euro numbers,4 + 0,2295,122.6,281367.0
347,2018-11-09,7,3+2,Match 3 + 2 Euro numbers,3 + 2,4383,55.0,241065.0
347,2018-11-09,8,2+2,Match 2 + 2 Euro numbers,2 + 2,64070,19.4,1242958.0
347,2018-11-09,9,3+1,Match 3 + 1 Euro number,3 + 1,65527,18.4,1205696.8
347,2018-11-09,10,3+0,Match 3 + 0 Euro numbers,3 + 0,105230,16.4,1725772.0
347,2018-11-09,11,1+2,Match 1 + 2 Euro numbers,1 + 2,356979,8.7,3105717.3
347,2018-11-09,12,2+1,Match 2 + 1 Euro number,2 + 1,959892,8.0,7679136.0
348,2018-11-16,1,5+2,Match 5 + 2 Euro numbers,5 + 2,5,18000000.0,90000000.0
348,2018-11-16,2,5+1,Match 5 + 1 Euro number,5 + 1,6,3848561.5,23091369.0
348,2018-11-16,3,5+0,Match 5 + 0 Euro numbers,5 + 0,10,122866.7,1228667.0
348,2018-11-16,4,4+2,Match 4 + 2 Euro numbers,4 + 2,83,4934.4,409555.2
348,2018-11-16,5,4+1,Match 4 + 1 Euro number,4 + 1,1515,243.3,368599.5
348,2018-11-16,6,4+0,Match 4 + 0 Euro numbers,4 + 0,2423,118.3,286640.9
348,2018-11-16,7,3+2,Match 3 + 2 Euro numbers,3 + 2,3971,61.8,245407.8
348,2018-11-16,8,2+2,Match 2 + 2 Euro numbers,2 + 2,59734,21.2,1266360.8
348,2018-11-16,9,3+1,Match 3 + 1 Euro number,3 + 1,68336,17.9,1223214.4
348,2018-11-16,10,3+0,Match 3 + 0 Euro numbers,3 + 0,114718,15.3,1755185.4
348,2018-11-16,11,1+2,Match 1 + 2 Euro numbers,1 + 2,311906,10.2,3181441.2
348,2018-11-16,12,2+1,Match 2 + 1 Euro number,2 + 1,1003858,7.7,7729706.6
349,2018-11-23,1,5+2,Match 5 + 2 Euro numbers,5 + 2,0,0.0,0.0
349,2018-11-23,2,5+1,Match 5 + 1 Euro number,5 + 1,6,291386.5,1748319.0
349,2018-11-23,3,5+0,Match 5 + 0 Euro numbers,5 + 0,5,123410.7,617053.5
349,2018-11-23,4,4+2,Match 4 + 2 Euro numbers,4 + 2,36,5713.4,205682.4
349,2018-11-23,5,4+1,Match 4 + 1 Euro number,4 + 1,675,274.2,185085.0
349,2018-11-23,6,4+0,Match 4 + 0 Euro numbers,4 + 0,1277,112.7,143917.9
349,2018-11-23,7,3+2,Match 3 + 2 Euro numbers,3 + 2,1608,76.7,123333.6
349,2018-11-23,8,2+2,Match 2 + 2 Euro numbers,2 + 2,24432,26.0,635232.0
349,2018-11-23,9,3+1,Match 3 + 1 Euro number,3 + 1,29560,20.8,614848.0
349,2018-11-23,10,3+0,Match 3 + 0 Euro numbers,3 + 0,59410,14.8,879268.0
349,2018-11-23,11,1+2,Match 1 + 2 Euro numbers,1 + 2,131861,12.1,1595518.1
349,2018-11-23,12,2+1,Match 2 + 1 Euro number,2 + 1,438716,8.9,3904572.4
350,2018-11-30,1,5+2,Match 5 + 2 Euro numbers,5 + 2,0,0.0,0.0
350,2018-11-30,2,5+1,Match 5 + 1 Euro number,5 + 1,3,609436.5,1828309.5
350,2018-11-30,3,5+0,Match 5 + 0 Euro numbers,5 + 0,1,609436.5,609436.5
350,2018-11-30,4,4+2,Match 4 + 2 Euro numbers,4 + 2,45,4710.6,211977.0
350,2018-11-30,5,4+1,Match 4 + 1 Euro number,4 + 1,749,254.7,190770.3
350,2018-11-30,6,4+0,Match 4 + 0 Euro numbers,4 + 0,1218,121.8,148352.4
350,2018-11-30,7,3+2,Match 3 + 2 Euro numbers,3 + 2,1912,66.5,127148.0
350,2018-11-30,8,2+2,Match 2 + 2 Euro numbers,2 + 2,28461,23.0,654603.0
350,2018-11-30,9,3+1,Match 3 + 1 Euro number,3 + 1,36370,17.4,632838.0
350,2018-11-30,10,3+0,Match 3 + 0 Euro numbers,3 + 0,54385,16.7,908229.5
350,2018-11-30,11,1+2,Match 1 + 2 Euro numbers,1 + 2,153245,10.7,1639721.5
350,2018-11-30,12,2+1,Match 2 + 1 Euro number,2 + 1,525796,7.7,4048629.2
351,2018-12-07,1,5+2,Match 5 + 2 Euro numbers,5 + 2,1,33208146.8,33208146.8
351,2018-12-07,2,5+1,Match 5 + 1 Euro number,5 + 1,2,951428.5,1902857.0
351,2018-12-07,3,5+0,Match 5 + 0 Euro numbers,5 + 0,8,83949.5,671596.0
351,2018-12-07,4,4+2,Match 4 + 2 Euro numbers,4 + 2,53,4223.8,223861.4
351,2018-12-07,5,4+1,Match 4 + 1 Euro number,4 + 1,785,256.6,201431.0
351,2018-12-07,6,4+0,Match 4 + 0 Euro numbers,4 + 0,1427,109.8,156684.6
351,2018-12-07,7,3+2,Match 3 + 2 Euro numbers,3 + 2,2397,56.0,134232.0
351,2018-12-07,8,2+2,Match 2 + 2 Euro numbers,2 + 2,35345,19.6,692762.0
351,2018-12-07,9,3+1,Match 3 + 1 Euro number,3 + 1,34070,19.6,667772.0
351,2018-12-07,10,3+0,Match 3 + 0 Euro numbers,3 + 0,58182,16.5,960003.0
351,2018-12-07,11,1+2,Match 1 + 2 Euro numbers,1 + 2,189063,9.2,1739379.6
351,2018-12-07,12,2+1,Match 2 + 1 Euro number,2 + 1,504884,8.4,4241025.6
352,2018-12-14,1,5+2,Match 5 + 2 Euro numbers,5 + 2,1,10000000.0,10000000.0
352,2018-12-14,2,5+1,Match 5 + 1 Euro number,5 + 1,3,547867.3,1643601.9
352,2018-12-14,3,5+0,Match 5 + 0 Euro numbers,5 + 0,11,52735.8,580093.8
352,2018-12-14,4,4+2,Match 4 + 2 Euro numbers,4 + 2,36,5371.2,193363.2
352,2018-12-14,5,4+1,Match 4 + 1 Euro number,4 + 1,595,292.4,173978.0
352,2018-12-14,6,4+0,Match 4 + 0 Euro numbers,4 + 0,1478,91.5,135237.0
352,2018-12-14,7,3+2,Match 3 + 2 Euro numbers,3 + 2,1556,74.5,115922.0
352,2018-12-14,8,2+2,Match 2 + 2 Euro numbers,2 + 2,20580,29.1,598878.0
352,2018-12-14,9,3+1,Match 3 + 1 Euro number,3 + 1,28647,20.2,578669.4
352,2018-12-14,10,3+0,Match 3 + 0 Euro numbers,3 + 0,65254,13.2,861352.8
352,2018-12-14,11,1+2,Match 1 + 2 Euro numbers,1 + 2,110665,13.2,1460778.0
352,2018-12-14,12,2+1,Match 2 + 1 Euro number,2 + 1,399159,9.2,3672262.8
353,2018-12-21,1,5+2,Match 5 + 2 Euro numbers,5 + 2,0,0.0,0.0
353,2018-12-21,2,5+1,Match 5 + 1 Euro number,5 + 1,4,426736.1,1706944.4
353,2018-12-21,3,5+0,Match 5 + 0 Euro numbers,5 + 0,7,86064.4,602450.8
353,2018-12-21,4,4+2,Match 4 + 2 Euro numbers,4 + 2,28,7172.0,200816.0
353,2018-12-21,5,4+1,Match 4 + 1 Euro number,4 + 1,713,253.4,180674.2
353,2018-12-21,6,4+0,Match 4 + 0 Euro numbers,4 + 0,1311,107.2,140539.2
353,2018-12-21,7,3+2,Match 3 + 2 Euro numbers,3 + 2,1614,74.6,120404.4
353,2018-12-21,8,2+2,Match 2 + 2 Euro numbers,2 + 2,23115,26.9,621793.5
353,2018-12-21,9,3+1,Match 3 + 1 Euro number,3 + 1,28963,20.8,602430.4
353,2018-12-21,10,3+0,Match 3 + 0 Euro numbers,3 + 0,57685,14.9,859506.5
353,2018-12-21,11,1+2,Match 1 + 2 Euro numbers,1 + 2,123673,12.6,1558279.8
353,2018-12-21,12,2+1,Match 2 + 1 Euro number,2 + 1,420852,9.1,3829753.2
354,2018-12-28,1,5+2,Match 5 + 2 Euro numbers,5 + 2,2,9606434.2,19212868.4
354,2018-12-28,2,5+1,Match 5 + 1 Euro number,5 + 1,3,590011.2,1770033.6
354,2018-12-28,3,5+0,Match 5 + 0 Euro numbers,5 + 0,4,156179.4,624717.6
354,2018-12-28,4,4+2,Match 4 + 2 Euro numbers,4 + 2,48,4338.3,208238.4
354,2018-12-28,5,4+1,Match 4 + 1 Euro number,4 + 1,676,277.2,187387.2
354,2018-12-28,6,4+0,Match 4 + 0 Euro numbers,4 + 0,1297,112.3,145653.1
354,2018-12-28,7,3+2,Match 3 + 2 Euro numbers,3 + 2,1597,78.2,124885.4
354,2018-12-28,8,2+2,Match 2 + 2 Euro numbers,2 + 2,23251,27.7,644052.7
354,2018-12-28,9,3+1,Match 3 + 1 Euro number,3 + 1,30932,20.1,621733.2
354,2018-12-28,10,3+0,Match 3 + 0 Euro numbers,3 + 0,57266,15.6,893349.6
354,2018-12-28,11,1+2,Match 1 + 2 Euro numbers,1 + 2,122952,13.2,1622966.4
354,2018-12-28,12,2+1,Match 2 + 1 Euro number,2 + 1,463100,8.5,3936350.0
355,2019-01-04,1,5+2,Match 5 + 2 Euro numbers,5 + 2,0,0.0,0.0
355,2019-01-04,2,5+1,Match 5 + 1 Euro number,5 + 1,4,384190.1,1536760.4
355,2019-01-04,3,5+0,Match 5 + 0 Euro numbers,5 + 0,5,108477.2,542386.0
355,2019-01-04,4,4+2,Match 4 + 2 Euro numbers,4 + 2,44,4108.9,180791.6
355,2019-01-04,5,4+1,Match 4 + 1 Euro number,4 + 1,788,206.4,162643.2
355,2019-01-04,6,4+0,Match 4 + 0 Euro numbers,4 + 0,1276,99.1,126451.6
355,2019-01-04,7,3+2,Match 3 + 2 Euro numbers,3 + 2,1729,62.7,108408.3
355,2019-01-04,8,2+2,Match 2 + 2 Euro numbers,2 + 2,25530,21.9,559107.0
355,2019-01-04,9,3+1,Match 3 + 1 Euro number,3 + 1,33331,16.2,539962.2
355,2019-01-04,10,3+0,Match 3 + 0 Euro numbers,3 + 0,54608,14.2,775433.6
355,2019-01-04,11,1+2,Match 1 + 2 Euro numbers,1 + 2,130755,10.7,1399078.5
355,2019-01-04,12,2+1,Match 2 + 1 Euro number,2 + 1,462212,7.4,3420368.8
356,2019-01-11,1,5+2,Match 5 + 2 Euro numbers,5 + 2,0,0.0,0.0
356,2019-01-11,2,5+1,Match 5 + 1 Euro number,5 + 1,2,816622.2,1633244.4
356,2019-01-11,3,5+0,Match 5 + 0 Euro numbers,5 + 0,8,72054.9,576439.2
356,2019-01-11,4,4+2,Match 4 + 2 Euro numbers,4 + 2,43,4468.5,192145.5
356,2019-01-11,5,4+1,Match 4 + 1 Euro number,4 + 1,624,277.1,172910.4
356,2019-01-11,6,4+0,Match 4 + 0 Euro numbers,4 + 0,1102,122.0,134444.0
356,2019-01-11,7,3+2,Match 3 + 2 Euro numbers,3 + 2,1897,60.7,115147.9
356,2019-01-11,8,2+2,Match 2 + 2 Euro numbers,2 + 2,28326,21.0,594846.0
356,2019-01-11,9,3+1,Match 3 + 1 Euro number,3 + 1,28825,19.9,573617.5
356,2019-01-11,10,3+0,Match 3 + 0 Euro numbers,3 + 0,51518,16.0,824288.0
356,2019-01-11,11,1+2,Match 1 + 2 Euro numbers,1 + 2,151624,9.8,1485915.2
356,2019-01-11,12,2+1,Match 2 + 1 Euro number,2 + 1,441558,8.3,3664931.4
357,2019-01-18,1,5+2,Match 5 + 2 Euro numbers,5 + 2,0,0.0,0.0
357,2019-01-18,2,5+1,Match 5 + 1 Euro number,5 + 1,4,443318.0,1773272.0
357,2019-01-18,3,5+0,Match 5 + 0 Euro numbers,5 + 0,13,48143.1,625860.3
357,2019-01-18,4,4+2,Match 4 + 2 Euro numbers,4 + 2,77,2709.3,208616.1
357,2019-01-18,5,4+1,Match 4 + 1 Euro number,4 + 1,947,198.2,187695.4
357,2019-01-18,6,4+0,Match 4 + 0 Euro numbers,4 + 0,1686,86.6,146007.6
357,2019-01-18,7,3+2,Match 3 + 2 Euro numbers,3 + 2,2936,42.6,125073.6
357,2019-01-18,8,2+2,Match 2 + 2 Euro numbers,2 + 2,36909,17.5,645907.5
357,2019-01-18,9,3+1,Match 3 + 1 Euro number,3 + 1,36384,17.2,625804.8
357,2019-01-18,10,3+0,Match 3 + 0 Euro numbers,3 + 0,65822,13.6,895179.2
357,2019-01-18,11,1+2,Match 1 + 2 Euro numbers,1 + 2,172072,9.4,1617476.8
357,2019-01-18,12,2+1,Match 2 + 1 Euro number,2 + 1,505113,7.8,3939881.4
358,2019-01-25,1,5+2,Match 5 + 2 Euro numbers,5 + 2,0,0.0,0.0
358,2019-01-25,2,5+1,Match 5 + 1 Euro number,5 + 1,3,626134.0,1878402.0
358,2019-01-25,3,5+0,Match 5 + 0 Euro numbers,5 + 0,4,165741.3,662965.2
358,2019-01-25,4,4+2,Match 4 + 2 Euro numbers,4 + 2,59,3745.5,220984.5
358,2019-01-25,5,4+1,Match 4 + 1 Euro number,4 + 1,691,287.8,198869.8
358,2019-01-25,6,4+0,Match 4 + 0 Euro numbers,4 + 0,1176,131.5,154644.0
358,2019-01-25,7,3+2,Match 3 + 2 Euro numbers,3 + 2,2907,45.6,132559.2
358,2019-01-25,8,2+2,Match 2 + 2 Euro numbers,2 + 2,43366,17.1,741558.6
358,2019-01-25,9,3+1,Match 3 + 1 Euro number,3 + 1,35325,17.1,604057.5
358,2019-01-25,10,3+0,Match 3 + 0 Euro numbers,3 + 0,57090,16.6,947694.0
358,2019-01-25,11,1+2,Match 1 + 2 Euro numbers,1 + 2,224171,7.8,1748533.8
358,2019-01-25,12,2+1,Match 2 + 1 Euro number,2 + 1,535178,7.8,4174388.4
359,2019-02-01,1,5+2,Match 5 + 2 Euro numbers,5 + 2,0,0.0,0.0
359,2019-02-01,2,5+1,Match 5 + 1 Euro number,5 + 1,6,352721.9,2116331.4
359,2019-02-01,3,5+0,Match 5 + 0 Euro numbers,5 + 0,7,106705.8,746940.6
359,2019-02-01,4,4+2,Match 4 + 2 Euro numbers,4 + 2,57,4368.0,248976.0
359,2019-02-01,5,4+1,Match 4 + 1 Euro number,4 + 1,901,248.7,224078.7
359,2019-02-01,6,4+0,Match 4 + 0 Euro numbers,4 + 0,1413,123.3,174222.9
359,2019-02-01,7,3+2,Match 3 + 2 Euro numbers,3 + 2,1872,79.8,149385.6
359,2019-02-01,8,2+2,Match 2 + 2 Euro numbers,2 + 2,28873,26.7,770909.1
359,2019-02-01,9,3+1,Match 3 + 1 Euro number,3 + 1,39807,18.7,744390.9
359,2019-02-01,10,3+0,Match 3 + 0 Euro numbers,3 + 0,62643,17.0,1064931.0
359,2019-02-01,11,1+2,Match 1 + 2 Euro numbers,1 + 2,162991,11.9,1939592.9
359,2019-02-01,12,2+1,Match 2 + 1 Euro number,2 + 1,594589,7.9,4697253.1
360,2019-02-08,1,5+2,Match 5 + 2 Euro numbers,5 + 2,1,63248942.3,63248942.3
360,2019-02-08,2,5+1,Match 5 + 1 Euro number,5 + 1,4,590259.4,2361037.6
360,2019-02-08,3,5+0,Match 5 + 0 Euro numbers,5 + 0,6,138884.5,833307.0
360,2019-02-08,4,4+2,Match 4 + 2 Euro numbers,4 + 2,81,3429.2,277765.2
360,2019-02-08,5,4+1,Match 4 + 1 Euro number,4 + 1,1255,199.1,249870.5
360,2019-02-08,6,4+0,Match 4 + 0 Euro numbers,4 + 0,2025,96.0,194400.0
360,2019-02-08,7,3+2,Match 3 + 2 Euro numbers,3 + 2,3116,53.4,166394.4
360,2019-02-08,8,2+2,Match 2 + 2 Euro numbers,2 + 2,42973,20.0,859460.0
360,2019-02-08,9,3+1,Match 3 + 1 Euro number,3 + 1,55929,14.8,827749.2
360,2019-02-08,10,3+0,Match 3 + 0 Euro numbers,3 + 0,86413,13.8,1192499.4
360,2019-02-08,11,1+2,Match 1 + 2 Euro numbers,1 + 2,214934,10.0,2149340.0
360,2019-02-08,12,2+1,Match 2 + 1 Euro number,2 + 1,769432,6.8,5232137.6
361,2019-02-15,1,5+2,Match 5 + 2 Euro numbers,5 + 2,0,0.0,0.0
361,2019-02-15,2,5+1,Match 5 + 1 Euro number,5 + 1,5,323184.9,1615924.5
361,2019-02-15,3,5+0,Match 5 + 0 Euro numbers,5 + 0,2,285163.1,570326.2
361,2019-02-15,4,4+2,Match 4 + 2 Euro numbers,4 + 2,31,6132.5,190107.5
361,2019-02-15,5,4+1,Match 4 + 1 Euro number,4 + 1,581,294.4,171046.4
361,2019-02-15,6,4+0,Match 4 + 0 Euro numbers,4 + 0,963,138.1,132990.3
361,2019-02-15,7,3+2,Match 3 + 2 Euro numbers,3 + 2,1496,76.2,113995.2
361,2019-02-15,8,2+2,Match 2 + 2 Euro numbers,2 + 2,23202,25.4,589330.8
361,2019-02-15,9,3+1,Match 3 + 1 Euro number,3 + 1,26792,21.2,567990.4
361,2019-02-15,10,3+0,Match 3 + 0 Euro numbers,3 + 0,45124,18.1,816744.4
361,2019-02-15,11,1+2,Match 1 + 2 Euro numbers,1 + 2,132963,11.1,1475889.3
361,2019-02-15,12,2+1,Match 2 + 1 Euro number,2 + 1,417583,8.6,3591213.8
362,2019-02-22,1,5+2,Match 5 + 2 Euro numbers,5 + 2,0,0.0,0.0
362,2019-02-22,2,5+1,Match 5 + 1 Euro number,5 + 1,1,1684414.1,1684414.1
362,2019-02-22,3,5+0,Match 5 + 0 Euro numbers,5 + 0,2,297249.5,594499.0
362,2019-02-22,4,4+2,Match 4 + 2 Euro numbers,4 + 2,34,5828.4,198165.6
362,2019-02-22,5,4+1,Match 4 + 1 Euro number,4 + 1,615,289.9,178288.5
362,2019-02-22,6,4+0,Match 4 + 0 Euro numbers,4 + 0,1325,104.6,138595.0
362,2019-02-22,7,3+2,Match 3 + 2 Euro numbers,3 + 2,1415,84.0,118860.0
362,2019-02-22,8,2+2,Match 2 + 2 Euro numbers,2 + 2,21894,28.0,613032.0
362,2019-02-22,9,3+1,Match 3 + 1 Euro number,3 + 1,28665,20.7,593365.5
362,2019-02-22,10,3+0,Match 3 + 0 Euro numbers,3 + 0,57929,14.7,851556.3
362,2019-02-22,11,1+2,Match 1 + 2 Euro numbers,1 + 2,116166,13.3,1545007.8
362,2019-02-22,12,2+1,Match 2 + 1 Euro number,2 + 1,442817,8.5,3763944.5
363,2019-03-01,1,5+2,Match 5 + 2 Euro numbers,5 + 2,0,0.0,0.0
363,2019-03-01,2,5+1,Match 5 + 1 Euro number,5 + 1,4,455563.6,1822254.4
363,2019-03-01,3,5+0,Match 5 + 0 Euro numbers,5 + 0,7,91878.3,643148.1
363,2019-03-01,4,4+2,Match 4 + 2 Euro numbers,4 + 2,54,3970.0,214380.0
363,2019-03-01,5,4+1,Match 4 + 1 Euro number,4 + 1,926,208.3,192885.8
363,2019-03-01,6,4+0,Match 4 + 0 Euro numbers,4 + 0,1974,76.0,150024.0
363,2019-03-01,7,3+2,Match 3 + 2 Euro numbers,3 + 2,2547,50.5,128623.5
363,2019-03-01,8,2+2,Match 2 + 2 Euro numbers,2 + 2,36390,18.2,662298.0
363,2019-03-01,9,3+1,Match 3 + 1 Euro number,3 + 1,41239,15.5,639204.5
363,2019-03-01,10,3+0,Match 3 + 0 Euro numbers,3 + 0,87184,10.5,915432.0
363,2019-03-01,11,1+2,Match 1 + 2 Euro numbers,1 + 2,176242,9.4,1656674.8
363,2019-03-01,12,2+1,Match 2 + 1 Euro number,2 + 1,548768,7.4,4060883.2
364,2019-03-08,1,5+2,Match 5 + 2 Euro numbers,5 + 2,0,0.0,0.0
364,2019-03-08,2,5+1,Match 5 + 1 Euro number,5 + 1,4,503234.7,2012938.8
364,2019-03-08,3,5+0,Match 5 + 0 Euro numbers,5 + 0,7,101492.7,710448.9
364,2019-03-08,4,4+2,Match 4 + 2 Euro numbers,4 + 2,53,4468.2,236814.6
364,2019-03-08,5,4+1,Match 4 + 1 Euro number,4 + 1,682,312.5,213125.0
364,2019-03-08,6,4+0,Match 4 + 0 Euro numbers,4 + 0,1367,121.2,165680.4
364,2019-03-08,7,3+2,Match 3 + 2 Euro numbers,3 + 2,2059,69.0,142071.0
364,2019-03-08,8,2+2,Match 2 + 2 Euro numbers,2 + 2,30362,24.1,731724.2
364,2019-03-08,9,3+1,Match 3 + 1 Euro number,3 + 1,33174,21.4,709923.6
364,2019-03-08,10,3+0,Match 3 + 0 Euro numbers,3 + 0,59055,17.2,1015746.0
364,2019-03-08,11,1+2,Match 1 + 2 Euro numbers,1 + 2,171324,10.7,1833166.8
364,2019-03-08,12,2+1,Match 2 + 1 Euro number,2 + 1,506675,8.9,4509407.5
365,2019-03-15,1,5+2,Match 5 + 2 Euro numbers,5 + 2,1,53423674.3,53423674.3
365,2019-03-15,2,5+1,Match 5 + 1 Euro number,5 + 1,6,374830.9,2248985.4
365,2019-03-15,3,5+0,Match 5 + 0 Euro numbers,5 + 0,10,79375.9,793759.0
365,2019-03-15,4,4+2,Match 4 + 2 Euro numbers,4 + 2,99,2672.5,264577.5
365,2019-03-15,5,4+1,Match 4 + 1 Euro number,4 + 1,1074,221.7,238105.8
365,2019-03-15,6,4+0,Match 4 + 0 Euro numbers,4 + 0,1674,110.6,185144.4
365,2019-03-15,7,3+2,Match 3 + 2 Euro numbers,3 + 2,3794,41.8,158589.2
365,2019-03-15,8,2+2,Match 2 + 2 Euro numbers,2 + 2,51546,16.0,824736.0
365,2019-03-15,9,3+1,Match 3 + 1 Euro number,3 + 1,48738,16.0,779808.0
365,2019-03-15,10,3+0,Match 3 + 0 Euro numbers,3 + 0,75019,15.1,1132786.9
365,2019-03-15,11,1+2,Match 1 + 2 Euro numbers,1 + 2,253690,8.1,2054889.0
365,2019-03-15,12,2+1,Match 2 + 1 Euro number,2 + 1,678132,7.4,5018176.8
366,2019-03-22,1,5+2,Match 5 + 2 Euro numbers,5 + 2,0,0.0,0.0
366,2019-03-22,2,5+1,Match 5 + 1 Euro number,5 + 1,0,0.0,0.0
366,2019-03-22,3,5+0,Match 5 + 0 Euro numbers,5 + 0,7,80893.9,566257.3
366,2019-03-22,4,4+2,Match 4 + 2 Euro numbers,4 + 2,42,4494.1,188752.2
366,2019-03-22,5,4+1,Match 4 + 1 Euro number,4 + 1,523,324.8,169870.4
366,2019-03-22,6,4+0,Match 4 + 0 Euro numbers,4 + 0,926,142.6,132047.6
366,2019-03-22,7,3+2,Match 3 + 2 Euro numbers,3 + 2,1574,71.9,113170.6
366,2019-03-22,8,2+2,Match 2 + 2 Euro numbers,2 + 2,24083,24.2,582808.6
366,2019-03-22,9,3+1,Match 3 + 1 Euro number,3 + 1,27159,20.8,564907.2
366,2019-03-22,10,3+0,Match 3 + 0 Euro numbers,3 + 0,46033,17.6,810180.8
366,2019-03-22,11,1+2,Match 1 + 2 Euro numbers,1 + 2,134382,10.9,1464763.8
366,2019-03-22,12,2+1,Match 2 + 1 Euro number,2 + 1,435329,8.2,3569697.8
367,2019-03-29,1,5+2,Match 5 + 2 Euro numbers,5 + 2,0,0.0,0.0
367,2019-03-29,2,5+1,Match 5 + 1 Euro number,5 + 1,4,830333.9,3321335.6
367,2019-03-29,3,5+0,Match 5 + 0 Euro numbers,5 + 0,6,100996.3,605977.8
367,2019-03-29,4,4+2,Match 4 + 2 Euro numbers,4 + 2,36,5610.9,201992.4
367,2019-03-29,5,4+1,Match 4 + 1 Euro number,4 + 1,826,220.0,181720.0
367,2019-03-29,6,4+0,Match 4 + 0 Euro numbers,4 + 0,1366,103.5,141381.0
367,2019-03-29,7,3+2,Match 3 + 2 Euro numbers,3 + 2,1612,75.1,121061.2
367,2019-03-29,8,2+2,Match 2 + 2 Euro numbers,2 + 2,23375,26.7,624112.5
367,2019-03-29,9,3+1,Match 3 + 1 Euro number,3 + 1,36920,16.4,605488.0
367,2019-03-29,10,3+0,Match 3 + 0 Euro numbers,3 + 0,62053,13.9,862536.7
367,2019-03-29,11,1+2,Match 1 + 2 Euro numbers,1 + 2,120923,13.0,1571999.0
367,2019-03-29,12,2+1,Match 2 + 1 Euro number,2 + 1,513447,7.5,3850852.5
368,2019-04-05,1,5+2,Match 5 + 2 Euro numbers,5 + 2,0,0.0,0.0
368,2019-04-05,2,5+1,Match 5 + 1 Euro number,5 + 1,2,893119.0,1786238.0
368,2019-04-05,3,5+0,Match 5 + 0 Euro numbers,5 + 0,7,90062.4,630436.8
368,2019-04-05,4,4+2,Match 4 + 2 Euro numbers,4 + 2,33,6368.0,210144.0
368,2019-04-05,5,4+1,Match 4 + 1 Euro number,4 + 1,596,317.3,189110.8
368,2019-04-05,6,4+0,Match 4 + 0 Euro numbers,4 + 0,1111,132.4,147096.4
368,2019-04-05,7,3+2,Match 3 + 2 Euro numbers,3 + 2,1579,79.8,126004.2
368,2019-04-05,8,2+2,Match 2 + 2 Euro numbers,2 + 2,23987,27.1,650047.7
368,2019-04-05,9,3+1,Match 3 + 1 Euro number,3 + 1,26827,23.5,630434.5
368,2019-04-05,10,3+0,Match 3 + 0 Euro numbers,3 + 0,51519,17.5,901582.5
368,2019-04-05,11,1+2,Match 1 + 2 Euro numbers,1 + 2,133326,12.2,1626577.2
368,2019-04-05,12,2+1,Match 2 + 1 Euro number,2 + 1,413941,9.6,3973833.6
369,2019-04-12,1,5+2,Match 5 + 2 Euro numbers,5 + 2,0,0.0,0.0
369,2019-04-12,2,5+1,Match 5 + 1 Euro number,5 + 1,4,480924.2,1923696.8
369,2019-04-12,3,5+0,Match 5 + 0 Euro numbers,5 + 0,4,169737.9,678951.6
369,2019-04-12,4,4+2,Match 4 + 2 Euro numbers,4 + 2,68,3328.1,226310.8
369,2019-04-12,5,4+1,Match 4 + 1 Euro number,4 + 1,801,254.2,203614.2
369,2019-04-12,6,4+0,Match 4 + 0 Euro numbers,4 + 0,1500,105.6,158400.0
369,2019-04-12,7,3+2,Match 3 + 2 Euro numbers,3 + 2,2767,49.0,135583.0
369,2019-04-12,8,2+2,Match 2 + 2 Euro numbers,2 + 2,40898,17.5,715715.0
369,2019-04-12,9,3+1,Match 3 + 1 Euro number,3 + 1,37823,17.5,661902.5
369,2019-04-12,10,3+0,Match 3 + 0 Euro numbers,3 + 0,62912,15.4,968844.8
369,2019-04-12,11,1+2,Match 1 + 2 Euro numbers,1 + 2,218799,8.0,1750392.0
369,2019-04-12,12,2+1,Match 2 + 1 Euro number,2 + 1,539495,8.0,4315960.0
370,2019-04-19,1,5+2,Match 5 + 2 Euro numbers,5 + 2,0,0.0,0.0
370,2019-04-19,2,5+1,Match 5 + 1 Euro number,5 + 1,3,681183.6,2043550.8
370,2019-04-19,3,5+0,Match 5 + 0 Euro numbers,5 + 0,9,80139.2,721252.8
370,2019-04-19,4,4+2,Match 4 + 2 Euro numbers,4 + 2,58,4145.1,240415.8
370,2019-04-19,5,4+1,Match 4 + 1 Euro number,4 + 1,809,267.4,216326.6
370,2019-04-19,6,4+0,Match 4 + 0 Euro numbers,4 + 0,1436,117.1,168155.6
370,2019-04-19,7,3+2,Match 3 + 2 Euro numbers,3 + 2,1876,76.8,144076.8
370,2019-04-19,8,2+2,Match 2 + 2 Euro numbers,2 + 2,29330,25.4,744982.0
370,2019-04-19,9,3+1,Match 3 + 1 Euro number,3 + 1,37330,19.3,720469.0
370,2019-04-19,10,3+0,Match 3 + 0 Euro numbers,3 + 0,64802,15.9,1030351.8
370,2019-04-19,11,1+2,Match 1 + 2 Euro numbers,1 + 2,162186,11.5,1865139.0
370,2019-04-19,12,2+1,Match 2 + 1 Euro number,2 + 1,553179,8.3,4591385.7
371,2019-04-26,1,5+2,Match 5 + 2 Euro numbers,5 + 2,0,0.0,0.0
371,2019-04-26,2,5+1,Match 5 + 1 Euro number,5 + 1,1,2301093.3,2301093.3
371,2019-04-26,3,5+0,Match 5 + 0 Euro numbers,5 + 0,8,101518.8,812150.4
371,2019-04-26,4,4+2,Match 4 + 2 Euro numbers,4 + 2,82,3301.4,270714.8
371,2019-04-26,5,4+1,Match 4 + 1 Euro number,4 + 1,969,251.4,243606.6
371,2019-04-26,6,4+0,Match 4 + 0 Euro numbers,4 + 0,1804,105.0,189420.0
371,2019-04-26,7,3+2,Match 3 + 2 Euro numbers,3 + 2,3354,48.4,162333.6
371,2019-04-26,8,2+2,Match 2 + 2 Euro numbers,2 + 2,48974,17.4,852147.6
371,2019-04-26,9,3+1,Match 3 + 1 Euro number,3 + 1,45769,17.4,796380.6
371,2019-04-26,10,3+0,Match 3 + 0 Euro numbers,3 + 0,81387,14.3,1163834.1
371,2019-04-26,11,1+2,Match 1 + 2 Euro numbers,1 + 2,262348,8.0,2098784.0
371,2019-04-26,12,2+1,Match 2 + 1 Euro number,2 + 1,662828,7.8,5170058.4
372,2019-05-03,1,5+2,Match 5 + 2 Euro numbers,5 + 2,0,0.0,0.0
372,2019-05-03,2,5+1,Match 5 + 1 Euro number,5 + 1,1,2739674.6,2739674.6
372,2019-05-03,3,5+0,Match 5 + 0 Euro numbers,5 + 0,6,161157.3,966943.8
372,2019-05-03,4,4+2,Match 4 + 2 Euro numbers,4 + 2,83,3883.3,322313.9
372,2019-05-03,5,4+1,Match 4 + 1 Euro number,4 + 1,1304,222.4,290009.6
372,2019-05-03,6,4+0,Match 4 + 0 Euro numbers,4 + 0,2409,93.6,225482.4
372,2019-05-03,7,3+2,Match 3 + 2 Euro numbers,3 + 2,3827,50.5,193263.5
372,2019-05-03,8,2+2,Match 2 + 2 Euro numbers,2 + 2,50477,19.7,994396.9
372,2019-05-03,9,3+1,Match 3 + 1 Euro number,3 + 1,61084,15.8,965127.2
372,2019-05-03,10,3+0,Match 3 + 0 Euro numbers,3 + 0,107772,12.8,1379481.6
372,2019-05-03,11,1+2,Match 1 + 2 Euro numbers,1 + 2,247865,10.1,2503436.5
372,2019-05-03,12,2+1,Match 2 + 1 Euro number,2 + 1,832747,7.3,6079053.1
373,2019-05-10,1,5+2,Match 5 + 2 Euro numbers,5 + 2,2,45000000.0,90000000.0
373,2019-05-10,2,5+1,Match 5 + 1 Euro number,5 + 1,11,994790.9,10942699.9
373,2019-05-10,3,5+0,Match 5 + 0 Euro numbers,5 + 0,18,66331.6,1193968.8
373,2019-05-10,4,4+2,Match 4 + 2 Euro numbers,4 + 2,149,2671.0,397979.0
373,2019-05-10,5,4+1,Match 4 + 1 Euro number,4 + 1,2237,160.1,358143.7
373,2019-05-10,6,4+0,Match 4 + 0 Euro numbers,4 + 0,3625,76.8,278400.0
373,2019-05-10,7,3+2,Match 3 + 2 Euro numbers,3 + 2,6772,35.2,238374.4
373,2019-05-10,8,2+2,Match 2 + 2 Euro numbers,2 + 2,89603,13.8,1236521.4
373,2019-05-10,9,3+1,Match 3 + 1 Euro number,3 + 1,85275,13.8,1176795.0
373,2019-05-10,10,3+0,Match 3 + 0 Euro numbers,3 + 0,143271,11.9,1704924.9
373,2019-05-10,11,1+2,Match 1 + 2 Euro numbers,1 + 2,419060,7.4,3101044.0
373,2019-05-10,12,2+1,Match 2 + 1 Euro number,2 + 1,1130480,6.7,7574216.0
374,2019-05-17,1,5+2,Match 5 + 2 Euro numbers,5 + 2,0,0.0,0.0
374,2019-05-17,2,5+1,Match 5 + 1 Euro number,5 + 1,4,423216.6,1692866.4
374,2019-05-17,3,5+0,Match 5 + 0 Euro numbers,5 + 0,7,85354.6,597482.2
374,2019-05-17,4,4+2,Match 4 + 2 Euro numbers,4 + 2,68,2928.8,199158.4
374,2019-05-17,5,4+1,Match 4 + 1 Euro number,4 + 1,908,197.4,179239.2
374,2019-05-17,6,4+0,Match 4 + 0 Euro numbers,4 + 0,1269,109.8,139336.2
374,2019-05-17,7,3+2,Match 3 + 2 Euro numbers,3 + 2,2509,47.6,119428.4
374,2019-05-17,8,2+2,Match 2 + 2 Euro numbers,2 + 2,30645,20.1,615964.5
374,2019-05-17,9,3+1,Match 3 + 1 Euro number,3 + 1,38596,15.4,594378.4
374,2019-05-17,10,3+0,Match 3 + 0 Euro numbers,3 + 0,56624,15.1,855022.4
374,2019-05-17,11,1+2,Match 1 + 2 Euro numbers,1 + 2,156146,9.9,1545845.4
374,2019-05-17,12,2+1,Match 2 + 1 Euro number,2 + 1,479406,7.9,3787307.4
375,2019-05-24,1,5+2,Match 5 + 2 Euro numbers,5 + 2,0,0.0,0.0
375,2019-05-24,2,5+1,Match 5 + 1 Euro number,5 + 1,4,438302.1,1753208.4
375,2019-05-24,3,5+0,Match 5 + 0 Euro numbers,5 + 0,8,77347.4,618779.2
375,2019-05-24,4,4+2,Match 4 + 2 Euro numbers,4 + 2,62,3326.7,206255.4
375,2019-05-24,5,4+1,Match 4 + 1 Euro number,4 + 1,707,262.5,185587.5
375,2019-05-24,6,4+0,Match 4 + 0 Euro numbers,4 + 0,1223,118.0,144314.0
375,2019-05-24,7,3+2,Match 3 + 2 Euro numbers,3 + 2,2992,41.3,123569.6
375,2019-05-24,8,2+2,Match 2 + 2 Euro numbers,2 + 2,43104,16.6,715526.4
375,2019-05-24,9,3+1,Match 3 + 1 Euro number,3 + 1,32478,16.6,539134.8
375,2019-05-24,10,3+0,Match 3 + 0 Euro numbers,3 + 0,53584,16.5,884136.0
375,2019-05-24,11,1+2,Match 1 + 2 Euro numbers,1 + 2,245206,7.7,1888086.2
375,2019-05-24,12,2+1,Match 2 + 1 Euro number,2 + 1,470947,7.7,3626291.9
376,2019-05-31,1,5+2,Match 5 + 2 Euro numbers,5 + 2,0,0.0,0.0
376,2019-05-31,2,5+1,Match 5 + 1 Euro number,5 + 1,5,369547.6,1847738.0
376,2019-05-31,3,5+0,Match 5 + 0 Euro numbers,5 + 0,6,108690.4,652142.4
376,2019-05-31,4,4+2,Match 4 + 2 Euro numbers,4 + 2,47,4625.1,217379.7
376,2019-05-31,5,4+1,Match 4 + 1 Euro number,4 + 1,787,248.5,195569.5
376,2019-05-31,6,4+0,Match 4 + 0 Euro numbers,4 + 0,1235,123.2,152152.0
376,2019-05-31,7,3+2,Match 3 + 2 Euro numbers,3 + 2,2475,52.6,130185.0
376,2019-05-31,8,2+2,Match 2 + 2 Euro numbers,2 + 2,35579,18.9,672443.1
376,2019-05-31,9,3+1,Match 3 + 1 Euro number,3 + 1,34778,18.7,650348.6
376,2019-05-31,10,3+0,Match 3 + 0 Euro numbers,3 + 0,57969,16.1,933300.9
376,2019-05-31,11,1+2,Match 1 + 2 Euro numbers,1 + 2,190976,8.8,1680588.8
376,2019-05-31,12,2+1,Match 2 + 1 Euro number,2 + 1,521975,7.9,4123602.5
377,2019-06-07,1,5+2,Match 5 + 2 Euro numbers,5 + 2,0,0.0,0.0
377,2019-06-07,2,5+1,Match 5 + 1 Euro number,5 + 1,3,668167.0,2004501.0
377,2019-06-07,3,5+0,Match 5 + 0 Euro numbers,5 + 0,5,141494.2,707471.0
377,2019-06-07,4,4+2,Match 4 + 2 Euro numbers,4 + 2,38,6205.8,235820.4
377,2019-06-07,5,4+1,Match 4 + 1 Euro number,4 + 1,767,276.7,212228.9
377,2019-06-07,6,4+0,Match 4 + 0 Euro numbers,4 + 0,1373,120.2,165034.6
377,2019-06-07,7,3+2,Match 3 + 2 Euro numbers,3 + 2,2318,61.0,141398.0
377,2019-06-07,8,2+2,Match 2 + 2 Euro numbers,2 + 2,35570,20.5,729185.0
377,2019-06-07,9,3+1,Match 3 + 1 Euro number,3 + 1,37393,18.9,706727.7
377,2019-06-07,10,3+0,Match 3 + 0 Euro numbers,3 + 0,66306,15.2,1007851.2
377,2019-06-07,11,1+2,Match 1 + 2 Euro numbers,1 + 2,184331,9.9,1824876.9
377,2019-06-07,12,2+1,Match 2 + 1 Euro number,2 + 1,565619,7.9,4468390.1
378,2019-06-14,1,5+2,Match 5 + 2 Euro numbers,5 + 2,1,55280363.7,55280363.7
378,2019-06-14,2,5+1,Match 5 + 1 Euro number,5 + 1,2,1069537.0,2139074.0
378,2019-06-14,3,5+0,Match 5 + 0 Euro numbers,5 + 0,3,251655.7,754967.1
378,2019-06-14,4,4+2,Match 4 + 2 Euro numbers,4 + 2,43,5852.4,251653.2
378,2019-06-14,5,4+1,Match 4 + 1 Euro number,4 + 1,714,317.2,226480.8
378,2019-06-14,6,4+0,Match 4 + 0 Euro numbers,4 + 0,1418,124.2,176115.6
378,2019-06-14,7,3+2,Match 3 + 2 Euro numbers,3 + 2,2026,74.5,150937.0
378,2019-06-14,8,2+2,Match 2 + 2 Euro numbers,2 + 2,29805,26.1,777910.5
378,2019-06-14,9,3+1,Match 3 + 1 Euro number,3 + 1,35793,21.0,751653.0
378,2019-06-14,10,3+0,Match 3 + 0 Euro numbers,3 + 0,66153,16.3,1078293.9
378,2019-06-14,11,1+2,Match 1 + 2 Euro numbers,1 + 2,159155,12.3,1957606.5
378,2019-06-14,12,2+1,Match 2 + 1 Euro number,2 + 1,527878,9.1,4803689.8
379,2019-06-21,1,5+2,Match 5 + 2 Euro numbers,5 + 2,0,0.0,0.0
379,2019-06-21,2,5+1,Match 5 + 1 Euro number,5 + 1,3,525446.7,1576340.1
379,2019-06-21,3,5+0,Match 5 + 0 Euro numbers,5 + 0,5,111271.0,556355.0
379,2019-06-21,4,4+2,Match 4 + 2 Euro numbers,4 + 2,26,7132.7,185450.2
379,2019-06-21,5,4+1,Match 4 + 1 Euro number,4 + 1,576,289.7,166867.2
379,2019-06-21,6,4+0,Match 4 + 0 Euro numbers,4 + 0,961,135.0,129735.0
379,2019-06-21,7,3+2,Match 3 + 2 Euro numbers,3 + 2,1503,74.0,111222.0
379,2019-06-21,8,2+2,Match 2 + 2 Euro numbers,2 + 2,24530,23.4,574002.0
379,2019-06-21,9,3+1,Match 3 + 1 Euro number,3 + 1,24991,22.2,554800.2
379,2019-06-21,10,3+0,Match 3 + 0 Euro numbers,3 + 0,44015,18.1,796671.5
379,2019-06-21,11,1+2,Match 1 + 2 Euro numbers,1 + 2,136875,10.5,1437187.5
379,2019-06-21,12,2+1,Match 2 + 1 Euro number,2 + 1,396743,8.9,3531012.7
380,2019-06-28,1,5+2,Match 5 + 2 Euro numbers,5 + 2,1,18927585.4,18927585.4
380,2019-06-28,2,5+1,Match 5 + 1 Euro number,5 + 1,1,1644386.2,1644386.2
380,2019-06-28,3,5+0,Match 5 + 0 Euro numbers,5 + 0,7,82910.2,580371.4
380,2019-06-28,4,4+2,Match 4 + 2 Euro numbers,4 + 2,47,4116.1,193456.7
380,2019-06-28,5,4+1,Match 4 + 1 Euro number,4 + 1,852,204.3,174063.6
380,2019-06-28,6,4+0,Match 4 + 0 Euro numbers,4 + 0,1363,99.3,135345.9
380,2019-06-28,7,3+2,Match 3 + 2 Euro numbers,3 + 2,2054,56.5,116051.0
380,2019-06-28,8,2+2,Match 2 + 2 Euro numbers,2 + 2,29780,20.1,598578.0
380,2019-06-28,9,3+1,Match 3 + 1 Euro number,3 + 1,35789,16.2,579781.8
380,2019-06-28,10,3+0,Match 3 + 0 Euro numbers,3 + 0,57338,14.5,831401.0
380,2019-06-28,11,1+2,Match 1 + 2 Euro numbers,1 + 2,147842,10.2,1507988.4
380,2019-06-28,12,2+1,Match 2 + 1 Euro number,2 + 1,497064,7.4,3678273.6
381,2019-07-05,1,5+2,Match 5 + 2 Euro numbers,5 + 2,0,0.0,0.0
381,2019-07-05,2,5+1,Match 5 + 1 Euro number,5 + 1,4,387121.0,1548484.0
381,2019-07-05,3,5+0,Match 5 + 0 Euro numbers,5 + 0,2,273261.9,546523.8
381,2019-07-05,4,4+2,Match 4 + 2 Euro numbers,4 + 2,34,5358.0,182172.0
381,2019-07-05,5,4+1,Match 4 + 1 Euro number,4 + 1,533,307.6,163950.8
381,2019-07-05,6,4+0,Match 4 + 0 Euro numbers,4 + 0,944,135.0,127440.0
381,2019-07-05,7,3+2,Match 3 + 2 Euro numbers,3 + 2,1333,81.9,109172.7
381,2019-07-05,8,2+2,Match 2 + 2 Euro numbers,2 + 2,19544,28.8,562867.2
381,2019-07-05,9,3+1,Match 3 + 1 Euro number,3 + 1,23746,23.0,546158.0
381,2019-07-05,10,3+0,Match 3 + 0 Euro numbers,3 + 0,44892,17.4,781120.8
381,2019-07-05,11,1+2,Match 1 + 2 Euro numbers,1 + 2,103346,13.7,1415840.2
381,2019-07-05,12,2+1,Match 2 + 1 Euro number,2 + 1,357645,9.7,3469156.5
382,2019-07-12,1,5+2,Match 5 + 2 Euro numbers,5 + 2,0,0.0,0.0
382,2019-07-12,2,5+1,Match 5 + 1 Euro number,5 + 1,3,540953.6,1622860.8
382,2019-07-12,3,5+0,Match 5 + 0 Euro numbers,5 + 0,2,286387.2,572774.4
382,2019-07-12,4,4+2,Match 4 + 2 Euro numbers,4 + 2,32,5966.4,190924.8
382,2019-07-12,5,4+1,Match 4 + 1 Euro number,4 + 1,492,349.2,171806.4
382,2019-07-12,6,4+0,Match 4 + 0 Euro numbers,4 + 0,866,154.3,133623.8
382,2019-07-12,7,3+2,Match 3 + 2 Euro numbers,3 + 2,1502,76.2,114452.4
382,2019-07-12,8,2+2,Match 2 + 2 Euro numbers,2 + 2,23073,25.6,590668.8
382,2019-07-12,9,3+1,Match 3 + 1 Euro number,3 + 1,24109,23.7,571383.3
382,2019-07-12,10,3+0,Match 3 + 0 Euro numbers,3 + 0,40812,20.1,820321.2
382,2019-07-12,11,1+2,Match 1 + 2 Euro numbers,1 + 2,132090,11.2,1479408.0
382,2019-07-12,12,2+1,Match 2 + 1 Euro number,2 + 1,392753,9.2,3613327.6
383,2019-07-19,1,5+2,Match 5 + 2 Euro numbers,5 + 2,0,0.0,0.0
383,2019-07-19,2,5+1,Match 5 + 1 Euro number,5 + 1,2,870522.5,1741045.0
383,2019-07-19,3,5+0,Match 5 + 0 Euro numbers,5 + 0,3,204828.8,614486.4
383,2019-07-19,4,4+2,Match 4 + 2 Euro numbers,4 + 2,43,4763.4,204826.2
383,2019-07-19,5,4+1,Match 4 + 1 Euro number,4 + 1,628,293.5,184318.0
383,2019-07-19,6,4+0,Match 4 + 0 Euro numbers,4 + 0,995,144.1,143379.5
383,2019-07-19,7,3+2,Match 3 + 2 Euro numbers,3 + 2,1853,66.3,122853.9
383,2019-07-19,8,2+2,Match 2 + 2 Euro numbers,2 + 2,27889,22.7,633080.3
383,2019-07-19,9,3+1,Match 3 + 1 Euro number,3 + 1,28248,21.7,612981.6
383,2019-07-19,10,3+0,Match 3 + 0 Euro numbers,3 + 0,46709,18.8,878129.2
383,2019-07-19,11,1+2,Match 1 + 2 Euro numbers,1 + 2,145565,10.9,1586658.5
383,2019-07-19,12,2+1,Match 2 + 1 Euro number,2 + 1,441729,8.8,3887215.2
384,2019-07-26,1,5+2,Match 5 + 2 Euro numbers,5 + 2,0,0.0,0.0
384,2019-07-26,2,5+1,Match 5 + 1 Euro number,5 + 1,6,307109.2,1842655.2
384,2019-07-26,3,5+0,Match 5 + 0 Euro numbers,5 + 0,2,307109.2,614218.4
384,2019-07-26,4,4+2,Match 4 + 2 Euro numbers,4 + 2,34,6283.5,213639.0
384,2019-07-26,5,4+1,Match 4 + 1 Euro number,4 + 1,649,296.2,192233.8
384,2019-07-26,6,4+0,Match 4 + 0 Euro numbers,4 + 0,1114,134.2,149498.8
384,2019-07-26,7,3+2,Match 3 + 2 Euro numbers,3 + 2,1769,72.4,128075.6
384,2019-07-26,8,2+2,Match 2 + 2 Euro numbers,2 + 2,27540,24.0,660960.0
384,2019-07-26,9,3+1,Match 3 + 1 Euro number,3 + 1,32131,19.9,639406.9
384,2019-07-26,10,3+0,Match 3 + 0 Euro numbers,3 + 0,53940,17.0,916980.0
384,2019-07-26,11,1+2,Match 1 + 2 Euro numbers,1 + 2,150838,11.0,1659218.0
384,2019-07-26,12,2+1,Match 2 + 1 Euro number,2 + 1,494605,8.2,4055761.0
385,2019-08-02,1,5+2,Match 5 + 2 Euro numbers,5 + 2,0,0.0,0.0
385,2019-08-02,2,5+1,Match 5 + 1 Euro number,5 + 1,2,1036131.6,2072263.2
385,2019-08-02,3,5+0,Match 5 + 0 Euro numbers,5 + 0,10,73138.7,731387.0
385,2019-08-02,4,4+2,Match 4 + 2 Euro numbers,4 + 2,41,5946.2,243794.2
385,2019-08-02,5,4+1,Match 4 + 1 Euro number,4 + 1,759,289.0,219351.0
385,2019-08-02,6,4+0,Match 4 + 0 Euro numbers,4 + 0,1446,118.0,170628.0
385,2019-08-02,7,3+2,Match 3 + 2 Euro numbers,3 + 2,1657,88.2,146147.4
385,2019-08-02,8,2+2,Match 2 + 2 Euro numbers,2 + 2,26115,28.9,754723.5
385,2019-08-02,9,3+1,Match 3 + 1 Euro number,3 + 1,33351,21.9,730386.9
385,2019-08-02,10,3+0,Match 3 + 0 Euro numbers,3 + 0,68476,15.3,1047682.8
385,2019-08-02,11,1+2,Match 1 + 2 Euro numbers,1 + 2,141250,13.4,1892750.0
385,2019-08-02,12,2+1,Match 2 + 1 Euro number,2 + 1,495442,9.3,4607610.6
386,2019-08-09,1,5+2,Match 5 + 2 Euro numbers,5 + 2,0,0.0,0.0
386,2019-08-09,2,5+1,Match 5 + 1 Euro number,5 + 1,2,1157539.0,2315078.0
386,2019-08-09,3,5+0,Match 5 + 0 Euro numbers,5 + 0,8,102135.7,817085.6
386,2019-08-09,4,4+2,Match 4 + 2 Euro numbers,4 + 2,50,5447.2,272360.0
386,2019-08-09,5,4+1,Match 4 + 1 Euro number,4 + 1,844,290.4,245097.6
386,2019-08-09,6,4+0,Match 4 + 0 Euro numbers,4 + 0,1701,112.0,190512.0
386,2019-08-09,7,3+2,Match 3 + 2 Euro numbers,3 + 2,2002,81.6,163363.2
386,2019-08-09,8,2+2,Match 2 + 2 Euro numbers,2 + 2,30751,27.4,842577.4
386,2019-08-09,9,3+1,Match 3 + 1 Euro number,3 + 1,37570,21.7,815269.0
386,2019-08-09,10,3+0,Match 3 + 0 Euro numbers,3 + 0,77724,15.0,1165860.0
386,2019-08-09,11,1+2,Match 1 + 2 Euro numbers,1 + 2,164590,12.9,2123211.0
386,2019-08-09,12,2+1,Match 2 + 1 Euro number,2 + 1,556772,9.3,5177979.6
387,2019-08-16,1,5+2,Match 5 + 2 Euro numbers,5 + 2,0,0.0,0.0
387,2019-08-16,2,5+1,Match 5 + 1 Euro number,5 + 1,1,2619809.6,2619809.6
387,2019-08-16,3,5+0,Match 5 + 0 Euro numbers,5 + 0,4,231159.6,924638.4
387,2019-08-16,4,4+2,Match 4 + 2 Euro numbers,4 + 2,77,4002.7,308207.9
387,2019-08-16,5,4+1,Match 4 + 1 Euro number,4 + 1,1067,259.9,277313.3
387,2019-08-16,6,4+0,Match 4 + 0 Euro numbers,4 + 0,1651,130.6,215620.6
387,2019-08-16,7,3+2,Match 3 + 2 Euro numbers,3 + 2,4662,39.6,184615.2
387,2019-08-16,8,2+2,Match 2 + 2 Euro numbers,2 + 2,71004,15.9,1128963.6
387,2019-08-16,9,3+1,Match 3 + 1 Euro number,3 + 1,50392,15.9,801232.8
387,2019-08-16,10,3+0,Match 3 + 0 Euro numbers,3 + 0,79439,15.9,1263080.1
387,2019-08-16,11,1+2,Match 1 + 2 Euro numbers,1 + 2,385131,7.3,2811456.3
387,2019-08-16,12,2+1,Match 2 + 1 Euro number,2 + 1,749602,7.3,5472094.6
388,2019-08-23,1,5+2,Match 5 + 2 Euro numbers,5 + 2,1,90000000.0,90000000.0
388,2019-08-23,2,5+1,Match 5 + 1 Euro number,5 + 1,8,939388.0,7515104.0
388,2019-08-23,3,5+0,Match 5 + 0 Euro numbers,5 + 0,6,194918.3,1169509.8
388,2019-08-23,4,4+2,Match 4 + 2 Euro numbers,4 + 2,74,5268.0,389832.0
388,2019-08-23,5,4+1,Match 4 + 1 Euro number,4 + 1,1133,309.6,350776.8
388,2019-08-23,6,4+0,Match 4 + 0 Euro numbers,4 + 0,1968,138.6,272764.8
388,2019-08-23,7,3+2,Match 3 + 2 Euro numbers,3 + 2,3678,63.5,233553.0
388,2019-08-23,8,2+2,Match 2 + 2 Euro numbers,2 + 2,61412,20.6,1265087.2
388,2019-08-23,9,3+1,Match 3 + 1 Euro number,3 + 1,53898,20.6,1110298.8
388,2019-08-23,10,3+0,Match 3 + 0 Euro numbers,3 + 0,94531,17.7,1673198.7
388,2019-08-23,11,1+2,Match 1 + 2 Euro numbers,1 + 2,340127,8.9,3027130.3
388,2019-08-23,12,2+1,Match 2 + 1 Euro number,2 + 1,882188,8.4,7410379.2
389,2019-08-30,1,5+2,Match 5 + 2 Euro numbers,5 + 2,0,0.0,0.0
389,2019-08-30,2,5+1,Match 5 + 1 Euro number,5 + 1,2,846843.8,1693687.6
389,2019-08-30,3,5+0,Match 5 + 0 Euro numbers,5 + 0,5,119554.4,597772.0
389,2019-08-30,4,4+2,Match 4 + 2 Euro numbers,4 + 2,49,4066.4,199253.6
389,2019-08-30,5,4+1,Match 4 + 1 Euro number,4 + 1,716,250.4,179286.4
389,2019-08-30,6,4+0,Match 4 + 0 Euro numbers,4 + 0,1218,114.5,139461.0
389,2019-08-30,7,3+2,Match 3 + 2 Euro numbers,3 + 2,1553,76.9,119425.7
389,2019-08-30,8,2+2,Match 2 + 2 Euro numbers,2 + 2,23224,26.5,615436.0
389,2019-08-30,9,3+1,Match 3 + 1 Euro number,3 + 1,30431,19.6,596447.6
389,2019-08-30,10,3+0,Match 3 + 0 Euro numbers,3 + 0,56381,15.1,851353.1
389,2019-08-30,11,1+2,Match 1 + 2 Euro numbers,1 + 2,124777,12.4,1547234.8
389,2019-08-30,12,2+1,Match 2 + 1 Euro number,2 + 1,444128,8.5,3775088.0
390,2019-09-06,1,5+2,Match 5 + 2 Euro numbers,5 + 2,0,0.0,0.0
390,2019-09-06,2,5+1,Match 5 + 1 Euro number,5 + 1,1,1793385.7,1793385.7
390,2019-09-06,3,5+0,Match 5 + 0 Euro numbers,5 + 0,6,105493.2,632959.2
390,2019-09-06,4,4+2,Match 4 + 2 Euro numbers,4 + 2,35,6028.1,210983.5
390,2019-09-06,5,4+1,Match 4 + 1 Euro number,4 + 1,578,328.5,189873.0
390,2019-09-06,6,4+0,Match 4 + 0 Euro numbers,4 + 0,1030,143.3,147599.0
390,2019-09-06,7,3+2,Match 3 + 2 Euro numbers,3 + 2,1733,73.0,126509.0
390,2019-09-06,8,2+2,Match 2 + 2 Euro numbers,2 + 2,26994,24.2,653254.8
390,2019-09-06,9,3+1,Match 3 + 1 Euro number,3 + 1,28576,22.1,631529.6
390,2019-09-06,10,3+0,Match 3 + 0 Euro numbers,3 + 0,49899,18.1,903171.9
390,2019-09-06,11,1+2,Match 1 + 2 Euro numbers,1 + 2,148058,11.1,1643443.8
390,2019-09-06,12,2+1,Match 2 + 1 Euro number,2 + 1,452133,8.9,4023983.7
391,2019-09-13,1,5+2,Match 5 + 2 Euro numbers,5 + 2,0,0.0,0.0
391,2019-09-13,2,5+1,Match 5 + 1 Euro number,5 + 1,4,506320.1,2025280.4
391,2019-09-13,3,5+0,Match 5 + 0 Euro numbers,5 + 0,7,102114.9,714804.3
391,2019-09-13,4,4+2,Match 4 + 2 Euro numbers,4 + 2,78,3054.7,238266.6
391,2019-09-13,5,4+1,Match 4 + 1 Euro number,4 + 1,927,231.3,214415.1
391,2019-09-13,6,4+0,Match 4 + 0 Euro numbers,4 + 0,1691,98.6,166732.6
391,2019-09-13,7,3+2,Match 3 + 2 Euro numbers,3 + 2,3066,46.6,142875.6
391,2019-09-13,8,2+2,Match 2 + 2 Euro numbers,2 + 2,40991,18.0,737838.0
391,2019-09-13,9,3+1,Match 3 + 1 Euro number,3 + 1,41287,17.3,714265.1
391,2019-09-13,10,3+0,Match 3 + 0 Euro numbers,3 + 0,74286,13.7,1017718.2
391,2019-09-13,11,1+2,Match 1 + 2 Euro numbers,1 + 2,208242,8.9,1853353.8
391,2019-09-13,12,2+1,Match 2 + 1 Euro number,2 + 1,581597,7.8,4536456.6
392,2019-09-20,1,5+2,Match 5 + 2 Euro numbers,5 + 2,1,44648075.8,44648075.8
392,2019-09-20,2,5+1,Match 5 + 1 Euro number,5 + 1,6,342227.1,2053362.6
392,2019-09-20,3,5+0,Match 5 + 0 Euro numbers,5 + 0,5,144943.2,724716.0
392,2019-09-20,4,4+2,Match 4 + 2 Euro numbers,4 + 2,44,5490.2,241568.8
392,2019-09-20,5,4+1,Match 4 + 1 Euro number,4 + 1,683,318.3,217398.9
392,2019-09-20,6,4+0,Match 4 + 0 Euro numbers,4 + 0,1208,139.9,168999.2
392,2019-09-20,7,3+2,Match 3 + 2 Euro numbers,3 + 2,2408,60.1,144720.8
392,2019-09-20,8,2+2,Match 2 + 2 Euro numbers,2 + 2,40286,20.0,805720.0
392,2019-09-20,9,3+1,Match 3 + 1 Euro number,3 + 1,33319,20.0,666380.0
392,2019-09-20,10,3+0,Match 3 + 0 Euro numbers,3 + 0,58647,17.7,1038051.9
392,2019-09-20,11,1+2,Match 1 + 2 Euro numbers,1 + 2,237826,8.5,2021521.0
392,2019-09-20,12,2+1,Match 2 + 1 Euro number,2 + 1,523603,8.5,4450625.5
393,2019-09-27,1,5+2,Match 5 + 2 Euro numbers,5 + 2,0,0.0,0.0
393,2019-09-27,2,5+1,Match 5 + 1 Euro number,5 + 1,1,1624893.1,1624893.1
393,2019-09-27,3,5+0,Match 5 + 0 Euro numbers,5 + 0,2,286745.8,573491.6
393,2019-09-27,4,4+2,Match 4 + 2 Euro numbers,4 + 2,43,4445.6,191160.8
393,2019-09-27,5,4+1,Match 4 + 1 Euro number,4 + 1,641,268.4,172044.4
393,2019-09-27,6,4+0,Match 4 + 0 Euro numbers,4 + 0,1097,121.9,133724.3
393,2019-09-27,7,3+2,Match 3 + 2 Euro numbers,3 + 2,2218,51.7,114670.6
393,2019-09-27,8,2+2,Match 2 + 2 Euro numbers,2 + 2,31649,18.7,591836.3
393,2019-09-27,9,3+1,Match 3 + 1 Euro number,3 + 1,30751,18.6,571968.6
393,2019-09-27,10,3+0,Match 3 + 0 Euro numbers,3 + 0,52050,15.7,817185.0
393,2019-09-27,11,1+2,Match 1 + 2 Euro numbers,1 + 2,165478,9.0,1489302.0
393,2019-09-27,12,2+1,Match 2 + 1 Euro number,2 + 1,443406,8.2,3635929.2
394,2019-10-04,1,5+2,Match 5 + 2 Euro numbers,5 + 2,0,0.0,0.0
394,2019-10-04,2,5+1,Match 5 + 1 Euro number,5 + 1,4,427577.8,1710311.2
394,2019-10-04,3,5+0,Match 5 + 0 Euro numbers,5 + 0,0,0.0,0.0
394,2019-10-04,4,4+2,Match 4 + 2 Euro numbers,4 + 2,42,4790.7,201209.4
394,2019-10-04,5,4+1,Match 4 + 1 Euro number,4 + 1,634,285.6,181070.4
394,2019-10-04,6,4+0,Match 4 + 0 Euro numbers,4 + 0,984,143.1,140810.4
394,2019-10-04,7,3+2,Match 3 + 2 Euro numbers,3 + 2,1720,70.1,120572.0
394,2019-10-04,8,2+2,Match 2 + 2 Euro numbers,2 + 2,26246,23.7,622030.2
394,2019-10-04,9,3+1,Match 3 + 1 Euro number,3 + 1,30981,19.4,601031.4
394,2019-10-04,10,3+0,Match 3 + 0 Euro numbers,3 + 0,48247,17.9,863621.3
394,2019-10-04,11,1+2,Match 1 + 2 Euro numbers,1 + 2,141637,11.0,1558007.0
394,2019-10-04,12,2+1,Match 2 + 1 Euro number,2 + 1,493342,7.7,3798733.4
395,2019-10-11,1,5+2,Match 5 + 2 Euro numbers,5 + 2,0,0.0,0.0
395,2019-10-11,2,5+1,Match 5 + 1 Euro number,5 + 1,2,904193.4,1808386.8
395,2019-10-11,3,5+0,Match 5 + 0 Euro numbers,5 + 0,5,248378.7,1241893.5
395,2019-10-11,4,4+2,Match 4 + 2 Euro numbers,4 + 2,71,2996.4,212744.4
395,2019-10-11,5,4+1,Match 4 + 1 Euro number,4 + 1,823,232.6,191429.8
395,2019-10-11,6,4+0,Match 4 + 0 Euro numbers,4 + 0,1482,100.4,148792.8
395,2019-10-11,7,3+2,Match 3 + 2 Euro numbers,3 + 2,2383,53.5,127490.5
395,2019-10-11,8,2+2,Match 2 + 2 Euro numbers,2 + 2,35152,18.7,657342.4
395,2019-10-11,9,3+1,Match 3 + 1 Euro number,3 + 1,37090,17.2,637948.0
395,2019-10-11,10,3+0,Match 3 + 0 Euro numbers,3 + 0,66502,13.7,911077.4
395,2019-10-11,11,1+2,Match 1 + 2 Euro numbers,1 + 2,177122,9.3,1647234.6
395,2019-10-11,12,2+1,Match 2 + 1 Euro number,2 + 1,547082,7.4,4048406.8
396,2019-10-18,1,5+2,Match 5 + 2 Euro numbers,5 + 2,0,0.0,0.0
396,2019-10-18,2,5+1,Match 5 + 1 Euro number,5 + 1,4,495021.9,1980087.6
396,2019-10-18,3,5+0,Match 5 + 0 Euro numbers,5 + 0,5,139770.9,698854.5
396,2019-10-18,4,4+2,Match 4 + 2 Euro numbers,4 + 2,55,4235.4,232947.0
396,2019-10-18,5,4+1,Match 4 + 1 Euro number,4 + 1,739,283.7,209654.3
396,2019-10-18,6,4+0,Match 4 + 0 Euro numbers,4 + 0,1359,119.9,162944.1
396,2019-10-18,7,3+2,Match 3 + 2 Euro numbers,3 + 2,2633,53.0,139549.0
396,2019-10-18,8,2+2,Match 2 + 2 Euro numbers,2 + 2,35746,20.2,722069.2
396,2019-10-18,9,3+1,Match 3 + 1 Euro number,3 + 1,34702,20.1,697510.2
396,2019-10-18,10,3+0,Match 3 + 0 Euro numbers,3 + 0,62326,16.0,997216.0
396,2019-10-18,11,1+2,Match 1 + 2 Euro numbers,1 + 2,164568,11.0,1810248.0
396,2019-10-18,12,2+1,Match 2 + 1 Euro number,2 + 1,528584,8.4,4440105.6
397,2019-10-25,1,5+2,Match 5 + 2 Euro numbers,5 + 2,0,0.0,0.0
397,2019-10-25,2,5+1,Match 5 + 1 Euro number,5 + 1,6,367390.0,2204340.0
397,2019-10-25,3,5+0,Match 5 + 0 Euro numbers,5 + 0,5,155600.4,778002.0
397,2019-10-25,4,4+2,Match 4 + 2 Euro numbers,4 + 2,40,6483.3,259332.0
397,2019-10-25,5,4+1,Match 4 + 1 Euro number,4 + 1,670,348.3,233361.0
397,2019-10-25,6,4+0,Match 4 + 0 Euro numbers,4 + 0,1273,142.6,181529.8
397,2019-10-25,7,3+2,Match 3 + 2 Euro numbers,3 + 2,1907,81.5,155420.5
397,2019-10-25,8,2+2,Match 2 + 2 Euro numbers,2 + 2,29108,27.6,803380.8
397,2019-10-25,9,3+1,Match 3 + 1 Euro number,3 + 1,33493,23.2,777037.6
397,2019-10-25,10,3+0,Match 3 + 0 Euro numbers,3 + 0,59911,18.6,1114344.6
397,2019-10-25,11,1+2,Match 1 + 2 Euro numbers,1 + 2,164813,12.2,2010718.6
397,2019-10-25,12,2+1,Match 2 + 1 Euro number,2 + 1,533901,9.2,4911889.2
398,2019-11-01,1,5+2,Match 5 + 2 Euro numbers,5 + 2,0,0.0,0.0
398,2019-11-01,2,5+1,Match 5 + 1 Euro number,5 + 1,9,266080.4,2394723.6
398,2019-11-01,3,5+0,Match 5 + 0 Euro numbers,5 + 0,7,120742.4,845196.8
398,2019-11-01,4,4+2,Match 4 + 2 Euro numbers,4 + 2,51,5524.1,281729.1
398,2019-11-01,5,4+1,Match 4 + 1 Euro number,4 + 1,1020,248.5,253470.0
398,2019-11-01,6,4+0,Match 4 + 0 Euro numbers,4 + 0,1760,112.0,197120.0
398,2019-11-01,7,3+2,Match 3 + 2 Euro numbers,3 + 2,2296,73.6,168985.6
398,2019-11-01,8,2+2,Match 2 + 2 Euro numbers,2 + 2,33320,26.2,872984.0
398,2019-11-01,9,3+1,Match 3 + 1 Euro number,3 + 1,43413,19.4,842212.2
398,2019-11-01,10,3+0,Match 3 + 0 Euro numbers,3 + 0,79637,15.2,1210482.4
398,2019-11-01,11,1+2,Match 1 + 2 Euro numbers,1 + 2,180249,12.1,2181012.9
398,2019-11-01,12,2+1,Match 2 + 1 Euro number,2 + 1,629561,8.5,5351268.5
399,2019-11-08,1,5+2,Match 5 + 2 Euro numbers,5 + 2,0,0.0,0.0
399,2019-11-08,2,5+1,Match 5 + 1 Euro number,5 + 1,3,931220.3,2793660.9
399,2019-11-08,3,5+0,Match 5 + 0 Euro numbers,5 + 0,13,75845.9,985996.7
399,2019-11-08,4,4+2,Match 4 + 2 Euro numbers,4 + 2,58,5666.6,328662.8
399,2019-11-08,5,4+1,Match 4 + 1 Euro number,4 + 1,968,305.5,295724.0
399,2019-11-08,6,4+0,Match 4 + 0 Euro numbers,4 + 0,1836,125.3,230050.8
399,2019-11-08,7,3+2,Match 3 + 2 Euro numbers,3 + 2,2683,73.4,196932.2
399,2019-11-08,8,2+2,Match 2 + 2 Euro numbers,2 + 2,39345,25.8,1015101.0
399,2019-11-08,9,3+1,Match 3 + 1 Euro number,3 + 1,47436,20.7,981925.2
399,2019-11-08,10,3+0,Match 3 + 0 Euro numbers,3 + 0,88975,15.8,1405805.0
399,2019-11-08,11,1+2,Match 1 + 2 Euro numbers,1 + 2,208383,12.3,2563110.9
399,2019-11-08,12,2+1,Match 2 + 1 Euro number,2 + 1,726253,8.6,6245775.8
400,2019-11-15,1,5+2,Match 5 + 2 Euro numbers,5 + 2,0,0.0,0.0
400,2019-11-15,2,5+1,Match 5 + 1 Euro number,5 + 1,8,1617777.0,12942216.0
400,2019-11-15,3,5+0,Match 5 + 0 Euro numbers,5 + 0,7,170872.4,1196106.8
400,2019-11-15,4,4+2,Match 4 + 2 Euro numbers,4 + 2,76,5246.0,398696.0
400,2019-11-15,5,4+1,Match 4 + 1 Euro number,4 + 1,1500,239.2,358800.0
400,2019-11-15,6,4+0,Match 4 + 0 Euro numbers,4 + 0,2605,107.1,278995.5
400,2019-11-15,7,3+2,Match 3 + 2 Euro numbers,3 + 2,4024,59.4,239025.6
400,2019-11-15,8,2+2,Match 2 + 2 Euro numbers,2 + 2,60147,20.5,1233013.5
400,2019-11-15,9,3+1,Match 3 + 1 Euro number,3 + 1,66748,17.9,1194789.2
400,2019-11-15,10,3+0,Match 3 + 0 Euro numbers,3 + 0,114023,15.0,1710345.0
400,2019-11-15,11,1+2,Match 1 + 2 Euro numbers,1 + 2,309690,10.0,3096900.0
400,2019-11-15,12,2+1,Match 2 + 1 Euro number,2 + 1,984612,7.7,7581512.4
401,2019-11-22,1,5+2,Match 5 + 2 Euro numbers,5 + 2,3,30000000.0,90000000.0
401,2019-11-22,2,5+1,Match 5 + 1 Euro number,5 + 1,8,2938894.2,23511153.6
401,2019-11-22,3,5+0,Match 5 + 0 Euro numbers,5 + 0,19,66249.6,1258742.4
401,2019-11-22,4,4+2,Match 4 + 2 Euro numbers,4 + 2,251,1671.6,419571.6
401,2019-11-22,5,4+1,Match 4 + 1 Euro number,4 + 1,2276,165.9,377588.4
401,2019-11-22,6,4+0,Match 4 + 0 Euro numbers,4 + 0,3419,85.9,293692.1
401,2019-11-22,7,3+2,Match 3 + 2 Euro numbers,3 + 2,10082,24.9,251041.8
401,2019-11-22,8,2+2,Match 2 + 2 Euro numbers,2 + 2,117893,12.7,1497241.1
401,2019-11-22,9,3+1,Match 3 + 1 Euro number,3 + 1,89653,12.7,1138593.1
401,2019-11-22,10,3+0,Match 3 + 0 Euro numbers,3 + 0,135565,12.7,1721675.5
401,2019-11-22,11,1+2,Match 1 + 2 Euro numbers,1 + 2,544590,6.6,3594294.0
401,2019-11-22,12,2+1,Match 2 + 1 Euro number,2 + 1,1149040,6.6,7583664.0
402,2019-11-29,1,5+2,Match 5 + 2 Euro numbers,5 + 2,0,0.0,0.0
402,2019-11-29,2,5+1,Match 5 + 1 Euro number,5 + 1,4,453924.1,1815696.4
402,2019-11-29,3,5+0,Match 5 + 0 Euro numbers,5 + 0,5,128166.8,640834.0
402,2019-11-29,4,4+2,Match 4 + 2 Euro numbers,4 + 2,28,7628.9,213609.2
402,2019-11-29,5,4+1,Match 4 + 1 Euro number,4 + 1,575,334.3,192222.5
402,2019-11-29,6,4+0,Match 4 + 0 Euro numbers,4 + 0,1078,138.7,149518.6
402,2019-11-29,7,3+2,Match 3 + 2 Euro numbers,3 + 2,1745,73.4,128083.0
402,2019-11-29,8,2+2,Match 2 + 2 Euro numbers,2 + 2,27374,24.1,659713.4
402,2019-11-29,9,3+1,Match 3 + 1 Euro number,3 + 1,29958,21.3,638105.4
402,2019-11-29,10,3+0,Match 3 + 0 Euro numbers,3 + 0,54235,16.9,916571.5
402,2019-11-29,11,1+2,Match 1 + 2 Euro numbers,1 + 2,151754,10.9,1654118.6
402,2019-11-29,12,2+1,Match 2 + 1 Euro number,2 + 1,468629,8.7,4077072.3
403,2019-12-06,1,5+2,Match 5 + 2 Euro numbers,5 + 2,1,23515066.3,23515066.3
403,2019-12-06,2,5+1,Match 5 + 1 Euro number,5 + 1,4,477465.4,1909861.6
403,2019-12-06,3,5+0,Match 5 + 0 Euro numbers,5 + 0,7,96295.5,674068.5
403,2019-12-06,4,4+2,Match 4 + 2 Euro numbers,4 + 2,57,3941.9,224688.3
403,2019-12-06,5,4+1,Match 4 + 1 Euro number,4 + 1,792,255.3,202197.6
403,2019-12-06,6,4+0,Match 4 + 0 Euro numbers,4 + 0,1624,96.8,157203.2
403,2019-12-06,7,3+2,Match 3 + 2 Euro numbers,3 + 2,2007,67.1,134669.7
403,2019-12-06,8,2+2,Match 2 + 2 Euro numbers,2 + 2,28975,24.0,695400.0
403,2019-12-06,9,3+1,Match 3 + 1 Euro number,3 + 1,34292,19.6,672123.2
403,2019-12-06,10,3+0,Match 3 + 0 Euro numbers,3 + 0,69934,13.8,965089.2
403,2019-12-06,11,1+2,Match 1 + 2 Euro numbers,1 + 2,154630,11.3,1747319.0
403,2019-12-06,12,2+1,Match 2 + 1 Euro number,2 + 1,495052,8.6,4257447.2
404,2019-12-13,1,5+2,Match 5 + 2 Euro numbers,5 + 2,1,10455190.6,10455190.6
404,2019-12-13,2,5+1,Match 5 + 1 Euro number,5 + 1,3,607208.6,1821625.8
404,2019-12-13,3,5+0,Match 5 + 0 Euro numbers,5 + 0,2,321463.3,642926.6
404,2019-12-13,4,4+2,Match 4 + 2 Euro numbers,4 + 2,45,4762.4,214308.0
404,2019-12-13,5,4+1,Match 4 + 1 Euro number,4 + 1,629,306.6,192851.4
404,2019-12-13,6,4+0,Match 4 + 0 Euro numbers,4 + 0,1163,128.9,149910.7
404,2019-12-13,7,3+2,Match 3 + 2 Euro numbers,3 + 2,1893,67.9,128534.7
404,2019-12-13,8,2+2,Match 2 + 2 Euro numbers,2 + 2,27869,23.8,663282.2
404,2019-12-13,9,3+1,Match 3 + 1 Euro number,3 + 1,29500,21.7,640150.0
404,2019-12-13,10,3+0,Match 3 + 0 Euro numbers,3 + 0,53660,17.1,917586.0
404,2019-12-13,11,1+2,Match 1 + 2 Euro numbers,1 + 2,150041,11.1,1665455.1
404,2019-12-13,12,2+1,Match 2 + 1 Euro number,2 + 1,439148,9.3,4084076.4
405,2019-12-20,1,5+2,Match 5 + 2 Euro numbers,5 + 2,0,0.0,0.0
405,2019-12-20,2,5+1,Match 5 + 1 Euro number,5 + 1,4,436343.2,1745372.8
405,2019-12-20,3,5+0,Match 5 + 0 Euro numbers,5 + 0,0,0.0,0.0
405,2019-12-20,4,4+2,Match 4 + 2 Euro numbers,4 + 2,29,7080.6,205337.4
405,2019-12-20,5,4+1,Match 4 + 1 Euro number,4 + 1,690,267.8,184782.0
405,2019-12-20,6,4+0,Match 4 + 0 Euro numbers,4 + 0,1239,116.0,143724.0
405,2019-12-20,7,3+2,Match 3 + 2 Euro numbers,3 + 2,1659,74.2,123097.8
405,2019-12-20,8,2+2,Match 2 + 2 Euro numbers,2 + 2,24656,25.8,636124.8
405,2019-12-20,9,3+1,Match 3 + 1 Euro number,3 + 1,32296,19.0,613624.0
405,2019-12-20,10,3+0,Match 3 + 0 Euro numbers,3 + 0,61914,14.2,879178.8
405,2019-12-20,11,1+2,Match 1 + 2 Euro numbers,1 + 2,128681,12.4,1595644.4
405,2019-12-20,12,2+1,Match 2 + 1 Euro number,2 + 1,468419,8.3,3887877.7
406,2019-12-27,1,5+2,Match 5 + 2 Euro numbers,5 + 2,0,0.0,0.0
406,2019-12-27,2,5+1,Match 5 + 1 Euro number,5 + 1,3,575919.6,1727758.8
406,2019-12-27,3,5+0,Match 5 + 0 Euro numbers,5 + 0,9,136201.2,1225810.8
406,2019-12-27,4,4+2,Match 4 + 2 Euro numbers,4 + 2,84,2419.8,203263.2
406,2019-12-27,5,4+1,Match 4 + 1 Euro number,4 + 1,1046,174.8,182840.8
406,2019-12-27,6,4+0,Match 4 + 0 Euro numbers,4 + 0,1746,81.4,142124.4
406,2019-12-27,7,3+2,Match 3 + 2 Euro numbers,3 + 2,3108,39.2,121833.6
406,2019-12-27,8,2+2,Match 2 + 2 Euro numbers,2 + 2,39648,15.8,626438.4
406,2019-12-27,9,3+1,Match 3 + 1 Euro number,3 + 1,41086,14.8,608072.8
406,2019-12-27,10,3+0,Match 3 + 0 Euro numbers,3 + 0,66604,13.1,872512.4
406,2019-12-27,11,1+2,Match 1 + 2 Euro numbers,1 + 2,196615,8.0,1572920.0
406,2019-12-27,12,2+1,Match 2 + 1 Euro number,2 + 1,539158,7.2,3881937.6
407,2020-01-03,1,5+2,Match 5 + 2 Euro numbers,5 + 2,0,0.0,0.0
407,2020-01-03,2,5+1,Match 5 + 1 Euro number,5 + 1,3,618829.6,1856488.8
407,2020-01-03,3,5+0,Match 5 + 0 Euro numbers,5 + 0,4,163807.8,655231.2
407,2020-01-03,4,4+2,Match 4 + 2 Euro numbers,4 + 2,36,6066.9,218408.4
407,2020-01-03,5,4+1,Match 4 + 1 Euro number,4 + 1,721,272.6,196544.6
407,2020-01-03,6,4+0,Match 4 + 0 Euro numbers,4 + 0,1183,129.2,152843.6
407,2020-01-03,7,3+2,Match 3 + 2 Euro numbers,3 + 2,1800,72.8,131040.0
407,2020-01-03,8,2+2,Match 2 + 2 Euro numbers,2 + 2,28768,23.5,676048.0
407,2020-01-03,9,3+1,Match 3 + 1 Euro number,3 + 1,34020,19.2,653184.0
407,2020-01-03,10,3+0,Match 3 + 0 Euro numbers,3 + 0,54913,17.1,939012.3
407,2020-01-03,11,1+2,Match 1 + 2 Euro numbers,1 + 2,159435,10.6,1690011.0
407,2020-01-03,12,2+1,Match 2 + 1 Euro number,2 + 1,510145,8.1,4132174.5
408,2020-01-10,1,5+2,Match 5 + 2 Euro numbers,5 + 2,0,0.0,0.0
408,2020-01-10,2,5+1,Match 5 + 1 Euro number,5 + 1,2,1037915.4,2075830.8
408,2020-01-10,3,5+0,Match 5 + 0 Euro numbers,5 + 0,9,81405.1,732645.9
408,2020-01-10,4,4+2,Match 4 + 2 Euro numbers,4 + 2,55,4440.2,244211.0
408,2020-01-10,5,4+1,Match 4 + 1 Euro number,4 + 1,858,256.1,219733.8
408,2020-01-10,6,4+0,Match 4 + 0 Euro numbers,4 + 0,1432,119.3,170837.6
408,2020-01-10,7,3+2,Match 3 + 2 Euro numbers,3 + 2,2801,52.3,146492.3
408,2020-01-10,8,2+2,Match 2 + 2 Euro numbers,2 + 2,38729,19.5,755215.5
408,2020-01-10,9,3+1,Match 3 + 1 Euro number,3 + 1,41380,17.7,732426.0
408,2020-01-10,10,3+0,Match 3 + 0 Euro numbers,3 + 0,68819,15.2,1046048.8
408,2020-01-10,11,1+2,Match 1 + 2 Euro numbers,1 + 2,199781,9.5,1897919.5
408,2020-01-10,12,2+1,Match 2 + 1 Euro number,2 + 1,580535,8.0,4644280.0
409,2020-01-17,1,5+2,Match 5 + 2 Euro numbers,5 + 2,0,0.0,0.0
409,2020-01-17,2,5+1,Match 5 + 1 Euro number,5 + 1,2,1181045.3,2362090.6
409,2020-01-17,3,5+0,Match 5 + 0 Euro numbers,5 + 0,13,64129.1,833678.3
409,2020-01-17,4,4+2,Match 4 + 2 Euro numbers,4 + 2,41,6777.8,277889.8
409,2020-01-17,5,4+1,Match 4 + 1 Euro number,4 + 1,867,288.4,250042.8
409,2020-01-17,6,4+0,Match 4 + 0 Euro numbers,4 + 0,1544,125.9,194389.6
409,2020-01-17,7,3+2,Match 3 + 2 Euro numbers,3 + 2,2367,70.4,166636.8
409,2020-01-17,8,2+2,Match 2 + 2 Euro numbers,2 + 2,33739,25.5,860344.5
409,2020-01-17,9,3+1,Match 3 + 1 Euro number,3 + 1,39305,21.2,833266.0
409,2020-01-17,10,3+0,Match 3 + 0 Euro numbers,3 + 0,74672,16.0,1194752.0
409,2020-01-17,11,1+2,Match 1 + 2 Euro numbers,1 + 2,185367,11.6,2150257.2
409,2020-01-17,12,2+1,Match 2 + 1 Euro number,2 + 1,577487,9.1,5255131.7
410,2020-01-24,1,5+2,Match 5 + 2 Euro numbers,5 + 2,0,0.0,0.0
410,2020-01-24,2,5+1,Match 5 + 1 Euro number,5 + 1,5,523949.7,2619748.5
410,2020-01-24,3,5+0,Match 5 + 0 Euro numbers,5 + 0,11,84056.1,924617.1
410,2020-01-24,4,4+2,Match 4 + 2 Euro numbers,4 + 2,77,4002.6,308200.2
410,2020-01-24,5,4+1,Match 4 + 1 Euro number,4 + 1,1298,213.7,277382.6
410,2020-01-24,6,4+0,Match 4 + 0 Euro numbers,4 + 0,2126,101.4,215576.4
410,2020-01-24,7,3+2,Match 3 + 2 Euro numbers,3 + 2,3275,56.4,184710.0
410,2020-01-24,8,2+2,Match 2 + 2 Euro numbers,2 + 2,44441,21.4,951037.4
410,2020-01-24,9,3+1,Match 3 + 1 Euro number,3 + 1,57545,16.0,920720.0
410,2020-01-24,10,3+0,Match 3 + 0 Euro numbers,3 + 0,92558,14.3,1323579.4
410,2020-01-24,11,1+2,Match 1 + 2 Euro numbers,1 + 2,233844,10.2,2385208.8
410,2020-01-24,12,2+1,Match 2 + 1 Euro number,2 + 1,788806,7.4,5837164.4
411,2020-01-31,1,5+2,Match 5 + 2 Euro numbers,5 + 2,0,0.0,0.0
411,2020-01-31,2,5+1,Match 5 + 1 Euro number,5 + 1,4,773714.5,3094858.0
411,2020-01-31,3,5+0,Match 5 + 0 Euro numbers,5 + 0,15,72820.1,1092301.5
411,2020-01-31,4,4+2,Match 4 + 2 Euro numbers,4 + 2,77,4728.5,364094.5
411,2020-01-31,5,4+1,Match 4 + 1 Euro number,4 + 1,1717,190.8,327603.6
411,2020-01-31,6,4+0,Match 4 + 0 Euro numbers,4 + 0,2561,99.5,254819.5
411,2020-01-31,7,3+2,Match 3 + 2 Euro numbers,3 + 2,4024,54.2,218100.8
411,2020-01-31,8,2+2,Match 2 + 2 Euro numbers,2 + 2,54862,20.5,1124671.0
411,2020-01-31,9,3+1,Match 3 + 1 Euro number,3 + 1,78469,13.9,1090719.1
411,2020-01-31,10,3+0,Match 3 + 0 Euro numbers,3 + 0,117462,13.3,1562244.6
411,2020-01-31,11,1+2,Match 1 + 2 Euro numbers,1 + 2,275123,10.3,2833766.9
411,2020-01-31,12,2+1,Match 2 + 1 Euro number,2 + 1,1043610,6.6,6887826.0
412,2020-02-07,1,5+2,Match 5 + 2 Euro numbers,5 + 2,1,90000000.0,90000000.0
412,2020-02-07,2,5+1,Match 5 + 1 Euro number,5 + 1,14,1391535.6,19481498.4
412,2020-02-07,3,5+0,Match 5 + 0 Euro numbers,5 + 0,14,91819.3,1285470.2
412,2020-02-07,4,4+2,Match 4 + 2 Euro numbers,4 + 2,129,3321.6,428486.4
412,2020-02-07,5,4+1,Match 4 + 1 Euro number,4 + 1,2274,169.5,385443.0
412,2020-02-07,6,4+0,Match 4 + 0 Euro numbers,4 + 0,3368,89.0,299752.0
412,2020-02-07,7,3+2,Match 3 + 2 Euro numbers,3 + 2,4397,58.4,256784.8
412,2020-02-07,8,2+2,Match 2 + 2 Euro numbers,2 + 2,62269,21.3,1326329.7
412,2020-02-07,9,3+1,Match 3 + 1 Euro number,3 + 1,85751,14.9,1277689.9
412,2020-02-07,10,3+0,Match 3 + 0 Euro numbers,3 + 0,131432,14.0,1840048.0
412,2020-02-07,11,1+2,Match 1 + 2 Euro numbers,1 + 2,322138,10.3,3318021.4
412,2020-02-07,12,2+1,Match 2 + 1 Euro number,2 + 1,1154494,7.0,8081458.0
413,2020-02-14,1,5+2,Match 5 + 2 Euro numbers,5 + 2,0,0.0,0.0
413,2020-02-14,2,5+1,Match 5 + 1 Euro number,5 + 1,3,617646.2,1852938.6
413,2020-02-14,3,5+0,Match 5 + 0 Euro numbers,5 + 0,6,108996.3,653977.8
413,2020-02-14,4,4+2,Match 4 + 2 Euro numbers,4 + 2,39,5589.5,217990.5
413,2020-02-14,5,4+1,Match 4 + 1 Euro number,4 + 1,672,291.9,196156.8
413,2020-02-14,6,4+0,Match 4 + 0 Euro numbers,4 + 0,1238,123.2,152521.6
413,2020-02-14,7,3+2,Match 3 + 2 Euro numbers,3 + 2,1665,78.5,130702.5
413,2020-02-14,8,2+2,Match 2 + 2 Euro numbers,2 + 2,25608,26.3,673490.4
413,2020-02-14,9,3+1,Match 3 + 1 Euro number,3 + 1,31980,20.4,652392.0
413,2020-02-14,10,3+0,Match 3 + 0 Euro numbers,3 + 0,57261,16.3,933354.3
413,2020-02-14,11,1+2,Match 1 + 2 Euro numbers,1 + 2,140559,12.0,1686708.0
413,2020-02-14,12,2+1,Match 2 + 1 Euro number,2 + 1,475581,8.7,4137554.7
414,2020-02-21,1,5+2,Match 5 + 2 Euro numbers,5 + 2,0,0.0,0.0
414,2020-02-21,2,5+1,Match 5 + 1 Euro number,5 + 1,2,971170.9,1942341.8
414,2020-02-21,3,5+0,Match 5 + 0 Euro numbers,5 + 0,6,114255.4,685532.4
414,2020-02-21,4,4+2,Match 4 + 2 Euro numbers,4 + 2,45,5078.0,228510.0
414,2020-02-21,5,4+1,Match 4 + 1 Euro number,4 + 1,779,264.0,205656.0
414,2020-02-21,6,4+0,Match 4 + 0 Euro numbers,4 + 0,1324,120.8,159939.2
414,2020-02-21,7,3+2,Match 3 + 2 Euro numbers,3 + 2,2363,58.0,137054.0
414,2020-02-21,8,2+2,Match 2 + 2 Euro numbers,2 + 2,34505,20.5,707352.5
414,2020-02-21,9,3+1,Match 3 + 1 Euro number,3 + 1,34345,19.9,683465.5
414,2020-02-21,10,3+0,Match 3 + 0 Euro numbers,3 + 0,61720,15.9,981348.0
414,2020-02-21,11,1+2,Match 1 + 2 Euro numbers,1 + 2,189507,9.4,1781365.8
414,2020-02-21,12,2+1,Match 2 + 1 Euro number,2 + 1,514431,8.4,4321220.4
415,2020-02-28,1,5+2,Match 5 + 2 Euro numbers,5 + 2,0,0.0,0.0
415,2020-02-28,2,5+1,Match 5 + 1 Euro number,5 + 1,4,514666.4,2058665.6
415,2020-02-28,3,5+0,Match 5 + 0 Euro numbers,5 + 0,7,103798.2,726587.4
415,2020-02-28,4,4+2,Match 4 + 2 Euro numbers,4 + 2,77,3145.4,242195.8
415,2020-02-28,5,4+1,Match 4 + 1 Euro number,4 + 1,1049,207.7,217877.3
415,2020-02-28,6,4+0,Match 4 + 0 Euro numbers,4 + 0,1968,86.1,169444.8
415,2020-02-28,7,3+2,Match 3 + 2 Euro numbers,3 + 2,2716,53.5,145306.0
415,2020-02-28,8,2+2,Match 2 + 2 Euro numbers,2 + 2,37248,20.1,748684.8
415,2020-02-28,9,3+1,Match 3 + 1 Euro number,3 + 1,46600,15.5,722300.0
415,2020-02-28,10,3+0,Match 3 + 0 Euro numbers,3 + 0,83102,12.5,1038775.0
415,2020-02-28,11,1+2,Match 1 + 2 Euro numbers,1 + 2,184393,10.2,1880808.6
415,2020-02-28,12,2+1,Match 2 + 1 Euro number,2 + 1,633364,7.3,4623557.2
416,2020-03-06,1,5+2,Match 5 + 2 Euro numbers,5 + 2,0,0.0,0.0
416,2020-03-06,2,5+1,Match 5 + 1 Euro number,5 + 1,2,1133050.5,2266101.0
416,2020-03-06,3,5+0,Match 5 + 0 Euro numbers,5 + 0,3,266600.1,799800.3
416,2020-03-06,4,4+2,Match 4 + 2 Euro numbers,4 + 2,52,5126.9,266598.8
416,2020-03-06,5,4+1,Match 4 + 1 Euro number,4 + 1,778,308.4,239935.2
416,2020-03-06,6,4+0,Match 4 + 0 Euro numbers,4 + 0,1430,130.5,186615.0
416,2020-03-06,7,3+2,Match 3 + 2 Euro numbers,3 + 2,2144,74.6,159942.4
416,2020-03-06,8,2+2,Match 2 + 2 Euro numbers,2 + 2,33641,24.5,824204.5
416,2020-03-06,9,3+1,Match 3 + 1 Euro number,3 + 1,37333,21.4,798926.2
416,2020-03-06,10,3+0,Match 3 + 0 Euro numbers,3 + 0,71681,15.9,1139727.9
416,2020-03-06,11,1+2,Match 1 + 2 Euro numbers,1 + 2,176936,11.7,2070151.2
416,2020-03-06,12,2+1,Match 2 + 1 Euro number,2 + 1,566523,8.9,5042054.7
417,2020-03-13,1,5+2,Match 5 + 2 Euro numbers,5 + 2,0,0.0,0.0
417,2020-03-13,2,5+1,Match 5 + 1 Euro number,5 + 1,3,832409.0,2497227.0
417,2020-03-13,3,5+0,Match 5 + 0 Euro numbers,5 + 0,8,110171.7,881373.6
417,2020-03-13,4,4+2,Match 4 + 2 Euro numbers,4 + 2,56,5246.2,293787.2
417,2020-03-13,5,4+1,Match 4 + 1 Euro number,4 + 1,1147,230.5,264383.5
417,2020-03-13,6,4+0,Match 4 + 0 Euro numbers,4 + 0,1655,124.2,205551.0
417,2020-03-13,7,3+2,Match 3 + 2 Euro numbers,3 + 2,2683,65.7,176273.1
417,2020-03-13,8,2+2,Match 2 + 2 Euro numbers,2 + 2,39218,23.2,909857.6
417,2020-03-13,9,3+1,Match 3 + 1 Euro number,3 + 1,50742,17.3,877836.6
417,2020-03-13,10,3+0,Match 3 + 0 Euro numbers,3 + 0,76632,16.4,1256764.8
417,2020-03-13,11,1+2,Match 1 + 2 Euro numbers,1 + 2,211044,10.8,2279275.2
417,2020-03-13,12,2+1,Match 2 + 1 Euro number,2 + 1,735323,7.6,5588454.8
418,2020-03-20,1,5+2,Match 5 + 2 Euro numbers,5 + 2,0,0.0,0.0
418,2020-03-20,2,5+1,Match 5 + 1 Euro number,5 + 1,4,586260.3,2345041.2
418,2020-03-20,3,5+0,Match 5 + 0 Euro numbers,5 + 0,13,63666.2,827660.6
418,2020-03-20,4,4+2,Match 4 + 2 Euro numbers,4 + 2,66,4180.1,275886.6
418,2020-03-20,5,4+1,Match 4 + 1 Euro number,4 + 1,1088,228.2,248281.6
418,2020-03-20,6,4+0,Match 4 + 0 Euro numbers,4 + 0,2032,95.0,193040.0
418,2020-03-20,7,3+2,Match 3 + 2 Euro numbers,3 + 2,2507,66.0,165462.0
418,2020-03-20,8,2+2,Match 2 + 2 Euro numbers,2 + 2,34177,25.0,854425.0
418,2020-03-20,9,3+1,Match 3 + 1 Euro number,3 + 1,47165,17.5,825387.5
418,2020-03-20,10,3+0,Match 3 + 0 Euro numbers,3 + 0,87374,13.5,1179549.0
418,2020-03-20,11,1+2,Match 1 + 2 Euro numbers,1 + 2,177960,12.0,2135520.0
418,2020-03-20,12,2+1,Match 2 + 1 Euro number,2 + 1,654298,8.0,5234384.0
419,2020-03-27,1,5+2,Match 5 + 2 Euro numbers,5 + 2,0,0.0,0.0
419,2020-03-27,2,5+1,Match 5 + 1 Euro number,5 + 1,4,659116.2,2636464.8
419,2020-03-27,3,5+0,Match 5 + 0 Euro numbers,5 + 0,6,155086.1,930516.6
419,2020-03-27,4,4+2,Match 4 + 2 Euro numbers,4 + 2,107,2898.8,310171.6
419,2020-03-27,5,4+1,Match 4 + 1 Euro number,4 + 1,1353,206.3,279123.9
419,2020-03-27,6,4+0,Match 4 + 0 Euro numbers,4 + 0,2116,102.6,217101.6
419,2020-03-27,7,3+2,Match 3 + 2 Euro numbers,3 + 2,4762,39.0,185718.0
419,2020-03-27,8,2+2,Match 2 + 2 Euro numbers,2 + 2,65740,15.2,999248.0
419,2020-03-27,9,3+1,Match 3 + 1 Euro number,3 + 1,58089,15.2,882952.8
419,2020-03-27,10,3+0,Match 3 + 0 Euro numbers,3 + 0,93156,14.3,1332130.8
419,2020-03-27,11,1+2,Match 1 + 2 Euro numbers,1 + 2,324956,7.4,2404674.4
419,2020-03-27,12,2+1,Match 2 + 1 Euro number,2 + 1,808906,7.3,5905013.8
420,2020-04-03,1,5+2,Match 5 + 2 Euro numbers,5 + 2,0,0.0,0.0
420,2020-04-03,2,5+1,Match 5 + 1 Euro number,5 + 1,4,4958270.7,19833082.8
420,2020-04-03,3,5+0,Match 5 + 0 Euro numbers,5 + 0,7,155293.4,1087053.8
420,2020-04-03,4,4+2,Match 4 + 2 Euro numbers,4 + 2,55,6588.2,362351.0
420,2020-04-03,5,4+1,Match 4 + 1 Euro number,4 + 1,1039,313.8,326038.2
420,2020-04-03,6,4+0,Match 4 + 0 Euro numbers,4 + 0,2042,124.2,253616.4
420,2020-04-03,7,3+2,Match 3 + 2 Euro numbers,3 + 2,2692,80.7,217244.4
420,2020-04-03,8,2+2,Match 2 + 2 Euro numbers,2 + 2,39726,28.2,1120273.2
420,2020-04-03,9,3+1,Match 3 + 1 Euro number,3 + 1,49769,21.8,1084964.2
420,2020-04-03,10,3+0,Match 3 + 0 Euro numbers,3 + 0,97331,16.0,1557296.0
420,2020-04-03,11,1+2,Match 1 + 2 Euro numbers,1 + 2,216282,13.0,2811666.0
420,2020-04-03,12,2+1,Match 2 + 1 Euro number,2 + 1,754661,9.1,6867415.1
421,2020-04-10,1,5+2,Match 5 + 2 Euro numbers,5 + 2,0,0.0,0.0
421,2020-04-10,2,5+1,Match 5 + 1 Euro number,5 + 1,4,5202243.1,20808972.4
421,2020-04-10,3,5+0,Match 5 + 0 Euro numbers,5 + 0,13,84976.9,1104699.7
421,2020-04-10,4,4+2,Match 4 + 2 Euro numbers,4 + 2,63,5844.9,368228.7
421,2020-04-10,5,4+1,Match 4 + 1 Euro number,4 + 1,1201,275.9,331355.9
421,2020-04-10,6,4+0,Match 4 + 0 Euro numbers,4 + 0,1879,137.1,257610.9
421,2020-04-10,7,3+2,Match 3 + 2 Euro numbers,3 + 2,3268,67.6,220916.8
421,2020-04-10,8,2+2,Match 2 + 2 Euro numbers,2 + 2,48898,23.3,1139323.4
421,2020-04-10,9,3+1,Match 3 + 1 Euro number,3 + 1,62141,17.7,1099895.7
421,2020-04-10,10,3+0,Match 3 + 0 Euro numbers,3 + 0,92802,17.0,1577634.0
421,2020-04-10,11,1+2,Match 1 + 2 Euro numbers,1 + 2,258922,11.0,2848142.0
421,2020-04-10,12,2+1,Match 2 + 1 Euro number,2 + 1,949349,7.4,7025182.6
422,2020-04-17,1,5+2,Match 5 + 2 Euro numbers,5 + 2,0,0.0,0.0
422,2020-04-17,2,5+1,Match 5 + 1 Euro number,5 + 1,3,7331310.9,21993932.7
422,2020-04-17,3,5+0,Match 5 + 0 Euro numbers,5 + 0,11,107435.9,1181794.9
422,2020-04-17,4,4+2,Match 4 + 2 Euro numbers,4 + 2,70,5627.5,393925.0
422,2020-04-17,5,4+1,Match 4 + 1 Euro number,4 + 1,1263,280.7,354524.1
422,2020-04-17,6,4+0,Match 4 + 0 Euro numbers,4 + 0,2311,119.3,275702.3
422,2020-04-17,7,3+2,Match 3 + 2 Euro numbers,3 + 2,3862,61.2,236354.4
422,2020-04-17,8,2+2,Match 2 + 2 Euro numbers,2 + 2,59092,20.6,1217295.2
422,2020-04-17,9,3+1,Match 3 + 1 Euro number,3 + 1,60856,19.4,1180606.4
422,2020-04-17,10,3+0,Match 3 + 0 Euro numbers,3 + 0,111035,15.2,1687732.0
422,2020-04-17,11,1+2,Match 1 + 2 Euro numbers,1 + 2,316970,9.6,3042912.0
422,2020-04-17,12,2+1,Match 2 + 1 Euro number,2 + 1,922415,8.1,7471561.5
423,2020-04-24,1,5+2,Match 5 + 2 Euro numbers,5 + 2,0,0.0,0.0
423,2020-04-24,2,5+1,Match 5 + 1 Euro number,5 + 1,6,3920309.5,23521857.0
423,2020-04-24,3,5+0,Match 5 + 0 Euro numbers,5 + 0,10,126074.4,1260744.0
423,2020-04-24,4,4+2,Match 4 + 2 Euro numbers,4 + 2,85,4944.0,420240.0
423,2020-04-24,5,4+1,Match 4 + 1 Euro number,4 + 1,1487,254.3,378144.1
423,2020-04-24,6,4+0,Match 4 + 0 Euro numbers,4 + 0,2670,110.1,293967.0
423,2020-04-24,7,3+2,Match 3 + 2 Euro numbers,3 + 2,4002,63.0,252126.0
423,2020-04-24,8,2+2,Match 2 + 2 Euro numbers,2 + 2,57704,22.5,1298340.0
423,2020-04-24,9,3+1,Match 3 + 1 Euro number,3 + 1,68663,18.3,1256532.9
423,2020-04-24,10,3+0,Match 3 + 0 Euro numbers,3 + 0,124872,14.4,1798156.8
423,2020-04-24,11,1+2,Match 1 + 2 Euro numbers,1 + 2,299351,10.9,3262925.9
423,2020-04-24,12,2+1,Match 2 + 1 Euro number,2 + 1,995257,8.0,7962056.0
424,2020-05-01,1,5+2,Match 5 + 2 Euro numbers,5 + 2,1,90000000.0,90000000.0
424,2020-05-01,2,5+1,Match 5 + 1 Euro number,5 + 1,4,6104297.3,24417189.2
424,2020-05-01,3,5+0,Match 5 + 0 Euro numbers,5 + 0,10,129954.9,1299549.0
424,2020-05-01,4,4+2,Match 4 + 2 Euro numbers,4 + 2,113,3833.4,433174.2
424,2020-05-01,5,4+1,Match 4 + 1 Euro number,4 + 1,1590,245.1,389709.0
424,2020-05-01,6,4+0,Match 4 + 0 Euro numbers,4 + 0,2710,111.8,302978.0
424,2020-05-01,7,3+2,Match 3 + 2 Euro numbers,3 + 2,4790,54.2,259618.0
424,2020-05-01,8,2+2,Match 2 + 2 Euro numbers,2 + 2,57144,23.4,1337169.6
424,2020-05-01,9,3+1,Match 3 + 1 Euro number,3 + 1,74721,17.3,1292673.3
424,2020-05-01,10,3+0,Match 3 + 0 Euro numbers,3 + 0,130172,14.3,1861459.6
424,2020-05-01,11,1+2,Match 1 + 2 Euro numbers,1 + 2,280683,12.0,3368196.0
424,2020-05-01,12,2+1,Match 2 + 1 Euro number,2 + 1,1026036,8.0,8208288.0
425,2020-05-08,1,5+2,Match 5 + 2 Euro numbers,5 + 2,1,13286943.4,13286943.4
425,2020-05-08,2,5+1,Match 5 + 1 Euro number,5 + 1,4,472109.8,1888439.2
425,2020-05-08,3,5+0,Match 5 + 0 Euro numbers,5 + 0,8,83313.5,666508.0
425,2020-05-08,4,4+2,Match 4 + 2 Euro numbers,4 + 2,46,4829.7,222166.2
425,2020-05-08,5,4+1,Match 4 + 1 Euro number,4 + 1,841,237.7,199905.7
425,2020-05-08,6,4+0,Match 4 + 0 Euro numbers,4 + 0,1444,107.6,155374.4
425,2020-05-08,7,3+2,Match 3 + 2 Euro numbers,3 + 2,1777,75.0,133275.0
425,2020-05-08,8,2+2,Match 2 + 2 Euro numbers,2 + 2,25727,26.7,686910.9
425,2020-05-08,9,3+1,Match 3 + 1 Euro number,3 + 1,37974,17.5,664545.0
425,2020-05-08,10,3+0,Match 3 + 0 Euro numbers,3 + 0,62773,15.2,954149.6
425,2020-05-08,11,1+2,Match 1 + 2 Euro numbers,1 + 2,135108,12.8,1729382.4
425,2020-05-08,12,2+1,Match 2 + 1 Euro number,2 + 1,546864,7.7,4210852.8
426,2020-05-15,1,5+2,Match 5 + 2 Euro numbers,5 + 2,0,0.0,0.0
426,2020-05-15,2,5+1,Match 5 + 1 Euro number,5 + 1,3,625675.4,1877026.2
426,2020-05-15,3,5+0,Match 5 + 0 Euro numbers,5 + 0,3,220826.6,662479.8
426,2020-05-15,4,4+2,Match 4 + 2 Euro numbers,4 + 2,31,7123.4,220825.4
426,2020-05-15,5,4+1,Match 4 + 1 Euro number,4 + 1,696,285.5,198708.0
426,2020-05-15,6,4+0,Match 4 + 0 Euro numbers,4 + 0,1290,119.8,154542.0
426,2020-05-15,7,3+2,Match 3 + 2 Euro numbers,3 + 2,1635,81.0,132435.0
426,2020-05-15,8,2+2,Match 2 + 2 Euro numbers,2 + 2,24467,27.9,682629.3
426,2020-05-15,9,3+1,Match 3 + 1 Euro number,3 + 1,32755,20.2,661651.0
426,2020-05-15,10,3+0,Match 3 + 0 Euro numbers,3 + 0,63197,15.0,947955.0
426,2020-05-15,11,1+2,Match 1 + 2 Euro numbers,1 + 2,130000,13.2,1716000.0
426,2020-05-15,12,2+1,Match 2 + 1 Euro number,2 + 1,483058,8.7,4202604.6
427,2020-05-22,1,5+2,Match 5 + 2 Euro numbers,5 + 2,0,0.0,0.0
427,2020-05-22,2,5+1,Match 5 + 1 Euro number,5 + 1,4,486464.6,1945858.4
427,2020-05-22,3,5+0,Match 5 + 0 Euro numbers,5 + 0,6,114462.2,686773.2
427,2020-05-22,4,4+2,Match 4 + 2 Euro numbers,4 + 2,51,4488.7,228923.7
427,2020-05-22,5,4+1,Match 4 + 1 Euro number,4 + 1,811,254.0,205994.0
427,2020-05-22,6,4+0,Match 4 + 0 Euro numbers,4 + 0,1429,112.1,160190.9
427,2020-05-22,7,3+2,Match 3 + 2 Euro numbers,3 + 2,1766,77.7,137218.2
427,2020-05-22,8,2+2,Match 2 + 2 Euro numbers,2 + 2,25688,27.6,708988.8
427,2020-05-22,9,3+1,Match 3 + 1 Euro number,3 + 1,34928,19.6,684588.8
427,2020-05-22,10,3+0,Match 3 + 0 Euro numbers,3 + 0,63015,15.6,983034.0
427,2020-05-22,11,1+2,Match 1 + 2 Euro numbers,1 + 2,137776,12.9,1777310.4
427,2020-05-22,12,2+1,Match 2 + 1 Euro number,2 + 1,509277,8.5,4328854.5
428,2020-05-29,1,5+2,Match 5 + 2 Euro numbers,5 + 2,1,33290606.9,33290606.9
428,2020-05-29,2,5+1,Match 5 + 1 Euro number,5 + 1,3,701466.6,2104399.8
428,2020-05-29,3,5+0,Match 5 + 0 Euro numbers,5 + 0,4,185682.3,742729.2
428,2020-05-29,4,4+2,Match 4 + 2 Euro numbers,4 + 2,45,5501.6,247572.0
428,2020-05-29,5,4+1,Match 4 + 1 Euro number,4 + 1,653,341.2,222803.6
428,2020-05-29,6,4+0,Match 4 + 0 Euro numbers,4 + 0,1325,130.7,173177.5
428,2020-05-29,7,3+2,Match 3 + 2 Euro numbers,3 + 2,1855,80.0,148400.0
428,2020-05-29,8,2+2,Match 2 + 2 Euro numbers,2 + 2,26384,29.0,765136.0
428,2020-05-29,9,3+1,Match 3 + 1 Euro number,3 + 1,33536,22.1,741145.6
428,2020-05-29,10,3+0,Match 3 + 0 Euro numbers,3 + 0,67892,15.6,1059115.2
428,2020-05-29,11,1+2,Match 1 + 2 Euro numbers,1 + 2,145440,13.2,1919808.0
428,2020-05-29,12,2+1,Match 2 + 1 Euro number,2 + 1,512630,9.2,4716196.0
429,2020-06-05,1,5+2,Match 5 + 2 Euro numbers,5 + 2,0,0.0,0.0
429,2020-06-05,2,5+1,Match 5 + 1 Euro number,5 + 1,4,445734.4,1782937.6
429,2020-06-05,3,5+0,Match 5 + 0 Euro numbers,5 + 0,8,78659.0,629272.0
429,2020-06-05,4,4+2,Match 4 + 2 Euro numbers,4 + 2,44,4767.2,209756.8
429,2020-06-05,5,4+1,Match 4 + 1 Euro number,4 + 1,798,236.5,188727.0
429,2020-06-05,6,4+0,Match 4 + 0 Euro numbers,4 + 0,1586,92.5,146705.0
429,2020-06-05,7,3+2,Match 3 + 2 Euro numbers,3 + 2,2096,60.0,125760.0
429,2020-06-05,8,2+2,Match 2 + 2 Euro numbers,2 + 2,28782,22.5,647595.0
429,2020-06-05,9,3+1,Match 3 + 1 Euro number,3 + 1,37178,16.9,628308.2
429,2020-06-05,10,3+0,Match 3 + 0 Euro numbers,3 + 0,70160,12.8,898048.0
429,2020-06-05,11,1+2,Match 1 + 2 Euro numbers,1 + 2,148099,11.0,1629089.0
429,2020-06-05,12,2+1,Match 2 + 1 Euro number,2 + 1,500641,8.0,4005128.0
430,2020-06-12,1,5+2,Match 5 + 2 Euro numbers,5 + 2,0,0.0,0.0
430,2020-06-12,2,5+1,Match 5 + 1 Euro number,5 + 1,3,628145.5,1884436.5
430,2020-06-12,3,5+0,Match 5 + 0 Euro numbers,5 + 0,6,110849.2,665095.2
430,2020-06-12,4,4+2,Match 4 + 2 Euro numbers,4 + 2,68,3260.2,221693.6
430,2020-06-12,5,4+1,Match 4 + 1 Euro number,4 + 1,829,240.6,199457.4
430,2020-06-12,6,4+0,Match 4 + 0 Euro numbers,4 + 0,1335,116.2,155127.0
430,2020-06-12,7,3+2,Match 3 + 2 Euro numbers,3 + 2,2722,48.8,132833.6
430,2020-06-12,8,2+2,Match 2 + 2 Euro numbers,2 + 2,39930,17.7,706761.0
430,2020-06-12,9,3+1,Match 3 + 1 Euro number,3 + 1,36234,17.7,641341.8
430,2020-06-12,10,3+0,Match 3 + 0 Euro numbers,3 + 0,63024,15.1,951662.4
430,2020-06-12,11,1+2,Match 1 + 2 Euro numbers,1 + 2,211210,8.1,1710801.0
430,2020-06-12,12,2+1,Match 2 + 1 Euro number,2 + 1,529252,8.0,4234016.0
431,2020-06-19,1,5+2,Match 5 + 2 Euro numbers,5 + 2,0,0.0,0.0
431,2020-06-19,2,5+1,Match 5 + 1 Euro number,5 + 1,4,511834.6,2047338.4
431,2020-06-19,3,5+0,Match 5 + 0 Euro numbers,5 + 0,6,120431.6,722589.6
431,2020-06-19,4,4+2,Match 4 + 2 Euro numbers,4 + 2,72,3345.3,240861.6
431,2020-06-19,5,4+1,Match 4 + 1 Euro number,4 + 1,947,228.9,216768.3
431,2020-06-19,6,4+0,Match 4 + 0 Euro numbers,4 + 0,1508,111.8,168594.4
431,2020-06-19,7,3+2,Match 3 + 2 Euro numbers,3 + 2,3006,48.0,144288.0
431,2020-06-19,8,2+2,Match 2 + 2 Euro numbers,2 + 2,40619,18.3,743327.7
431,2020-06-19,9,3+1,Match 3 + 1 Euro number,3 + 1,39424,18.3,721459.2
431,2020-06-19,10,3+0,Match 3 + 0 Euro numbers,3 + 0,68435,15.1,1033368.5
431,2020-06-19,11,1+2,Match 1 + 2 Euro numbers,1 + 2,205726,9.1,1872106.6
431,2020-06-19,12,2+1,Match 2 + 1 Euro number,2 + 1,565413,8.1,4579845.3
432,2020-06-26,1,5+2,Match 5 + 2 Euro numbers,5 + 2,1,44565942.8,44565942.8
432,2020-06-26,2,5+1,Match 5 + 1 Euro number,5 + 1,6,362616.1,2175696.6
432,2020-06-26,3,5+0,Match 5 + 0 Euro numbers,5 + 0,9,85321.4,767892.6
432,2020-06-26,4,4+2,Match 4 + 2 Euro numbers,4 + 2,59,4338.3,255959.7
432,2020-06-26,5,4+1,Match 4 + 1 Euro number,4 + 1,1027,224.3,230356.1
432,2020-06-26,6,4+0,Match 4 + 0 Euro numbers,4 + 0,1745,102.6,179037.0
432,2020-06-26,7,3+2,Match 3 + 2 Euro numbers,3 + 2,2448,62.7,153489.6
432,2020-06-26,8,2+2,Match 2 + 2 Euro numbers,2 + 2,35445,22.3,790423.5
432,2020-06-26,9,3+1,Match 3 + 1 Euro number,3 + 1,44285,17.3,766130.5
432,2020-06-26,10,3+0,Match 3 + 0 Euro numbers,3 + 0,72644,15.1,1096924.4
432,2020-06-26,11,1+2,Match 1 + 2 Euro numbers,1 + 2,185201,10.7,1981650.7
432,2020-06-26,12,2+1,Match 2 + 1 Euro number,2 + 1,614923,7.9,4857891.7
433,2020-07-03,1,5+2,Match 5 + 2 Euro numbers,5 + 2,0,0.0,0.0
433,2020-07-03,2,5+1,Match 5 + 1 Euro number,5 + 1,2,911175.6,1822351.2
433,2020-07-03,3,5+0,Match 5 + 0 Euro numbers,5 + 0,2,321591.3,643182.6
433,2020-07-03,4,4+2,Match 4 + 2 Euro numbers,4 + 2,60,3573.2,214392.0
433,2020-07-03,5,4+1,Match 4 + 1 Euro number,4 + 1,799,241.4,192878.6
433,2020-07-03,6,4+0,Match 4 + 0 Euro numbers,4 + 0,1282,117.0,149994.0
433,2020-07-03,7,3+2,Match 3 + 2 Euro numbers,3 + 2,2669,48.1,128378.9
433,2020-07-03,8,2+2,Match 2 + 2 Euro numbers,2 + 2,35537,18.7,664541.9
433,2020-07-03,9,3+1,Match 3 + 1 Euro number,3 + 1,37411,17.1,639728.1
433,2020-07-03,10,3+0,Match 3 + 0 Euro numbers,3 + 0,59259,15.5,918514.5
433,2020-07-03,11,1+2,Match 1 + 2 Euro numbers,1 + 2,191548,8.7,1666467.6
433,2020-07-03,12,2+1,Match 2 + 1 Euro number,2 + 1,520363,7.8,4058831.4
434,2020-07-10,1,5+2,Match 5 + 2 Euro numbers,5 + 2,0,0.0,0.0
434,2020-07-10,2,5+1,Match 5 + 1 Euro number,5 + 1,4,492693.0,1970772.0
434,2020-07-10,3,5+0,Match 5 + 0 Euro numbers,5 + 0,11,63233.3,695566.3
434,2020-07-10,4,4+2,Match 4 + 2 Euro numbers,4 + 2,65,3567.0,231855.0
434,2020-07-10,5,4+1,Match 4 + 1 Euro number,4 + 1,1073,194.4,208591.2
434,2020-07-10,6,4+0,Match 4 + 0 Euro numbers,4 + 0,1972,82.3,162295.6
434,2020-07-10,7,3+2,Match 3 + 2 Euro numbers,3 + 2,2695,51.6,139062.0
434,2020-07-10,8,2+2,Match 2 + 2 Euro numbers,2 + 2,38164,18.8,717483.2
434,2020-07-10,9,3+1,Match 3 + 1 Euro number,3 + 1,45673,15.2,694229.6
434,2020-07-10,10,3+0,Match 3 + 0 Euro numbers,3 + 0,80100,12.4,993240.0
434,2020-07-10,11,1+2,Match 1 + 2 Euro numbers,1 + 2,194234,9.3,1806376.2
434,2020-07-10,12,2+1,Match 2 + 1 Euro number,2 + 1,599956,7.3,4379678.8
435,2020-07-17,1,5+2,Match 5 + 2 Euro numbers,5 + 2,0,0.0,0.0
435,2020-07-17,2,5+1,Match 5 + 1 Euro number,5 + 1,2,1056524.9,2113049.8
435,2020-07-17,3,5+0,Match 5 + 0 Euro numbers,5 + 0,8,93222.7,745781.6
435,2020-07-17,4,4+2,Match 4 + 2 Euro numbers,4 + 2,45,5524.3,248593.5
435,2020-07-17,5,4+1,Match 4 + 1 Euro number,4 + 1,907,246.6,223666.2
435,2020-07-17,6,4+0,Match 4 + 0 Euro numbers,4 + 0,1720,101.1,173892.0
435,2020-07-17,7,3+2,Match 3 + 2 Euro numbers,3 + 2,2369,62.9,149010.1
435,2020-07-17,8,2+2,Match 2 + 2 Euro numbers,2 + 2,34475,22.3,768792.5
435,2020-07-17,9,3+1,Match 3 + 1 Euro number,3 + 1,41123,18.1,744326.3
435,2020-07-17,10,3+0,Match 3 + 0 Euro numbers,3 + 0,80026,13.3,1064345.8
435,2020-07-17,11,1+2,Match 1 + 2 Euro numbers,1 + 2,171751,11.2,1923611.2
435,2020-07-17,12,2+1,Match 2 + 1 Euro number,2 + 1,579992,8.1,4697935.2
436,2020-07-24,1,5+2,Match 5 + 2 Euro numbers,5 + 2,0,0.0,0.0
436,2020-07-24,2,5+1,Match 5 + 1 Euro number,5 + 1,7,327074.6,2289522.2
436,2020-07-24,3,5+0,Match 5 + 0 Euro numbers,5 + 0,12,67338.9,808066.8
436,2020-07-24,4,4+2,Match 4 + 2 Euro numbers,4 + 2,149,1807.7,269347.3
436,2020-07-24,5,4+1,Match 4 + 1 Euro number,4 + 1,1414,171.4,242359.6
436,2020-07-24,6,4+0,Match 4 + 0 Euro numbers,4 + 0,2543,74.1,188436.3
436,2020-07-24,7,3+2,Match 3 + 2 Euro numbers,3 + 2,4653,34.7,161459.1
436,2020-07-24,8,2+2,Match 2 + 2 Euro numbers,2 + 2,55767,14.9,830928.3
436,2020-07-24,9,3+1,Match 3 + 1 Euro number,3 + 1,55118,14.6,804722.8
436,2020-07-24,10,3+0,Match 3 + 0 Euro numbers,3 + 0,94807,12.2,1156645.4
436,2020-07-24,11,1+2,Match 1 + 2 Euro numbers,1 + 2,265028,7.9,2093721.2
436,2020-07-24,12,2+1,Match 2 + 1 Euro number,2 + 1,717154,7.1,5091793.4
437,2020-07-31,1,5+2,Match 5 + 2 Euro numbers,5 + 2,0,0.0,0.0
437,2020-07-31,2,5+1,Match 5 + 1 Euro number,5 + 1,4,639204.4,2556817.6
437,2020-07-31,3,5+0,Match 5 + 0 Euro numbers,5 + 0,7,128915.1,902405.7
437,2020-07-31,4,4+2,Match 4 + 2 Euro numbers,4 + 2,75,4010.6,300795.0
437,2020-07-31,5,4+1,Match 4 + 1 Euro number,4 + 1,1346,201.1,270680.6
437,2020-07-31,6,4+0,Match 4 + 0 Euro numbers,4 + 0,1994,105.5,210367.0
437,2020-07-31,7,3+2,Match 3 + 2 Euro numbers,3 + 2,2777,64.9,180227.3
437,2020-07-31,8,2+2,Match 2 + 2 Euro numbers,2 + 2,39597,23.5,930529.5
437,2020-07-31,9,3+1,Match 3 + 1 Euro number,3 + 1,57166,15.7,897506.2
437,2020-07-31,10,3+0,Match 3 + 0 Euro numbers,3 + 0,83707,15.4,1289087.8
437,2020-07-31,11,1+2,Match 1 + 2 Euro numbers,1 + 2,207560,11.3,2345428.0
437,2020-07-31,12,2+1,Match 2 + 1 Euro number,2 + 1,815920,7.0,5711440.0
438,2020-08-07,1,5+2,Match 5 + 2 Euro numbers,5 + 2,2,38145589.7,76291179.4
438,2020-08-07,2,5+1,Match 5 + 1 Euro number,5 + 1,7,409769.1,2868383.7
438,2020-08-07,3,5+0,Match 5 + 0 Euro numbers,5 + 0,14,72312.1,1012369.4
438,2020-08-07,4,4+2,Match 4 + 2 Euro numbers,4 + 2,111,3040.1,337451.1
438,2020-08-07,5,4+1,Match 4 + 1 Euro number,4 + 1,1635,185.7,303619.5
438,2020-08-07,6,4+0,Match 4 + 0 Euro numbers,4 + 0,2933,80.5,236106.5
438,2020-08-07,7,3+2,Match 3 + 2 Euro numbers,3 + 2,4213,48.0,202224.0
438,2020-08-07,8,2+2,Match 2 + 2 Euro numbers,2 + 2,56309,18.5,1041716.5
438,2020-08-07,9,3+1,Match 3 + 1 Euro number,3 + 1,62604,16.1,1007924.4
438,2020-08-07,10,3+0,Match 3 + 0 Euro numbers,3 + 0,112880,12.8,1444864.0
438,2020-08-07,11,1+2,Match 1 + 2 Euro numbers,1 + 2,276331,9.5,2625144.5
438,2020-08-07,12,2+1,Match 2 + 1 Euro number,2 + 1,867952,7.4,6422844.8
439,2020-08-14,1,5+2,Match 5 + 2 Euro numbers,5 + 2,0,0.0,0.0
439,2020-08-14,2,5+1,Match 5 + 1 Euro number,5 + 1,4,466635.1,1866540.4
439,2020-08-14,3,5+0,Match 5 + 0 Euro numbers,5 + 0,6,109796.5,658779.0
439,2020-08-14,4,4+2,Match 4 + 2 Euro numbers,4 + 2,44,4990.7,219590.8
439,2020-08-14,5,4+1,Match 4 + 1 Euro number,4 + 1,815,242.4,197556.0
439,2020-08-14,6,4+0,Match 4 + 0 Euro numbers,4 + 0,1467,104.7,153594.9
439,2020-08-14,7,3+2,Match 3 + 2 Euro numbers,3 + 2,2639,49.9,131686.1
439,2020-08-14,8,2+2,Match 2 + 2 Euro numbers,2 + 2,34660,19.6,679336.0
439,2020-08-14,9,3+1,Match 3 + 1 Euro number,3 + 1,36424,18.0,655632.0
439,2020-08-14,10,3+0,Match 3 + 0 Euro numbers,3 + 0,62340,15.1,941334.0
439,2020-08-14,11,1+2,Match 1 + 2 Euro numbers,1 + 2,173921,9.8,1704425.8
439,2020-08-14,12,2+1,Match 2 + 1 Euro number,2 + 1,527690,7.9,4168751.0
440,2020-08-21,1,5+2,Match 5 + 2 Euro numbers,5 + 2,0,0.0,0.0
440,2020-08-21,2,5+1,Match 5 + 1 Euro number,5 + 1,0,0.0,0.0
440,2020-08-21,3,5+0,Match 5 + 0 Euro numbers,5 + 0,7,99482.7,696378.9
440,2020-08-21,4,4+2,Match 4 + 2 Euro numbers,4 + 2,40,5803.1,232124.0
440,2020-08-21,5,4+1,Match 4 + 1 Euro number,4 + 1,636,328.4,208862.4
440,2020-08-21,6,4+0,Match 4 + 0 Euro numbers,4 + 0,1232,131.8,162377.6
440,2020-08-21,7,3+2,Match 3 + 2 Euro numbers,3 + 2,1578,88.2,139179.6
440,2020-08-21,8,2+2,Match 2 + 2 Euro numbers,2 + 2,25749,27.9,718397.1
440,2020-08-21,9,3+1,Match 3 + 1 Euro number,3 + 1,30645,22.7,695641.5
440,2020-08-21,10,3+0,Match 3 + 0 Euro numbers,3 + 0,56850,17.5,994875.0
440,2020-08-21,11,1+2,Match 1 + 2 Euro numbers,1 + 2,142947,12.6,1801132.2
440,2020-08-21,12,2+1,Match 2 + 1 Euro number,2 + 1,493058,8.9,4388216.2
441,2020-08-28,1,5+2,Match 5 + 2 Euro numbers,5 + 2,1,34889569.0,34889569.0
441,2020-08-28,2,5+1,Match 5 + 1 Euro number,5 + 1,7,585793.8,4100556.6
441,2020-08-28,3,5+0,Match 5 + 0 Euro numbers,5 + 0,9,83430.6,750875.4
441,2020-08-28,4,4+2,Match 4 + 2 Euro numbers,4 + 2,107,2339.1,250283.7
441,2020-08-28,5,4+1,Match 4 + 1 Euro number,4 + 1,1128,199.7,225261.6
441,2020-08-28,6,4+0,Match 4 + 0 Euro numbers,4 + 0,1838,95.3,175161.4
441,2020-08-28,7,3+2,Match 3 + 2 Euro numbers,3 + 2,4209,35.6,149840.4
441,2020-08-28,8,2+2,Match 2 + 2 Euro numbers,2 + 2,55178,15.2,838705.6
441,2020-08-28,9,3+1,Match 3 + 1 Euro number,3 + 1,45224,15.2,687404.8
441,2020-08-28,10,3+0,Match 3 + 0 Euro numbers,3 + 0,75299,14.2,1069245.8
441,2020-08-28,11,1+2,Match 1 + 2 Euro numbers,1 + 2,281033,7.4,2079644.2
441,2020-08-28,12,2+1,Match 2 + 1 Euro number,2 + 1,627944,7.4,4646785.6
442,2020-09-04,1,5+2,Match 5 + 2 Euro numbers,5 + 2,0,0.0,0.0
442,2020-09-04,2,5+1,Match 5 + 1 Euro number,5 + 1,0,0.0,0.0
442,2020-09-04,3,5+0,Match 5 + 0 Euro numbers,5 + 0,8,80971.9,647775.2
442,2020-09-04,4,4+2,Match 4 + 2 Euro numbers,4 + 2,59,3659.7,215922.3
442,2020-09-04,5,4+1,Match 4 + 1 Euro number,4 + 1,829,234.4,194317.6
442,2020-09-04,6,4+0,Match 4 + 0 Euro numbers,4 + 0,1357,111.3,151034.1
442,2020-09-04,7,3+2,Match 3 + 2 Euro numbers,3 + 2,2573,50.3,129421.9
442,2020-09-04,8,2+2,Match 2 + 2 Euro numbers,2 + 2,38793,17.2,667239.6
442,2020-09-04,9,3+1,Match 3 + 1 Euro number,3 + 1,37462,17.2,644346.4
442,2020-09-04,10,3+0,Match 3 + 0 Euro numbers,3 + 0,62027,14.9,924202.3
442,2020-09-04,11,1+2,Match 1 + 2 Euro numbers,1 + 2,203155,8.2,1665871.0
442,2020-09-04,12,2+1,Match 2 + 1 Euro number,2 + 1,539177,7.6,4097745.2
443,2020-09-11,1,5+2,Match 5 + 2 Euro numbers,5 + 2,1,21752127.2,21752127.2
443,2020-09-11,2,5+1,Match 5 + 1 Euro number,5 + 1,3,1266197.0,3798591.0
443,2020-09-11,3,5+0,Match 5 + 0 Euro numbers,5 + 0,3,230967.8,692903.4
443,2020-09-11,4,4+2,Match 4 + 2 Euro numbers,4 + 2,32,7217.7,230966.4
443,2020-09-11,5,4+1,Match 4 + 1 Euro number,4 + 1,778,267.1,207803.8
443,2020-09-11,6,4+0,Match 4 + 0 Euro numbers,4 + 0,1292,125.1,161629.2
443,2020-09-11,7,3+2,Match 3 + 2 Euro numbers,3 + 2,2079,66.6,138461.4
443,2020-09-11,8,2+2,Match 2 + 2 Euro numbers,2 + 2,26570,26.9,714733.0
443,2020-09-11,9,3+1,Match 3 + 1 Euro number,3 + 1,33274,20.8,692099.2
443,2020-09-11,10,3+0,Match 3 + 0 Euro numbers,3 + 0,64724,15.3,990277.2
443,2020-09-11,11,1+2,Match 1 + 2 Euro numbers,1 + 2,145915,12.3,1794754.5
443,2020-09-11,12,2+1,Match 2 + 1 Euro number,2 + 1,503683,8.7,4382042.1
444,2020-09-18,1,5+2,Match 5 + 2 Euro numbers,5 + 2,0,0.0,0.0
444,2020-09-18,2,5+1,Match 5 + 1 Euro number,5 + 1,1,1791437.9,1791437.9
444,2020-09-18,3,5+0,Match 5 + 0 Euro numbers,5 + 0,7,90324.6,632272.2
444,2020-09-18,4,4+2,Match 4 + 2 Euro numbers,4 + 2,46,4581.6,210753.6
444,2020-09-18,5,4+1,Match 4 + 1 Euro number,4 + 1,890,213.1,189659.0
444,2020-09-18,6,4+0,Match 4 + 0 Euro numbers,4 + 0,1226,120.3,147487.8
444,2020-09-18,7,3+2,Match 3 + 2 Euro numbers,3 + 2,1981,63.8,126387.8
444,2020-09-18,8,2+2,Match 2 + 2 Euro numbers,2 + 2,29930,21.8,652474.0
444,2020-09-18,9,3+1,Match 3 + 1 Euro number,3 + 1,40096,15.7,629507.2
444,2020-09-18,10,3+0,Match 3 + 0 Euro numbers,3 + 0,57498,15.7,902718.6
444,2020-09-18,11,1+2,Match 1 + 2 Euro numbers,1 + 2,153761,10.6,1629866.6
444,2020-09-18,12,2+1,Match 2 + 1 Euro number,2 + 1,590403,6.8,4014740.4
445,2020-09-25,1,5+2,Match 5 + 2 Euro numbers,5 + 2,0,0.0,0.0
445,2020-09-25,2,5+1,Match 5 + 1 Euro number,5 + 1,2,946772.5,1893545.0
445,2020-09-25,3,5+0,Match 5 + 0 Euro numbers,5 + 0,3,222770.0,668310.0
445,2020-09-25,4,4+2,Match 4 + 2 Euro numbers,4 + 2,38,5862.3,222767.4
445,2020-09-25,5,4+1,Match 4 + 1 Euro number,4 + 1,836,239.8,200472.8
445,2020-09-25,6,4+0,Match 4 + 0 Euro numbers,4 + 0,1648,94.6,155900.8
445,2020-09-25,7,3+2,Match 3 + 2 Euro numbers,3 + 2,1897,70.4,133548.8
445,2020-09-25,8,2+2,Match 2 + 2 Euro numbers,2 + 2,26494,26.0,688844.0
445,2020-09-25,9,3+1,Match 3 + 1 Euro number,3 + 1,37941,17.6,667761.6
445,2020-09-25,10,3+0,Match 3 + 0 Euro numbers,3 + 0,74725,12.8,956480.0
445,2020-09-25,11,1+2,Match 1 + 2 Euro numbers,1 + 2,134703,12.8,1724198.4
445,2020-09-25,12,2+1,Match 2 + 1 Euro number,2 + 1,507179,8.3,4209585.7
446,2020-10-02,1,5+2,Match 5 + 2 Euro numbers,5 + 2,0,0.0,0.0
446,2020-10-02,2,5+1,Match 5 + 1 Euro number,5 + 1,3,697028.1,2091084.3
446,2020-10-02,3,5+0,Match 5 + 0 Euro numbers,5 + 0,3,246009.9,738029.7
446,2020-10-02,4,4+2,Match 4 + 2 Euro numbers,4 + 2,58,4241.5,246007.0
446,2020-10-02,5,4+1,Match 4 + 1 Euro number,4 + 1,882,251.0,221382.0
446,2020-10-02,6,4+0,Match 4 + 0 Euro numbers,4 + 0,1430,120.4,172172.0
446,2020-10-02,7,3+2,Match 3 + 2 Euro numbers,3 + 2,2880,51.2,147456.0
446,2020-10-02,8,2+2,Match 2 + 2 Euro numbers,2 + 2,42684,17.9,764043.6
446,2020-10-02,9,3+1,Match 3 + 1 Euro number,3 + 1,40801,17.9,730337.9
446,2020-10-02,10,3+0,Match 3 + 0 Euro numbers,3 + 0,68190,15.5,1056945.0
446,2020-10-02,11,1+2,Match 1 + 2 Euro numbers,1 + 2,232766,8.2,1908681.2
446,2020-10-02,12,2+1,Match 2 + 1 Euro number,2 + 1,597409,7.8,4659790.2
447,2020-10-09,1,5+2,Match 5 + 2 Euro numbers,5 + 2,0,0.0,0.0
447,2020-10-09,2,5+1,Match 5 + 1 Euro number,5 + 1,7,318857.9,2232005.3
447,2020-10-09,3,5+0,Match 5 + 0 Euro numbers,5 + 0,11,71615.1,787766.1
447,2020-10-09,4,4+2,Match 4 + 2 Euro numbers,4 + 2,91,2885.5,262580.5
447,2020-10-09,5,4+1,Match 4 + 1 Euro number,4 + 1,1569,150.6,236291.4
447,2020-10-09,6,4+0,Match 4 + 0 Euro numbers,4 + 0,2633,69.8,183783.4
447,2020-10-09,7,3+2,Match 3 + 2 Euro numbers,3 + 2,3081,51.1,157439.1
447,2020-10-09,8,2+2,Match 2 + 2 Euro numbers,2 + 2,39864,20.4,813225.6
447,2020-10-09,9,3+1,Match 3 + 1 Euro number,3 + 1,51181,15.3,783069.3
447,2020-10-09,10,3+0,Match 3 + 0 Euro numbers,3 + 0,90344,12.4,1120265.6
447,2020-10-09,11,1+2,Match 1 + 2 Euro numbers,1 + 2,191914,10.6,2034288.4
447,2020-10-09,12,2+1,Match 2 + 1 Euro number,2 + 1,666529,7.5,4998967.5
448,2020-10-16,1,5+2,Match 5 + 2 Euro numbers,5 + 2,1,58807427.7,58807427.7
448,2020-10-16,2,5+1,Match 5 + 1 Euro number,5 + 1,1,2497131.6,2497131.6
448,2020-10-16,3,5+0,Match 5 + 0 Euro numbers,5 + 0,6,146890.0,881340.0
448,2020-10-16,4,4+2,Match 4 + 2 Euro numbers,4 + 2,51,5760.3,293775.3
448,2020-10-16,5,4+1,Match 4 + 1 Euro number,4 + 1,893,296.0,264328.0
448,2020-10-16,6,4+0,Match 4 + 0 Euro numbers,4 + 0,1670,123.1,205577.0
448,2020-10-16,7,3+2,Match 3 + 2 Euro numbers,3 + 2,2396,73.5,176106.0
448,2020-10-16,8,2+2,Match 2 + 2 Euro numbers,2 + 2,35078,25.9,908520.2
448,2020-10-16,9,3+1,Match 3 + 1 Euro number,3 + 1,43208,20.3,877122.4
448,2020-10-16,10,3+0,Match 3 + 0 Euro numbers,3 + 0,80901,15.6,1262055.6
448,2020-10-16,11,1+2,Match 1 + 2 Euro numbers,1 + 2,188029,12.1,2275150.9
448,2020-10-16,12,2+1,Match 2 + 1 Euro number,2 + 1,643114,8.7,5595091.8
449,2020-10-23,1,5+2,Match 5 + 2 Euro numbers,5 + 2,0,0.0,0.0
449,2020-10-23,2,5+1,Match 5 + 1 Euro number,5 + 1,7,258793.2,1811552.4
449,2020-10-23,3,5+0,Match 5 + 0 Euro numbers,5 + 0,8,79921.4,639371.2
449,2020-10-23,4,4+2,Match 4 + 2 Euro numbers,4 + 2,61,3493.8,213121.8
449,2020-10-23,5,4+1,Match 4 + 1 Euro number,4 + 1,1047,183.2,191810.4
449,2020-10-23,6,4+0,Match 4 + 0 Euro numbers,4 + 0,1619,92.1,149109.9
449,2020-10-23,7,3+2,Match 3 + 2 Euro numbers,3 + 2,2461,51.9,127725.9
449,2020-10-23,8,2+2,Match 2 + 2 Euro numbers,2 + 2,32831,20.1,659903.1
449,2020-10-23,9,3+1,Match 3 + 1 Euro number,3 + 1,42032,15.2,638886.4
449,2020-10-23,10,3+0,Match 3 + 0 Euro numbers,3 + 0,64916,14.1,915315.6
449,2020-10-23,11,1+2,Match 1 + 2 Euro numbers,1 + 2,162291,10.2,1655368.2
449,2020-10-23,12,2+1,Match 2 + 1 Euro number,2 + 1,559279,7.2,4026808.8
450,2020-10-30,1,5+2,Match 5 + 2 Euro numbers,5 + 2,0,0.0,0.0
450,2020-10-30,2,5+1,Match 5 + 1 Euro number,5 + 1,2,971043.2,1942086.4
450,2020-10-30,3,5+0,Match 5 + 0 Euro numbers,5 + 0,14,48960.1,685441.4
450,2020-10-30,4,4+2,Match 4 + 2 Euro numbers,4 + 2,61,3745.5,228475.5
450,2020-10-30,5,4+1,Match 4 + 1 Euro number,4 + 1,1007,204.2,205629.4
450,2020-10-30,6,4+0,Match 4 + 0 Euro numbers,4 + 0,1841,86.8,159798.8
450,2020-10-30,7,3+2,Match 3 + 2 Euro numbers,3 + 2,2136,64.1,136917.6
450,2020-10-30,8,2+2,Match 2 + 2 Euro numbers,2 + 2,30368,23.3,707574.4
450,2020-10-30,9,3+1,Match 3 + 1 Euro number,3 + 1,42219,16.2,683947.8
450,2020-10-30,10,3+0,Match 3 + 0 Euro numbers,3 + 0,78077,12.5,975962.5
450,2020-10-30,11,1+2,Match 1 + 2 Euro numbers,1 + 2,154141,11.5,1772621.5
450,2020-10-30,12,2+1,Match 2 + 1 Euro number,2 + 1,578413,7.5,4338097.5
451,2020-11-06,1,5+2,Match 5 + 2 Euro numbers,5 + 2,0,0.0,0.0
451,2020-11-06,2,5+1,Match 5 + 1 Euro number,5 + 1,1,2064486.7,2064486.7
451,2020-11-06,3,5+0,Match 5 + 0 Euro numbers,5 + 0,9,80960.2,728641.8
451,2020-11-06,4,4+2,Match 4 + 2 Euro numbers,4 + 2,52,4670.7,242876.4
451,2020-11-06,5,4+1,Match 4 + 1 Euro number,4 + 1,962,227.2,218566.4
451,2020-11-06,6,4+0,Match 4 + 0 Euro numbers,4 + 0,1514,112.2,169870.8
451,2020-11-06,7,3+2,Match 3 + 2 Euro numbers,3 + 2,2124,68.6,145706.4
451,2020-11-06,8,2+2,Match 2 + 2 Euro numbers,2 + 2,30877,24.3,750311.1
451,2020-11-06,9,3+1,Match 3 + 1 Euro number,3 + 1,42493,17.1,726630.3
451,2020-11-06,10,3+0,Match 3 + 0 Euro numbers,3 + 0,66639,15.6,1039568.4
451,2020-11-06,11,1+2,Match 1 + 2 Euro numbers,1 + 2,168210,11.2,1883952.0
451,2020-11-06,12,2+1,Match 2 + 1 Euro number,2 + 1,619110,7.4,4581414.0
452,2020-11-13,1,5+2,Match 5 + 2 Euro numbers,5 + 2,0,0.0,0.0
452,2020-11-13,2,5+1,Match 5 + 1 Euro number,5 + 1,0,0.0,0.0
452,2020-11-13,3,5+0,Match 5 + 0 Euro numbers,5 + 0,11,77371.0,851081.0
452,2020-11-13,4,4+2,Match 4 + 2 Euro numbers,4 + 2,61,4650.7,283692.7
452,2020-11-13,5,4+1,Match 4 + 1 Euro number,4 + 1,1135,224.9,255261.5
452,2020-11-13,6,4+0,Match 4 + 0 Euro numbers,4 + 0,2088,95.1,198568.8
452,2020-11-13,7,3+2,Match 3 + 2 Euro numbers,3 + 2,2536,67.1,170165.6
452,2020-11-13,8,2+2,Match 2 + 2 Euro numbers,2 + 2,36192,24.2,875846.4
452,2020-11-13,9,3+1,Match 3 + 1 Euro number,3 + 1,47119,18.0,848142.0
452,2020-11-13,10,3+0,Match 3 + 0 Euro numbers,3 + 0,89262,13.6,1213963.2
452,2020-11-13,11,1+2,Match 1 + 2 Euro numbers,1 + 2,189774,11.6,2201378.4
452,2020-11-13,12,2+1,Match 2 + 1 Euro number,2 + 1,677644,7.9,5353387.6
453,2020-11-20,1,5+2,Match 5 + 2 Euro numbers,5 + 2,1,61083832.1,61083832.1
453,2020-11-20,2,5+1,Match 5 + 1 Euro number,5 + 1,6,826136.5,4956819.0
453,2020-11-20,3,5+0,Match 5 + 0 Euro numbers,5 + 0,7,128340.6,898384.2
453,2020-11-20,4,4+2,Match 4 + 2 Euro numbers,4 + 2,69,4340.0,299460.0
453,2020-11-20,5,4+1,Match 4 + 1 Euro number,4 + 1,907,297.1,269469.7
453,2020-11-20,6,4+0,Match 4 + 0 Euro numbers,4 + 0,1514,138.4,209537.6
453,2020-11-20,7,3+2,Match 3 + 2 Euro numbers,3 + 2,2567,69.9,179433.3
453,2020-11-20,8,2+2,Match 2 + 2 Euro numbers,2 + 2,38445,24.1,926524.5
453,2020-11-20,9,3+1,Match 3 + 1 Euro number,3 + 1,45047,19.9,896435.3
453,2020-11-20,10,3+0,Match 3 + 0 Euro numbers,3 + 0,71700,17.9,1283430.0
453,2020-11-20,11,1+2,Match 1 + 2 Euro numbers,1 + 2,208252,11.2,2332422.4
453,2020-11-20,12,2+1,Match 2 + 1 Euro number,2 + 1,706612,8.0,5652896.0
454,2020-11-27,1,5+2,Match 5 + 2 Euro numbers,5 + 2,1,11237997.1,11237997.1
454,2020-11-27,2,5+1,Match 5 + 1 Euro number,5 + 1,1,1786388.3,1786388.3
454,2020-11-27,3,5+0,Match 5 + 0 Euro numbers,5 + 0,6,105081.6,630489.6
454,2020-11-27,4,4+2,Match 4 + 2 Euro numbers,4 + 2,38,5530.6,210162.8
454,2020-11-27,5,4+1,Match 4 + 1 Euro number,4 + 1,596,317.3,189110.8
454,2020-11-27,6,4+0,Match 4 + 0 Euro numbers,4 + 0,1221,120.4,147008.4
454,2020-11-27,7,3+2,Match 3 + 2 Euro numbers,3 + 2,1924,65.5,126022.0
454,2020-11-27,8,2+2,Match 2 + 2 Euro numbers,2 + 2,28328,22.9,648711.2
454,2020-11-27,9,3+1,Match 3 + 1 Euro number,3 + 1,31367,20.1,630476.7
454,2020-11-27,10,3+0,Match 3 + 0 Euro numbers,3 + 0,59115,15.2,898548.0
454,2020-11-27,11,1+2,Match 1 + 2 Euro numbers,1 + 2,147939,11.0,1627329.0
454,2020-11-27,12,2+1,Match 2 + 1 Euro number,2 + 1,466647,8.6,4013164.2
455,2020-12-04,1,5+2,Match 5 + 2 Euro numbers,5 + 2,0,0.0,0.0
455,2020-12-04,2,5+1,Match 5 + 1 Euro number,5 + 1,1,1791956.4,1791956.4
455,2020-12-04,3,5+0,Match 5 + 0 Euro numbers,5 + 0,6,105409.2,632455.2
455,2020-12-04,4,4+2,Match 4 + 2 Euro numbers,4 + 2,26,8108.4,210818.4
455,2020-12-04,5,4+1,Match 4 + 1 Euro number,4 + 1,551,344.3,189709.3
455,2020-12-04,6,4+0,Match 4 + 0 Euro numbers,4 + 0,935,157.8,147543.0
455,2020-12-04,7,3+2,Match 3 + 2 Euro numbers,3 + 2,1567,80.7,126456.9
455,2020-12-04,8,2+2,Match 2 + 2 Euro numbers,2 + 2,23017,28.3,651381.1
455,2020-12-04,9,3+1,Match 3 + 1 Euro number,3 + 1,27273,23.1,630006.3
455,2020-12-04,10,3+0,Match 3 + 0 Euro numbers,3 + 0,47616,19.0,904704.0
455,2020-12-04,11,1+2,Match 1 + 2 Euro numbers,1 + 2,127569,12.8,1632883.2
455,2020-12-04,12,2+1,Match 2 + 1 Euro number,2 + 1,435004,9.2,4002036.8
456,2020-12-11,1,5+2,Match 5 + 2 Euro numbers,5 + 2,0,0.0,0.0
456,2020-12-11,2,5+1,Match 5 + 1 Euro number,5 + 1,2,948154.3,1896308.6
456,2020-12-11,3,5+0,Match 5 + 0 Euro numbers,5 + 0,6,111547.5,669285.0
456,2020-12-11,4,4+2,Match 4 + 2 Euro numbers,4 + 2,38,5870.9,223094.2
456,2020-12-11,5,4+1,Match 4 + 1 Euro number,4 + 1,605,331.8,200739.0
456,2020-12-11,6,4+0,Match 4 + 0 Euro numbers,4 + 0,1218,128.2,156147.6
456,2020-12-11,7,3+2,Match 3 + 2 Euro numbers,3 + 2,1836,72.9,133844.4
456,2020-12-11,8,2+2,Match 2 + 2 Euro numbers,2 + 2,28685,24.1,691308.5
456,2020-12-11,9,3+1,Match 3 + 1 Euro number,3 + 1,31221,21.4,668129.4
456,2020-12-11,10,3+0,Match 3 + 0 Euro numbers,3 + 0,59004,16.2,955864.8
456,2020-12-11,11,1+2,Match 1 + 2 Euro numbers,1 + 2,153412,11.3,1733555.6
456,2020-12-11,12,2+1,Match 2 + 1 Euro number,2 + 1,485533,8.7,4224137.1
457,2020-12-18,1,5+2,Match 5 + 2 Euro numbers,5 + 2,0,0.0,0.0
457,2020-12-18,2,5+1,Match 5 + 1 Euro number,5 + 1,1,2051630.9,2051630.9
457,2020-12-18,3,5+0,Match 5 + 0 Euro numbers,5 + 0,12,60342.0,724104.0
457,2020-12-18,4,4+2,Match 4 + 2 Euro numbers,4 + 2,69,3498.0,241362.0
457,2020-12-18,5,4+1,Match 4 + 1 Euro number,4 + 1,758,286.5,217167.0
457,2020-12-18,6,4+0,Match 4 + 0 Euro numbers,4 + 0,1413,119.5,168853.5
457,2020-12-18,7,3+2,Match 3 + 2 Euro numbers,3 + 2,2712,53.4,144820.8
457,2020-12-18,8,2+2,Match 2 + 2 Euro numbers,2 + 2,41473,18.1,750661.3
457,2020-12-18,9,3+1,Match 3 + 1 Euro number,3 + 1,39822,18.1,720778.2
457,2020-12-18,10,3+0,Match 3 + 0 Euro numbers,3 + 0,68516,15.1,1034591.6
457,2020-12-18,11,1+2,Match 1 + 2 Euro numbers,1 + 2,224774,8.3,1865624.2
457,2020-12-18,12,2+1,Match 2 + 1 Euro number,2 + 1,589332,7.8,4596789.6
458,2020-12-25,1,5+2,Match 5 + 2 Euro numbers,5 + 2,0,0.0,0.0
458,2020-12-25,2,5+1,Match 5 + 1 Euro number,5 + 1,6,353723.8,2122342.8
458,2020-12-25,3,5+0,Match 5 + 0 Euro numbers,5 + 0,7,107008.8,749061.6
458,2020-12-25,4,4+2,Match 4 + 2 Euro numbers,4 + 2,62,4027.2,249686.4
458,2020-12-25,5,4+1,Match 4 + 1 Euro number,4 + 1,1082,207.6,224623.2
458,2020-12-25,6,4+0,Match 4 + 0 Euro numbers,4 + 0,2326,75.1,174682.6
458,2020-12-25,7,3+2,Match 3 + 2 Euro numbers,3 + 2,2674,56.0,149744.0
458,2020-12-25,8,2+2,Match 2 + 2 Euro numbers,2 + 2,35605,21.7,772628.5
458,2020-12-25,9,3+1,Match 3 + 1 Euro number,3 + 1,44624,16.7,745220.8
458,2020-12-25,10,3+0,Match 3 + 0 Euro numbers,3 + 0,92893,11.5,1068269.5
458,2020-12-25,11,1+2,Match 1 + 2 Euro numbers,1 + 2,176960,11.0,1946560.0
458,2020-12-25,12,2+1,Match 2 + 1 Euro number,2 + 1,595596,8.0,4764768.0
459,2021-01-01,1,5+2,Match 5 + 2 Euro numbers,5 + 2,0,0.0,0.0
459,2021-01-01,2,5+1,Match 5 + 1 Euro number,5 + 1,6,421292.9,2527757.4
459,2021-01-01,3,5+0,Match 5 + 0 Euro numbers,5 + 0,3,297383.2,892149.6
459,2021-01-01,4,4+2,Match 4 + 2 Euro numbers,4 + 2,62,4796.5,297383.0
459,2021-01-01,5,4+1,Match 4 + 1 Euro number,4 + 1,929,288.1,267644.9
459,2021-01-01,6,4+0,Match 4 + 0 Euro numbers,4 + 0,1688,123.3,208130.4
459,2021-01-01,7,3+2,Match 3 + 2 Euro numbers,3 + 2,3417,52.2,178367.4
459,2021-01-01,8,2+2,Match 2 + 2 Euro numbers,2 + 2,48121,19.3,928735.3
459,2021-01-01,9,3+1,Match 3 + 1 Euro number,3 + 1,45422,19.3,876644.6
459,2021-01-01,10,3+0,Match 3 + 0 Euro numbers,3 + 0,76881,16.6,1276224.6
459,2021-01-01,11,1+2,Match 1 + 2 Euro numbers,1 + 2,254184,9.1,2313074.4
459,2021-01-01,12,2+1,Match 2 + 1 Euro number,2 + 1,669714,8.4,5625597.6
460,2021-01-08,1,5+2,Match 5 + 2 Euro numbers,5 + 2,0,0.0,0.0
460,2021-01-08,2,5+1,Match 5 + 1 Euro number,5 + 1,11,270341.0,2973751.0
460,2021-01-08,3,5+0,Match 5 + 0 Euro numbers,5 + 0,19,55239.9,1049558.1
460,2021-01-08,4,4+2,Match 4 + 2 Euro numbers,4 + 2,67,5221.6,349847.2
460,2021-01-08,5,4+1,Match 4 + 1 Euro number,4 + 1,1603,196.4,314829.2
460,2021-01-08,6,4+0,Match 4 + 0 Euro numbers,4 + 0,2511,97.5,244822.5
460,2021-01-08,7,3+2,Match 3 + 2 Euro numbers,3 + 2,2915,72.0,209880.0
460,2021-01-08,8,2+2,Match 2 + 2 Euro numbers,2 + 2,43058,25.1,1080755.8
460,2021-01-08,9,3+1,Match 3 + 1 Euro number,3 + 1,61681,17.0,1048577.0
460,2021-01-08,10,3+0,Match 3 + 0 Euro numbers,3 + 0,101893,14.7,1497827.1
460,2021-01-08,11,1+2,Match 1 + 2 Euro numbers,1 + 2,223174,12.2,2722722.8
460,2021-01-08,12,2+1,Match 2 + 1 Euro number,2 + 1,858814,7.7,6612867.8
461,2021-01-15,1,5+2,Match 5 + 2 Euro numbers,5 + 2,1,90000000.0,90000000.0
461,2021-01-15,2,5+1,Match 5 + 1 Euro number,5 + 1,7,1146823.9,8027767.3
461,2021-01-15,3,5+0,Match 5 + 0 Euro numbers,5 + 0,14,94948.4,1329277.6
461,2021-01-15,4,4+2,Match 4 + 2 Euro numbers,4 + 2,94,4713.7,443087.8
461,2021-01-15,5,4+1,Match 4 + 1 Euro number,4 + 1,1439,277.1,398746.9
461,2021-01-15,6,4+0,Match 4 + 0 Euro numbers,4 + 0,2547,121.7,309969.9
461,2021-01-15,7,3+2,Match 3 + 2 Euro numbers,3 + 2,4817,55.1,265416.7
461,2021-01-15,8,2+2,Match 2 + 2 Euro numbers,2 + 2,71484,19.2,1372492.8
461,2021-01-15,9,3+1,Match 3 + 1 Euro number,3 + 1,68801,19.2,1320979.2
461,2021-01-15,10,3+0,Match 3 + 0 Euro numbers,3 + 0,118958,16.0,1903328.0
461,2021-01-15,11,1+2,Match 1 + 2 Euro numbers,1 + 2,376379,9.1,3425048.9
461,2021-01-15,12,2+1,Match 2 + 1 Euro number,2 + 1,1014152,8.3,8417461.6
462,2021-01-22,1,5+2,Match 5 + 2 Euro numbers,5 + 2,1,13778438.6,13778438.6
462,2021-01-22,2,5+1,Match 5 + 1 Euro number,5 + 1,0,0.0,0.0
462,2021-01-22,3,5+0,Match 5 + 0 Euro numbers,5 + 0,6,116285.9,697715.4
462,2021-01-22,4,4+2,Match 4 + 2 Euro numbers,4 + 2,41,5672.4,232568.4
462,2021-01-22,5,4+1,Match 4 + 1 Euro number,4 + 1,622,336.5,209303.0
462,2021-01-22,6,4+0,Match 4 + 0 Euro numbers,4 + 0,1097,148.4,162794.8
462,2021-01-22,7,3+2,Match 3 + 2 Euro numbers,3 + 2,1767,78.9,139416.3
462,2021-01-22,8,2+2,Match 2 + 2 Euro numbers,2 + 2,28872,24.9,718912.8
462,2021-01-22,9,3+1,Match 3 + 1 Euro number,3 + 1,27992,24.9,697000.8
462,2021-01-22,10,3+0,Match 3 + 0 Euro numbers,3 + 0,49787,20.0,995740.0
462,2021-01-22,11,1+2,Match 1 + 2 Euro numbers,1 + 2,173387,10.4,1803224.8
462,2021-01-22,12,2+1,Match 2 + 1 Euro number,2 + 1,450222,9.8,4412175.6
463,2021-01-29,1,5+2,Match 5 + 2 Euro numbers,5 + 2,1,11125843.8,11125843.8
463,2021-01-29,2,5+1,Match 5 + 1 Euro number,5 + 1,7,561929.0,3933503.0
463,2021-01-29,3,5+0,Match 5 + 0 Euro numbers,5 + 0,5,138115.9,690579.5
463,2021-01-29,4,4+2,Match 4 + 2 Euro numbers,4 + 2,51,4513.5,230188.5
463,2021-01-29,5,4+1,Match 4 + 1 Euro number,4 + 1,908,228.1,207114.8
463,2021-01-29,6,4+0,Match 4 + 0 Euro numbers,4 + 0,1329,121.2,161074.8
463,2021-01-29,7,3+2,Match 3 + 2 Euro numbers,3 + 2,2662,51.8,137891.6
463,2021-01-29,8,2+2,Match 2 + 2 Euro numbers,2 + 2,39684,18.8,746059.2
463,2021-01-29,9,3+1,Match 3 + 1 Euro number,3 + 1,34733,18.8,652980.4
463,2021-01-29,10,3+0,Match 3 + 0 Euro numbers,3 + 0,58690,16.8,985992.0
463,2021-01-29,11,1+2,Match 1 + 2 Euro numbers,1 + 2,218928,8.3,1817102.4
463,2021-01-29,12,2+1,Match 2 + 1 Euro number,2 + 1,519953,8.3,4315609.9
464,2021-02-05,1,5+2,Match 5 + 2 Euro numbers,5 + 2,1,11023761.8,11023761.8
464,2021-02-05,2,5+1,Match 5 + 1 Euro number,5 + 1,6,322395.3,1934371.8
464,2021-02-05,3,5+0,Match 5 + 0 Euro numbers,5 + 0,6,113786.5,682719.0
464,2021-02-05,4,4+2,Match 4 + 2 Euro numbers,4 + 2,49,4644.3,227570.7
464,2021-02-05,5,4+1,Match 4 + 1 Euro number,4 + 1,790,259.2,204768.0
464,2021-02-05,6,4+0,Match 4 + 0 Euro numbers,4 + 0,1654,96.3,159280.2
464,2021-02-05,7,3+2,Match 3 + 2 Euro numbers,3 + 2,2011,67.8,136345.8
464,2021-02-05,8,2+2,Match 2 + 2 Euro numbers,2 + 2,28731,24.5,703909.5
464,2021-02-05,9,3+1,Match 3 + 1 Euro number,3 + 1,35500,19.2,681600.0
464,2021-02-05,10,3+0,Match 3 + 0 Euro numbers,3 + 0,66941,14.6,977338.6
464,2021-02-05,11,1+2,Match 1 + 2 Euro numbers,1 + 2,148682,11.9,1769315.8
464,2021-02-05,12,2+1,Match 2 + 1 Euro number,2 + 1,511044,8.5,4343874.0
465,2021-02-12,1,5+2,Match 5 + 2 Euro numbers,5 + 2,0,0.0,0.0
465,2021-02-12,2,5+1,Match 5 + 1 Euro number,5 + 1,6,312949.0,1877694.0
465,2021-02-12,3,5+0,Match 5 + 0 Euro numbers,5 + 0,4,165678.9,662715.6
465,2021-02-12,4,4+2,Match 4 + 2 Euro numbers,4 + 2,78,2832.1,220903.8
465,2021-02-12,5,4+1,Match 4 + 1 Euro number,4 + 1,1093,181.8,198707.4
465,2021-02-12,6,4+0,Match 4 + 0 Euro numbers,4 + 0,1581,97.8,154621.8
465,2021-02-12,7,3+2,Match 3 + 2 Euro numbers,3 + 2,3143,42.1,132320.3
465,2021-02-12,8,2+2,Match 2 + 2 Euro numbers,2 + 2,43869,15.6,684356.4
465,2021-02-12,9,3+1,Match 3 + 1 Euro number,3 + 1,43162,15.3,660378.6
465,2021-02-12,10,3+0,Match 3 + 0 Euro numbers,3 + 0,68140,13.9,947146.0
465,2021-02-12,11,1+2,Match 1 + 2 Euro numbers,1 + 2,217025,7.9,1714497.5
465,2021-02-12,12,2+1,Match 2 + 1 Euro number,2 + 1,588195,7.1,4176184.5
466,2021-02-19,1,5+2,Match 5 + 2 Euro numbers,5 + 2,0,0.0,0.0
466,2021-02-19,2,5+1,Match 5 + 1 Euro number,5 + 1,5,414476.6,2072383.0
466,2021-02-19,3,5+0,Match 5 + 0 Euro numbers,5 + 0,6,121904.8,731428.8
466,2021-02-19,4,4+2,Match 4 + 2 Euro numbers,4 + 2,58,4203.6,243808.8
466,2021-02-19,5,4+1,Match 4 + 1 Euro number,4 + 1,794,276.3,219382.2
466,2021-02-19,6,4+0,Match 4 + 0 Euro numbers,4 + 0,1304,130.8,170563.2
466,2021-02-19,7,3+2,Match 3 + 2 Euro numbers,3 + 2,2578,56.7,146172.6
466,2021-02-19,8,2+2,Match 2 + 2 Euro numbers,2 + 2,39975,19.1,763522.5
466,2021-02-19,9,3+1,Match 3 + 1 Euro number,3 + 1,37821,19.1,722381.1
466,2021-02-19,10,3+0,Match 3 + 0 Euro numbers,3 + 0,60428,17.3,1045404.4
466,2021-02-19,11,1+2,Match 1 + 2 Euro numbers,1 + 2,219188,8.6,1885016.8
466,2021-02-19,12,2+1,Match 2 + 1 Euro number,2 + 1,573547,8.1,4645730.7
467,2021-02-26,1,5+2,Match 5 + 2 Euro numbers,5 + 2,0,0.0,0.0
467,2021-02-26,2,5+1,Match 5 + 1 Euro number,5 + 1,2,1122869.8,2245739.6
467,2021-02-26,3,5+0,Match 5 + 0 Euro numbers,5 + 0,8,99076.7,792613.6
467,2021-02-26,4,4+2,Match 4 + 2 Euro numbers,4 + 2,68,3885.3,264200.4
467,2021-02-26,5,4+1,Match 4 + 1 Euro number,4 + 1,1146,207.4,237680.4
467,2021-02-26,6,4+0,Match 4 + 0 Euro numbers,4 + 0,2110,87.6,184836.0
467,2021-02-26,7,3+2,Match 3 + 2 Euro numbers,3 + 2,2860,55.4,158444.0
467,2021-02-26,8,2+2,Match 2 + 2 Euro numbers,2 + 2,40450,20.2,817090.0
467,2021-02-26,9,3+1,Match 3 + 1 Euro number,3 + 1,50595,15.6,789282.0
467,2021-02-26,10,3+0,Match 3 + 0 Euro numbers,3 + 0,88937,12.7,1129499.9
467,2021-02-26,11,1+2,Match 1 + 2 Euro numbers,1 + 2,200562,10.2,2045732.4
467,2021-02-26,12,2+1,Match 2 + 1 Euro number,2 + 1,686155,7.3,5008931.5
468,2021-03-05,1,5+2,Match 5 + 2 Euro numbers,5 + 2,0,0.0,0.0
468,2021-03-05,2,5+1,Match 5 + 1 Euro number,5 + 1,7,351855.3,2462987.1
468,2021-03-05,3,5+0,Match 5 + 0 Euro numbers,5 + 0,3,289763.2,869289.6
468,2021-03-05,4,4+2,Match 4 + 2 Euro numbers,4 + 2,62,4673.6,289763.2
468,2021-03-05,5,4+1,Match 4 + 1 Euro number,4 + 1,1084,240.5,260702.0
468,2021-03-05,6,4+0,Match 4 + 0 Euro numbers,4 + 0,2027,100.0,202700.0
468,2021-03-05,7,3+2,Match 3 + 2 Euro numbers,3 + 2,2354,73.8,173725.2
468,2021-03-05,8,2+2,Match 2 + 2 Euro numbers,2 + 2,34831,25.7,895156.7
468,2021-03-05,9,3+1,Match 3 + 1 Euro number,3 + 1,45358,19.1,866337.8
468,2021-03-05,10,3+0,Match 3 + 0 Euro numbers,3 + 0,84655,14.7,1244428.5
468,2021-03-05,11,1+2,Match 1 + 2 Euro numbers,1 + 2,189611,11.9,2256370.9
468,2021-03-05,12,2+1,Match 2 + 1 Euro number,2 + 1,650003,8.5,5525025.5
469,2021-03-12,1,5+2,Match 5 + 2 Euro numbers,5 + 2,1,63605426.9,63605426.9
469,2021-03-12,2,5+1,Match 5 + 1 Euro number,5 + 1,5,556722.1,2783610.5
469,2021-03-12,3,5+0,Match 5 + 0 Euro numbers,5 + 0,13,75573.1,982450.3
469,2021-03-12,4,4+2,Match 4 + 2 Euro numbers,4 + 2,125,2619.8,327475.0
469,2021-03-12,5,4+1,Match 4 + 1 Euro number,4 + 1,1609,183.1,294607.9
469,2021-03-12,6,4+0,Match 4 + 0 Euro numbers,4 + 0,2746,83.4,229016.4
469,2021-03-12,7,3+2,Match 3 + 2 Euro numbers,3 + 2,4671,42.0,196182.0
469,2021-03-12,8,2+2,Match 2 + 2 Euro numbers,2 + 2,60999,16.6,1012583.4
469,2021-03-12,9,3+1,Match 3 + 1 Euro number,3 + 1,63567,15.4,978931.8
469,2021-03-12,10,3+0,Match 3 + 0 Euro numbers,3 + 0,108440,12.9,1398876.0
469,2021-03-12,11,1+2,Match 1 + 2 Euro numbers,1 + 2,316653,8.0,2533224.0
469,2021-03-12,12,2+1,Match 2 + 1 Euro number,2 + 1,838595,7.4,6205603.0
470,2021-03-19,1,5+2,Match 5 + 2 Euro numbers,5 + 2,0,0.0,0.0
470,2021-03-19,2,5+1,Match 5 + 1 Euro number,5 + 1,11,175465.5,1930120.5
470,2021-03-19,3,5+0,Match 5 + 0 Euro numbers,5 + 0,8,85152.4,681219.2
470,2021-03-19,4,4+2,Match 4 + 2 Euro numbers,4 + 2,38,5975.6,227072.8
470,2021-03-19,5,4+1,Match 4 + 1 Euro number,4 + 1,1190,171.7,204323.0
470,2021-03-19,6,4+0,Match 4 + 0 Euro numbers,4 + 0,1905,83.4,158877.0
470,2021-03-19,7,3+2,Match 3 + 2 Euro numbers,3 + 2,1885,72.2,136097.0
470,2021-03-19,8,2+2,Match 2 + 2 Euro numbers,2 + 2,27176,25.9,703858.4
470,2021-03-19,9,3+1,Match 3 + 1 Euro number,3 + 1,46642,14.6,680973.2
470,2021-03-19,10,3+0,Match 3 + 0 Euro numbers,3 + 0,78351,12.5,979387.5
470,2021-03-19,11,1+2,Match 1 + 2 Euro numbers,1 + 2,140538,12.5,1756725.0
470,2021-03-19,12,2+1,Match 2 + 1 Euro number,2 + 1,619857,6.9,4277013.3
471,2021-03-26,1,5+2,Match 5 + 2 Euro numbers,5 + 2,0,0.0,0.0
471,2021-03-26,2,5+1,Match 5 + 1 Euro number,5 + 1,4,516794.5,2067178.0
471,2021-03-26,3,5+0,Match 5 + 0 Euro numbers,5 + 0,3,243197.4,729592.2
471,2021-03-26,4,4+2,Match 4 + 2 Euro numbers,4 + 2,52,4676.8,243193.6
471,2021-03-26,5,4+1,Match 4 + 1 Euro number,4 + 1,725,301.9,218877.5
471,2021-03-26,6,4+0,Match 4 + 0 Euro numbers,4 + 0,1400,121.5,170100.0
471,2021-03-26,7,3+2,Match 3 + 2 Euro numbers,3 + 2,2050,71.1,145755.0
471,2021-03-26,8,2+2,Match 2 + 2 Euro numbers,2 + 2,30387,24.8,753597.6
471,2021-03-26,9,3+1,Match 3 + 1 Euro number,3 + 1,34346,21.2,728135.2
471,2021-03-26,10,3+0,Match 3 + 0 Euro numbers,3 + 0,62752,16.6,1041683.2
471,2021-03-26,11,1+2,Match 1 + 2 Euro numbers,1 + 2,167631,11.3,1894230.3
471,2021-03-26,12,2+1,Match 2 + 1 Euro number,2 + 1,517116,8.9,4602332.4
472,2021-04-02,1,5+2,Match 5 + 2 Euro numbers,5 + 2,0,0.0,0.0
472,2021-04-02,2,5+1,Match 5 + 1 Euro number,5 + 1,1,2167645.6,2167645.6
472,2021-04-02,3,5+0,Match 5 + 0 Euro numbers,5 + 0,8,95631.4,765051.2
472,2021-04-02,4,4+2,Match 4 + 2 Euro numbers,4 + 2,44,5795.8,255015.2
472,2021-04-02,5,4+1,Match 4 + 1 Euro number,4 + 1,793,289.4,229494.2
472,2021-04-02,6,4+0,Match 4 + 0 Euro numbers,4 + 0,1266,141.0,178506.0
472,2021-04-02,7,3+2,Match 3 + 2 Euro numbers,3 + 2,2255,67.8,152889.0
472,2021-04-02,8,2+2,Match 2 + 2 Euro numbers,2 + 2,33337,23.7,790086.9
472,2021-04-02,9,3+1,Match 3 + 1 Euro number,3 + 1,41207,18.5,762329.5
472,2021-04-02,10,3+0,Match 3 + 0 Euro numbers,3 + 0,63893,17.1,1092570.3
472,2021-04-02,11,1+2,Match 1 + 2 Euro numbers,1 + 2,180370,11.0,1984070.0
472,2021-04-02,12,2+1,Match 2 + 1 Euro number,2 + 1,644257,7.5,4831927.5
473,2021-04-09,1,5+2,Match 5 + 2 Euro numbers,5 + 2,1,49162255.5,49162255.5
473,2021-04-09,2,5+1,Match 5 + 1 Euro number,5 + 1,2,1199093.0,2398186.0
473,2021-04-09,3,5+0,Match 5 + 0 Euro numbers,5 + 0,6,141069.7,846418.2
473,2021-04-09,4,4+2,Match 4 + 2 Euro numbers,4 + 2,141,2000.9,282126.9
473,2021-04-09,5,4+1,Match 4 + 1 Euro number,4 + 1,1364,186.1,253840.4
473,2021-04-09,6,4+0,Match 4 + 0 Euro numbers,4 + 0,2080,94.9,197392.0
473,2021-04-09,7,3+2,Match 3 + 2 Euro numbers,3 + 2,5659,29.9,169204.1
473,2021-04-09,8,2+2,Match 2 + 2 Euro numbers,2 + 2,72783,13.5,982570.5
473,2021-04-09,9,3+1,Match 3 + 1 Euro number,3 + 1,56321,13.5,760333.5
473,2021-04-09,10,3+0,Match 3 + 0 Euro numbers,3 + 0,87851,13.5,1185988.5
473,2021-04-09,11,1+2,Match 1 + 2 Euro numbers,1 + 2,350887,6.8,2386031.6
473,2021-04-09,12,2+1,Match 2 + 1 Euro number,2 + 1,757893,6.8,5153672.4
474,2021-04-16,1,5+2,Match 5 + 2 Euro numbers,5 + 2,0,0.0,0.0
474,2021-04-16,2,5+1,Match 5 + 1 Euro number,5 + 1,3,627610.8,1882832.4
474,2021-04-16,3,5+0,Match 5 + 0 Euro numbers,5 + 0,6,110754.8,664528.8
474,2021-04-16,4,4+2,Match 4 + 2 Euro numbers,4 + 2,63,3516.0,221508.0
474,2021-04-16,5,4+1,Match 4 + 1 Euro number,4 + 1,1117,178.4,199272.8
474,2021-04-16,6,4+0,Match 4 + 0 Euro numbers,4 + 0,2008,77.2,155017.6
474,2021-04-16,7,3+2,Match 3 + 2 Euro numbers,3 + 2,2685,49.4,132639.0
474,2021-04-16,8,2+2,Match 2 + 2 Euro numbers,2 + 2,34386,19.9,684281.4
474,2021-04-16,9,3+1,Match 3 + 1 Euro number,3 + 1,43710,15.2,664392.0
474,2021-04-16,10,3+0,Match 3 + 0 Euro numbers,3 + 0,76862,12.3,945402.6
474,2021-04-16,11,1+2,Match 1 + 2 Euro numbers,1 + 2,168065,10.2,1714263.0
474,2021-04-16,12,2+1,Match 2 + 1 Euro number,2 + 1,559816,7.5,4198620.0
475,2021-04-23,1,5+2,Match 5 + 2 Euro numbers,5 + 2,0,0.0,0.0
475,2021-04-23,2,5+1,Match 5 + 1 Euro number,5 + 1,6,339622.9,2037737.4
475,2021-04-23,3,5+0,Match 5 + 0 Euro numbers,5 + 0,7,102743.0,719201.0
475,2021-04-23,4,4+2,Match 4 + 2 Euro numbers,4 + 2,55,4358.7,239728.5
475,2021-04-23,5,4+1,Match 4 + 1 Euro number,4 + 1,882,244.6,215737.2
475,2021-04-23,6,4+0,Match 4 + 0 Euro numbers,4 + 0,1628,103.0,167684.0
475,2021-04-23,7,3+2,Match 3 + 2 Euro numbers,3 + 2,2388,60.2,143757.6
475,2021-04-23,8,2+2,Match 2 + 2 Euro numbers,2 + 2,34217,21.7,742508.9
475,2021-04-23,9,3+1,Match 3 + 1 Euro number,3 + 1,41960,17.1,717516.0
475,2021-04-23,10,3+0,Match 3 + 0 Euro numbers,3 + 0,76248,13.5,1029348.0
475,2021-04-23,11,1+2,Match 1 + 2 Euro numbers,1 + 2,173188,10.7,1853111.6
475,2021-04-23,12,2+1,Match 2 + 1 Euro number,2 + 1,594831,7.6,4520715.6
476,2021-04-30,1,5+2,Match 5 + 2 Euro numbers,5 + 2,0,0.0,0.0
476,2021-04-30,2,5+1,Match 5 + 1 Euro number,5 + 1,8,275980.9,2207847.2
476,2021-04-30,3,5+0,Match 5 + 0 Euro numbers,5 + 0,9,86582.2,779239.8
476,2021-04-30,4,4+2,Match 4 + 2 Euro numbers,4 + 2,70,3710.6,259742.0
476,2021-04-30,5,4+1,Match 4 + 1 Euro number,4 + 1,1009,231.6,233684.4
476,2021-04-30,6,4+0,Match 4 + 0 Euro numbers,4 + 0,1580,115.0,181700.0
476,2021-04-30,7,3+2,Match 3 + 2 Euro numbers,3 + 2,3303,47.1,155571.3
476,2021-04-30,8,2+2,Match 2 + 2 Euro numbers,2 + 2,45186,17.8,804310.8
476,2021-04-30,9,3+1,Match 3 + 1 Euro number,3 + 1,45289,17.2,778970.8
476,2021-04-30,10,3+0,Match 3 + 0 Euro numbers,3 + 0,71999,15.5,1115984.5
476,2021-04-30,11,1+2,Match 1 + 2 Euro numbers,1 + 2,233926,8.6,2011763.6
476,2021-04-30,12,2+1,Match 2 + 1 Euro number,2 + 1,640919,7.7,4935076.3
477,2021-05-07,1,5+2,Match 5 + 2 Euro numbers,5 + 2,0,0.0,0.0
477,2021-05-07,2,5+1,Match 5 + 1 Euro number,5 + 1,16,151258.0,2420128.0
477,2021-05-07,3,5+0,Match 5 + 0 Euro numbers,5 + 0,17,50244.8,854161.6
477,2021-05-07,4,4+2,Match 4 + 2 Euro numbers,4 + 2,101,2819.0,284719.0
477,2021-05-07,5,4+1,Match 4 + 1 Euro number,4 + 1,2251,113.8,256163.8
477,2021-05-07,6,4+0,Match 4 + 0 Euro numbers,4 + 0,3538,56.3,199189.4
477,2021-05-07,7,3+2,Match 3 + 2 Euro numbers,3 + 2,3132,54.5,170694.0
477,2021-05-07,8,2+2,Match 2 + 2 Euro numbers,2 + 2,39606,22.2,879253.2
477,2021-05-07,9,3+1,Match 3 + 1 Euro number,3 + 1,71533,11.9,851242.7
477,2021-05-07,10,3+0,Match 3 + 0 Euro numbers,3 + 0,122062,11.1,1354888.2
477,2021-05-07,11,1+2,Match 1 + 2 Euro numbers,1 + 2,185877,11.1,2063234.7
477,2021-05-07,12,2+1,Match 2 + 1 Euro number,2 + 1,817249,6.6,5393843.4
478,2021-05-14,1,5+2,Match 5 + 2 Euro numbers,5 + 2,0,0.0,0.0
478,2021-05-14,2,5+1,Match 5 + 1 Euro number,5 + 1,9,301615.4,2714538.6
478,2021-05-14,3,5+0,Match 5 + 0 Euro numbers,5 + 0,8,119759.0,958072.0
478,2021-05-14,4,4+2,Match 4 + 2 Euro numbers,4 + 2,66,4838.7,319354.2
478,2021-05-14,5,4+1,Match 4 + 1 Euro number,4 + 1,1041,276.1,287420.1
478,2021-05-14,6,4+0,Match 4 + 0 Euro numbers,4 + 0,1805,123.8,223459.0
478,2021-05-14,7,3+2,Match 3 + 2 Euro numbers,3 + 2,3038,63.0,191394.0
478,2021-05-14,8,2+2,Match 2 + 2 Euro numbers,2 + 2,46403,21.3,988383.9
478,2021-05-14,9,3+1,Match 3 + 1 Euro number,3 + 1,45425,21.0,953925.0
478,2021-05-14,10,3+0,Match 3 + 0 Euro numbers,3 + 0,80339,17.0,1365763.0
478,2021-05-14,11,1+2,Match 1 + 2 Euro numbers,1 + 2,270790,9.1,2464189.0
478,2021-05-14,12,2+1,Match 2 + 1 Euro number,2 + 1,686176,8.8,6038348.8
479,2021-05-21,1,5+2,Match 5 + 2 Euro numbers,5 + 2,0,0.0,0.0
479,2021-05-21,2,5+1,Match 5 + 1 Euro number,5 + 1,6,510740.6,3064443.6
479,2021-05-21,3,5+0,Match 5 + 0 Euro numbers,5 + 0,8,135196.0,1081568.0
479,2021-05-21,4,4+2,Match 4 + 2 Euro numbers,4 + 2,104,3466.5,360516.0
479,2021-05-21,5,4+1,Match 4 + 1 Euro number,4 + 1,1472,220.4,324428.8
479,2021-05-21,6,4+0,Match 4 + 0 Euro numbers,4 + 0,2436,103.5,252126.0
479,2021-05-21,7,3+2,Match 3 + 2 Euro numbers,3 + 2,4405,49.1,216285.5
479,2021-05-21,8,2+2,Match 2 + 2 Euro numbers,2 + 2,61247,18.2,1114695.4
479,2021-05-21,9,3+1,Match 3 + 1 Euro number,3 + 1,63807,16.9,1078338.3
479,2021-05-21,10,3+0,Match 3 + 0 Euro numbers,3 + 0,109633,14.1,1545825.3
479,2021-05-21,11,1+2,Match 1 + 2 Euro numbers,1 + 2,307878,9.1,2801689.8
479,2021-05-21,12,2+1,Match 2 + 1 Euro number,2 + 1,902278,7.6,6857312.8
480,2021-05-28,1,5+2,Match 5 + 2 Euro numbers,5 + 2,1,90000000.0,90000000.0
480,2021-05-28,2,5+1,Match 5 + 1 Euro number,5 + 1,5,2724741.3,13623706.5
480,2021-05-28,3,5+0,Match 5 + 0 Euro numbers,5 + 0,12,105992.4,1271908.8
480,2021-05-28,4,4+2,Match 4 + 2 Euro numbers,4 + 2,122,3475.1,423962.2
480,2021-05-28,5,4+1,Match 4 + 1 Euro number,4 + 1,1683,226.7,381536.1
480,2021-05-28,6,4+0,Match 4 + 0 Euro numbers,4 + 0,2770,107.1,296667.0
480,2021-05-28,7,3+2,Match 3 + 2 Euro numbers,3 + 2,5696,44.6,254041.6
480,2021-05-28,8,2+2,Match 2 + 2 Euro numbers,2 + 2,78864,16.9,1332801.6
480,2021-05-28,9,3+1,Match 3 + 1 Euro number,3 + 1,73269,16.9,1238246.1
480,2021-05-28,10,3+0,Match 3 + 0 Euro numbers,3 + 0,118711,15.3,1816278.3
480,2021-05-28,11,1+2,Match 1 + 2 Euro numbers,1 + 2,421082,7.9,3326547.8
480,2021-05-28,12,2+1,Match 2 + 1 Euro number,2 + 1,1010700,7.9,7984530.0
481,2021-06-04,1,5+2,Match 5 + 2 Euro numbers,5 + 2,0,0.0,0.0
481,2021-06-04,2,5+1,Match 5 + 1 Euro number,5 + 1,5,373919.9,1869599.5
481,2021-06-04,3,5+0,Match 5 + 0 Euro numbers,5 + 0,5,131971.7,659858.5
481,2021-06-04,4,4+2,Match 4 + 2 Euro numbers,4 + 2,45,4887.8,219951.0
481,2021-06-04,5,4+1,Match 4 + 1 Euro number,4 + 1,825,239.9,197917.5
481,2021-06-04,6,4+0,Match 4 + 0 Euro numbers,4 + 0,1250,123.1,153875.0
481,2021-06-04,7,3+2,Match 3 + 2 Euro numbers,3 + 2,2328,56.6,131764.8
481,2021-06-04,8,2+2,Match 2 + 2 Euro numbers,2 + 2,33537,20.3,680801.1
481,2021-06-04,9,3+1,Match 3 + 1 Euro number,3 + 1,35584,18.5,658304.0
481,2021-06-04,10,3+0,Match 3 + 0 Euro numbers,3 + 0,60343,15.6,941350.8
481,2021-06-04,11,1+2,Match 1 + 2 Euro numbers,1 + 2,172640,9.9,1709136.0
481,2021-06-04,12,2+1,Match 2 + 1 Euro number,2 + 1,530469,7.9,4190705.1
482,2021-06-11,1,5+2,Match 5 + 2 Euro numbers,5 + 2,0,0.0,0.0
482,2021-06-11,2,5+1,Match 5 + 1 Euro number,5 + 1,2,986175.0,1972350.0
482,2021-06-11,3,5+0,Match 5 + 0 Euro numbers,5 + 0,3,232041.1,696123.3
482,2021-06-11,4,4+2,Match 4 + 2 Euro numbers,4 + 2,37,6271.3,232038.1
482,2021-06-11,5,4+1,Match 4 + 1 Euro number,4 + 1,742,281.4,208798.8
482,2021-06-11,6,4+0,Match 4 + 0 Euro numbers,4 + 0,1304,124.5,162348.0
482,2021-06-11,7,3+2,Match 3 + 2 Euro numbers,3 + 2,1758,79.1,139057.8
482,2021-06-11,8,2+2,Match 2 + 2 Euro numbers,2 + 2,27518,26.1,718219.8
482,2021-06-11,9,3+1,Match 3 + 1 Euro number,3 + 1,35911,19.3,693082.3
482,2021-06-11,10,3+0,Match 3 + 0 Euro numbers,3 + 0,58975,16.9,996677.5
482,2021-06-11,11,1+2,Match 1 + 2 Euro numbers,1 + 2,143236,12.6,1804773.6
482,2021-06-11,12,2+1,Match 2 + 1 Euro number,2 + 1,542977,8.1,4398113.7
483,2021-06-18,1,5+2,Match 5 + 2 Euro numbers,5 + 2,0,0.0,0.0
483,2021-06-18,2,5+1,Match 5 + 1 Euro number,5 + 1,5,416379.8,2081899.0
483,2021-06-18,3,5+0,Match 5 + 0 Euro numbers,5 + 0,6,122464.6,734787.6
483,2021-06-18,4,4+2,Match 4 + 2 Euro numbers,4 + 2,42,5831.6,244927.2
483,2021-06-18,5,4+1,Match 4 + 1 Euro number,4 + 1,760,290.0,220400.0
483,2021-06-18,6,4+0,Match 4 + 0 Euro numbers,4 + 0,1319,129.9,171338.1
483,2021-06-18,7,3+2,Match 3 + 2 Euro numbers,3 + 2,1905,77.1,146875.5
483,2021-06-18,8,2+2,Match 2 + 2 Euro numbers,2 + 2,29064,26.1,758570.4
483,2021-06-18,9,3+1,Match 3 + 1 Euro number,3 + 1,34108,21.5,733322.0
483,2021-06-18,10,3+0,Match 3 + 0 Euro numbers,3 + 0,62273,16.9,1052413.7
483,2021-06-18,11,1+2,Match 1 + 2 Euro numbers,1 + 2,154507,12.3,1900436.1
483,2021-06-18,12,2+1,Match 2 + 1 Euro number,2 + 1,543617,8.6,4675106.2
484,2021-06-25,1,5+2,Match 5 + 2 Euro numbers,5 + 2,1,48195035.9,48195035.9
484,2021-06-25,2,5+1,Match 5 + 1 Euro number,5 + 1,7,318878.7,2232150.9
484,2021-06-25,3,5+0,Match 5 + 0 Euro numbers,5 + 0,15,52521.1,787816.5
484,2021-06-25,4,4+2,Match 4 + 2 Euro numbers,4 + 2,64,4103.2,262604.8
484,2021-06-25,5,4+1,Match 4 + 1 Euro number,4 + 1,1044,226.3,236257.2
484,2021-06-25,6,4+0,Match 4 + 0 Euro numbers,4 + 0,2120,86.7,183804.0
484,2021-06-25,7,3+2,Match 3 + 2 Euro numbers,3 + 2,2521,62.5,157562.5
484,2021-06-25,8,2+2,Match 2 + 2 Euro numbers,2 + 2,35348,23.0,813004.0
484,2021-06-25,9,3+1,Match 3 + 1 Euro number,3 + 1,43186,18.2,785985.2
484,2021-06-25,10,3+0,Match 3 + 0 Euro numbers,3 + 0,82059,13.7,1124208.3
484,2021-06-25,11,1+2,Match 1 + 2 Euro numbers,1 + 2,186832,10.9,2036468.8
484,2021-06-25,12,2+1,Match 2 + 1 Euro number,2 + 1,607012,8.2,4977498.4
485,2021-07-02,1,5+2,Match 5 + 2 Euro numbers,5 + 2,0,0.0,0.0
485,2021-07-02,2,5+1,Match 5 + 1 Euro number,5 + 1,4,447260.5,1789042.0
485,2021-07-02,3,5+0,Match 5 + 0 Euro numbers,5 + 0,8,78928.3,631426.4
485,2021-07-02,4,4+2,Match 4 + 2 Euro numbers,4 + 2,61,3450.4,210474.4
485,2021-07-02,5,4+1,Match 4 + 1 Euro number,4 + 1,1037,182.6,189356.2
485,2021-07-02,6,4+0,Match 4 + 0 Euro numbers,4 + 0,1778,82.8,147218.4
485,2021-07-02,7,3+2,Match 3 + 2 Euro numbers,3 + 2,2816,44.8,126156.8
485,2021-07-02,8,2+2,Match 2 + 2 Euro numbers,2 + 2,36971,17.6,650689.6
485,2021-07-02,9,3+1,Match 3 + 1 Euro number,3 + 1,41217,15.3,630620.1
485,2021-07-02,10,3+0,Match 3 + 0 Euro numbers,3 + 0,72688,12.4,901331.2
485,2021-07-02,11,1+2,Match 1 + 2 Euro numbers,1 + 2,185205,8.8,1629804.0
485,2021-07-02,12,2+1,Match 2 + 1 Euro number,2 + 1,526729,7.6,4003140.4
486,2021-07-09,1,5+2,Match 5 + 2 Euro numbers,5 + 2,0,0.0,0.0
486,2021-07-09,2,5+1,Match 5 + 1 Euro number,5 + 1,7,271578.4,1901048.8
486,2021-07-09,3,5+0,Match 5 + 0 Euro numbers,5 + 0,4,167739.6,670958.4
486,2021-07-09,4,4+2,Match 4 + 2 Euro numbers,4 + 2,38,5885.6,223652.8
486,2021-07-09,5,4+1,Match 4 + 1 Euro number,4 + 1,805,250.0,201250.0
486,2021-07-09,6,4+0,Match 4 + 0 Euro numbers,4 + 0,1403,111.5,156434.5
486,2021-07-09,7,3+2,Match 3 + 2 Euro numbers,3 + 2,1848,72.6,134164.8
486,2021-07-09,8,2+2,Match 2 + 2 Euro numbers,2 + 2,26974,25.7,693231.8
486,2021-07-09,9,3+1,Match 3 + 1 Euro number,3 + 1,37454,17.9,670426.6
486,2021-07-09,10,3+0,Match 3 + 0 Euro numbers,3 + 0,62788,15.3,960656.4
486,2021-07-09,11,1+2,Match 1 + 2 Euro numbers,1 + 2,141628,12.3,1742024.4
486,2021-07-09,12,2+1,Match 2 + 1 Euro number,2 + 1,541485,7.8,4223583.0
487,2021-07-16,1,5+2,Match 5 + 2 Euro numbers,5 + 2,0,0.0,0.0
487,2021-07-16,2,5+1,Match 5 + 1 Euro number,5 + 1,3,675175.4,2025526.2
487,2021-07-16,3,5+0,Match 5 + 0 Euro numbers,5 + 0,8,89361.4,714891.2
487,2021-07-16,4,4+2,Match 4 + 2 Euro numbers,4 + 2,78,3055.0,238290.0
487,2021-07-16,5,4+1,Match 4 + 1 Euro number,4 + 1,941,227.9,214453.9
487,2021-07-16,6,4+0,Match 4 + 0 Euro numbers,4 + 0,1714,97.3,166772.2
487,2021-07-16,7,3+2,Match 3 + 2 Euro numbers,3 + 2,2972,48.1,142953.2
487,2021-07-16,8,2+2,Match 2 + 2 Euro numbers,2 + 2,39694,18.6,738308.4
487,2021-07-16,9,3+1,Match 3 + 1 Euro number,3 + 1,41963,17.0,713371.0
487,2021-07-16,10,3+0,Match 3 + 0 Euro numbers,3 + 0,70575,14.5,1023337.5
487,2021-07-16,11,1+2,Match 1 + 2 Euro numbers,1 + 2,197634,9.4,1857759.6
487,2021-07-16,12,2+1,Match 2 + 1 Euro number,2 + 1,589414,7.7,4538487.8
488,2021-07-23,1,5+2,Match 5 + 2 Euro numbers,5 + 2,0,0.0,0.0
488,2021-07-23,2,5+1,Match 5 + 1 Euro number,5 + 1,4,541343.6,2165374.4
488,2021-07-23,3,5+0,Match 5 + 0 Euro numbers,5 + 0,5,152849.9,764249.5
488,2021-07-23,4,4+2,Match 4 + 2 Euro numbers,4 + 2,73,3489.7,254748.1
488,2021-07-23,5,4+1,Match 4 + 1 Euro number,4 + 1,896,255.8,229196.8
488,2021-07-23,6,4+0,Match 4 + 0 Euro numbers,4 + 0,1471,121.2,178285.2
488,2021-07-23,7,3+2,Match 3 + 2 Euro numbers,3 + 2,2982,51.2,152678.4
488,2021-07-23,8,2+2,Match 2 + 2 Euro numbers,2 + 2,42847,18.4,788384.8
488,2021-07-23,9,3+1,Match 3 + 1 Euro number,3 + 1,41531,18.4,764170.4
488,2021-07-23,10,3+0,Match 3 + 0 Euro numbers,3 + 0,69243,15.8,1094039.4
488,2021-07-23,11,1+2,Match 1 + 2 Euro numbers,1 + 2,220694,9.0,1986246.0
488,2021-07-23,12,2+1,Match 2 + 1 Euro number,2 + 1,593819,8.1,4809933.9
489,2021-07-30,1,5+2,Match 5 + 2 Euro numbers,5 + 2,0,0.0,0.0
489,2021-07-30,2,5+1,Match 5 + 1 Euro number,5 + 1,6,408335.7,2450014.2
489,2021-07-30,3,5+0,Match 5 + 0 Euro numbers,5 + 0,5,172942.1,864710.5
489,2021-07-30,4,4+2,Match 4 + 2 Euro numbers,4 + 2,36,8006.5,288234.0
489,2021-07-30,5,4+1,Match 4 + 1 Euro number,4 + 1,815,318.2,259333.0
489,2021-07-30,6,4+0,Match 4 + 0 Euro numbers,4 + 0,1588,127.0,201676.0
489,2021-07-30,7,3+2,Match 3 + 2 Euro numbers,3 + 2,2337,74.0,172938.0
489,2021-07-30,8,2+2,Match 2 + 2 Euro numbers,2 + 2,35931,24.8,891088.8
489,2021-07-30,9,3+1,Match 3 + 1 Euro number,3 + 1,38954,22.1,860883.4
489,2021-07-30,10,3+0,Match 3 + 0 Euro numbers,3 + 0,76914,16.1,1238315.4
489,2021-07-30,11,1+2,Match 1 + 2 Euro numbers,1 + 2,200103,11.2,2241153.6
489,2021-07-30,12,2+1,Match 2 + 1 Euro number,2 + 1,604323,9.1,5499339.3
490,2021-08-06,1,5+2,Match 5 + 2 Euro numbers,5 + 2,0,0.0,0.0
490,2021-08-06,2,5+1,Match 5 + 1 Euro number,5 + 1,9,314623.6,2831612.4
490,2021-08-06,3,5+0,Match 5 + 0 Euro numbers,5 + 0,8,124924.1,999392.8
490,2021-08-06,4,4+2,Match 4 + 2 Euro numbers,4 + 2,62,5373.0,333126.0
490,2021-08-06,5,4+1,Match 4 + 1 Euro number,4 + 1,1345,222.9,299800.5
490,2021-08-06,6,4+0,Match 4 + 0 Euro numbers,4 + 0,2397,97.2,232988.4
490,2021-08-06,7,3+2,Match 3 + 2 Euro numbers,3 + 2,3394,58.8,199567.2
490,2021-08-06,8,2+2,Match 2 + 2 Euro numbers,2 + 2,48638,21.2,1031125.6
490,2021-08-06,9,3+1,Match 3 + 1 Euro number,3 + 1,58260,17.1,996246.0
490,2021-08-06,10,3+0,Match 3 + 0 Euro numbers,3 + 0,105545,13.5,1424857.5
490,2021-08-06,11,1+2,Match 1 + 2 Euro numbers,1 + 2,254802,10.1,2573500.2
490,2021-08-06,12,2+1,Match 2 + 1 Euro number,2 + 1,819050,7.7,6306685.0
491,2021-08-13,1,5+2,Match 5 + 2 Euro numbers,5 + 2,2,45000000.0,90000000.0
491,2021-08-13,2,5+1,Match 5 + 1 Euro number,5 + 1,8,836537.4,6692299.2
491,2021-08-13,3,5+0,Match 5 + 0 Euro numbers,5 + 0,11,115668.6,1272354.6
491,2021-08-13,4,4+2,Match 4 + 2 Euro numbers,4 + 2,99,4284.0,424116.0
491,2021-08-13,5,4+1,Match 4 + 1 Euro number,4 + 1,1179,323.7,381642.3
491,2021-08-13,6,4+0,Match 4 + 0 Euro numbers,4 + 0,2249,132.0,296868.0
491,2021-08-13,7,3+2,Match 3 + 2 Euro numbers,3 + 2,3494,72.8,254363.2
491,2021-08-13,8,2+2,Match 2 + 2 Euro numbers,2 + 2,50326,26.1,1313508.6
491,2021-08-13,9,3+1,Match 3 + 1 Euro number,3 + 1,59345,21.4,1269983.0
491,2021-08-13,10,3+0,Match 3 + 0 Euro numbers,3 + 0,106423,17.1,1819833.3
491,2021-08-13,11,1+2,Match 1 + 2 Euro numbers,1 + 2,280079,11.8,3304932.2
491,2021-08-13,12,2+1,Match 2 + 1 Euro number,2 + 1,901082,8.9,8019629.8
492,2021-08-20,1,5+2,Match 5 + 2 Euro numbers,5 + 2,0,0.0,0.0
492,2021-08-20,2,5+1,Match 5 + 1 Euro number,5 + 1,4,468374.0,1873496.0
492,2021-08-20,3,5+0,Match 5 + 0 Euro numbers,5 + 0,7,94461.9,661233.3
492,2021-08-20,4,4+2,Match 4 + 2 Euro numbers,4 + 2,29,7600.3,220408.7
492,2021-08-20,5,4+1,Match 4 + 1 Euro number,4 + 1,631,314.3,198323.3
492,2021-08-20,6,4+0,Match 4 + 0 Euro numbers,4 + 0,1202,128.3,154216.6
492,2021-08-20,7,3+2,Match 3 + 2 Euro numbers,3 + 2,1636,80.8,132188.8
492,2021-08-20,8,2+2,Match 2 + 2 Euro numbers,2 + 2,24342,28.0,681576.0
492,2021-08-20,9,3+1,Match 3 + 1 Euro number,3 + 1,29872,22.1,660171.2
492,2021-08-20,10,3+0,Match 3 + 0 Euro numbers,3 + 0,55553,17.0,944401.0
492,2021-08-20,11,1+2,Match 1 + 2 Euro numbers,1 + 2,133439,12.8,1708019.2
492,2021-08-20,12,2+1,Match 2 + 1 Euro number,2 + 1,466555,9.0,4198995.0
493,2021-08-27,1,5+2,Match 5 + 2 Euro numbers,5 + 2,0,0.0,0.0
493,2021-08-27,2,5+1,Match 5 + 1 Euro number,5 + 1,2,999239.0,1998478.0
493,2021-08-27,3,5+0,Match 5 + 0 Euro numbers,5 + 0,5,141069.0,705345.0
493,2021-08-27,4,4+2,Match 4 + 2 Euro numbers,4 + 2,50,4702.3,235115.0
493,2021-08-27,5,4+1,Match 4 + 1 Euro number,4 + 1,754,280.6,211572.4
493,2021-08-27,6,4+0,Match 4 + 0 Euro numbers,4 + 0,1254,131.2,164524.8
493,2021-08-27,7,3+2,Match 3 + 2 Euro numbers,3 + 2,2482,56.8,140977.6
493,2021-08-27,8,2+2,Match 2 + 2 Euro numbers,2 + 2,38232,19.2,734054.4
493,2021-08-27,9,3+1,Match 3 + 1 Euro number,3 + 1,36132,19.2,693734.4
493,2021-08-27,10,3+0,Match 3 + 0 Euro numbers,3 + 0,63120,16.0,1009920.0
493,2021-08-27,11,1+2,Match 1 + 2 Euro numbers,1 + 2,206501,8.8,1817208.8
493,2021-08-27,12,2+1,Match 2 + 1 Euro number,2 + 1,550999,8.1,4463091.9
494,2021-09-03,1,5+2,Match 5 + 2 Euro numbers,5 + 2,0,0.0,0.0
494,2021-09-03,2,5+1,Match 5 + 1 Euro number,5 + 1,6,360915.2,2165491.2
494,2021-09-03,3,5+0,Match 5 + 0 Euro numbers,5 + 0,9,84921.2,764290.8
494,2021-09-03,4,4+2,Match 4 + 2 Euro numbers,4 + 2,48,5307.5,254760.0
494,2021-09-03,5,4+1,Match 4 + 1 Euro number,4 + 1,728,314.9,229247.2
494,2021-09-03,6,4+0,Match 4 + 0 Euro numbers,4 + 0,1463,121.8,178193.4
494,2021-09-03,7,3+2,Match 3 + 2 Euro numbers,3 + 2,2018,75.7,152762.6
494,2021-09-03,8,2+2,Match 2 + 2 Euro numbers,2 + 2,30069,26.2,787807.8
494,2021-09-03,9,3+1,Match 3 + 1 Euro number,3 + 1,36147,21.1,762701.7
494,2021-09-03,10,3+0,Match 3 + 0 Euro numbers,3 + 0,71081,15.4,1094647.4
494,2021-09-03,11,1+2,Match 1 + 2 Euro numbers,1 + 2,160581,12.3,1975146.3
494,2021-09-03,12,2+1,Match 2 + 1 Euro number,2 + 1,554823,8.7,4826960.1
495,2021-09-10,1,5+2,Match 5 + 2 Euro numbers,5 + 2,1,49327084.7,49327084.7
495,2021-09-10,2,5+1,Match 5 + 1 Euro number,5 + 1,2,1170614.7,2341229.4
495,2021-09-10,3,5+0,Match 5 + 0 Euro numbers,5 + 0,9,91812.9,826316.1
495,2021-09-10,4,4+2,Match 4 + 2 Euro numbers,4 + 2,46,5987.7,275434.2
495,2021-09-10,5,4+1,Match 4 + 1 Euro number,4 + 1,995,249.1,247854.5
495,2021-09-10,6,4+0,Match 4 + 0 Euro numbers,4 + 0,1828,105.4,192671.2
495,2021-09-10,7,3+2,Match 3 + 2 Euro numbers,3 + 2,2486,66.4,165070.4
495,2021-09-10,8,2+2,Match 2 + 2 Euro numbers,2 + 2,35448,24.0,850752.0
495,2021-09-10,9,3+1,Match 3 + 1 Euro number,3 + 1,43181,19.1,824757.1
495,2021-09-10,10,3+0,Match 3 + 0 Euro numbers,3 + 0,87122,13.5,1176147.0
495,2021-09-10,11,1+2,Match 1 + 2 Euro numbers,1 + 2,186003,11.5,2139034.5
495,2021-09-10,12,2+1,Match 2 + 1 Euro number,2 + 1,627309,8.3,5206664.7
496,2021-09-17,1,5+2,Match 5 + 2 Euro numbers,5 + 2,0,0.0,0.0
496,2021-09-17,2,5+1,Match 5 + 1 Euro number,5 + 1,3,615218.0,1845654.0
496,2021-09-17,3,5+0,Match 5 + 0 Euro numbers,5 + 0,7,93058.1,651406.7
496,2021-09-17,4,4+2,Match 4 + 2 Euro numbers,4 + 2,92,2360.1,217129.2
496,2021-09-17,5,4+1,Match 4 + 1 Euro number,4 + 1,869,224.8,195351.2
496,2021-09-17,6,4+0,Match 4 + 0 Euro numbers,4 + 0,1351,112.5,151987.5
496,2021-09-17,7,3+2,Match 3 + 2 Euro numbers,3 + 2,3981,32.7,130178.7
496,2021-09-17,8,2+2,Match 2 + 2 Euro numbers,2 + 2,57000,14.1,803700.0
496,2021-09-17,9,3+1,Match 3 + 1 Euro number,3 + 1,40396,14.1,569583.6
496,2021-09-17,10,3+0,Match 3 + 0 Euro numbers,3 + 0,62135,14.1,876103.5
496,2021-09-17,11,1+2,Match 1 + 2 Euro numbers,1 + 2,285185,6.8,1939258.0
496,2021-09-17,12,2+1,Match 2 + 1 Euro number,2 + 1,571548,6.8,3886526.4
497,2021-09-24,1,5+2,Match 5 + 2 Euro numbers,5 + 2,1,22170100.8,22170100.8
497,2021-09-24,2,5+1,Match 5 + 1 Euro number,5 + 1,4,492365.5,1969462.0
497,2021-09-24,3,5+0,Match 5 + 0 Euro numbers,5 + 0,11,63191.2,695103.2
497,2021-09-24,4,4+2,Match 4 + 2 Euro numbers,4 + 2,52,4455.7,231696.4
497,2021-09-24,5,4+1,Match 4 + 1 Euro number,4 + 1,956,218.1,208503.6
497,2021-09-24,6,4+0,Match 4 + 0 Euro numbers,4 + 0,1885,86.0,162110.0
497,2021-09-24,7,3+2,Match 3 + 2 Euro numbers,3 + 2,2181,63.7,138929.7
497,2021-09-24,8,2+2,Match 2 + 2 Euro numbers,2 + 2,30236,23.7,716593.2
497,2021-09-24,9,3+1,Match 3 + 1 Euro number,3 + 1,38538,18.0,693684.0
497,2021-09-24,10,3+0,Match 3 + 0 Euro numbers,3 + 0,77147,12.9,995196.3
497,2021-09-24,11,1+2,Match 1 + 2 Euro numbers,1 + 2,157413,11.4,1794508.2
497,2021-09-24,12,2+1,Match 2 + 1 Euro number,2 + 1,529919,8.3,4398327.7
498,2021-10-01,1,5+2,Match 5 + 2 Euro numbers,5 + 2,0,0.0,0.0
498,2021-10-01,2,5+1,Match 5 + 1 Euro number,5 + 1,6,306502.1,1839012.6
498,2021-10-01,3,5+0,Match 5 + 0 Euro numbers,5 + 0,10,64906.3,649063.0
498,2021-10-01,4,4+2,Match 4 + 2 Euro numbers,4 + 2,46,4703.3,216351.8
498,2021-10-01,5,4+1,Match 4 + 1 Euro number,4 + 1,670,290.6,194702.0
498,2021-10-01,6,4+0,Match 4 + 0 Euro numbers,4 + 0,1081,140.1,151448.1
498,2021-10-01,7,3+2,Match 3 + 2 Euro numbers,3 + 2,2392,54.2,129646.4
498,2021-10-01,8,2+2,Match 2 + 2 Euro numbers,2 + 2,37689,19.0,716091.0
498,2021-10-01,9,3+1,Match 3 + 1 Euro number,3 + 1,31566,19.0,599754.0
498,2021-10-01,10,3+0,Match 3 + 0 Euro numbers,3 + 0,53027,17.5,927972.5
498,2021-10-01,11,1+2,Match 1 + 2 Euro numbers,1 + 2,215318,8.2,1765607.6
498,2021-10-01,12,2+1,Match 2 + 1 Euro number,2 + 1,488819,8.2,4008315.8
499,2021-10-08,1,5+2,Match 5 + 2 Euro numbers,5 + 2,0,0.0,0.0
499,2021-10-08,2,5+1,Match 5 + 1 Euro number,5 + 1,3,664091.4,1992274.2
499,2021-10-08,3,5+0,Match 5 + 0 Euro numbers,5 + 0,1,664091.4,664091.4
499,2021-10-08,4,4+2,Match 4 + 2 Euro numbers,4 + 2,42,5499.7,230987.4
499,2021-10-08,5,4+1,Match 4 + 1 Euro number,4 + 1,806,257.9,207867.4
499,2021-10-08,6,4+0,Match 4 + 0 Euro numbers,4 + 0,1278,126.5,161667.0
499,2021-10-08,7,3+2,Match 3 + 2 Euro numbers,3 + 2,2049,67.6,138512.4
499,2021-10-08,8,2+2,Match 2 + 2 Euro numbers,2 + 2,30634,23.3,713772.2
499,2021-10-08,9,3+1,Match 3 + 1 Euro number,3 + 1,35335,19.6,692566.0
499,2021-10-08,10,3+0,Match 3 + 0 Euro numbers,3 + 0,58440,16.9,987636.0
499,2021-10-08,11,1+2,Match 1 + 2 Euro numbers,1 + 2,163487,11.0,1798357.0
499,2021-10-08,12,2+1,Match 2 + 1 Euro number,2 + 1,525223,8.4,4411873.2
500,2021-10-15,1,5+2,Match 5 + 2 Euro numbers,5 + 2,1,33234495.1,33234495.1
500,2021-10-15,2,5+1,Match 5 + 1 Euro number,5 + 1,3,698338.5,2095015.5
500,2021-10-15,3,5+0,Match 5 + 0 Euro numbers,5 + 0,10,73941.7,739417.0
500,2021-10-15,4,4+2,Match 4 + 2 Euro numbers,4 + 2,73,3376.3,246469.9
500,2021-10-15,5,4+1,Match 4 + 1 Euro number,4 + 1,1190,186.4,221816.0
500,2021-10-15,6,4+0,Match 4 + 0 Euro numbers,4 + 0,2090,82.5,172425.0
500,2021-10-15,7,3+2,Match 3 + 2 Euro numbers,3 + 2,2704,54.6,147638.4
500,2021-10-15,8,2+2,Match 2 + 2 Euro numbers,2 + 2,36538,20.9,763644.2
500,2021-10-15,9,3+1,Match 3 + 1 Euro number,3 + 1,46647,15.8,737022.6
500,2021-10-15,10,3+0,Match 3 + 0 Euro numbers,3 + 0,85230,12.4,1056852.0
500,2021-10-15,11,1+2,Match 1 + 2 Euro numbers,1 + 2,184939,10.3,1904871.7
500,2021-10-15,12,2+1,Match 2 + 1 Euro number,2 + 1,603828,7.7,4649475.6
501,2021-10-22,1,5+2,Match 5 + 2 Euro numbers,5 + 2,1,10754545.6,10754545.6
501,2021-10-22,2,5+1,Match 5 + 1 Euro number,5 + 1,2,910793.5,1821587.0
501,2021-10-22,3,5+0,Match 5 + 0 Euro numbers,5 + 0,6,107152.1,642912.6
501,2021-10-22,4,4+2,Match 4 + 2 Euro numbers,4 + 2,55,3896.4,214302.0
501,2021-10-22,5,4+1,Match 4 + 1 Euro number,4 + 1,659,292.6,192823.4
501,2021-10-22,6,4+0,Match 4 + 0 Euro numbers,4 + 0,1177,127.4,149949.8
501,2021-10-22,7,3+2,Match 3 + 2 Euro numbers,3 + 2,3273,39.2,128301.6
501,2021-10-22,8,2+2,Match 2 + 2 Euro numbers,2 + 2,49168,16.0,786688.0
501,2021-10-22,9,3+1,Match 3 + 1 Euro number,3 + 1,34748,16.0,555968.0
501,2021-10-22,10,3+0,Match 3 + 0 Euro numbers,3 + 0,54617,16.0,873872.0
501,2021-10-22,11,1+2,Match 1 + 2 Euro numbers,1 + 2,269203,7.3,1965181.9
501,2021-10-22,12,2+1,Match 2 + 1 Euro number,2 + 1,514643,7.3,3756893.9
502,2021-10-29,1,5+2,Match 5 + 2 Euro numbers,5 + 2,1,10202832.3,10202832.3
502,2021-10-29,2,5+1,Match 5 + 1 Euro number,5 + 1,6,298123.0,1788738.0
502,2021-10-29,3,5+0,Match 5 + 0 Euro numbers,5 + 0,5,126263.8,631319.0
502,2021-10-29,4,4+2,Match 4 + 2 Euro numbers,4 + 2,88,2391.3,210434.4
502,2021-10-29,5,4+1,Match 4 + 1 Euro number,4 + 1,1061,178.5,189388.5
502,2021-10-29,6,4+0,Match 4 + 0 Euro numbers,4 + 0,1619,90.9,147167.1
502,2021-10-29,7,3+2,Match 3 + 2 Euro numbers,3 + 2,3265,38.6,126029.0
502,2021-10-29,8,2+2,Match 2 + 2 Euro numbers,2 + 2,42376,15.5,656828.0
502,2021-10-29,9,3+1,Match 3 + 1 Euro number,3 + 1,40167,15.5,622588.5
502,2021-10-29,10,3+0,Match 3 + 0 Euro numbers,3 + 0,66126,13.6,899313.6
502,2021-10-29,11,1+2,Match 1 + 2 Euro numbers,1 + 2,214012,7.6,1626491.2
502,2021-10-29,12,2+1,Match 2 + 1 Euro number,2 + 1,528055,7.6,4013218.0
503,2021-11-05,1,5+2,Match 5 + 2 Euro numbers,5 + 2,2,5075565.7,10151131.4
503,2021-11-05,2,5+1,Match 5 + 1 Euro number,5 + 1,5,358629.1,1793145.5
503,2021-11-05,3,5+0,Match 5 + 0 Euro numbers,5 + 0,14,45205.3,632874.2
503,2021-11-05,4,4+2,Match 4 + 2 Euro numbers,4 + 2,66,3196.3,210955.8
503,2021-11-05,5,4+1,Match 4 + 1 Euro number,4 + 1,1046,181.5,189849.0
503,2021-11-05,6,4+0,Match 4 + 0 Euro numbers,4 + 0,1618,91.2,147561.6
503,2021-11-05,7,3+2,Match 3 + 2 Euro numbers,3 + 2,2820,44.8,126336.0
503,2021-11-05,8,2+2,Match 2 + 2 Euro numbers,2 + 2,38771,16.8,651352.8
503,2021-11-05,9,3+1,Match 3 + 1 Euro number,3 + 1,39186,16.1,630894.6
503,2021-11-05,10,3+0,Match 3 + 0 Euro numbers,3 + 0,64162,14.1,904684.2
503,2021-11-05,11,1+2,Match 1 + 2 Euro numbers,1 + 2,201352,8.1,1630951.2
503,2021-11-05,12,2+1,Match 2 + 1 Euro number,2 + 1,529682,7.6,4025583.2
504,2021-11-12,1,5+2,Match 5 + 2 Euro numbers,5 + 2,0,0.0,0.0
504,2021-11-12,2,5+1,Match 5 + 1 Euro number,5 + 1,3,591237.9,1773713.7
504,2021-11-12,3,5+0,Match 5 + 0 Euro numbers,5 + 0,2,313008.3,626016.6
504,2021-11-12,4,4+2,Match 4 + 2 Euro numbers,4 + 2,36,5796.4,208670.4
504,2021-11-12,5,4+1,Match 4 + 1 Euro number,4 + 1,573,327.7,187772.1
504,2021-11-12,6,4+0,Match 4 + 0 Euro numbers,4 + 0,1089,134.1,146034.9
504,2021-11-12,7,3+2,Match 3 + 2 Euro numbers,3 + 2,1486,84.2,125121.2
504,2021-11-12,8,2+2,Match 2 + 2 Euro numbers,2 + 2,23798,27.1,644925.8
504,2021-11-12,9,3+1,Match 3 + 1 Euro number,3 + 1,27662,22.6,625161.2
504,2021-11-12,10,3+0,Match 3 + 0 Euro numbers,3 + 0,47870,18.7,895169.0
504,2021-11-12,11,1+2,Match 1 + 2 Euro numbers,1 + 2,137822,11.8,1626299.6
504,2021-11-12,12,2+1,Match 2 + 1 Euro number,2 + 1,436594,9.1,3973005.4
505,2021-11-19,1,5+2,Match 5 + 2 Euro numbers,5 + 2,0,0.0,0.0
505,2021-11-19,2,5+1,Match 5 + 1 Euro number,5 + 1,5,381298.1,1906490.5
505,2021-11-19,3,5+0,Match 5 + 0 Euro numbers,5 + 0,7,96125.5,672878.5
505,2021-11-19,4,4+2,Match 4 + 2 Euro numbers,4 + 2,44,5097.5,224290.0
505,2021-11-19,5,4+1,Match 4 + 1 Euro number,4 + 1,1027,196.5,201805.5
505,2021-11-19,6,4+0,Match 4 + 0 Euro numbers,4 + 0,1748,89.8,156970.4
505,2021-11-19,7,3+2,Match 3 + 2 Euro numbers,3 + 2,2355,57.1,134470.5
505,2021-11-19,8,2+2,Match 2 + 2 Euro numbers,2 + 2,33037,21.0,693777.0
505,2021-11-19,9,3+1,Match 3 + 1 Euro number,3 + 1,43915,15.3,671899.5
505,2021-11-19,10,3+0,Match 3 + 0 Euro numbers,3 + 0,71727,13.4,961141.8
505,2021-11-19,11,1+2,Match 1 + 2 Euro numbers,1 + 2,165957,10.5,1742548.5
505,2021-11-19,12,2+1,Match 2 + 1 Euro number,2 + 1,594553,7.2,4280781.6
506,2021-11-26,1,5+2,Match 5 + 2 Euro numbers,5 + 2,0,0.0,0.0
506,2021-11-26,2,5+1,Match 5 + 1 Euro number,5 + 1,4,500829.6,2003318.4
506,2021-11-26,3,5+0,Match 5 + 0 Euro numbers,5 + 0,10,70705.3,707053.0
506,2021-11-26,4,4+2,Match 4 + 2 Euro numbers,4 + 2,79,2983.3,235680.7
506,2021-11-26,5,4+1,Match 4 + 1 Euro number,4 + 1,1201,176.6,212096.6
506,2021-11-26,6,4+0,Match 4 + 0 Euro numbers,4 + 0,1836,89.8,164872.8
506,2021-11-26,7,3+2,Match 3 + 2 Euro numbers,3 + 2,3219,43.9,141314.1
506,2021-11-26,8,2+2,Match 2 + 2 Euro numbers,2 + 2,42369,17.2,728746.8
506,2021-11-26,9,3+1,Match 3 + 1 Euro number,3 + 1,51407,13.7,704275.9
506,2021-11-26,10,3+0,Match 3 + 0 Euro numbers,3 + 0,79603,12.7,1010958.1
506,2021-11-26,11,1+2,Match 1 + 2 Euro numbers,1 + 2,207723,8.8,1827962.4
506,2021-11-26,12,2+1,Match 2 + 1 Euro number,2 + 1,649216,6.9,4479590.4
507,2021-12-03,1,5+2,Match 5 + 2 Euro numbers,5 + 2,0,0.0,0.0
507,2021-12-03,2,5+1,Match 5 + 1 Euro number,5 + 1,11,203890.8,2242798.8
507,2021-12-03,3,5+0,Match 5 + 0 Euro numbers,5 + 0,15,52771.7,791575.5
507,2021-12-03,4,4+2,Match 4 + 2 Euro numbers,4 + 2,88,2998.3,263850.4
507,2021-12-03,5,4+1,Match 4 + 1 Euro number,4 + 1,1183,200.7,237428.1
507,2021-12-03,6,4+0,Match 4 + 0 Euro numbers,4 + 0,2399,76.9,184483.1
507,2021-12-03,7,3+2,Match 3 + 2 Euro numbers,3 + 2,2885,54.8,158098.0
507,2021-12-03,8,2+2,Match 2 + 2 Euro numbers,2 + 2,40073,20.4,817489.2
507,2021-12-03,9,3+1,Match 3 + 1 Euro number,3 + 1,50797,15.5,787353.5
507,2021-12-03,10,3+0,Match 3 + 0 Euro numbers,3 + 0,92718,12.2,1131159.6
507,2021-12-03,11,1+2,Match 1 + 2 Euro numbers,1 + 2,199487,10.3,2054716.1
507,2021-12-03,12,2+1,Match 2 + 1 Euro number,2 + 1,705299,7.1,5007622.9
508,2021-12-10,1,5+2,Match 5 + 2 Euro numbers,5 + 2,0,0.0,0.0
508,2021-12-10,2,5+1,Match 5 + 1 Euro number,5 + 1,4,622779.7,2491118.8
508,2021-12-10,3,5+0,Match 5 + 0 Euro numbers,5 + 0,7,125602.6,879218.2
508,2021-12-10,4,4+2,Match 4 + 2 Euro numbers,4 + 2,58,5052.9,293068.2
508,2021-12-10,5,4+1,Match 4 + 1 Euro number,4 + 1,919,287.0,263753.0
508,2021-12-10,6,4+0,Match 4 + 0 Euro numbers,4 + 0,1623,126.4,205147.2
508,2021-12-10,7,3+2,Match 3 + 2 Euro numbers,3 + 2,3189,55.1,175713.9
508,2021-12-10,8,2+2,Match 2 + 2 Euro numbers,2 + 2,49888,18.7,932905.6
508,2021-12-10,9,3+1,Match 3 + 1 Euro number,3 + 1,45315,18.7,847390.5
508,2021-12-10,10,3+0,Match 3 + 0 Euro numbers,3 + 0,75212,16.7,1256040.4
508,2021-12-10,11,1+2,Match 1 + 2 Euro numbers,1 + 2,272165,8.3,2258969.5
508,2021-12-10,12,2+1,Match 2 + 1 Euro number,2 + 1,691234,8.0,5529872.0
509,2021-12-17,1,5+2,Match 5 + 2 Euro numbers,5 + 2,1,73720055.0,73720055.0
509,2021-12-17,2,5+1,Match 5 + 1 Euro number,5 + 1,4,714788.9,2859155.6
509,2021-12-17,3,5+0,Match 5 + 0 Euro numbers,5 + 0,7,144159.1,1009113.7
509,2021-12-17,4,4+2,Match 4 + 2 Euro numbers,4 + 2,61,5514.2,336366.2
509,2021-12-17,5,4+1,Match 4 + 1 Euro number,4 + 1,864,350.3,302659.2
509,2021-12-17,6,4+0,Match 4 + 0 Euro numbers,4 + 0,1828,128.8,235446.4
509,2021-12-17,7,3+2,Match 3 + 2 Euro numbers,3 + 2,3048,66.2,201777.6
509,2021-12-17,8,2+2,Match 2 + 2 Euro numbers,2 + 2,45252,23.0,1040796.0
509,2021-12-17,9,3+1,Match 3 + 1 Euro number,3 + 1,45123,22.3,1006242.9
509,2021-12-17,10,3+0,Match 3 + 0 Euro numbers,3 + 0,91661,15.7,1439077.7
509,2021-12-17,11,1+2,Match 1 + 2 Euro numbers,1 + 2,238030,11.0,2618330.0
509,2021-12-17,12,2+1,Match 2 + 1 Euro number,2 + 1,680223,9.4,6394096.2
510,2021-12-24,1,5+2,Match 5 + 2 Euro numbers,5 + 2,1,12664043.0,12664043.0
510,2021-12-24,2,5+1,Match 5 + 1 Euro number,5 + 1,9,225075.3,2025677.7
510,2021-12-24,3,5+0,Match 5 + 0 Euro numbers,5 + 0,24,29789.3,714943.2
510,2021-12-24,4,4+2,Match 4 + 2 Euro numbers,4 + 2,58,4108.8,238310.4
510,2021-12-24,5,4+1,Match 4 + 1 Euro number,4 + 1,1285,166.9,214466.5
510,2021-12-24,6,4+0,Match 4 + 0 Euro numbers,4 + 0,2161,77.1,166613.1
510,2021-12-24,7,3+2,Match 3 + 2 Euro numbers,3 + 2,1989,71.8,142810.2
510,2021-12-24,8,2+2,Match 2 + 2 Euro numbers,2 + 2,28322,26.0,736372.0
510,2021-12-24,9,3+1,Match 3 + 1 Euro number,3 + 1,45513,15.7,714554.1
510,2021-12-24,10,3+0,Match 3 + 0 Euro numbers,3 + 0,75928,13.4,1017435.2
510,2021-12-24,11,1+2,Match 1 + 2 Euro numbers,1 + 2,149274,12.4,1850997.6
510,2021-12-24,12,2+1,Match 2 + 1 Euro number,2 + 1,601610,7.5,4512075.0
511,2021-12-31,1,5+2,Match 5 + 2 Euro numbers,5 + 2,0,0.0,0.0
511,2021-12-31,2,5+1,Match 5 + 1 Euro number,5 + 1,6,355912.7,2135476.2
511,2021-12-31,3,5+0,Match 5 + 0 Euro numbers,5 + 0,9,83744.1,753696.9
511,2021-12-31,4,4+2,Match 4 + 2 Euro numbers,4 + 2,49,5127.1,251227.9
511,2021-12-31,5,4+1,Match 4 + 1 Euro number,4 + 1,913,247.6,226058.8
511,2021-12-31,6,4+0,Match 4 + 0 Euro numbers,4 + 0,1431,122.8,175726.8
511,2021-12-31,7,3+2,Match 3 + 2 Euro numbers,3 + 2,2314,65.1,150641.4
511,2021-12-31,8,2+2,Match 2 + 2 Euro numbers,2 + 2,34118,22.8,777890.4
511,2021-12-31,9,3+1,Match 3 + 1 Euro number,3 + 1,40288,18.7,753385.6
511,2021-12-31,10,3+0,Match 3 + 0 Euro numbers,3 + 0,67891,15.9,1079466.9
511,2021-12-31,11,1+2,Match 1 + 2 Euro numbers,1 + 2,182287,10.7,1950470.9
511,2021-12-31,12,2+1,Match 2 + 1 Euro number,2 + 1,585393,8.1,4741683.3
512,2022-01-07,1,5+2,Match 5 + 2 Euro numbers,5 + 2,0,0.0,0.0
512,2022-01-07,2,5+1,Match 5 + 1 Euro number,5 + 1,5,390310.9,1951554.5
512,2022-01-07,3,5+0,Match 5 + 0 Euro numbers,5 + 0,7,98397.7,688783.9
512,2022-01-07,4,4+2,Match 4 + 2 Euro numbers,4 + 2,76,3020.9,229588.4
512,2022-01-07,5,4+1,Match 4 + 1 Euro number,4 + 1,886,233.2,206615.2
512,2022-01-07,6,4+0,Match 4 + 0 Euro numbers,4 + 0,1713,93.8,160679.4
512,2022-01-07,7,3+2,Match 3 + 2 Euro numbers,3 + 2,2661,51.7,137573.7
512,2022-01-07,8,2+2,Match 2 + 2 Euro numbers,2 + 2,37840,18.8,711392.0
512,2022-01-07,9,3+1,Match 3 + 1 Euro number,3 + 1,41383,16.6,686957.8
512,2022-01-07,10,3+0,Match 3 + 0 Euro numbers,3 + 0,75709,13.0,984217.0
512,2022-01-07,11,1+2,Match 1 + 2 Euro numbers,1 + 2,190762,9.3,1774086.6
512,2022-01-07,12,2+1,Match 2 + 1 Euro number,2 + 1,576488,7.6,4381308.8
513,2022-01-14,1,5+2,Match 5 + 2 Euro numbers,5 + 2,0,0.0,0.0
513,2022-01-14,2,5+1,Match 5 + 1 Euro number,5 + 1,2,1057442.1,2114884.2
513,2022-01-14,3,5+0,Match 5 + 0 Euro numbers,5 + 0,5,149285.9,746429.5
513,2022-01-14,4,4+2,Match 4 + 2 Euro numbers,4 + 2,54,4607.5,248805.0
513,2022-01-14,5,4+1,Match 4 + 1 Euro number,4 + 1,1013,221.0,223873.0
513,2022-01-14,6,4+0,Match 4 + 0 Euro numbers,4 + 0,1683,103.4,174022.2
513,2022-01-14,7,3+2,Match 3 + 2 Euro numbers,3 + 2,2411,61.9,149240.9
513,2022-01-14,8,2+2,Match 2 + 2 Euro numbers,2 + 2,35248,21.8,768406.4
513,2022-01-14,9,3+1,Match 3 + 1 Euro number,3 + 1,43289,17.2,744570.8
513,2022-01-14,10,3+0,Match 3 + 0 Euro numbers,3 + 0,71003,15.0,1065045.0
513,2022-01-14,11,1+2,Match 1 + 2 Euro numbers,1 + 2,190939,10.1,1928483.9
513,2022-01-14,12,2+1,Match 2 + 1 Euro number,2 + 1,615063,7.7,4735985.1
514,2022-01-21,1,5+2,Match 5 + 2 Euro numbers,5 + 2,2,24000400.1,48000800.2
514,2022-01-21,2,5+1,Match 5 + 1 Euro number,5 + 1,7,334853.1,2343971.7
514,2022-01-21,3,5+0,Match 5 + 0 Euro numbers,5 + 0,7,118183.4,827283.8
514,2022-01-21,4,4+2,Match 4 + 2 Euro numbers,4 + 2,67,4115.8,275758.6
514,2022-01-21,5,4+1,Match 4 + 1 Euro number,4 + 1,1184,209.6,248166.4
514,2022-01-21,6,4+0,Match 4 + 0 Euro numbers,4 + 0,1902,101.4,192862.8
514,2022-01-21,7,3+2,Match 3 + 2 Euro numbers,3 + 2,3012,54.9,165358.8
514,2022-01-21,8,2+2,Match 2 + 2 Euro numbers,2 + 2,43006,19.8,851518.8
514,2022-01-21,9,3+1,Match 3 + 1 Euro number,3 + 1,53133,15.5,823561.5
514,2022-01-21,10,3+0,Match 3 + 0 Euro numbers,3 + 0,83985,14.1,1184188.5
514,2022-01-21,11,1+2,Match 1 + 2 Euro numbers,1 + 2,216754,9.9,2145864.6
514,2022-01-21,12,2+1,Match 2 + 1 Euro number,2 + 1,716724,7.3,5232085.2
515,2022-01-28,1,5+2,Match 5 + 2 Euro numbers,5 + 2,1,11134617.0,11134617.0
515,2022-01-28,2,5+1,Match 5 + 1 Euro number,5 + 1,2,918059.8,1836119.6
515,2022-01-28,3,5+0,Match 5 + 0 Euro numbers,5 + 0,8,81005.2,648041.6
515,2022-01-28,4,4+2,Match 4 + 2 Euro numbers,4 + 2,51,4235.5,216010.5
515,2022-01-28,5,4+1,Match 4 + 1 Euro number,4 + 1,868,223.9,194345.2
515,2022-01-28,6,4+0,Match 4 + 0 Euro numbers,4 + 0,1497,101.0,151197.0
515,2022-01-28,7,3+2,Match 3 + 2 Euro numbers,3 + 2,2324,55.7,129446.8
515,2022-01-28,8,2+2,Match 2 + 2 Euro numbers,2 + 2,33447,20.0,668940.0
515,2022-01-28,9,3+1,Match 3 + 1 Euro number,3 + 1,40979,15.8,647468.2
515,2022-01-28,10,3+0,Match 3 + 0 Euro numbers,3 + 0,65634,14.1,925439.4
515,2022-01-28,11,1+2,Match 1 + 2 Euro numbers,1 + 2,167584,10.0,1675840.0
515,2022-01-28,12,2+1,Match 2 + 1 Euro number,2 + 1,571314,7.2,4113460.8
516,2022-02-04,1,5+2,Match 5 + 2 Euro numbers,5 + 2,0,0.0,0.0
516,2022-02-04,2,5+1,Match 5 + 1 Euro number,5 + 1,9,202867.0,1825803.0
516,2022-02-04,3,5+0,Match 5 + 0 Euro numbers,5 + 0,10,64440.1,644401.0
516,2022-02-04,4,4+2,Match 4 + 2 Euro numbers,4 + 2,35,6137.1,214798.5
516,2022-02-04,5,4+1,Match 4 + 1 Euro number,4 + 1,858,225.3,193307.4
516,2022-02-04,6,4+0,Match 4 + 0 Euro numbers,4 + 0,1909,78.7,150238.3
516,2022-02-04,7,3+2,Match 3 + 2 Euro numbers,3 + 2,1666,77.3,128781.8
516,2022-02-04,8,2+2,Match 2 + 2 Euro numbers,2 + 2,23924,27.8,665087.2
516,2022-02-04,9,3+1,Match 3 + 1 Euro number,3 + 1,35008,18.4,644147.2
516,2022-02-04,10,3+0,Match 3 + 0 Euro numbers,3 + 0,76310,12.8,976768.0
516,2022-02-04,11,1+2,Match 1 + 2 Euro numbers,1 + 2,126548,12.8,1619814.4
516,2022-02-04,12,2+1,Match 2 + 1 Euro number,2 + 1,484142,8.4,4066792.8
517,2022-02-11,1,5+2,Match 5 + 2 Euro numbers,5 + 2,0,0.0,0.0
517,2022-02-11,2,5+1,Match 5 + 1 Euro number,5 + 1,3,649514.4,1948543.2
517,2022-02-11,3,5+0,Match 5 + 0 Euro numbers,5 + 0,6,114620.2,687721.2
517,2022-02-11,4,4+2,Match 4 + 2 Euro numbers,4 + 2,45,5094.2,229239.0
517,2022-02-11,5,4+1,Match 4 + 1 Euro number,4 + 1,792,260.5,206316.0
517,2022-02-11,6,4+0,Match 4 + 0 Euro numbers,4 + 0,1443,111.2,160461.6
517,2022-02-11,7,3+2,Match 3 + 2 Euro numbers,3 + 2,1877,73.2,137396.4
517,2022-02-11,8,2+2,Match 2 + 2 Euro numbers,2 + 2,28481,24.9,709176.9
517,2022-02-11,9,3+1,Match 3 + 1 Euro number,3 + 1,36146,19.0,686774.0
517,2022-02-11,10,3+0,Match 3 + 0 Euro numbers,3 + 0,63901,15.4,984075.4
517,2022-02-11,11,1+2,Match 1 + 2 Euro numbers,1 + 2,150277,11.8,1773268.6
517,2022-02-11,12,2+1,Match 2 + 1 Euro number,2 + 1,538054,8.1,4358237.4
518,2022-02-18,1,5+2,Match 5 + 2 Euro numbers,5 + 2,0,0.0,0.0
518,2022-02-18,2,5+1,Match 5 + 1 Euro number,5 + 1,3,695392.8,2086178.4
518,2022-02-18,3,5+0,Match 5 + 0 Euro numbers,5 + 0,7,105185.4,736297.8
518,2022-02-18,4,4+2,Match 4 + 2 Euro numbers,4 + 2,82,2993.0,245426.0
518,2022-02-18,5,4+1,Match 4 + 1 Euro number,4 + 1,1039,212.5,220787.5
518,2022-02-18,6,4+0,Match 4 + 0 Euro numbers,4 + 0,1754,97.9,171716.6
518,2022-02-18,7,3+2,Match 3 + 2 Euro numbers,3 + 2,3582,41.1,147220.2
518,2022-02-18,8,2+2,Match 2 + 2 Euro numbers,2 + 2,51432,15.4,792052.8
518,2022-02-18,9,3+1,Match 3 + 1 Euro number,3 + 1,45443,15.4,699822.2
518,2022-02-18,10,3+0,Match 3 + 0 Euro numbers,3 + 0,74974,14.0,1049636.0
518,2022-02-18,11,1+2,Match 1 + 2 Euro numbers,1 + 2,266824,7.4,1974497.6
518,2022-02-18,12,2+1,Match 2 + 1 Euro number,2 + 1,620238,7.4,4589761.2
519,2022-02-25,1,5+2,Match 5 + 2 Euro numbers,5 + 2,0,0.0,0.0
519,2022-02-25,2,5+1,Match 5 + 1 Euro number,5 + 1,7,315645.3,2209517.1
519,2022-02-25,3,5+0,Match 5 + 0 Euro numbers,5 + 0,4,194957.4,779829.6
519,2022-02-25,4,4+2,Match 4 + 2 Euro numbers,4 + 2,40,6498.5,259940.0
519,2022-02-25,5,4+1,Match 4 + 1 Euro number,4 + 1,1158,202.0,233916.0
519,2022-02-25,6,4+0,Match 4 + 0 Euro numbers,4 + 0,2013,90.3,181773.9
519,2022-02-25,7,3+2,Match 3 + 2 Euro numbers,3 + 2,2327,67.0,155909.0
519,2022-02-25,8,2+2,Match 2 + 2 Euro numbers,2 + 2,35645,22.6,805577.0
519,2022-02-25,9,3+1,Match 3 + 1 Euro number,3 + 1,39948,19.5,778986.0
519,2022-02-25,10,3+0,Match 3 + 0 Euro numbers,3 + 0,73973,15.1,1116992.3
519,2022-02-25,11,1+2,Match 1 + 2 Euro numbers,1 + 2,192409,10.5,2020294.5
519,2022-02-25,12,2+1,Match 2 + 1 Euro number,2 + 1,576689,8.6,4959525.4
520,2022-03-04,1,5+2,Match 5 + 2 Euro numbers,5 + 2,0,0.0,0.0
520,2022-03-04,2,5+1,Match 5 + 1 Euro number,5 + 1,1,2389564.9,2389564.9
520,2022-03-04,3,5+0,Match 5 + 0 Euro numbers,5 + 0,10,84337.5,843375.0
520,2022-03-04,4,4+2,Match 4 + 2 Euro numbers,4 + 2,55,5111.3,281121.5
520,2022-03-04,5,4+1,Match 4 + 1 Euro number,4 + 1,990,255.5,252945.0
520,2022-03-04,6,4+0,Match 4 + 0 Euro numbers,4 + 0,1671,117.7,196676.7
520,2022-03-04,7,3+2,Match 3 + 2 Euro numbers,3 + 2,2729,61.8,168652.2
520,2022-03-04,8,2+2,Match 2 + 2 Euro numbers,2 + 2,38942,22.3,868406.6
520,2022-03-04,9,3+1,Match 3 + 1 Euro number,3 + 1,42276,19.9,841292.4
520,2022-03-04,10,3+0,Match 3 + 0 Euro numbers,3 + 0,75582,15.9,1201753.8
520,2022-03-04,11,1+2,Match 1 + 2 Euro numbers,1 + 2,208922,10.4,2172788.8
520,2022-03-04,12,2+1,Match 2 + 1 Euro number,2 + 1,626807,8.5,5327859.5
521,2022-03-11,1,5+2,Match 5 + 2 Euro numbers,5 + 2,0,0.0,0.0
521,2022-03-11,2,5+1,Match 5 + 1 Euro number,5 + 1,6,457490.6,2744943.6
521,2022-03-11,3,5+0,Match 5 + 0 Euro numbers,5 + 0,8,121100.4,968803.2
521,2022-03-11,4,4+2,Match 4 + 2 Euro numbers,4 + 2,48,6727.8,322934.4
521,2022-03-11,5,4+1,Match 4 + 1 Euro number,4 + 1,988,294.1,290570.8
521,2022-03-11,6,4+0,Match 4 + 0 Euro numbers,4 + 0,1668,135.5,226014.0
521,2022-03-11,7,3+2,Match 3 + 2 Euro numbers,3 + 2,2487,77.9,193737.3
521,2022-03-11,8,2+2,Match 2 + 2 Euro numbers,2 + 2,38480,26.0,1000480.0
521,2022-03-11,9,3+1,Match 3 + 1 Euro number,3 + 1,46303,20.9,967732.7
521,2022-03-11,10,3+0,Match 3 + 0 Euro numbers,3 + 0,78136,17.7,1383007.2
521,2022-03-11,11,1+2,Match 1 + 2 Euro numbers,1 + 2,205235,12.2,2503867.0
521,2022-03-11,12,2+1,Match 2 + 1 Euro number,2 + 1,721828,8.5,6135538.0
522,2022-03-18,1,5+2,Match 5 + 2 Euro numbers,5 + 2,2,45000000.0,90000000.0
522,2022-03-18,2,5+1,Match 5 + 1 Euro number,5 + 1,2,2007890.7,4015781.4
522,2022-03-18,3,5+0,Match 5 + 0 Euro numbers,5 + 0,7,159470.8,1116295.6
522,2022-03-18,4,4+2,Match 4 + 2 Euro numbers,4 + 2,91,4088.9,372089.9
522,2022-03-18,5,4+1,Match 4 + 1 Euro number,4 + 1,1116,300.0,334800.0
522,2022-03-18,6,4+0,Match 4 + 0 Euro numbers,4 + 0,1918,135.8,260464.4
522,2022-03-18,7,3+2,Match 3 + 2 Euro numbers,3 + 2,3465,64.4,223146.0
522,2022-03-18,8,2+2,Match 2 + 2 Euro numbers,2 + 2,55583,20.7,1150568.1
522,2022-03-18,9,3+1,Match 3 + 1 Euro number,3 + 1,53701,20.7,1111610.7
522,2022-03-18,10,3+0,Match 3 + 0 Euro numbers,3 + 0,96631,16.5,1594411.5
522,2022-03-18,11,1+2,Match 1 + 2 Euro numbers,1 + 2,304501,9.5,2892759.5
522,2022-03-18,12,2+1,Match 2 + 1 Euro number,2 + 1,841356,8.4,7067390.4
523,2022-03-25,1,5+2,Match 5 + 2 Euro numbers,5 + 2,0,0.0,0.0
523,2022-03-25,2,5+1,Match 5 + 1 Euro number,5 + 1,2,890916.0,1781832.0
523,2022-03-25,3,5+0,Match 5 + 0 Euro numbers,5 + 0,5,200974.0,1004870.0
523,2022-03-25,4,4+2,Match 4 + 2 Euro numbers,4 + 2,27,6138.9,165750.3
523,2022-03-25,5,4+1,Match 4 + 1 Euro number,4 + 1,617,335.8,207188.6
523,2022-03-25,6,3+2,Match 3 + 2 Euro numbers,3 + 2,1346,169.3,227877.8
523,2022-03-25,7,4+0,Match 4 + 0 Euro numbers,4 + 0,1424,116.3,165611.2
523,2022-03-25,8,2+2,Match 2 + 2 Euro numbers,2 + 2,19374,27.2,526972.8
523,2022-03-25,9,3+1,Match 3 + 1 Euro number,3 + 1,26678,22.1,589583.8
523,2022-03-25,10,3+0,Match 3 + 0 Euro numbers,3 + 0,60406,18.5,1117511.0
523,2022-03-25,11,1+2,Match 1 + 2 Euro numbers,1 + 2,103553,13.5,1397965.5
523,2022-03-25,12,2+1,Match 2 + 1 Euro number,2 + 1,393484,10.6,4170930.4
524,2022-03-29,1,5+2,Match 5 + 2 Euro numbers,5 + 2,0,0.0,0.0
524,2022-03-29,2,5+1,Match 5 + 1 Euro number,5 + 1,1,651307.6,651307.6
524,2022-03-29,3,5+0,Match 5 + 0 Euro numbers,5 + 0,6,61217.8,367306.8
524,2022-03-29,4,4+2,Match 4 + 2 Euro numbers,4 + 2,7,8655.2,60586.4
524,2022-03-29,5,4+1,Match 4 + 1 Euro number,4 + 1,191,396.5,75731.5
524,2022-03-29,6,3+2,Match 3 + 2 Euro numbers,3 + 2,411,202.6,83268.6
524,2022-03-29,7,4+0,Match 4 + 0 Euro numbers,4 + 0,514,117.8,60549.2
524,2022-03-29,8,2+2,Match 2 + 2 Euro numbers,2 + 2,5889,32.7,192570.3
524,2022-03-29,9,3+1,Match 3 + 1 Euro number,3 + 1,9943,21.7,215763.1
524,2022-03-29,10,3+0,Match 3 + 0 Euro numbers,3 + 0,25856,16.4,424038.4
524,2022-03-29,11,1+2,Match 1 + 2 Euro numbers,1 + 2,30148,16.4,494427.2
524,2022-03-29,12,2+1,Match 2 + 1 Euro number,2 + 1,140573,10.9,1532245.7
525,2022-04-01,1,5+2,Match 5 + 2 Euro numbers,5 + 2,1,24790202.0,24790202.0
525,2022-04-01,2,5+1,Match 5 + 1 Euro number,5 + 1,4,446950.5,1787802.0
525,2022-04-01,3,5+0,Match 5 + 0 Euro numbers,5 + 0,5,201647.4,1008237.0
525,2022-04-01,4,4+2,Match 4 + 2 Euro numbers,4 + 2,65,2558.5,166302.5
525,2022-04-01,5,4+1,Match 4 + 1 Euro number,4 + 1,673,308.8,207822.4
525,2022-04-01,6,3+2,Match 3 + 2 Euro numbers,3 + 2,5652,57.4,324424.8
525,2022-04-01,7,4+0,Match 4 + 0 Euro numbers,4 + 0,1219,57.4,69970.6
525,2022-04-01,8,2+2,Match 2 + 2 Euro numbers,2 + 2,38091,17.0,647547.0
525,2022-04-01,9,3+1,Match 3 + 1 Euro number,3 + 1,32792,17.0,557464.0
525,2022-04-01,10,3+0,Match 3 + 0 Euro numbers,3 + 0,60622,17.0,1030574.0
525,2022-04-01,11,1+2,Match 1 + 2 Euro numbers,1 + 2,180107,8.5,1530909.5
525,2022-04-01,12,2+1,Match 2 + 1 Euro number,2 + 1,479489,8.5,4075656.5
526,2022-04-05,1,5+2,Match 5 + 2 Euro numbers,5 + 2,0,0.0,0.0
526,2022-04-05,2,5+1,Match 5 + 1 Euro number,5 + 1,1,644761.1,644761.1
526,2022-04-05,3,5+0,Match 5 + 0 Euro numbers,5 + 0,3,121205.1,363615.3
526,2022-04-05,4,4+2,Match 4 + 2 Euro numbers,4 + 2,9,6664.1,59976.9
526,2022-04-05,5,4+1,Match 4 + 1 Euro number,4 + 1,215,348.7,74970.5
526,2022-04-05,6,3+2,Match 3 + 2 Euro numbers,3 + 2,366,225.3,82459.8
526,2022-04-05,7,4+0,Match 4 + 0 Euro numbers,4 + 0,493,121.6,59948.8
526,2022-04-05,8,2+2,Match 2 + 2 Euro numbers,2 + 2,5175,36.9,190957.5
526,2022-04-05,9,3+1,Match 3 + 1 Euro number,3 + 1,9631,22.1,212845.1
526,2022-04-05,10,3+0,Match 3 + 0 Euro numbers,3 + 0,23287,18.0,419166.0
526,2022-04-05,11,1+2,Match 1 + 2 Euro numbers,1 + 2,27073,18.0,487314.0
526,2022-04-05,12,2+1,Match 2 + 1 Euro number,2 + 1,137844,11.0,1516284.0
527,2022-04-08,1,5+2,Match 5 + 2 Euro numbers,5 + 2,0,0.0,0.0
527,2022-04-08,2,5+1,Match 5 + 1 Euro number,5 + 1,5,338156.3,1690781.5
527,2022-04-08,3,5+0,Match 5 + 0 Euro numbers,5 + 0,7,136217.4,953521.8
527,2022-04-08,4,4+2,Match 4 + 2 Euro numbers,4 + 2,17,9251.8,157280.6
527,2022-04-08,5,4+1,Match 4 + 1 Euro number,4 + 1,409,480.6,196565.4
527,2022-04-08,6,3+2,Match 3 + 2 Euro numbers,3 + 2,640,337.9,216256.0
527,2022-04-08,7,4+0,Match 4 + 0 Euro numbers,4 + 0,1084,145.0,157180.0
527,2022-04-08,8,2+2,Match 2 + 2 Euro numbers,2 + 2,9498,52.7,500544.6
527,2022-04-08,9,3+1,Match 3 + 1 Euro number,3 + 1,19709,28.4,559735.6
527,2022-04-08,10,3+0,Match 3 + 0 Euro numbers,3 + 0,54238,22.4,1214931.2
527,2022-04-08,11,1+2,Match 1 + 2 Euro numbers,1 + 2,52275,22.4,1170960.0
527,2022-04-08,12,2+1,Match 2 + 1 Euro number,2 + 1,297885,13.3,3961870.5
528,2022-04-12,1,5+2,Match 5 + 2 Euro numbers,5 + 2,0,0.0,0.0
528,2022-04-12,2,5+1,Match 5 + 1 Euro number,5 + 1,1,713768.6,713768.6
528,2022-04-12,3,5+0,Match 5 + 0 Euro numbers,5 + 0,1,402532.3,402532.3
528,2022-04-12,4,4+2,Match 4 + 2 Euro numbers,4 + 2,12,5533.0,66396.0
528,2022-04-12,5,4+1,Match 4 + 1 Euro number,4 + 1,230,360.8,82984.0
528,2022-04-12,6,3+2,Match 3 + 2 Euro numbers,3 + 2,568,160.7,91277.6
528,2022-04-12,7,4+0,Match 4 + 0 Euro numbers,4 + 0,509,130.4,66373.6
528,2022-04-12,8,2+2,Match 2 + 2 Euro numbers,2 + 2,8580,24.6,211068.0
528,2022-04-12,9,3+1,Match 3 + 1 Euro number,3 + 1,11719,20.1,235551.9
528,2022-04-12,10,3+0,Match 3 + 0 Euro numbers,3 + 0,22660,19.7,446402.0
528,2022-04-12,11,1+2,Match 1 + 2 Euro numbers,1 + 2,46409,12.0,556908.0
528,2022-04-12,12,2+1,Match 2 + 1 Euro number,2 + 1,178795,9.4,1680673.0
529,2022-04-15,1,5+2,Match 5 + 2 Euro numbers,5 + 2,0,0.0,0.0
529,2022-04-15,2,5+1,Match 5 + 1 Euro number,5 + 1,7,237056.4,1659394.8
529,2022-04-15,3,5+0,Match 5 + 0 Euro numbers,5 + 0,10,93582.1,935821.0
529,2022-04-15,4,4+2,Match 4 + 2 Euro numbers,4 + 2,74,2085.9,154356.6
529,2022-04-15,5,4+1,Match 4 + 1 Euro number,4 + 1,1025,188.2,192905.0
529,2022-04-15,6,3+2,Match 3 + 2 Euro numbers,3 + 2,2630,80.7,212241.0
529,2022-04-15,7,4+0,Match 4 + 0 Euro numbers,4 + 0,2048,75.3,154214.4
529,2022-04-15,8,2+2,Match 2 + 2 Euro numbers,2 + 2,34026,14.6,496779.6
529,2022-04-15,9,3+1,Match 3 + 1 Euro number,3 + 1,37048,14.6,540900.8
529,2022-04-15,10,3+0,Match 3 + 0 Euro numbers,3 + 0,71859,14.4,1034769.6
529,2022-04-15,11,1+2,Match 1 + 2 Euro numbers,1 + 2,171029,8.1,1385334.9
529,2022-04-15,12,2+1,Match 2 + 1 Euro number,2 + 1,466677,8.1,3780083.7
530,2022-04-19,1,5+2,Match 5 + 2 Euro numbers,5 + 2,0,0.0,0.0
530,2022-04-19,2,5+1,Match 5 + 1 Euro number,5 + 1,0,0.0,0.0
530,2022-04-19,3,5+0,Match 5 + 0 Euro numbers,5 + 0,5,76835.3,384176.5
530,2022-04-19,4,4+2,Match 4 + 2 Euro numbers,4 + 2,27,2347.0,63369.0
530,2022-04-19,5,4+1,Match 4 + 1 Euro number,4 + 1,418,189.5,79211.0
530,2022-04-19,6,3+2,Match 3 + 2 Euro numbers,3 + 2,874,99.6,87050.4
530,2022-04-19,7,4+0,Match 4 + 0 Euro numbers,4 + 0,684,92.6,63338.4
530,2022-04-19,8,2+2,Match 2 + 2 Euro numbers,2 + 2,10223,19.7,201393.1
530,2022-04-19,9,3+1,Match 3 + 1 Euro number,3 + 1,17125,14.1,241462.5
530,2022-04-19,10,3+0,Match 3 + 0 Euro numbers,3 + 0,29021,14.1,409196.1
530,2022-04-19,11,1+2,Match 1 + 2 Euro numbers,1 + 2,46548,11.4,530647.2
530,2022-04-19,12,2+1,Match 2 + 1 Euro number,2 + 1,214313,7.5,1607347.5
531,2022-04-22,1,5+2,Match 5 + 2 Euro numbers,5 + 2,0,0.0,0.0
531,2022-04-22,2,5+1,Match 5 + 1 Euro number,5 + 1,4,603179.4,2412717.6
531,2022-04-22,3,5+0,Match 5 + 0 Euro numbers,5 + 0,5,195296.7,976483.5
531,2022-04-22,4,4+2,Match 4 + 2 Euro numbers,4 + 2,22,7321.3,161068.6
531,2022-04-22,5,4+1,Match 4 + 1 Euro number,4 + 1,491,410.0,201310.0
531,2022-04-22,6,3+2,Match 3 + 2 Euro numbers,3 + 2,867,255.4,221431.8
531,2022-04-22,7,4+0,Match 4 + 0 Euro numbers,4 + 0,1371,117.4,160955.4
531,2022-04-22,8,2+2,Match 2 + 2 Euro numbers,2 + 2,11882,43.2,513302.4
531,2022-04-22,9,3+1,Match 3 + 1 Euro number,3 + 1,23142,24.7,571607.4
531,2022-04-22,10,3+0,Match 3 + 0 Euro numbers,3 + 0,60381,19.7,1189505.7
531,2022-04-22,11,1+2,Match 1 + 2 Euro numbers,1 + 2,63631,19.7,1253530.7
531,2022-04-22,12,2+1,Match 2 + 1 Euro number,2 + 1,344622,11.8,4066539.6
532,2022-04-26,1,5+2,Match 5 + 2 Euro numbers,5 + 2,0,0.0,0.0
532,2022-04-26,2,5+1,Match 5 + 1 Euro number,5 + 1,3,275654.7,826964.1
532,2022-04-26,3,5+0,Match 5 + 0 Euro numbers,5 + 0,2,233184.6,466369.2
532,2022-04-26,4,4+2,Match 4 + 2 Euro numbers,4 + 2,24,3205.2,76924.8
532,2022-04-26,5,4+1,Match 4 + 1 Euro number,4 + 1,282,340.9,96133.8
532,2022-04-26,6,3+2,Match 3 + 2 Euro numbers,3 + 2,665,159.0,105735.0
532,2022-04-26,7,4+0,Match 4 + 0 Euro numbers,4 + 0,622,123.6,76879.2
532,2022-04-26,8,2+2,Match 2 + 2 Euro numbers,2 + 2,9612,25.5,245106.0
532,2022-04-26,9,3+1,Match 3 + 1 Euro number,3 + 1,12504,21.9,273837.6
532,2022-04-26,10,3+0,Match 3 + 0 Euro numbers,3 + 0,27902,18.6,518977.2
532,2022-04-26,11,1+2,Match 1 + 2 Euro numbers,1 + 2,53714,12.0,644568.0
532,2022-04-26,12,2+1,Match 2 + 1 Euro number,2 + 1,184106,10.6,1951523.6
533,2022-04-29,1,5+2,Match 5 + 2 Euro numbers,5 + 2,0,0.0,0.0
533,2022-04-29,2,5+1,Match 5 + 1 Euro number,5 + 1,0,0.0,0.0
533,2022-04-29,3,5+0,Match 5 + 0 Euro numbers,5 + 0,8,134289.5,1074316.0
533,2022-04-29,4,4+2,Match 4 + 2 Euro numbers,4 + 2,21,8438.4,177206.4
533,2022-04-29,5,4+1,Match 4 + 1 Euro number,4 + 1,518,427.6,221496.8
533,2022-04-29,6,3+2,Match 3 + 2 Euro numbers,3 + 2,858,283.9,243586.2
533,2022-04-29,7,4+0,Match 4 + 0 Euro numbers,4 + 0,1705,103.9,177149.5
533,2022-04-29,8,2+2,Match 2 + 2 Euro numbers,2 + 2,12403,45.5,564336.5
533,2022-04-29,9,3+1,Match 3 + 1 Euro number,3 + 1,25998,24.2,629151.6
533,2022-04-29,10,3+0,Match 3 + 0 Euro numbers,3 + 0,83846,18.0,1509228.0
533,2022-04-29,11,1+2,Match 1 + 2 Euro numbers,1 + 2,65413,18.0,1177434.0
533,2022-04-29,12,2+1,Match 2 + 1 Euro number,2 + 1,374546,12.0,4494552.0
534,2022-05-03,1,5+2,Match 5 + 2 Euro numbers,5 + 2,0,0.0,0.0
534,2022-05-03,2,5+1,Match 5 + 1 Euro number,5 + 1,0,0.0,0.0
534,2022-05-03,3,5+0,Match 5 + 0 Euro numbers,5 + 0,8,64344.6,514756.8
534,2022-05-03,4,4+2,Match 4 + 2 Euro numbers,4 + 2,20,4245.4,84908.0
534,2022-05-03,5,4+1,Match 4 + 1 Euro number,4 + 1,460,230.7,106122.0
534,2022-05-03,6,3+2,Match 3 + 2 Euro numbers,3 + 2,894,130.5,116667.0
534,2022-05-03,7,4+0,Match 4 + 0 Euro numbers,4 + 0,931,91.2,84907.2
534,2022-05-03,8,2+2,Match 2 + 2 Euro numbers,2 + 2,12151,22.2,269752.2
534,2022-05-03,9,3+1,Match 3 + 1 Euro number,3 + 1,18198,16.6,302086.8
534,2022-05-03,10,3+0,Match 3 + 0 Euro numbers,3 + 0,39714,14.4,571881.6
534,2022-05-03,11,1+2,Match 1 + 2 Euro numbers,1 + 2,61837,11.5,711125.5
534,2022-05-03,12,2+1,Match 2 + 1 Euro number,2 + 1,230599,9.3,2144570.7
535,2022-05-06,1,5+2,Match 5 + 2 Euro numbers,5 + 2,0,0.0,0.0
535,2022-05-06,2,5+1,Match 5 + 1 Euro number,5 + 1,2,2438713.9,4877427.8
535,2022-05-06,3,5+0,Match 5 + 0 Euro numbers,5 + 0,6,193594.7,1161568.2
535,2022-05-06,4,4+2,Match 4 + 2 Euro numbers,4 + 2,23,8330.3,191596.9
535,2022-05-06,5,4+1,Match 4 + 1 Euro number,4 + 1,571,419.4,239477.4
535,2022-05-06,6,3+2,Match 3 + 2 Euro numbers,3 + 2,1020,258.2,263364.0
535,2022-05-06,7,4+0,Match 4 + 0 Euro numbers,4 + 0,1440,133.0,191520.0
535,2022-05-06,8,2+2,Match 2 + 2 Euro numbers,2 + 2,13785,44.3,610675.5
535,2022-05-06,9,3+1,Match 3 + 1 Euro number,3 + 1,24142,28.2,680804.4
535,2022-05-06,10,3+0,Match 3 + 0 Euro numbers,3 + 0,68284,20.6,1406650.4
535,2022-05-06,11,1+2,Match 1 + 2 Euro numbers,1 + 2,72531,20.6,1494138.6
535,2022-05-06,12,2+1,Match 2 + 1 Euro number,2 + 1,366299,13.2,4835146.8
536,2022-05-10,1,5+2,Match 5 + 2 Euro numbers,5 + 2,0,0.0,0.0
536,2022-05-10,2,5+1,Match 5 + 1 Euro number,5 + 1,1,1089550.7,1089550.7
536,2022-05-10,3,5+0,Match 5 + 0 Euro numbers,5 + 0,1,614455.9,614455.9
536,2022-05-10,4,4+2,Match 4 + 2 Euro numbers,4 + 2,25,4054.1,101352.5
536,2022-05-10,5,4+1,Match 4 + 1 Euro number,4 + 1,354,357.8,126661.2
536,2022-05-10,6,3+2,Match 3 + 2 Euro numbers,3 + 2,939,148.4,139347.6
536,2022-05-10,7,4+0,Match 4 + 0 Euro numbers,4 + 0,911,111.2,101303.2
536,2022-05-10,8,2+2,Match 2 + 2 Euro numbers,2 + 2,13504,23.9,322745.6
536,2022-05-10,9,3+1,Match 3 + 1 Euro number,3 + 1,17075,21.1,360282.5
536,2022-05-10,10,3+0,Match 3 + 0 Euro numbers,3 + 0,39641,17.2,681825.2
536,2022-05-10,11,1+2,Match 1 + 2 Euro numbers,1 + 2,72739,11.7,851046.3
536,2022-05-10,12,2+1,Match 2 + 1 Euro number,2 + 1,252477,10.1,2550017.7
537,2022-05-13,1,5+2,Match 5 + 2 Euro numbers,5 + 2,0,0.0,0.0
537,2022-05-13,2,5+1,Match 5 + 1 Euro number,5 + 1,3,829835.5,2489506.5
537,2022-05-13,3,5+0,Match 5 + 0 Euro numbers,5 + 0,18,77998.1,1403965.8
537,2022-05-13,4,4+2,Match 4 + 2 Euro numbers,4 + 2,30,7719.4,231582.0
537,2022-05-13,5,4+1,Match 4 + 1 Euro number,4 + 1,1094,264.6,289472.4
537,2022-05-13,6,3+2,Match 3 + 2 Euro numbers,3 + 2,1546,205.9,318321.4
537,2022-05-13,7,4+0,Match 4 + 0 Euro numbers,4 + 0,2399,96.5,231503.5
537,2022-05-13,8,2+2,Match 2 + 2 Euro numbers,2 + 2,20836,35.4,737594.4
537,2022-05-13,9,3+1,Match 3 + 1 Euro number,3 + 1,43472,18.9,821620.8
537,2022-05-13,10,3+0,Match 3 + 0 Euro numbers,3 + 0,99440,17.4,1730256.0
537,2022-05-13,11,1+2,Match 1 + 2 Euro numbers,1 + 2,102626,17.4,1785692.4
537,2022-05-13,12,2+1,Match 2 + 1 Euro number,2 + 1,588656,9.9,5827694.4
538,2022-05-17,1,5+2,Match 5 + 2 Euro numbers,5 + 2,0,0.0,0.0
538,2022-05-17,2,5+1,Match 5 + 1 Euro number,5 + 1,1,1534087.9,1534087.9
538,2022-05-17,3,5+0,Match 5 + 0 Euro numbers,5 + 0,3,288384.7,865154.1
538,2022-05-17,4,4+2,Match 4 + 2 Euro numbers,4 + 2,27,5285.4,142705.8
538,2022-05-17,5,4+1,Match 4 + 1 Euro number,4 + 1,460,387.7,178342.0
538,2022-05-17,6,3+2,Match 3 + 2 Euro numbers,3 + 2,1046,187.5,196125.0
538,2022-05-17,7,4+0,Match 4 + 0 Euro numbers,4 + 0,1000,142.7,142700.0
538,2022-05-17,8,2+2,Match 2 + 2 Euro numbers,2 + 2,16414,27.7,454667.8
538,2022-05-17,9,3+1,Match 3 + 1 Euro number,3 + 1,22970,22.1,507637.0
538,2022-05-17,10,3+0,Match 3 + 0 Euro numbers,3 + 0,47527,20.2,960045.4
538,2022-05-17,11,1+2,Match 1 + 2 Euro numbers,1 + 2,91592,13.1,1199855.2
538,2022-05-17,12,2+1,Match 2 + 1 Euro number,2 + 1,360049,10.0,3600490.0
539,2022-05-20,1,5+2,Match 5 + 2 Euro numbers,5 + 2,1,110213537.3,110213537.3
539,2022-05-20,2,5+1,Match 5 + 1 Euro number,5 + 1,5,674126.5,3370632.5
539,2022-05-20,3,5+0,Match 5 + 0 Euro numbers,5 + 0,14,135777.1,1900879.4
539,2022-05-20,4,4+2,Match 4 + 2 Euro numbers,4 + 2,49,6398.9,313546.1
539,2022-05-20,5,4+1,Match 4 + 1 Euro number,4 + 1,1154,339.6,391898.4
539,2022-05-20,6,3+2,Match 3 + 2 Euro numbers,3 + 2,2374,181.6,431118.4
539,2022-05-20,7,4+0,Match 4 + 0 Euro numbers,4 + 0,2559,122.5,313477.5
539,2022-05-20,8,2+2,Match 2 + 2 Euro numbers,2 + 2,35172,28.4,998884.8
539,2022-05-20,9,3+1,Match 3 + 1 Euro number,3 + 1,54543,20.4,1112677.2
539,2022-05-20,10,3+0,Match 3 + 0 Euro numbers,3 + 0,122149,17.3,2113177.7
539,2022-05-20,11,1+2,Match 1 + 2 Euro numbers,1 + 2,194047,13.6,2639039.2
539,2022-05-20,12,2+1,Match 2 + 1 Euro number,2 + 1,793332,10.0,7933320.0
540,2022-05-24,1,5+2,Match 5 + 2 Euro numbers,5 + 2,0,0.0,0.0
540,2022-05-24,2,5+1,Match 5 + 1 Euro number,5 + 1,0,0.0,0.0
540,2022-05-24,3,5+0,Match 5 + 0 Euro numbers,5 + 0,5,92204.8,461024.0
540,2022-05-24,4,4+2,Match 4 + 2 Euro numbers,4 + 2,10,7604.5,76045.0
540,2022-05-24,5,4+1,Match 4 + 1 Euro number,4 + 1,252,377.2,95054.4
540,2022-05-24,6,3+2,Match 3 + 2 Euro numbers,3 + 2,564,185.3,104509.2
540,2022-05-24,7,4+0,Match 4 + 0 Euro numbers,4 + 0,503,151.1,76003.3
540,2022-05-24,8,2+2,Match 2 + 2 Euro numbers,2 + 2,9189,26.3,241670.7
540,2022-05-24,9,3+1,Match 3 + 1 Euro number,3 + 1,11688,23.1,269992.8
540,2022-05-24,10,3+0,Match 3 + 0 Euro numbers,3 + 0,23946,21.4,512444.4
540,2022-05-24,11,1+2,Match 1 + 2 Euro numbers,1 + 2,51246,12.5,640575.0
540,2022-05-24,12,2+1,Match 2 + 1 Euro number,2 + 1,186339,10.3,1919291.7
541,2022-05-27,1,5+2,Match 5 + 2 Euro numbers,5 + 2,1,16811926.4,16811926.4
541,2022-05-27,2,5+1,Match 5 + 1 Euro number,5 + 1,6,407463.3,2444779.8
541,2022-05-27,3,5+0,Match 5 + 0 Euro numbers,5 + 0,5,183543.5,917717.5
541,2022-05-27,4,4+2,Match 4 + 2 Euro numbers,4 + 2,36,4204.8,151372.8
541,2022-05-27,5,4+1,Match 4 + 1 Euro number,4 + 1,609,310.7,189216.3
541,2022-05-27,6,3+2,Match 3 + 2 Euro numbers,3 + 2,1511,137.7,208064.7
541,2022-05-27,7,4+0,Match 4 + 0 Euro numbers,4 + 0,1207,125.4,151357.8
541,2022-05-27,8,2+2,Match 2 + 2 Euro numbers,2 + 2,22925,21.0,481425.0
541,2022-05-27,9,3+1,Match 3 + 1 Euro number,3 + 1,27450,19.6,538020.0
541,2022-05-27,10,3+0,Match 3 + 0 Euro numbers,3 + 0,52158,19.5,1017081.0
541,2022-05-27,11,1+2,Match 1 + 2 Euro numbers,1 + 2,127252,10.0,1272520.0
541,2022-05-27,12,2+1,Match 2 + 1 Euro number,2 + 1,404819,9.4,3805298.6
542,2022-05-31,1,5+2,Match 5 + 2 Euro numbers,5 + 2,0,0.0,0.0
542,2022-05-31,2,5+1,Match 5 + 1 Euro number,5 + 1,2,376951.9,753903.8
542,2022-05-31,3,5+0,Match 5 + 0 Euro numbers,5 + 0,1,376951.9,376951.9
542,2022-05-31,4,4+2,Match 4 + 2 Euro numbers,4 + 2,14,4804.4,67261.6
542,2022-05-31,5,4+1,Match 4 + 1 Euro number,4 + 1,192,437.9,84076.8
542,2022-05-31,6,3+2,Match 3 + 2 Euro numbers,3 + 2,449,205.9,92449.1
542,2022-05-31,7,4+0,Match 4 + 0 Euro numbers,4 + 0,523,128.6,67257.8
542,2022-05-31,8,2+2,Match 2 + 2 Euro numbers,2 + 2,5799,36.9,213983.1
542,2022-05-31,9,3+1,Match 3 + 1 Euro number,3 + 1,9389,25.5,239419.5
542,2022-05-31,10,3+0,Match 3 + 0 Euro numbers,3 + 0,23086,19.6,452485.6
542,2022-05-31,11,1+2,Match 1 + 2 Euro numbers,1 + 2,31117,18.2,566329.4
542,2022-05-31,12,2+1,Match 2 + 1 Euro number,2 + 1,142754,11.9,1698772.6
543,2022-06-03,1,5+2,Match 5 + 2 Euro numbers,5 + 2,0,0.0,0.0
543,2022-06-03,2,5+1,Match 5 + 1 Euro number,5 + 1,6,274430.5,1646583.0
543,2022-06-03,3,5+0,Match 5 + 0 Euro numbers,5 + 0,9,103177.3,928595.7
543,2022-06-03,4,4+2,Match 4 + 2 Euro numbers,4 + 2,38,4030.8,153170.4
543,2022-06-03,5,4+1,Match 4 + 1 Euro number,4 + 1,660,290.0,191400.0
543,2022-06-03,6,3+2,Match 3 + 2 Euro numbers,3 + 2,1348,156.2,210557.6
543,2022-06-03,7,4+0,Match 4 + 0 Euro numbers,4 + 0,1404,109.0,153036.0
543,2022-06-03,8,2+2,Match 2 + 2 Euro numbers,2 + 2,19821,24.6,487596.6
543,2022-06-03,9,3+1,Match 3 + 1 Euro number,3 + 1,26492,20.5,543086.0
543,2022-06-03,10,3+0,Match 3 + 0 Euro numbers,3 + 0,59977,17.2,1031604.4
543,2022-06-03,11,1+2,Match 1 + 2 Euro numbers,1 + 2,104592,12.3,1286481.6
543,2022-06-03,12,2+1,Match 2 + 1 Euro number,2 + 1,383528,10.1,3873632.8
544,2022-06-07,1,5+2,Match 5 + 2 Euro numbers,5 + 2,0,0.0,0.0
544,2022-06-07,2,5+1,Match 5 + 1 Euro number,5 + 1,2,370081.0,740162.0
544,2022-06-07,3,5+0,Match 5 + 0 Euro numbers,5 + 0,0,0.0,0.0
544,2022-06-07,4,4+2,Match 4 + 2 Euro numbers,4 + 2,18,3825.1,68851.8
544,2022-06-07,5,4+1,Match 4 + 1 Euro number,4 + 1,238,361.6,86060.8
544,2022-06-07,6,3+2,Match 3 + 2 Euro numbers,3 + 2,720,136.8,98496.0
544,2022-06-07,7,4+0,Match 4 + 0 Euro numbers,4 + 0,475,136.8,64980.0
544,2022-06-07,8,2+2,Match 2 + 2 Euro numbers,2 + 2,11998,20.0,239960.0
544,2022-06-07,9,3+1,Match 3 + 1 Euro number,3 + 1,11212,20.0,224240.0
544,2022-06-07,10,3+0,Match 3 + 0 Euro numbers,3 + 0,23448,19.8,464270.4
544,2022-06-07,11,1+2,Match 1 + 2 Euro numbers,1 + 2,66920,9.0,602280.0
544,2022-06-07,12,2+1,Match 2 + 1 Euro number,2 + 1,190528,9.0,1714752.0
545,2022-06-10,1,5+2,Match 5 + 2 Euro numbers,5 + 2,0,0.0,0.0
545,2022-06-10,2,5+1,Match 5 + 1 Euro number,5 + 1,1,1666398.6,1666398.6
545,2022-06-10,3,5+0,Match 5 + 0 Euro numbers,5 + 0,3,452396.1,1357188.3
545,2022-06-10,4,4+2,Match 4 + 2 Euro numbers,4 + 2,7,22144.8,155013.6
545,2022-06-10,5,4+1,Match 4 + 1 Euro number,4 + 1,497,389.8,193730.6
545,2022-06-10,6,3+2,Match 3 + 2 Euro numbers,3 + 2,736,289.5,213072.0
545,2022-06-10,7,4+0,Match 4 + 0 Euro numbers,4 + 0,1597,97.0,154909.0
545,2022-06-10,8,2+2,Match 2 + 2 Euro numbers,2 + 2,11076,44.6,493989.6
545,2022-06-10,9,3+1,Match 3 + 1 Euro number,3 + 1,21557,25.6,551859.2
545,2022-06-10,10,3+0,Match 3 + 0 Euro numbers,3 + 0,72397,18.0,1303146.0
545,2022-06-10,11,1+2,Match 1 + 2 Euro numbers,1 + 2,58290,18.0,1049220.0
545,2022-06-10,12,2+1,Match 2 + 1 Euro number,2 + 1,309332,12.7,3928516.4
546,2022-06-14,1,5+2,Match 5 + 2 Euro numbers,5 + 2,0,0.0,0.0
546,2022-06-14,2,5+1,Match 5 + 1 Euro number,5 + 1,1,828150.1,828150.1
546,2022-06-14,3,5+0,Match 5 + 0 Euro numbers,5 + 0,1,467038.1,467038.1
546,2022-06-14,4,4+2,Match 4 + 2 Euro numbers,4 + 2,14,5502.6,77036.4
546,2022-06-14,5,4+1,Match 4 + 1 Euro number,4 + 1,264,364.7,96280.8
546,2022-06-14,6,3+2,Match 3 + 2 Euro numbers,3 + 2,636,166.5,105894.0
546,2022-06-14,7,4+0,Match 4 + 0 Euro numbers,4 + 0,534,144.2,77002.8
546,2022-06-14,8,2+2,Match 2 + 2 Euro numbers,2 + 2,9651,25.4,245135.4
546,2022-06-14,9,3+1,Match 3 + 1 Euro number,3 + 1,13388,20.4,273115.2
546,2022-06-14,10,3+0,Match 3 + 0 Euro numbers,3 + 0,26518,19.6,519752.8
546,2022-06-14,11,1+2,Match 1 + 2 Euro numbers,1 + 2,53147,12.2,648393.4
546,2022-06-14,12,2+1,Match 2 + 1 Euro number,2 + 1,205533,9.5,1952563.5
547,2022-06-17,1,5+2,Match 5 + 2 Euro numbers,5 + 2,0,0.0,0.0
547,2022-06-17,2,5+1,Match 5 + 1 Euro number,5 + 1,4,427435.2,1709740.8
547,2022-06-17,3,5+0,Match 5 + 0 Euro numbers,5 + 0,5,192842.8,964214.0
547,2022-06-17,4,4+2,Match 4 + 2 Euro numbers,4 + 2,26,6117.1,159044.6
547,2022-06-17,5,4+1,Match 4 + 1 Euro number,4 + 1,499,398.4,198801.6
547,2022-06-17,6,3+2,Match 3 + 2 Euro numbers,3 + 2,1294,169.0,218686.0
547,2022-06-17,7,4+0,Match 4 + 0 Euro numbers,4 + 0,1043,152.4,158953.2
547,2022-06-17,8,2+2,Match 2 + 2 Euro numbers,2 + 2,19771,25.6,506137.6
547,2022-06-17,9,3+1,Match 3 + 1 Euro number,3 + 1,25033,22.6,565745.8
547,2022-06-17,10,3+0,Match 3 + 0 Euro numbers,3 + 0,54234,19.7,1068409.8
547,2022-06-17,11,1+2,Match 1 + 2 Euro numbers,1 + 2,109912,12.2,1340926.4
547,2022-06-17,12,2+1,Match 2 + 1 Euro number,2 + 1,382376,10.5,4014948.0
548,2022-06-21,1,5+2,Match 5 + 2 Euro numbers,5 + 2,0,0.0,0.0
548,2022-06-21,2,5+1,Match 5 + 1 Euro number,5 + 1,1,901658.7,901658.7
548,2022-06-21,3,5+0,Match 5 + 0 Euro numbers,5 + 0,7,72641.9,508493.3
548,2022-06-21,4,4+2,Match 4 + 2 Euro numbers,4 + 2,19,4414.4,83873.6
548,2022-06-21,5,4+1,Match 4 + 1 Euro number,4 + 1,384,273.0,104832.0
548,2022-06-21,6,3+2,Match 3 + 2 Euro numbers,3 + 2,1045,110.3,115263.5
548,2022-06-21,7,4+0,Match 4 + 0 Euro numbers,4 + 0,830,101.0,83830.0
548,2022-06-21,8,2+2,Match 2 + 2 Euro numbers,2 + 2,13455,19.8,266409.0
548,2022-06-21,9,3+1,Match 3 + 1 Euro number,3 + 1,16783,17.8,298737.4
548,2022-06-21,10,3+0,Match 3 + 0 Euro numbers,3 + 0,34774,16.2,563338.8
548,2022-06-21,11,1+2,Match 1 + 2 Euro numbers,1 + 2,67426,10.4,701230.4
548,2022-06-21,12,2+1,Match 2 + 1 Euro number,2 + 1,237061,8.9,2109842.9
549,2022-06-24,1,5+2,Match 5 + 2 Euro numbers,5 + 2,0,0.0,0.0
549,2022-06-24,2,5+1,Match 5 + 1 Euro number,5 + 1,2,917865.6,1835731.2
549,2022-06-24,3,5+0,Match 5 + 0 Euro numbers,5 + 0,4,258816.7,1035266.8
549,2022-06-24,4,4+2,Match 4 + 2 Euro numbers,4 + 2,26,6567.9,170765.4
549,2022-06-24,5,4+1,Match 4 + 1 Euro number,4 + 1,751,284.2,213434.2
549,2022-06-24,6,3+2,Match 3 + 2 Euro numbers,3 + 2,1651,142.2,234772.2
549,2022-06-24,7,4+0,Match 4 + 0 Euro numbers,4 + 0,1499,113.9,170736.1
549,2022-06-24,8,2+2,Match 2 + 2 Euro numbers,2 + 2,23313,23.3,543192.9
549,2022-06-24,9,3+1,Match 3 + 1 Euro number,3 + 1,34036,17.9,609244.4
549,2022-06-24,10,3+0,Match 3 + 0 Euro numbers,3 + 0,64163,17.9,1148517.7
549,2022-06-24,11,1+2,Match 1 + 2 Euro numbers,1 + 2,123316,11.6,1430465.6
549,2022-06-24,12,2+1,Match 2 + 1 Euro number,2 + 1,477295,9.0,4295655.0
550,2022-06-28,1,5+2,Match 5 + 2 Euro numbers,5 + 2,0,0.0,0.0
550,2022-06-28,2,5+1,Match 5 + 1 Euro number,5 + 1,1,952311.2,952311.2
550,2022-06-28,3,5+0,Match 5 + 0 Euro numbers,5 + 0,6,89509.8,537058.8
550,2022-06-28,4,4+2,Match 4 + 2 Euro numbers,4 + 2,22,4026.6,88585.2
550,2022-06-28,5,4+1,Match 4 + 1 Euro number,4 + 1,387,286.1,110720.7
550,2022-06-28,6,3+2,Match 3 + 2 Euro numbers,3 + 2,824,147.8,121787.2
550,2022-06-28,7,4+0,Match 4 + 0 Euro numbers,4 + 0,787,112.5,88537.5
550,2022-06-28,8,2+2,Match 2 + 2 Euro numbers,2 + 2,12153,23.2,281949.6
550,2022-06-28,9,3+1,Match 3 + 1 Euro number,3 + 1,16549,19.0,314431.0
550,2022-06-28,10,3+0,Match 3 + 0 Euro numbers,3 + 0,34728,17.2,597321.6
550,2022-06-28,11,1+2,Match 1 + 2 Euro numbers,1 + 2,62376,11.9,742274.4
550,2022-06-28,12,2+1,Match 2 + 1 Euro number,2 + 1,234856,9.5,2231132.0
551,2022-07-01,1,5+2,Match 5 + 2 Euro numbers,5 + 2,0,0.0,0.0
551,2022-07-01,2,5+1,Match 5 + 1 Euro number,5 + 1,4,501827.9,2007311.6
551,2022-07-01,3,5+0,Match 5 + 0 Euro numbers,5 + 0,4,283007.6,1132030.4
551,2022-07-01,4,4+2,Match 4 + 2 Euro numbers,4 + 2,23,8118.5,186725.5
551,2022-07-01,5,4+1,Match 4 + 1 Euro number,4 + 1,664,351.5,233396.0
551,2022-07-01,6,3+2,Match 3 + 2 Euro numbers,3 + 2,1689,152.0,256728.0
551,2022-07-01,7,4+0,Match 4 + 0 Euro numbers,4 + 0,1332,140.1,186613.2
551,2022-07-01,8,2+2,Match 2 + 2 Euro numbers,2 + 2,24600,24.1,592860.0
551,2022-07-01,9,3+1,Match 3 + 1 Euro number,3 + 1,35032,19.1,669111.2
551,2022-07-01,10,3+0,Match 3 + 0 Euro numbers,3 + 0,65606,19.1,1253074.6
551,2022-07-01,11,1+2,Match 1 + 2 Euro numbers,1 + 2,133136,11.8,1571004.8
551,2022-07-01,12,2+1,Match 2 + 1 Euro number,2 + 1,532782,8.8,4688481.6
552,2022-07-05,1,5+2,Match 5 + 2 Euro numbers,5 + 2,0,0.0,0.0
552,2022-07-05,2,5+1,Match 5 + 1 Euro number,5 + 1,7,164290.4,1150032.8
552,2022-07-05,3,5+0,Match 5 + 0 Euro numbers,5 + 0,15,43237.6,648564.0
552,2022-07-05,4,4+2,Match 4 + 2 Euro numbers,4 + 2,23,4651.2,106977.6
552,2022-07-05,5,4+1,Match 4 + 1 Euro number,4 + 1,518,258.1,133695.8
552,2022-07-05,6,3+2,Match 3 + 2 Euro numbers,3 + 2,876,167.9,147080.4
552,2022-07-05,7,4+0,Match 4 + 0 Euro numbers,4 + 0,1397,76.5,106870.5
552,2022-07-05,8,2+2,Match 2 + 2 Euro numbers,2 + 2,11517,29.6,340903.2
552,2022-07-05,9,3+1,Match 3 + 1 Euro number,3 + 1,18765,20.3,380929.5
552,2022-07-05,10,3+0,Match 3 + 0 Euro numbers,3 + 0,48156,15.0,722340.0
552,2022-07-05,11,1+2,Match 1 + 2 Euro numbers,1 + 2,59797,15.0,896955.0
552,2022-07-05,12,2+1,Match 2 + 1 Euro number,2 + 1,257404,10.5,2702742.0
553,2022-07-08,1,5+2,Match 5 + 2 Euro numbers,5 + 2,0,0.0,0.0
553,2022-07-08,2,5+1,Match 5 + 1 Euro number,5 + 1,5,464190.6,2320953.0
553,2022-07-08,3,5+0,Match 5 + 0 Euro numbers,5 + 0,8,163613.7,1308909.6
553,2022-07-08,4,4+2,Match 4 + 2 Euro numbers,4 + 2,71,3040.8,215896.8
553,2022-07-08,5,4+1,Match 4 + 1 Euro number,4 + 1,1022,264.0,269808.0
553,2022-07-08,6,3+2,Match 3 + 2 Euro numbers,3 + 2,1874,158.4,296841.6
553,2022-07-08,7,4+0,Match 4 + 0 Euro numbers,4 + 0,2217,97.3,215714.1
553,2022-07-08,8,2+2,Match 2 + 2 Euro numbers,2 + 2,25947,26.5,687595.5
553,2022-07-08,9,3+1,Match 3 + 1 Euro number,3 + 1,41876,18.3,766330.8
553,2022-07-08,10,3+0,Match 3 + 0 Euro numbers,3 + 0,88143,16.5,1454359.5
553,2022-07-08,11,1+2,Match 1 + 2 Euro numbers,1 + 2,132435,13.7,1814359.5
553,2022-07-08,12,2+1,Match 2 + 1 Euro number,2 + 1,570120,9.6,5473152.0
554,2022-07-12,1,5+2,Match 5 + 2 Euro numbers,5 + 2,0,0.0,0.0
554,2022-07-12,2,5+1,Match 5 + 1 Euro number,5 + 1,5,340524.6,1702623.0
554,2022-07-12,3,5+0,Match 5 + 0 Euro numbers,5 + 0,2,340524.6,681049.2
554,2022-07-12,4,4+2,Match 4 + 2 Euro numbers,4 + 2,17,8339.9,141778.3
554,2022-07-12,5,4+1,Match 4 + 1 Euro number,4 + 1,558,317.6,177220.8
554,2022-07-12,6,3+2,Match 3 + 2 Euro numbers,3 + 2,1083,180.0,194940.0
554,2022-07-12,7,4+0,Match 4 + 0 Euro numbers,4 + 0,1272,111.4,141700.8
554,2022-07-12,8,2+2,Match 2 + 2 Euro numbers,2 + 2,15914,28.3,450366.2
554,2022-07-12,9,3+1,Match 3 + 1 Euro number,3 + 1,24088,20.9,503439.2
554,2022-07-12,10,3+0,Match 3 + 0 Euro numbers,3 + 0,54734,17.4,952371.6
554,2022-07-12,11,1+2,Match 1 + 2 Euro numbers,1 + 2,87392,13.6,1188531.2
554,2022-07-12,12,2+1,Match 2 + 1 Euro number,2 + 1,348168,10.3,3586130.4
555,2022-07-15,1,5+2,Match 5 + 2 Euro numbers,5 + 2,0,0.0,0.0
555,2022-07-15,2,5+1,Match 5 + 1 Euro number,5 + 1,4,790664.2,3162656.8
555,2022-07-15,3,5+0,Match 5 + 0 Euro numbers,5 + 0,12,148632.6,1783591.2
555,2022-07-15,4,4+2,Match 4 + 2 Euro numbers,4 + 2,87,3381.6,294199.2
555,2022-07-15,5,4+1,Match 4 + 1 Euro number,4 + 1,1452,253.2,367646.4
555,2022-07-15,6,3+2,Match 3 + 2 Euro numbers,3 + 2,3741,108.1,404402.1
555,2022-07-15,7,4+0,Match 4 + 0 Euro numbers,4 + 0,2875,102.3,294112.5
555,2022-07-15,8,2+2,Match 2 + 2 Euro numbers,2 + 2,50806,18.4,934830.4
555,2022-07-15,9,3+1,Match 3 + 1 Euro number,3 + 1,64903,16.1,1044938.3
555,2022-07-15,10,3+0,Match 3 + 0 Euro numbers,3 + 0,124085,16.0,1985360.0
555,2022-07-15,11,1+2,Match 1 + 2 Euro numbers,1 + 2,247010,10.0,2470100.0
555,2022-07-15,12,2+1,Match 2 + 1 Euro number,2 + 1,894123,8.3,7421220.9
556,2022-07-19,1,5+2,Match 5 + 2 Euro numbers,5 + 2,0,0.0,0.0
556,2022-07-19,2,5+1,Match 5 + 1 Euro number,5 + 1,4,891788.0,3567152.0
556,2022-07-19,3,5+0,Match 5 + 0 Euro numbers,5 + 0,9,154760.2,1392841.8
556,2022-07-19,4,4+2,Match 4 + 2 Euro numbers,4 + 2,40,5743.6,229744.0
556,2022-07-19,5,4+1,Match 4 + 1 Euro number,4 + 1,875,328.2,287175.0
556,2022-07-19,6,3+2,Match 3 + 2 Euro numbers,3 + 2,1813,174.2,315824.6
556,2022-07-19,7,4+0,Match 4 + 0 Euro numbers,4 + 0,1950,117.8,229710.0
556,2022-07-19,8,2+2,Match 2 + 2 Euro numbers,2 + 2,25789,28.3,729828.7
556,2022-07-19,9,3+1,Match 3 + 1 Euro number,3 + 1,39799,20.5,815879.5
556,2022-07-19,10,3+0,Match 3 + 0 Euro numbers,3 + 0,88606,17.5,1550605.0
556,2022-07-19,11,1+2,Match 1 + 2 Euro numbers,1 + 2,136298,14.2,1935431.6
556,2022-07-19,12,2+1,Match 2 + 1 Euro number,2 + 1,587714,9.9,5818368.6
557,2022-07-22,1,5+2,Match 5 + 2 Euro numbers,5 + 2,1,120000000.0,120000000.0
557,2022-07-22,2,5+1,Match 5 + 1 Euro number,5 + 1,8,2985189.1,23881512.8
557,2022-07-22,3,5+0,Match 5 + 0 Euro numbers,5 + 0,18,128541.5,2313747.0
557,2022-07-22,4,4+2,Match 4 + 2 Euro numbers,4 + 2,201,1898.7,381638.7
557,2022-07-22,5,4+1,Match 4 + 1 Euro number,4 + 1,2033,234.6,476941.8
557,2022-07-22,6,3+2,Match 3 + 2 Euro numbers,3 + 2,7207,81.8,589532.6
557,2022-07-22,7,4+0,Match 4 + 0 Euro numbers,4 + 0,3861,81.8,315829.8
557,2022-07-22,8,2+2,Match 2 + 2 Euro numbers,2 + 2,90352,15.0,1355280.0
557,2022-07-22,9,3+1,Match 3 + 1 Euro number,3 + 1,87765,15.0,1316475.0
557,2022-07-22,10,3+0,Match 3 + 0 Euro numbers,3 + 0,165165,15.0,2477475.0
557,2022-07-22,11,1+2,Match 1 + 2 Euro numbers,1 + 2,419953,8.2,3443614.6
557,2022-07-22,12,2+1,Match 2 + 1 Euro number,2 + 1,1148078,8.2,9414239.6
558,2022-07-26,1,5+2,Match 5 + 2 Euro numbers,5 + 2,0,0.0,0.0
558,2022-07-26,2,5+1,Match 5 + 1 Euro number,5 + 1,5,189686.0,948430.0
558,2022-07-26,3,5+0,Match 5 + 0 Euro numbers,5 + 0,3,178290.1,534870.3
558,2022-07-26,4,4+2,Match 4 + 2 Euro numbers,4 + 2,30,2940.8,88224.0
558,2022-07-26,5,4+1,Match 4 + 1 Euro number,4 + 1,545,202.3,110253.5
558,2022-07-26,6,3+2,Match 3 + 2 Euro numbers,3 + 2,1248,97.2,121305.6
558,2022-07-26,7,4+0,Match 4 + 0 Euro numbers,4 + 0,984,89.6,88166.4
558,2022-07-26,8,2+2,Match 2 + 2 Euro numbers,2 + 2,15809,17.7,279819.3
558,2022-07-26,9,3+1,Match 3 + 1 Euro number,3 + 1,20779,15.1,313762.9
558,2022-07-26,10,3+0,Match 3 + 0 Euro numbers,3 + 0,39450,15.0,591750.0
558,2022-07-26,11,1+2,Match 1 + 2 Euro numbers,1 + 2,72628,10.2,740805.6
558,2022-07-26,12,2+1,Match 2 + 1 Euro number,2 + 1,266953,8.3,2215709.9
559,2022-07-29,1,5+2,Match 5 + 2 Euro numbers,5 + 2,0,0.0,0.0
559,2022-07-29,2,5+1,Match 5 + 1 Euro number,5 + 1,2,845306.3,1690612.6
559,2022-07-29,3,5+0,Match 5 + 0 Euro numbers,5 + 0,7,136203.8,953426.6
559,2022-07-29,4,4+2,Match 4 + 2 Euro numbers,4 + 2,13,12097.4,157266.2
559,2022-07-29,5,4+1,Match 4 + 1 Euro number,4 + 1,492,399.5,196554.0
559,2022-07-29,6,3+2,Match 3 + 2 Euro numbers,3 + 2,761,284.1,216200.1
559,2022-07-29,7,4+0,Match 4 + 0 Euro numbers,4 + 0,1245,126.3,157243.5
559,2022-07-29,8,2+2,Match 2 + 2 Euro numbers,2 + 2,10695,46.8,500526.0
559,2022-07-29,9,3+1,Match 3 + 1 Euro number,3 + 1,21040,26.6,559664.0
559,2022-07-29,10,3+0,Match 3 + 0 Euro numbers,3 + 0,59755,20.4,1219002.0
559,2022-07-29,11,1+2,Match 1 + 2 Euro numbers,1 + 2,56802,20.4,1158760.8
559,2022-07-29,12,2+1,Match 2 + 1 Euro number,2 + 1,304960,13.0,3964480.0
560,2022-08-02,1,5+2,Match 5 + 2 Euro numbers,5 + 2,0,0.0,0.0
560,2022-08-02,2,5+1,Match 5 + 1 Euro number,5 + 1,2,467350.9,934701.8
560,2022-08-02,3,5+0,Match 5 + 0 Euro numbers,5 + 0,5,105425.6,527128.0
560,2022-08-02,4,4+2,Match 4 + 2 Euro numbers,4 + 2,13,6688.3,86947.9
560,2022-08-02,5,4+1,Match 4 + 1 Euro number,4 + 1,297,365.9,108672.3
560,2022-08-02,6,3+2,Match 3 + 2 Euro numbers,3 + 2,655,182.5,119537.5
560,2022-08-02,7,4+0,Match 4 + 0 Euro numbers,4 + 0,614,141.6,86942.4
560,2022-08-02,8,2+2,Match 2 + 2 Euro numbers,2 + 2,10474,26.4,276513.6
560,2022-08-02,9,3+1,Match 3 + 1 Euro number,3 + 1,14061,22.0,309342.0
560,2022-08-02,10,3+0,Match 3 + 0 Euro numbers,3 + 0,28434,20.6,585740.4
560,2022-08-02,11,1+2,Match 1 + 2 Euro numbers,1 + 2,59878,12.2,730511.6
560,2022-08-02,12,2+1,Match 2 + 1 Euro number,2 + 1,222373,9.9,2201492.7
561,2022-08-05,1,5+2,Match 5 + 2 Euro numbers,5 + 2,0,0.0,0.0
561,2022-08-05,2,5+1,Match 5 + 1 Euro number,5 + 1,7,257580.3,1803062.1
561,2022-08-05,3,5+0,Match 5 + 0 Euro numbers,5 + 0,11,92440.2,1016842.2
561,2022-08-05,4,4+2,Match 4 + 2 Euro numbers,4 + 2,43,3900.6,167725.8
561,2022-08-05,5,4+1,Match 4 + 1 Euro number,4 + 1,748,280.2,209589.6
561,2022-08-05,6,3+2,Match 3 + 2 Euro numbers,3 + 2,2065,111.6,230454.0
561,2022-08-05,7,4+0,Match 4 + 0 Euro numbers,4 + 0,1525,109.9,167597.5
561,2022-08-05,8,2+2,Match 2 + 2 Euro numbers,2 + 2,30026,18.0,540468.0
561,2022-08-05,9,3+1,Match 3 + 1 Euro number,3 + 1,32536,18.0,585648.0
561,2022-08-05,10,3+0,Match 3 + 0 Euro numbers,3 + 0,67289,16.8,1130455.2
561,2022-08-05,11,1+2,Match 1 + 2 Euro numbers,1 + 2,157898,9.0,1421082.0
561,2022-08-05,12,2+1,Match 2 + 1 Euro number,2 + 1,465797,9.0,4192173.0
562,2022-08-09,1,5+2,Match 5 + 2 Euro numbers,5 + 2,0,0.0,0.0
562,2022-08-09,2,5+1,Match 5 + 1 Euro number,5 + 1,1,981211.1,981211.1
562,2022-08-09,3,5+0,Match 5 + 0 Euro numbers,5 + 0,2,276678.7,553357.4
562,2022-08-09,4,4+2,Match 4 + 2 Euro numbers,4 + 2,13,7021.1,91274.3
562,2022-08-09,5,4+1,Match 4 + 1 Euro number,4 + 1,330,345.7,114081.0
562,2022-08-09,6,3+2,Match 3 + 2 Euro numbers,3 + 2,760,165.1,125476.0
562,2022-08-09,7,4+0,Match 4 + 0 Euro numbers,4 + 0,690,132.2,91218.0
562,2022-08-09,8,2+2,Match 2 + 2 Euro numbers,2 + 2,11899,24.4,290335.6
562,2022-08-09,9,3+1,Match 3 + 1 Euro number,3 + 1,14507,22.4,324956.8
562,2022-08-09,10,3+0,Match 3 + 0 Euro numbers,3 + 0,33343,18.4,613511.2
562,2022-08-09,11,1+2,Match 1 + 2 Euro numbers,1 + 2,63866,12.0,766392.0
562,2022-08-09,12,2+1,Match 2 + 1 Euro number,2 + 1,217300,10.6,2303380.0
563,2022-08-12,1,5+2,Match 5 + 2 Euro numbers,5 + 2,1,45691514.8,45691514.8
563,2022-08-12,2,5+1,Match 5 + 1 Euro number,5 + 1,4,472480.7,1889922.8
563,2022-08-12,3,5+0,Match 5 + 0 Euro numbers,5 + 0,5,213165.7,1065828.5
563,2022-08-12,4,4+2,Match 4 + 2 Euro numbers,4 + 2,50,3516.1,175805.0
563,2022-08-12,5,4+1,Match 4 + 1 Euro number,4 + 1,748,293.7,219687.6
563,2022-08-12,6,3+2,Match 3 + 2 Euro numbers,3 + 2,1863,129.7,241631.1
563,2022-08-12,7,4+0,Match 4 + 0 Euro numbers,4 + 0,1715,102.5,175787.5
563,2022-08-12,8,2+2,Match 2 + 2 Euro numbers,2 + 2,24956,22.4,559014.4
563,2022-08-12,9,3+1,Match 3 + 1 Euro number,3 + 1,33298,18.8,626002.4
563,2022-08-12,10,3+0,Match 3 + 0 Euro numbers,3 + 0,68897,17.2,1185028.4
563,2022-08-12,11,1+2,Match 1 + 2 Euro numbers,1 + 2,135865,10.9,1480928.5
563,2022-08-12,12,2+1,Match 2 + 1 Euro number,2 + 1,446451,9.9,4419864.9
564,2022-08-16,1,5+2,Match 5 + 2 Euro numbers,5 + 2,0,0.0,0.0
564,2022-08-16,2,5+1,Match 5 + 1 Euro number,5 + 1,1,797906.1,797906.1
564,2022-08-16,3,5+0,Match 5 + 0 Euro numbers,5 + 0,5,89996.3,449981.5
564,2022-08-16,4,4+2,Match 4 + 2 Euro numbers,4 + 2,28,2650.8,74222.4
564,2022-08-16,5,4+1,Match 4 + 1 Euro number,4 + 1,353,262.8,92768.4
564,2022-08-16,6,3+2,Match 3 + 2 Euro numbers,3 + 2,947,107.7,101991.9
564,2022-08-16,7,4+0,Match 4 + 0 Euro numbers,4 + 0,727,102.0,74154.0
564,2022-08-16,8,2+2,Match 2 + 2 Euro numbers,2 + 2,12765,18.5,236152.5
564,2022-08-16,9,3+1,Match 3 + 1 Euro number,3 + 1,14181,18.5,262348.5
564,2022-08-16,10,3+0,Match 3 + 0 Euro numbers,3 + 0,29085,17.2,500262.0
564,2022-08-16,11,1+2,Match 1 + 2 Euro numbers,1 + 2,64054,9.7,621323.8
564,2022-08-16,12,2+1,Match 2 + 1 Euro number,2 + 1,197236,9.5,1873742.0
565,2022-08-19,1,5+2,Match 5 + 2 Euro numbers,5 + 2,1,16818418.0,16818418.0
565,2022-08-19,2,5+1,Match 5 + 1 Euro number,5 + 1,4,407211.0,1628844.0
565,2022-08-19,3,5+0,Match 5 + 0 Euro numbers,5 + 0,6,153098.7,918592.2
565,2022-08-19,4,4+2,Match 4 + 2 Euro numbers,4 + 2,28,5411.4,151519.2
565,2022-08-19,5,4+1,Match 4 + 1 Euro number,4 + 1,656,288.7,189387.2
565,2022-08-19,6,3+2,Match 3 + 2 Euro numbers,3 + 2,1350,154.3,208305.0
565,2022-08-19,7,4+0,Match 4 + 0 Euro numbers,4 + 0,1210,125.2,151492.0
565,2022-08-19,8,2+2,Match 2 + 2 Euro numbers,2 + 2,20342,23.7,482105.4
565,2022-08-19,9,3+1,Match 3 + 1 Euro number,3 + 1,26463,20.3,537198.9
565,2022-08-19,10,3+0,Match 3 + 0 Euro numbers,3 + 0,54884,18.6,1020842.4
565,2022-08-19,11,1+2,Match 1 + 2 Euro numbers,1 + 2,113080,11.3,1277804.0
565,2022-08-19,12,2+1,Match 2 + 1 Euro number,2 + 1,392428,9.7,3806551.6
566,2022-08-23,1,5+2,Match 5 + 2 Euro numbers,5 + 2,0,0.0,0.0
566,2022-08-23,2,5+1,Match 5 + 1 Euro number,5 + 1,4,199121.2,796484.8
566,2022-08-23,3,5+0,Match 5 + 0 Euro numbers,5 + 0,2,199121.2,398242.4
566,2022-08-23,4,4+2,Match 4 + 2 Euro numbers,4 + 2,10,7106.1,71061.0
566,2022-08-23,5,4+1,Match 4 + 1 Euro number,4 + 1,337,263.5,88799.5
566,2022-08-23,6,3+2,Match 3 + 2 Euro numbers,3 + 2,675,144.7,97672.5
566,2022-08-23,7,4+0,Match 4 + 0 Euro numbers,4 + 0,760,93.5,71060.0
566,2022-08-23,8,2+2,Match 2 + 2 Euro numbers,2 + 2,8969,25.2,226018.8
566,2022-08-23,9,3+1,Match 3 + 1 Euro number,3 + 1,13441,18.8,252690.8
566,2022-08-23,10,3+0,Match 3 + 0 Euro numbers,3 + 0,30963,15.4,476830.2
566,2022-08-23,11,1+2,Match 1 + 2 Euro numbers,1 + 2,46107,13.0,599391.0
566,2022-08-23,12,2+1,Match 2 + 1 Euro number,2 + 1,185288,9.7,1797293.6
567,2022-08-26,1,5+2,Match 5 + 2 Euro numbers,5 + 2,0,0.0,0.0
567,2022-08-26,2,5+1,Match 5 + 1 Euro number,5 + 1,4,395204.8,1580819.2
567,2022-08-26,3,5+0,Match 5 + 0 Euro numbers,5 + 0,14,63679.1,891507.4
567,2022-08-26,4,4+2,Match 4 + 2 Euro numbers,4 + 2,14,10503.7,147051.8
567,2022-08-26,5,4+1,Match 4 + 1 Euro number,4 + 1,491,374.3,183781.3
567,2022-08-26,6,3+2,Match 3 + 2 Euro numbers,3 + 2,835,242.1,202153.5
567,2022-08-26,7,4+0,Match 4 + 0 Euro numbers,4 + 0,1675,87.7,146897.5
567,2022-08-26,8,2+2,Match 2 + 2 Euro numbers,2 + 2,10970,42.7,468419.0
567,2022-08-26,9,3+1,Match 3 + 1 Euro number,3 + 1,20724,25.2,522244.8
567,2022-08-26,10,3+0,Match 3 + 0 Euro numbers,3 + 0,70333,17.4,1223794.2
567,2022-08-26,11,1+2,Match 1 + 2 Euro numbers,1 + 2,57767,17.4,1005145.8
567,2022-08-26,12,2+1,Match 2 + 1 Euro number,2 + 1,294470,12.6,3710322.0
568,2022-08-30,1,5+2,Match 5 + 2 Euro numbers,5 + 2,1,20059640.5,20059640.5
568,2022-08-30,2,5+1,Match 5 + 1 Euro number,5 + 1,1,822316.7,822316.7
568,2022-08-30,3,5+0,Match 5 + 0 Euro numbers,5 + 0,6,77291.4,463748.4
568,2022-08-30,4,4+2,Match 4 + 2 Euro numbers,4 + 2,18,4249.6,76492.8
568,2022-08-30,5,4+1,Match 4 + 1 Euro number,4 + 1,296,323.0,95608.0
568,2022-08-30,6,3+2,Match 3 + 2 Euro numbers,3 + 2,757,138.9,105147.3
568,2022-08-30,7,4+0,Match 4 + 0 Euro numbers,4 + 0,575,133.0,76475.0
568,2022-08-30,8,2+2,Match 2 + 2 Euro numbers,2 + 2,9992,24.4,243804.8
568,2022-08-30,9,3+1,Match 3 + 1 Euro number,3 + 1,13985,19.5,272707.5
568,2022-08-30,10,3+0,Match 3 + 0 Euro numbers,3 + 0,26271,19.5,512284.5
568,2022-08-30,11,1+2,Match 1 + 2 Euro numbers,1 + 2,55197,11.6,640285.2
568,2022-08-30,12,2+1,Match 2 + 1 Euro number,2 + 1,197823,9.8,1938665.4
569,2022-09-02,1,5+2,Match 5 + 2 Euro numbers,5 + 2,0,0.0,0.0
569,2022-09-02,2,5+1,Match 5 + 1 Euro number,5 + 1,5,305818.2,1529091.0
569,2022-09-02,3,5+0,Match 5 + 0 Euro numbers,5 + 0,16,53896.0,862336.0
569,2022-09-02,4,4+2,Match 4 + 2 Euro numbers,4 + 2,22,6465.5,142241.0
569,2022-09-02,5,4+1,Match 4 + 1 Euro number,4 + 1,835,222.6,185871.0
569,2022-09-02,6,3+2,Match 3 + 2 Euro numbers,3 + 2,842,222.6,187429.2
569,2022-09-02,7,4+0,Match 4 + 0 Euro numbers,4 + 0,2250,63.2,142200.0
569,2022-09-02,8,2+2,Match 2 + 2 Euro numbers,2 + 2,11154,40.6,452852.4
569,2022-09-02,9,3+1,Match 3 + 1 Euro number,3 + 1,29755,17.0,505835.0
569,2022-09-02,10,3+0,Match 3 + 0 Euro numbers,3 + 0,79328,15.8,1253382.4
569,2022-09-02,11,1+2,Match 1 + 2 Euro numbers,1 + 2,56656,15.8,895164.8
569,2022-09-02,12,2+1,Match 2 + 1 Euro number,2 + 1,372388,9.6,3574924.8
570,2022-09-06,1,5+2,Match 5 + 2 Euro numbers,5 + 2,0,0.0,0.0
570,2022-09-06,2,5+1,Match 5 + 1 Euro number,5 + 1,2,413557.2,827114.4
570,2022-09-06,3,5+0,Match 5 + 0 Euro numbers,5 + 0,1,413557.2,413557.2
570,2022-09-06,4,4+2,Match 4 + 2 Euro numbers,4 + 2,13,5676.5,73794.5
570,2022-09-06,5,4+1,Match 4 + 1 Euro number,4 + 1,343,268.9,92232.7
570,2022-09-06,6,3+2,Match 3 + 2 Euro numbers,3 + 2,826,122.8,101432.8
570,2022-09-06,7,4+0,Match 4 + 0 Euro numbers,4 + 0,731,100.9,73757.9
570,2022-09-06,8,2+2,Match 2 + 2 Euro numbers,2 + 2,12206,19.2,234355.2
570,2022-09-06,9,3+1,Match 3 + 1 Euro number,3 + 1,14811,17.7,262154.7
570,2022-09-06,10,3+0,Match 3 + 0 Euro numbers,3 + 0,31662,15.7,497093.4
570,2022-09-06,11,1+2,Match 1 + 2 Euro numbers,1 + 2,64515,9.6,619344.0
570,2022-09-06,12,2+1,Match 2 + 1 Euro number,2 + 1,206748,9.0,1860732.0
571,2022-09-09,1,5+2,Match 5 + 2 Euro numbers,5 + 2,1,20058411.5,20058411.5
571,2022-09-09,2,5+1,Match 5 + 1 Euro number,5 + 1,2,804775.3,1609550.6
571,2022-09-09,3,5+0,Match 5 + 0 Euro numbers,5 + 0,3,302570.5,907711.5
571,2022-09-09,4,4+2,Match 4 + 2 Euro numbers,4 + 2,40,3743.1,149724.0
571,2022-09-09,5,4+1,Match 4 + 1 Euro number,4 + 1,609,307.3,187145.7
571,2022-09-09,6,3+2,Match 3 + 2 Euro numbers,3 + 2,1721,119.6,205831.6
571,2022-09-09,7,4+0,Match 4 + 0 Euro numbers,4 + 0,1261,118.7,149680.7
571,2022-09-09,8,2+2,Match 2 + 2 Euro numbers,2 + 2,24757,19.6,485237.2
571,2022-09-09,9,3+1,Match 3 + 1 Euro number,3 + 1,26720,19.6,523712.0
571,2022-09-09,10,3+0,Match 3 + 0 Euro numbers,3 + 0,54528,18.5,1008768.0
571,2022-09-09,11,1+2,Match 1 + 2 Euro numbers,1 + 2,131217,9.6,1259683.2
571,2022-09-09,12,2+1,Match 2 + 1 Euro number,2 + 1,397661,9.5,3777779.5
572,2022-09-13,1,5+2,Match 5 + 2 Euro numbers,5 + 2,0,0.0,0.0
572,2022-09-13,2,5+1,Match 5 + 1 Euro number,5 + 1,1,761974.7,761974.7
572,2022-09-13,3,5+0,Match 5 + 0 Euro numbers,5 + 0,1,429718.2,429718.2
572,2022-09-13,4,4+2,Match 4 + 2 Euro numbers,4 + 2,9,7875.7,70881.3
572,2022-09-13,5,4+1,Match 4 + 1 Euro number,4 + 1,230,385.2,88596.0
572,2022-09-13,6,3+2,Match 3 + 2 Euro numbers,3 + 2,404,241.2,97444.8
572,2022-09-13,7,4+0,Match 4 + 0 Euro numbers,4 + 0,541,131.0,70871.0
572,2022-09-13,8,2+2,Match 2 + 2 Euro numbers,2 + 2,6189,36.5,225898.5
572,2022-09-13,9,3+1,Match 3 + 1 Euro number,3 + 1,10325,24.4,251930.0
572,2022-09-13,10,3+0,Match 3 + 0 Euro numbers,3 + 0,25663,18.6,477331.8
572,2022-09-13,11,1+2,Match 1 + 2 Euro numbers,1 + 2,32162,18.5,594997.0
572,2022-09-13,12,2+1,Match 2 + 1 Euro number,2 + 1,158309,11.3,1788891.7
573,2022-09-16,1,5+2,Match 5 + 2 Euro numbers,5 + 2,0,0.0,0.0
573,2022-09-16,2,5+1,Match 5 + 1 Euro number,5 + 1,1,1555721.5,1555721.5
573,2022-09-16,3,5+0,Match 5 + 0 Euro numbers,5 + 0,6,146225.7,877354.2
573,2022-09-16,4,4+2,Match 4 + 2 Euro numbers,4 + 2,32,4522.4,144716.8
573,2022-09-16,5,4+1,Match 4 + 1 Euro number,4 + 1,519,348.5,180871.5
573,2022-09-16,6,3+2,Match 3 + 2 Euro numbers,3 + 2,1529,134.0,204886.0
573,2022-09-16,7,4+0,Match 4 + 0 Euro numbers,4 + 0,1035,134.0,138690.0
573,2022-09-16,8,2+2,Match 2 + 2 Euro numbers,2 + 2,23609,20.2,476901.8
573,2022-09-16,9,3+1,Match 3 + 1 Euro number,3 + 1,24566,20.2,496233.2
573,2022-09-16,10,3+0,Match 3 + 0 Euro numbers,3 + 0,48917,19.9,973448.3
573,2022-09-16,11,1+2,Match 1 + 2 Euro numbers,1 + 2,130891,9.6,1256553.6
573,2022-09-16,12,2+1,Match 2 + 1 Euro number,2 + 1,374488,9.6,3595084.8
574,2022-09-20,1,5+2,Match 5 + 2 Euro numbers,5 + 2,0,0.0,0.0
574,2022-09-20,2,5+1,Match 5 + 1 Euro number,5 + 1,0,0.0,0.0
574,2022-09-20,3,5+0,Match 5 + 0 Euro numbers,5 + 0,4,114944.5,459778.0
574,2022-09-20,4,4+2,Match 4 + 2 Euro numbers,4 + 2,11,6894.5,75839.5
574,2022-09-20,5,4+1,Match 4 + 1 Euro number,4 + 1,331,286.4,94798.4
574,2022-09-20,6,3+2,Match 3 + 2 Euro numbers,3 + 2,781,133.5,104263.5
574,2022-09-20,7,4+0,Match 4 + 0 Euro numbers,4 + 0,661,114.7,75816.7
574,2022-09-20,8,2+2,Match 2 + 2 Euro numbers,2 + 2,11282,21.4,241434.8
574,2022-09-20,9,3+1,Match 3 + 1 Euro number,3 + 1,14462,18.6,268993.2
574,2022-09-20,10,3+0,Match 3 + 0 Euro numbers,3 + 0,28206,18.1,510528.6
574,2022-09-20,11,1+2,Match 1 + 2 Euro numbers,1 + 2,61129,10.4,635741.6
574,2022-09-20,12,2+1,Match 2 + 1 Euro number,2 + 1,208555,9.2,1918706.0
575,2022-09-23,1,5+2,Match 5 + 2 Euro numbers,5 + 2,0,0.0,0.0
575,2022-09-23,2,5+1,Match 5 + 1 Euro number,5 + 1,2,1225601.5,2451203.0
575,2022-09-23,3,5+0,Match 5 + 0 Euro numbers,5 + 0,3,307528.7,922586.1
575,2022-09-23,4,4+2,Match 4 + 2 Euro numbers,4 + 2,17,8951.7,152178.9
575,2022-09-23,5,4+1,Match 4 + 1 Euro number,4 + 1,396,480.3,190198.8
575,2022-09-23,6,3+2,Match 3 + 2 Euro numbers,3 + 2,787,265.8,209184.6
575,2022-09-23,7,4+0,Match 4 + 0 Euro numbers,4 + 0,1097,138.7,152153.9
575,2022-09-23,8,2+2,Match 2 + 2 Euro numbers,2 + 2,11191,43.3,484570.3
575,2022-09-23,9,3+1,Match 3 + 1 Euro number,3 + 1,19087,28.4,542070.8
575,2022-09-23,10,3+0,Match 3 + 0 Euro numbers,3 + 0,50966,20.6,1049899.6
575,2022-09-23,11,1+2,Match 1 + 2 Euro numbers,1 + 2,60945,20.6,1255467.0
575,2022-09-23,12,2+1,Match 2 + 1 Euro number,2 + 1,304079,12.6,3831395.4
576,2022-09-27,1,5+2,Match 5 + 2 Euro numbers,5 + 2,0,0.0,0.0
576,2022-09-27,2,5+1,Match 5 + 1 Euro number,5 + 1,1,903971.5,903971.5
576,2022-09-27,3,5+0,Match 5 + 0 Euro numbers,5 + 0,4,127449.4,509797.6
576,2022-09-27,4,4+2,Match 4 + 2 Euro numbers,4 + 2,17,4946.4,84088.8
576,2022-09-27,5,4+1,Match 4 + 1 Euro number,4 + 1,359,292.7,105079.3
576,2022-09-27,6,3+2,Match 3 + 2 Euro numbers,3 + 2,795,145.4,115593.0
576,2022-09-27,7,4+0,Match 4 + 0 Euro numbers,4 + 0,777,108.2,84071.4
576,2022-09-27,8,2+2,Match 2 + 2 Euro numbers,2 + 2,10514,25.4,267055.6
576,2022-09-27,9,3+1,Match 3 + 1 Euro number,3 + 1,15153,19.7,298514.1
576,2022-09-27,10,3+0,Match 3 + 0 Euro numbers,3 + 0,33827,16.7,564910.9
576,2022-09-27,11,1+2,Match 1 + 2 Euro numbers,1 + 2,56110,12.6,706986.0
576,2022-09-27,12,2+1,Match 2 + 1 Euro number,2 + 1,214040,9.9,2118996.0
577,2022-09-30,1,5+2,Match 5 + 2 Euro numbers,5 + 2,0,0.0,0.0
577,2022-09-30,2,5+1,Match 5 + 1 Euro number,5 + 1,2,885350.6,1770701.2
577,2022-09-30,3,5+0,Match 5 + 0 Euro numbers,5 + 0,2,499296.5,998593.0
577,2022-09-30,4,4+2,Match 4 + 2 Euro numbers,4 + 2,36,4575.4,164714.4
577,2022-09-30,5,4+1,Match 4 + 1 Euro number,4 + 1,665,309.6,205884.0
577,2022-09-30,6,3+2,Match 3 + 2 Euro numbers,3 + 2,1569,144.3,226406.7
577,2022-09-30,7,4+0,Match 4 + 0 Euro numbers,4 + 0,1371,120.1,164657.1
577,2022-09-30,8,2+2,Match 2 + 2 Euro numbers,2 + 2,24206,21.6,522849.6
577,2022-09-30,9,3+1,Match 3 + 1 Euro number,3 + 1,32054,18.3,586588.2
577,2022-09-30,10,3+0,Match 3 + 0 Euro numbers,3 + 0,66894,16.6,1110440.4
577,2022-09-30,11,1+2,Match 1 + 2 Euro numbers,1 + 2,122096,11.3,1379684.8
577,2022-09-30,12,2+1,Match 2 + 1 Euro number,2 + 1,459626,9.0,4136634.0
578,2022-10-04,1,5+2,Match 5 + 2 Euro numbers,5 + 2,0,0.0,0.0
578,2022-10-04,2,5+1,Match 5 + 1 Euro number,5 + 1,2,477366.9,954733.8
578,2022-10-04,3,5+0,Match 5 + 0 Euro numbers,5 + 0,4,134606.3,538425.2
578,2022-10-04,4,4+2,Match 4 + 2 Euro numbers,4 + 2,21,4229.1,88811.1
578,2022-10-04,5,4+1,Match 4 + 1 Euro number,4 + 1,307,361.6,111011.2
578,2022-10-04,6,3+2,Match 3 + 2 Euro numbers,3 + 2,944,137.3,129611.2
578,2022-10-04,7,4+0,Match 4 + 0 Euro numbers,4 + 0,592,137.3,81281.6
578,2022-10-04,8,2+2,Match 2 + 2 Euro numbers,2 + 2,16133,20.7,333953.1
578,2022-10-04,9,3+1,Match 3 + 1 Euro number,3 + 1,13548,20.7,280443.6
578,2022-10-04,10,3+0,Match 3 + 0 Euro numbers,3 + 0,28185,20.7,583429.5
578,2022-10-04,11,1+2,Match 1 + 2 Euro numbers,1 + 2,95321,9.5,905549.5
578,2022-10-04,12,2+1,Match 2 + 1 Euro number,2 + 1,218665,9.5,2077317.5
579,2022-10-07,1,5+2,Match 5 + 2 Euro numbers,5 + 2,0,0.0,0.0
579,2022-10-07,2,5+1,Match 5 + 1 Euro number,5 + 1,0,0.0,0.0
579,2022-10-07,3,5+0,Match 5 + 0 Euro numbers,5 + 0,1,1058678.0,1058678.0
579,2022-10-07,4,4+2,Match 4 + 2 Euro numbers,4 + 2,36,4850.7,174625.2
579,2022-10-07,5,4+1,Match 4 + 1 Euro number,4 + 1,617,353.7,218232.9
579,2022-10-07,6,3+2,Match 3 + 2 Euro numbers,3 + 2,1819,137.8,250658.2
579,2022-10-07,7,4+0,Match 4 + 0 Euro numbers,4 + 0,1190,137.8,163982.0
579,2022-10-07,8,2+2,Match 2 + 2 Euro numbers,2 + 2,28826,19.8,570754.8
579,2022-10-07,9,3+1,Match 3 + 1 Euro number,3 + 1,30640,19.8,606672.0
579,2022-10-07,10,3+0,Match 3 + 0 Euro numbers,3 + 0,62551,18.8,1175958.8
579,2022-10-07,11,1+2,Match 1 + 2 Euro numbers,1 + 2,160942,9.4,1512854.8
579,2022-10-07,12,2+1,Match 2 + 1 Euro number,2 + 1,463250,9.4,4354550.0
580,2022-10-11,1,5+2,Match 5 + 2 Euro numbers,5 + 2,0,0.0,0.0
580,2022-10-11,2,5+1,Match 5 + 1 Euro number,5 + 1,3,996435.8,2989307.4
580,2022-10-11,3,5+0,Match 5 + 0 Euro numbers,5 + 0,3,209050.7,627152.1
580,2022-10-11,4,4+2,Match 4 + 2 Euro numbers,4 + 2,18,5747.1,103447.8
580,2022-10-11,5,4+1,Match 4 + 1 Euro number,4 + 1,343,376.9,129276.7
580,2022-10-11,6,3+2,Match 3 + 2 Euro numbers,3 + 2,1191,124.6,148398.6
580,2022-10-11,7,4+0,Match 4 + 0 Euro numbers,4 + 0,780,124.6,97188.0
580,2022-10-11,8,2+2,Match 2 + 2 Euro numbers,2 + 2,17277,19.6,338629.2
580,2022-10-11,9,3+1,Match 3 + 1 Euro number,3 + 1,18245,19.6,357602.0
580,2022-10-11,10,3+0,Match 3 + 0 Euro numbers,3 + 0,37941,18.4,698114.4
580,2022-10-11,11,1+2,Match 1 + 2 Euro numbers,1 + 2,93535,9.5,888582.5
580,2022-10-11,12,2+1,Match 2 + 1 Euro number,2 + 1,274076,9.5,2603722.0
581,2022-10-14,1,5+2,Match 5 + 2 Euro numbers,5 + 2,0,0.0,0.0
581,2022-10-14,2,5+1,Match 5 + 1 Euro number,5 + 1,4,523155.7,2092622.8
581,2022-10-14,3,5+0,Match 5 + 0 Euro numbers,5 + 0,12,98345.1,1180141.2
581,2022-10-14,4,4+2,Match 4 + 2 Euro numbers,4 + 2,22,8848.3,194662.6
581,2022-10-14,5,4+1,Match 4 + 1 Euro number,4 + 1,890,273.4,243326.0
581,2022-10-14,6,3+2,Match 3 + 2 Euro numbers,3 + 2,1212,220.8,267609.6
581,2022-10-14,7,4+0,Match 4 + 0 Euro numbers,4 + 0,2387,81.5,194540.5
581,2022-10-14,8,2+2,Match 2 + 2 Euro numbers,2 + 2,16505,37.5,618937.5
581,2022-10-14,9,3+1,Match 3 + 1 Euro number,3 + 1,35231,19.6,690527.6
581,2022-10-14,10,3+0,Match 3 + 0 Euro numbers,3 + 0,95542,16.2,1547780.4
581,2022-10-14,11,1+2,Match 1 + 2 Euro numbers,1 + 2,86263,16.2,1397460.6
581,2022-10-14,12,2+1,Match 2 + 1 Euro number,2 + 1,488633,10.1,4935193.3
582,2022-10-18,1,5+2,Match 5 + 2 Euro numbers,5 + 2,0,0.0,0.0
582,2022-10-18,2,5+1,Match 5 + 1 Euro number,5 + 1,1,1299057.0,1299057.0
582,2022-10-18,3,5+0,Match 5 + 0 Euro numbers,5 + 0,2,366303.8,732607.6
582,2022-10-18,4,4+2,Match 4 + 2 Euro numbers,4 + 2,24,5035.1,120842.4
582,2022-10-18,5,4+1,Match 4 + 1 Euro number,4 + 1,479,315.3,151028.7
582,2022-10-18,6,3+2,Match 3 + 2 Euro numbers,3 + 2,1075,154.5,166087.5
582,2022-10-18,7,4+0,Match 4 + 0 Euro numbers,4 + 0,968,124.8,120806.4
582,2022-10-18,8,2+2,Match 2 + 2 Euro numbers,2 + 2,16659,23.1,384822.9
582,2022-10-18,9,3+1,Match 3 + 1 Euro number,3 + 1,23009,18.7,430268.3
582,2022-10-18,10,3+0,Match 3 + 0 Euro numbers,3 + 0,47004,17.3,813169.2
582,2022-10-18,11,1+2,Match 1 + 2 Euro numbers,1 + 2,85687,11.8,1011106.6
582,2022-10-18,12,2+1,Match 2 + 1 Euro number,2 + 1,333873,9.1,3038244.3
583,2022-10-21,1,5+2,Match 5 + 2 Euro numbers,5 + 2,0,0.0,0.0
583,2022-10-21,2,5+1,Match 5 + 1 Euro number,5 + 1,4,602950.1,2411800.4
583,2022-10-21,3,5+0,Match 5 + 0 Euro numbers,5 + 0,6,226690.5,1360143.0
583,2022-10-21,4,4+2,Match 4 + 2 Euro numbers,4 + 2,57,3936.0,224352.0
583,2022-10-21,5,4+1,Match 4 + 1 Euro number,4 + 1,883,317.6,280440.8
583,2022-10-21,6,3+2,Match 3 + 2 Euro numbers,3 + 2,2826,116.9,330359.4
583,2022-10-21,7,4+0,Match 4 + 0 Euro numbers,4 + 0,1730,116.9,202237.0
583,2022-10-21,8,2+2,Match 2 + 2 Euro numbers,2 + 2,40022,18.8,752413.6
583,2022-10-21,9,3+1,Match 3 + 1 Euro number,3 + 1,41263,18.8,775744.4
583,2022-10-21,10,3+0,Match 3 + 0 Euro numbers,3 + 0,79557,18.8,1495671.6
583,2022-10-21,11,1+2,Match 1 + 2 Euro numbers,1 + 2,205185,9.2,1887702.0
583,2022-10-21,12,2+1,Match 2 + 1 Euro number,2 + 1,620866,9.1,5649880.6
584,2022-10-25,1,5+2,Match 5 + 2 Euro numbers,5 + 2,0,0.0,0.0
584,2022-10-25,2,5+1,Match 5 + 1 Euro number,5 + 1,3,559393.4,1678180.2
584,2022-10-25,3,5+0,Match 5 + 0 Euro numbers,5 + 0,5,189283.1,946415.5
584,2022-10-25,4,4+2,Match 4 + 2 Euro numbers,4 + 2,35,4460.2,156107.0
584,2022-10-25,5,4+1,Match 4 + 1 Euro number,4 + 1,759,257.0,195063.0
584,2022-10-25,6,3+2,Match 3 + 2 Euro numbers,3 + 2,1551,138.3,214503.3
584,2022-10-25,7,4+0,Match 4 + 0 Euro numbers,4 + 0,1424,109.6,156070.4
584,2022-10-25,8,2+2,Match 2 + 2 Euro numbers,2 + 2,20582,24.1,496026.2
584,2022-10-25,9,3+1,Match 3 + 1 Euro number,3 + 1,33925,16.8,569940.0
584,2022-10-25,10,3+0,Match 3 + 0 Euro numbers,3 + 0,61687,16.8,1036341.6
584,2022-10-25,11,1+2,Match 1 + 2 Euro numbers,1 + 2,105272,12.5,1315900.0
584,2022-10-25,12,2+1,Match 2 + 1 Euro number,2 + 1,446475,8.8,3928980.0
585,2022-10-28,1,5+2,Match 5 + 2 Euro numbers,5 + 2,0,0.0,0.0
585,2022-10-28,2,5+1,Match 5 + 1 Euro number,5 + 1,3,1083615.8,3250847.4
585,2022-10-28,3,5+0,Match 5 + 0 Euro numbers,5 + 0,10,183332.6,1833326.0
585,2022-10-28,4,4+2,Match 4 + 2 Euro numbers,4 + 2,46,6574.0,302404.0
585,2022-10-28,5,4+1,Match 4 + 1 Euro number,4 + 1,1104,342.3,377899.2
585,2022-10-28,6,3+2,Match 3 + 2 Euro numbers,3 + 2,1998,208.1,415783.8
585,2022-10-28,7,4+0,Match 4 + 0 Euro numbers,4 + 0,2598,116.3,302147.4
585,2022-10-28,8,2+2,Match 2 + 2 Euro numbers,2 + 2,29719,32.4,962895.6
585,2022-10-28,9,3+1,Match 3 + 1 Euro number,3 + 1,48706,22.1,1076402.6
585,2022-10-28,10,3+0,Match 3 + 0 Euro numbers,3 + 0,118795,17.1,2031394.5
585,2022-10-28,11,1+2,Match 1 + 2 Euro numbers,1 + 2,158997,16.0,2543952.0
585,2022-10-28,12,2+1,Match 2 + 1 Euro number,2 + 1,713537,10.7,7634845.9
586,2022-11-01,1,5+2,Match 5 + 2 Euro numbers,5 + 2,0,0.0,0.0
586,2022-11-01,2,5+1,Match 5 + 1 Euro number,5 + 1,2,1794887.2,3589774.4
586,2022-11-01,3,5+0,Match 5 + 0 Euro numbers,5 + 0,5,266044.0,1330220.0
586,2022-11-01,4,4+2,Match 4 + 2 Euro numbers,4 + 2,63,3482.8,219416.4
586,2022-11-01,5,4+1,Match 4 + 1 Euro number,4 + 1,898,305.4,274249.2
586,2022-11-01,6,3+2,Match 3 + 2 Euro numbers,3 + 2,2620,115.6,302872.0
586,2022-11-01,7,4+0,Match 4 + 0 Euro numbers,4 + 0,1887,115.6,218137.2
586,2022-11-01,8,2+2,Match 2 + 2 Euro numbers,2 + 2,35956,19.5,701142.0
586,2022-11-01,9,3+1,Match 3 + 1 Euro number,3 + 1,39987,19.5,779746.5
586,2022-11-01,10,3+0,Match 3 + 0 Euro numbers,3 + 0,83467,17.7,1477365.9
586,2022-11-01,11,1+2,Match 1 + 2 Euro numbers,1 + 2,190890,9.8,1870722.0
586,2022-11-01,12,2+1,Match 2 + 1 Euro number,2 + 1,560148,9.8,5489450.4
587,2022-11-04,1,5+2,Match 5 + 2 Euro numbers,5 + 2,0,0.0,0.0
587,2022-11-04,2,5+1,Match 5 + 1 Euro number,5 + 1,5,4865344.0,24326720.0
587,2022-11-04,3,5+0,Match 5 + 0 Euro numbers,5 + 0,8,296265.4,2370123.2
587,2022-11-04,4,4+2,Match 4 + 2 Euro numbers,4 + 2,60,6515.8,390948.0
587,2022-11-04,5,4+1,Match 4 + 1 Euro number,4 + 1,1349,362.2,488607.8
587,2022-11-04,6,3+2,Match 3 + 2 Euro numbers,3 + 2,3314,162.2,537530.8
587,2022-11-04,7,4+0,Match 4 + 0 Euro numbers,4 + 0,2714,144.0,390816.0
587,2022-11-04,8,2+2,Match 2 + 2 Euro numbers,2 + 2,49987,24.9,1244676.3
587,2022-11-04,9,3+1,Match 3 + 1 Euro number,3 + 1,67454,20.6,1389552.4
587,2022-11-04,10,3+0,Match 3 + 0 Euro numbers,3 + 0,130582,20.2,2637756.4
587,2022-11-04,11,1+2,Match 1 + 2 Euro numbers,1 + 2,268471,12.2,3275346.2
587,2022-11-04,12,2+1,Match 2 + 1 Euro number,2 + 1,1086581,9.1,9887887.1
588,2022-11-08,1,5+2,Match 5 + 2 Euro numbers,5 + 2,1,120000000.0,120000000.0
588,2022-11-08,2,5+1,Match 5 + 1 Euro number,5 + 1,17,1209751.5,20565775.5
588,2022-11-08,3,5+0,Match 5 + 0 Euro numbers,5 + 0,33,53073.3,1751418.9
588,2022-11-08,4,4+2,Match 4 + 2 Euro numbers,4 + 2,167,1729.9,288893.3
588,2022-11-08,5,4+1,Match 4 + 1 Euro number,4 + 1,1878,192.2,360951.6
588,2022-11-08,6,3+2,Match 3 + 2 Euro numbers,3 + 2,4425,89.7,396922.5
588,2022-11-08,7,4+0,Match 4 + 0 Euro numbers,4 + 0,3726,77.5,288765.0
588,2022-11-08,8,2+2,Match 2 + 2 Euro numbers,2 + 2,51317,17.9,918574.3
588,2022-11-08,9,3+1,Match 3 + 1 Euro number,3 + 1,65400,15.7,1026780.0
588,2022-11-08,10,3+0,Match 3 + 0 Euro numbers,3 + 0,132770,14.6,1938442.0
588,2022-11-08,11,1+2,Match 1 + 2 Euro numbers,1 + 2,244939,9.9,2424896.1
588,2022-11-08,12,2+1,Match 2 + 1 Euro number,2 + 1,819307,8.9,7291832.3
589,2022-11-11,1,5+2,Match 5 + 2 Euro numbers,5 + 2,0,0.0,0.0
589,2022-11-11,2,5+1,Match 5 + 1 Euro number,5 + 1,5,379720.9,1898604.5
589,2022-11-11,3,5+0,Match 5 + 0 Euro numbers,5 + 0,3,356908.2,1070724.6
589,2022-11-11,4,4+2,Match 4 + 2 Euro numbers,4 + 2,30,5887.1,176613.0
589,2022-11-11,5,4+1,Match 4 + 1 Euro number,4 + 1,637,346.5,220720.5
589,2022-11-11,6,3+2,Match 3 + 2 Euro numbers,3 + 2,993,244.5,242788.5
589,2022-11-11,7,4+0,Match 4 + 0 Euro numbers,4 + 0,1602,110.2,176540.4
589,2022-11-11,8,2+2,Match 2 + 2 Euro numbers,2 + 2,14931,37.7,562898.7
589,2022-11-11,9,3+1,Match 3 + 1 Euro number,3 + 1,29049,21.6,627458.4
589,2022-11-11,10,3+0,Match 3 + 0 Euro numbers,3 + 0,73542,17.6,1294339.2
589,2022-11-11,11,1+2,Match 1 + 2 Euro numbers,1 + 2,78305,17.6,1378168.0
589,2022-11-11,12,2+1,Match 2 + 1 Euro number,2 + 1,421433,10.6,4467189.8
590,2022-11-15,1,5+2,Match 5 + 2 Euro numbers,5 + 2,0,0.0,0.0
590,2022-11-15,2,5+1,Match 5 + 1 Euro number,5 + 1,2,508079.5,1016159.0
590,2022-11-15,3,5+0,Match 5 + 0 Euro numbers,5 + 0,3,191022.1,573066.3
590,2022-11-15,4,4+2,Match 4 + 2 Euro numbers,4 + 2,14,6751.8,94525.2
590,2022-11-15,5,4+1,Match 4 + 1 Euro number,4 + 1,384,307.7,118156.8
590,2022-11-15,6,3+2,Match 3 + 2 Euro numbers,3 + 2,594,218.8,129967.2
590,2022-11-15,7,4+0,Match 4 + 0 Euro numbers,4 + 0,946,99.9,94505.4
590,2022-11-15,8,2+2,Match 2 + 2 Euro numbers,2 + 2,8403,35.8,300827.4
590,2022-11-15,9,3+1,Match 3 + 1 Euro number,3 + 1,16202,20.7,335381.4
590,2022-11-15,10,3+0,Match 3 + 0 Euro numbers,3 + 0,44982,16.0,719712.0
590,2022-11-15,11,1+2,Match 1 + 2 Euro numbers,1 + 2,44408,16.0,710528.0
590,2022-11-15,12,2+1,Match 2 + 1 Euro number,2 + 1,226053,10.6,2396161.8
591,2022-11-18,1,5+2,Match 5 + 2 Euro numbers,5 + 2,0,0.0,0.0
591,2022-11-18,2,5+1,Match 5 + 1 Euro number,5 + 1,1,1790411.9,1790411.9
591,2022-11-18,3,5+0,Match 5 + 0 Euro numbers,5 + 0,7,144244.1,1009708.7
591,2022-11-18,4,4+2,Match 4 + 2 Euro numbers,4 + 2,18,9252.7,166548.6
591,2022-11-18,5,4+1,Match 4 + 1 Euro number,4 + 1,424,491.0,208184.0
591,2022-11-18,6,3+2,Match 3 + 2 Euro numbers,3 + 2,876,261.4,228986.4
591,2022-11-18,7,4+0,Match 4 + 0 Euro numbers,4 + 0,1725,96.5,166462.5
591,2022-11-18,8,2+2,Match 2 + 2 Euro numbers,2 + 2,12601,42.1,530502.1
591,2022-11-18,9,3+1,Match 3 + 1 Euro number,3 + 1,20264,29.2,591708.8
591,2022-11-18,10,3+0,Match 3 + 0 Euro numbers,3 + 0,83335,16.8,1400028.0
591,2022-11-18,11,1+2,Match 1 + 2 Euro numbers,1 + 2,66766,16.8,1121668.8
591,2022-11-18,12,2+1,Match 2 + 1 Euro number,2 + 1,283926,14.8,4202104.8
592,2022-11-22,1,5+2,Match 5 + 2 Euro numbers,5 + 2,0,0.0,0.0
592,2022-11-22,2,5+1,Match 5 + 1 Euro number,5 + 1,1,1044658.6,1044658.6
592,2022-11-22,3,5+0,Match 5 + 0 Euro numbers,5 + 0,8,73642.3,589138.4
592,2022-11-22,4,4+2,Match 4 + 2 Euro numbers,4 + 2,9,10797.5,97177.5
592,2022-11-22,5,4+1,Match 4 + 1 Euro number,4 + 1,381,318.8,121462.8
592,2022-11-22,6,3+2,Match 3 + 2 Euro numbers,3 + 2,663,201.5,133594.5
592,2022-11-22,7,4+0,Match 4 + 0 Euro numbers,4 + 0,913,106.4,97143.2
592,2022-11-22,8,2+2,Match 2 + 2 Euro numbers,2 + 2,9466,32.7,309538.2
592,2022-11-22,9,3+1,Match 3 + 1 Euro number,3 + 1,16409,21.0,344589.0
592,2022-11-22,10,3+0,Match 3 + 0 Euro numbers,3 + 0,39806,16.7,664760.2
592,2022-11-22,11,1+2,Match 1 + 2 Euro numbers,1 + 2,48150,16.7,804105.0
592,2022-11-22,12,2+1,Match 2 + 1 Euro number,2 + 1,230774,10.6,2446204.4
593,2022-11-25,1,5+2,Match 5 + 2 Euro numbers,5 + 2,0,0.0,0.0
593,2022-11-25,2,5+1,Match 5 + 1 Euro number,5 + 1,2,932852.9,1865705.8
593,2022-11-25,3,5+0,Match 5 + 0 Euro numbers,5 + 0,8,131521.4,1052171.2
593,2022-11-25,4,4+2,Match 4 + 2 Euro numbers,4 + 2,22,7888.8,173553.6
593,2022-11-25,5,4+1,Match 4 + 1 Euro number,4 + 1,534,406.2,216910.8
593,2022-11-25,6,3+2,Match 3 + 2 Euro numbers,3 + 2,968,246.5,238612.0
593,2022-11-25,7,4+0,Match 4 + 0 Euro numbers,4 + 0,1366,127.0,173482.0
593,2022-11-25,8,2+2,Match 2 + 2 Euro numbers,2 + 2,14556,38.0,553128.0
593,2022-11-25,9,3+1,Match 3 + 1 Euro number,3 + 1,26415,23.4,618111.0
593,2022-11-25,10,3+0,Match 3 + 0 Euro numbers,3 + 0,67508,18.2,1228645.6
593,2022-11-25,11,1+2,Match 1 + 2 Euro numbers,1 + 2,77238,18.2,1405731.6
593,2022-11-25,12,2+1,Match 2 + 1 Euro number,2 + 1,387418,11.3,4377823.4
594,2022-11-29,1,5+2,Match 5 + 2 Euro numbers,5 + 2,0,0.0,0.0
594,2022-11-29,2,5+1,Match 5 + 1 Euro number,5 + 1,0,0.0,0.0
594,2022-11-29,3,5+0,Match 5 + 0 Euro numbers,5 + 0,9,70553.1,634977.9
594,2022-11-29,4,4+2,Match 4 + 2 Euro numbers,4 + 2,8,13092.3,104738.4
594,2022-11-29,5,4+1,Match 4 + 1 Euro number,4 + 1,388,337.4,130911.2
594,2022-11-29,6,3+2,Match 3 + 2 Euro numbers,3 + 2,643,223.9,143967.7
594,2022-11-29,7,4+0,Match 4 + 0 Euro numbers,4 + 0,941,111.3,104733.3
594,2022-11-29,8,2+2,Match 2 + 2 Euro numbers,2 + 2,9755,34.2,333621.0
594,2022-11-29,9,3+1,Match 3 + 1 Euro number,3 + 1,16322,22.8,372141.6
594,2022-11-29,10,3+0,Match 3 + 0 Euro numbers,3 + 0,39878,17.7,705840.6
594,2022-11-29,11,1+2,Match 1 + 2 Euro numbers,1 + 2,52493,16.8,881882.4
594,2022-11-29,12,2+1,Match 2 + 1 Euro number,2 + 1,239441,11.0,2633851.0
595,2022-12-02,1,5+2,Match 5 + 2 Euro numbers,5 + 2,0,0.0,0.0
595,2022-12-02,2,5+1,Match 5 + 1 Euro number,5 + 1,1,3162954.9,3162954.9
595,2022-12-02,3,5+0,Match 5 + 0 Euro numbers,5 + 0,10,114878.1,1148781.0
595,2022-12-02,4,4+2,Match 4 + 2 Euro numbers,4 + 2,27,7018.1,189488.7
595,2022-12-02,5,4+1,Match 4 + 1 Euro number,4 + 1,518,457.2,236829.6
595,2022-12-02,6,3+2,Match 3 + 2 Euro numbers,3 + 2,1168,223.0,260464.0
595,2022-12-02,7,4+0,Match 4 + 0 Euro numbers,4 + 0,1887,100.4,189454.8
595,2022-12-02,8,2+2,Match 2 + 2 Euro numbers,2 + 2,16380,36.8,602784.0
595,2022-12-02,9,3+1,Match 3 + 1 Euro number,3 + 1,23660,28.5,674310.0
595,2022-12-02,10,3+0,Match 3 + 0 Euro numbers,3 + 0,87006,16.9,1470401.4
595,2022-12-02,11,1+2,Match 1 + 2 Euro numbers,1 + 2,83250,16.9,1406925.0
595,2022-12-02,12,2+1,Match 2 + 1 Euro number,2 + 1,330607,14.5,4793801.5
596,2022-12-06,1,5+2,Match 5 + 2 Euro numbers,5 + 2,0,0.0,0.0
596,2022-12-06,2,5+1,Match 5 + 1 Euro number,5 + 1,2,629024.2,1258048.4
596,2022-12-06,3,5+0,Match 5 + 0 Euro numbers,5 + 0,4,177370.2,709480.8
596,2022-12-06,4,4+2,Match 4 + 2 Euro numbers,4 + 2,15,7801.8,117027.0
596,2022-12-06,5,4+1,Match 4 + 1 Euro number,4 + 1,500,292.5,146250.0
596,2022-12-06,6,3+2,Match 3 + 2 Euro numbers,3 + 2,1019,157.9,160900.1
596,2022-12-06,7,4+0,Match 4 + 0 Euro numbers,4 + 0,1018,114.9,116968.2
596,2022-12-06,8,2+2,Match 2 + 2 Euro numbers,2 + 2,14183,26.3,373012.9
596,2022-12-06,9,3+1,Match 3 + 1 Euro number,3 + 1,21061,19.7,414901.7
596,2022-12-06,10,3+0,Match 3 + 0 Euro numbers,3 + 0,45485,17.3,786890.5
596,2022-12-06,11,1+2,Match 1 + 2 Euro numbers,1 + 2,73652,13.4,986936.8
596,2022-12-06,12,2+1,Match 2 + 1 Euro number,2 + 1,309871,9.5,2943774.5
597,2022-12-09,1,5+2,Match 5 + 2 Euro numbers,5 + 2,1,75871601.7,75871601.7
597,2022-12-09,2,5+1,Match 5 + 1 Euro number,5 + 1,3,745969.4,2237908.2
597,2022-12-09,3,5+0,Match 5 + 0 Euro numbers,5 + 0,6,210346.0,1262076.0
597,2022-12-09,4,4+2,Match 4 + 2 Euro numbers,4 + 2,60,3469.6,208176.0
597,2022-12-09,5,4+1,Match 4 + 1 Euro number,4 + 1,1074,242.2,260122.8
597,2022-12-09,6,3+2,Match 3 + 2 Euro numbers,3 + 2,2865,103.8,297387.0
597,2022-12-09,7,4+0,Match 4 + 0 Euro numbers,4 + 0,1897,103.8,196908.6
597,2022-12-09,8,2+2,Match 2 + 2 Euro numbers,2 + 2,37921,17.4,659825.4
597,2022-12-09,9,3+1,Match 3 + 1 Euro number,3 + 1,46414,16.2,751906.8
597,2022-12-09,10,3+0,Match 3 + 0 Euro numbers,3 + 0,86009,16.2,1393345.8
597,2022-12-09,11,1+2,Match 1 + 2 Euro numbers,1 + 2,181496,9.6,1742361.6
597,2022-12-09,12,2+1,Match 2 + 1 Euro number,2 + 1,621948,8.4,5224363.2
598,2022-12-13,1,5+2,Match 5 + 2 Euro numbers,5 + 2,0,0.0,0.0
598,2022-12-13,2,5+1,Match 5 + 1 Euro number,5 + 1,5,186272.6,931363.0
598,2022-12-13,3,5+0,Match 5 + 0 Euro numbers,5 + 0,4,131311.3,525245.2
598,2022-12-13,4,4+2,Match 4 + 2 Euro numbers,4 + 2,24,3609.9,86637.6
598,2022-12-13,5,4+1,Match 4 + 1 Euro number,4 + 1,519,208.6,108263.4
598,2022-12-13,6,3+2,Match 3 + 2 Euro numbers,3 + 2,894,133.2,119080.8
598,2022-12-13,7,4+0,Match 4 + 0 Euro numbers,4 + 0,934,92.7,86581.8
598,2022-12-13,8,2+2,Match 2 + 2 Euro numbers,2 + 2,10254,26.9,275832.6
598,2022-12-13,9,3+1,Match 3 + 1 Euro number,3 + 1,20147,15.3,308249.1
598,2022-12-13,10,3+0,Match 3 + 0 Euro numbers,3 + 0,40415,14.5,586017.5
598,2022-12-13,11,1+2,Match 1 + 2 Euro numbers,1 + 2,49841,14.5,722694.5
598,2022-12-13,12,2+1,Match 2 + 1 Euro number,2 + 1,232452,9.4,2185048.8
599,2022-12-16,1,5+2,Match 5 + 2 Euro numbers,5 + 2,0,0.0,0.0
599,2022-12-16,2,5+1,Match 5 + 1 Euro number,5 + 1,0,0.0,0.0
599,2022-12-16,3,5+0,Match 5 + 0 Euro numbers,5 + 0,3,314623.6,943870.8
599,2022-12-16,4,4+2,Match 4 + 2 Euro numbers,4 + 2,19,8194.2,155689.8
599,2022-12-16,5,4+1,Match 4 + 1 Euro number,4 + 1,465,418.5,194602.5
599,2022-12-16,6,3+2,Match 3 + 2 Euro numbers,3 + 2,809,264.6,214061.4
599,2022-12-16,7,4+0,Match 4 + 0 Euro numbers,4 + 0,1240,125.5,155620.0
599,2022-12-16,8,2+2,Match 2 + 2 Euro numbers,2 + 2,12143,40.8,495434.4
599,2022-12-16,9,3+1,Match 3 + 1 Euro number,3 + 1,22847,24.2,552897.4
599,2022-12-16,10,3+0,Match 3 + 0 Euro numbers,3 + 0,59233,18.9,1119503.7
599,2022-12-16,11,1+2,Match 1 + 2 Euro numbers,1 + 2,65754,18.9,1242750.6
599,2022-12-16,12,2+1,Match 2 + 1 Euro number,2 + 1,343390,11.5,3948985.0
600,2022-12-20,1,5+2,Match 5 + 2 Euro numbers,5 + 2,1,21208281.0,21208281.0
600,2022-12-20,2,5+1,Match 5 + 1 Euro number,5 + 1,6,446255.6,2677533.6
600,2022-12-20,3,5+0,Match 5 + 0 Euro numbers,5 + 0,5,113226.7,566133.5
600,2022-12-20,4,4+2,Match 4 + 2 Euro numbers,4 + 2,31,3012.3,93381.3
600,2022-12-20,5,4+1,Match 4 + 1 Euro number,4 + 1,468,249.4,116719.2
600,2022-12-20,6,3+2,Match 3 + 2 Euro numbers,3 + 2,1309,98.4,128805.6
600,2022-12-20,7,4+0,Match 4 + 0 Euro numbers,4 + 0,943,98.4,92791.2
600,2022-12-20,8,2+2,Match 2 + 2 Euro numbers,2 + 2,16758,18.3,306671.4
600,2022-12-20,9,3+1,Match 3 + 1 Euro number,3 + 1,17633,18.3,322683.9
600,2022-12-20,10,3+0,Match 3 + 0 Euro numbers,3 + 0,36854,17.1,630203.4
600,2022-12-20,11,1+2,Match 1 + 2 Euro numbers,1 + 2,92275,9.2,848930.0
600,2022-12-20,12,2+1,Match 2 + 1 Euro number,2 + 1,248476,9.2,2285979.2
601,2022-12-23,1,5+2,Match 5 + 2 Euro numbers,5 + 2,0,0.0,0.0
601,2022-12-23,2,5+1,Match 5 + 1 Euro number,5 + 1,2,863885.1,1727770.2
601,2022-12-23,3,5+0,Match 5 + 0 Euro numbers,5 + 0,2,487191.0,974382.0
601,2022-12-23,4,4+2,Match 4 + 2 Euro numbers,4 + 2,15,10714.8,160722.0
601,2022-12-23,5,4+1,Match 4 + 1 Euro number,4 + 1,472,425.6,200883.2
601,2022-12-23,6,3+2,Match 3 + 2 Euro numbers,3 + 2,915,241.5,220972.5
601,2022-12-23,7,4+0,Match 4 + 0 Euro numbers,4 + 0,1177,136.5,160660.5
601,2022-12-23,8,2+2,Match 2 + 2 Euro numbers,2 + 2,13170,38.8,510996.0
601,2022-12-23,9,3+1,Match 3 + 1 Euro number,3 + 1,21896,26.1,571485.6
601,2022-12-23,10,3+0,Match 3 + 0 Euro numbers,3 + 0,58601,18.7,1095838.7
601,2022-12-23,11,1+2,Match 1 + 2 Euro numbers,1 + 2,71490,18.7,1336863.0
601,2022-12-23,12,2+1,Match 2 + 1 Euro number,2 + 1,331427,12.3,4076552.1
602,2022-12-27,1,5+2,Match 5 + 2 Euro numbers,5 + 2,0,0.0,0.0
602,2022-12-27,2,5+1,Match 5 + 1 Euro number,5 + 1,1,884360.0,884360.0
602,2022-12-27,3,5+0,Match 5 + 0 Euro numbers,5 + 0,2,249368.9,498737.8
602,2022-12-27,4,4+2,Match 4 + 2 Euro numbers,4 + 2,7,11752.2,82265.4
602,2022-12-27,5,4+1,Match 4 + 1 Euro number,4 + 1,249,412.9,102812.1
602,2022-12-27,6,3+2,Match 3 + 2 Euro numbers,3 + 2,581,194.6,113062.6
602,2022-12-27,7,4+0,Match 4 + 0 Euro numbers,4 + 0,596,138.0,82248.0
602,2022-12-27,8,2+2,Match 2 + 2 Euro numbers,2 + 2,8477,30.9,261939.3
602,2022-12-27,9,3+1,Match 3 + 1 Euro number,3 + 1,12983,22.5,292117.5
602,2022-12-27,10,3+0,Match 3 + 0 Euro numbers,3 + 0,30548,18.1,552918.8
602,2022-12-27,11,1+2,Match 1 + 2 Euro numbers,1 + 2,44146,15.7,693092.2
602,2022-12-27,12,2+1,Match 2 + 1 Euro number,2 + 1,193876,10.7,2074473.2
603,2022-12-30,1,5+2,Match 5 + 2 Euro numbers,5 + 2,0,0.0,0.0
603,2022-12-30,2,5+1,Match 5 + 1 Euro number,5 + 1,0,0.0,0.0
603,2022-12-30,3,5+0,Match 5 + 0 Euro numbers,5 + 0,2,538671.0,1077342.0
603,2022-12-30,4,4+2,Match 4 + 2 Euro numbers,4 + 2,31,5732.4,177704.4
603,2022-12-30,5,4+1,Match 4 + 1 Euro number,4 + 1,531,418.3,222117.3
603,2022-12-30,6,3+2,Match 3 + 2 Euro numbers,3 + 2,1442,169.4,244274.8
603,2022-12-30,7,4+0,Match 4 + 0 Euro numbers,4 + 0,1143,155.4,177622.2
603,2022-12-30,8,2+2,Match 2 + 2 Euro numbers,2 + 2,22598,25.0,564950.0
603,2022-12-30,9,3+1,Match 3 + 1 Euro number,3 + 1,26228,24.1,632094.8
603,2022-12-30,10,3+0,Match 3 + 0 Euro numbers,3 + 0,57764,20.7,1195714.8
603,2022-12-30,11,1+2,Match 1 + 2 Euro numbers,1 + 2,126542,11.8,1493195.6
603,2022-12-30,12,2+1,Match 2 + 1 Euro number,2 + 1,409152,11.0,4500672.0
604,2023-01-03,1,5+2,Match 5 + 2 Euro numbers,5 + 2,0,0.0,0.0
604,2023-01-03,2,5+1,Match 5 + 1 Euro number,5 + 1,2,1480098.1,2960196.2
604,2023-01-03,3,5+0,Match 5 + 0 Euro numbers,5 + 0,6,98678.4,592070.4
604,2023-01-03,4,4+2,Match 4 + 2 Euro numbers,4 + 2,12,8138.4,97660.8
604,2023-01-03,5,4+1,Match 4 + 1 Euro number,4 + 1,282,432.8,122049.6
604,2023-01-03,6,3+2,Match 3 + 2 Euro numbers,3 + 2,750,179.0,134250.0
604,2023-01-03,7,4+0,Match 4 + 0 Euro numbers,4 + 0,621,157.2,97621.2
604,2023-01-03,8,2+2,Match 2 + 2 Euro numbers,2 + 2,11550,26.9,310695.0
604,2023-01-03,9,3+1,Match 3 + 1 Euro number,3 + 1,14686,23.6,346589.6
604,2023-01-03,10,3+0,Match 3 + 0 Euro numbers,3 + 0,31660,20.8,658528.0
604,2023-01-03,11,1+2,Match 1 + 2 Euro numbers,1 + 2,63266,13.0,822458.0
604,2023-01-03,12,2+1,Match 2 + 1 Euro number,2 + 1,240717,10.2,2455313.4
605,2023-01-06,1,5+2,Match 5 + 2 Euro numbers,5 + 2,0,0.0,0.0
605,2023-01-06,2,5+1,Match 5 + 1 Euro number,5 + 1,2,878345.0,1756690.0
605,2023-01-06,3,5+0,Match 5 + 0 Euro numbers,5 + 0,7,141527.3,990691.1
605,2023-01-06,4,4+2,Match 4 + 2 Euro numbers,4 + 2,25,6536.5,163412.5
605,2023-01-06,5,4+1,Match 4 + 1 Euro number,4 + 1,598,341.5,204217.0
605,2023-01-06,6,3+2,Match 3 + 2 Euro numbers,3 + 2,954,235.5,224667.0
605,2023-01-06,7,4+0,Match 4 + 0 Euro numbers,4 + 0,1407,116.1,163352.7
605,2023-01-06,8,2+2,Match 2 + 2 Euro numbers,2 + 2,13532,38.4,519628.8
605,2023-01-06,9,3+1,Match 3 + 1 Euro number,3 + 1,24190,24.0,580560.0
605,2023-01-06,10,3+0,Match 3 + 0 Euro numbers,3 + 0,60494,18.7,1131237.8
605,2023-01-06,11,1+2,Match 1 + 2 Euro numbers,1 + 2,72021,18.7,1346792.7
605,2023-01-06,12,2+1,Match 2 + 1 Euro number,2 + 1,356949,11.6,4140608.4
606,2023-01-10,1,5+2,Match 5 + 2 Euro numbers,5 + 2,0,0.0,0.0
606,2023-01-10,2,5+1,Match 5 + 1 Euro number,5 + 1,3,369980.5,1109941.5
606,2023-01-10,3,5+0,Match 5 + 0 Euro numbers,5 + 0,3,208651.8,625955.4
606,2023-01-10,4,4+2,Match 4 + 2 Euro numbers,4 + 2,26,3971.1,103248.6
606,2023-01-10,5,4+1,Match 4 + 1 Euro number,4 + 1,445,290.0,129050.0
606,2023-01-10,6,3+2,Match 3 + 2 Euro numbers,3 + 2,828,171.4,141919.2
606,2023-01-10,7,4+0,Match 4 + 0 Euro numbers,4 + 0,1046,98.7,103240.2
606,2023-01-10,8,2+2,Match 2 + 2 Euro numbers,2 + 2,11621,28.3,328874.3
606,2023-01-10,9,3+1,Match 3 + 1 Euro number,3 + 1,18461,19.9,367373.9
606,2023-01-10,10,3+0,Match 3 + 0 Euro numbers,3 + 0,40731,17.1,696500.1
606,2023-01-10,11,1+2,Match 1 + 2 Euro numbers,1 + 2,61679,14.1,869673.9
606,2023-01-10,12,2+1,Match 2 + 1 Euro number,2 + 1,256507,10.2,2616371.4
607,2023-01-13,1,5+2,Match 5 + 2 Euro numbers,5 + 2,0,0.0,0.0
607,2023-01-13,2,5+1,Match 5 + 1 Euro number,5 + 1,3,718547.6,2155642.8
607,2023-01-13,3,5+0,Match 5 + 0 Euro numbers,5 + 0,11,110516.5,1215681.5
607,2023-01-13,4,4+2,Match 4 + 2 Euro numbers,4 + 2,64,3133.2,200524.8
607,2023-01-13,5,4+1,Match 4 + 1 Euro number,4 + 1,1037,241.7,250642.9
607,2023-01-13,6,3+2,Match 3 + 2 Euro numbers,3 + 2,2613,105.5,275671.5
607,2023-01-13,7,4+0,Match 4 + 0 Euro numbers,4 + 0,1955,102.5,200387.5
607,2023-01-13,8,2+2,Match 2 + 2 Euro numbers,2 + 2,33772,18.9,638290.8
607,2023-01-13,9,3+1,Match 3 + 1 Euro number,3 + 1,38349,18.6,713291.4
607,2023-01-13,10,3+0,Match 3 + 0 Euro numbers,3 + 0,79170,17.0,1345890.0
607,2023-01-13,11,1+2,Match 1 + 2 Euro numbers,1 + 2,171967,9.8,1685276.6
607,2023-01-13,12,2+1,Match 2 + 1 Euro number,2 + 1,534565,9.5,5078367.5
608,2023-01-17,1,5+2,Match 5 + 2 Euro numbers,5 + 2,0,0.0,0.0
608,2023-01-17,2,5+1,Match 5 + 1 Euro number,5 + 1,0,0.0,0.0
608,2023-01-17,3,5+0,Match 5 + 0 Euro numbers,5 + 0,2,363831.7,727663.4
608,2023-01-17,4,4+2,Match 4 + 2 Euro numbers,4 + 2,20,6001.3,120026.0
608,2023-01-17,5,4+1,Match 4 + 1 Euro number,4 + 1,537,279.3,149984.1
608,2023-01-17,6,3+2,Match 3 + 2 Euro numbers,3 + 2,1185,139.2,164952.0
608,2023-01-17,7,4+0,Match 4 + 0 Euro numbers,4 + 0,999,120.1,119979.9
608,2023-01-17,8,2+2,Match 2 + 2 Euro numbers,2 + 2,17701,21.6,382341.6
608,2023-01-17,9,3+1,Match 3 + 1 Euro number,3 + 1,22031,19.4,427401.4
608,2023-01-17,10,3+0,Match 3 + 0 Euro numbers,3 + 0,45948,17.6,808684.8
608,2023-01-17,11,1+2,Match 1 + 2 Euro numbers,1 + 2,91888,11.0,1010768.0
608,2023-01-17,12,2+1,Match 2 + 1 Euro number,2 + 1,319902,9.5,3039069.0
609,2023-01-20,1,5+2,Match 5 + 2 Euro numbers,5 + 2,0,0.0,0.0
609,2023-01-20,2,5+1,Match 5 + 1 Euro number,5 + 1,4,906735.6,3626942.4
609,2023-01-20,3,5+0,Match 5 + 0 Euro numbers,5 + 0,5,263552.6,1317763.0
609,2023-01-20,4,4+2,Match 4 + 2 Euro numbers,4 + 2,27,8050.4,217360.8
609,2023-01-20,5,4+1,Match 4 + 1 Euro number,4 + 1,763,356.0,271628.0
609,2023-01-20,6,3+2,Match 3 + 2 Euro numbers,3 + 2,1551,192.6,298722.6
609,2023-01-20,7,4+0,Match 4 + 0 Euro numbers,4 + 0,1687,128.8,217285.6
609,2023-01-20,8,2+2,Match 2 + 2 Euro numbers,2 + 2,23518,29.4,691429.2
609,2023-01-20,9,3+1,Match 3 + 1 Euro number,3 + 1,35240,21.9,771756.0
609,2023-01-20,10,3+0,Match 3 + 0 Euro numbers,3 + 0,80763,18.1,1461810.3
609,2023-01-20,11,1+2,Match 1 + 2 Euro numbers,1 + 2,126511,14.4,1821758.4
609,2023-01-20,12,2+1,Match 2 + 1 Euro number,2 + 1,527464,10.4,5485625.6
610,2023-01-24,1,5+2,Match 5 + 2 Euro numbers,5 + 2,0,0.0,0.0
610,2023-01-24,2,5+1,Match 5 + 1 Euro number,5 + 1,3,529539.8,1588619.4
610,2023-01-24,3,5+0,Match 5 + 0 Euro numbers,5 + 0,6,149317.9,895907.4
610,2023-01-24,4,4+2,Match 4 + 2 Euro numbers,4 + 2,31,4767.0,147777.0
610,2023-01-24,5,4+1,Match 4 + 1 Euro number,4 + 1,640,288.6,184704.0
610,2023-01-24,6,3+2,Match 3 + 2 Euro numbers,3 + 2,1359,149.5,203170.5
610,2023-01-24,7,4+0,Match 4 + 0 Euro numbers,4 + 0,1386,106.6,147747.6
610,2023-01-24,8,2+2,Match 2 + 2 Euro numbers,2 + 2,19363,24.3,470520.9
610,2023-01-24,9,3+1,Match 3 + 1 Euro number,3 + 1,28541,18.4,525154.4
610,2023-01-24,10,3+0,Match 3 + 0 Euro numbers,3 + 0,62942,15.8,994483.6
610,2023-01-24,11,1+2,Match 1 + 2 Euro numbers,1 + 2,96081,12.9,1239444.9
610,2023-01-24,12,2+1,Match 2 + 1 Euro number,2 + 1,393217,9.5,3735561.5
611,2023-01-27,1,5+2,Match 5 + 2 Euro numbers,5 + 2,0,0.0,0.0
611,2023-01-27,2,5+1,Match 5 + 1 Euro number,5 + 1,6,470317.5,2821905.0
611,2023-01-27,3,5+0,Match 5 + 0 Euro numbers,5 + 0,9,176824.8,1591423.2
611,2023-01-27,4,4+2,Match 4 + 2 Euro numbers,4 + 2,30,8750.0,262500.0
611,2023-01-27,5,4+1,Match 4 + 1 Euro number,4 + 1,860,381.5,328090.0
611,2023-01-27,6,3+2,Match 3 + 2 Euro numbers,3 + 2,1762,204.8,360857.6
611,2023-01-27,7,4+0,Match 4 + 0 Euro numbers,4 + 0,2435,107.8,262493.0
611,2023-01-27,8,2+2,Match 2 + 2 Euro numbers,2 + 2,25350,33.0,836550.0
611,2023-01-27,9,3+1,Match 3 + 1 Euro number,3 + 1,45477,20.5,932278.5
611,2023-01-27,10,3+0,Match 3 + 0 Euro numbers,3 + 0,110652,16.5,1825758.0
611,2023-01-27,11,1+2,Match 1 + 2 Euro numbers,1 + 2,130725,16.5,2156962.5
611,2023-01-27,12,2+1,Match 2 + 1 Euro number,2 + 1,646231,10.3,6656179.3
612,2023-01-31,1,5+2,Match 5 + 2 Euro numbers,5 + 2,1,107469011.2,107469011.2
612,2023-01-31,2,5+1,Match 5 + 1 Euro number,5 + 1,3,764670.6,2294011.8
612,2023-01-31,3,5+0,Match 5 + 0 Euro numbers,5 + 0,9,143746.2,1293715.8
612,2023-01-31,4,4+2,Match 4 + 2 Euro numbers,4 + 2,30,7113.2,213396.0
612,2023-01-31,5,4+1,Match 4 + 1 Euro number,4 + 1,634,420.7,266723.8
612,2023-01-31,6,3+2,Match 3 + 2 Euro numbers,3 + 2,1336,219.6,293385.6
612,2023-01-31,7,4+0,Match 4 + 0 Euro numbers,4 + 0,1581,134.9,213276.9
612,2023-01-31,8,2+2,Match 2 + 2 Euro numbers,2 + 2,19373,35.1,679992.3
612,2023-01-31,9,3+1,Match 3 + 1 Euro number,3 + 1,30048,25.3,760214.4
612,2023-01-31,10,3+0,Match 3 + 0 Euro numbers,3 + 0,74563,19.3,1439065.9
612,2023-01-31,11,1+2,Match 1 + 2 Euro numbers,1 + 2,102329,17.5,1790757.5
612,2023-01-31,12,2+1,Match 2 + 1 Euro number,2 + 1,456398,11.8,5385496.4
613,2023-02-03,1,5+2,Match 5 + 2 Euro numbers,5 + 2,0,0.0,0.0
613,2023-02-03,2,5+1,Match 5 + 1 Euro number,5 + 1,1,1780999.6,1780999.6
613,2023-02-03,3,5+0,Match 5 + 0 Euro numbers,5 + 0,11,91309.1,1004400.1
613,2023-02-03,4,4+2,Match 4 + 2 Euro numbers,4 + 2,40,4141.8,165672.0
613,2023-02-03,5,4+1,Match 4 + 1 Euro number,4 + 1,653,317.1,207066.3
613,2023-02-03,6,3+2,Match 3 + 2 Euro numbers,3 + 2,1567,145.3,227685.1
613,2023-02-03,7,4+0,Match 4 + 0 Euro numbers,4 + 0,1590,104.1,165519.0
613,2023-02-03,8,2+2,Match 2 + 2 Euro numbers,2 + 2,21454,24.6,527768.4
613,2023-02-03,9,3+1,Match 3 + 1 Euro number,3 + 1,29575,19.9,588542.5
613,2023-02-03,10,3+0,Match 3 + 0 Euro numbers,3 + 0,68633,16.2,1111854.6
613,2023-02-03,11,1+2,Match 1 + 2 Euro numbers,1 + 2,112348,12.4,1393115.2
613,2023-02-03,12,2+1,Match 2 + 1 Euro number,2 + 1,424494,9.9,4202490.6
614,2023-02-07,1,5+2,Match 5 + 2 Euro numbers,5 + 2,0,0.0,0.0
614,2023-02-07,2,5+1,Match 5 + 1 Euro number,5 + 1,3,334242.6,1002727.8
614,2023-02-07,3,5+0,Match 5 + 0 Euro numbers,5 + 0,2,282745.9,565491.8
614,2023-02-07,4,4+2,Match 4 + 2 Euro numbers,4 + 2,15,6218.4,93276.0
614,2023-02-07,5,4+1,Match 4 + 1 Euro number,4 + 1,336,347.0,116592.0
614,2023-02-07,6,3+2,Match 3 + 2 Euro numbers,3 + 2,667,192.2,128197.4
614,2023-02-07,7,4+0,Match 4 + 0 Euro numbers,4 + 0,787,118.5,93259.5
614,2023-02-07,8,2+2,Match 2 + 2 Euro numbers,2 + 2,9280,32.0,296960.0
614,2023-02-07,9,3+1,Match 3 + 1 Euro number,3 + 1,15620,21.2,331144.0
614,2023-02-07,10,3+0,Match 3 + 0 Euro numbers,3 + 0,36834,17.0,626178.0
614,2023-02-07,11,1+2,Match 1 + 2 Euro numbers,1 + 2,48968,16.0,783488.0
614,2023-02-07,12,2+1,Match 2 + 1 Euro number,2 + 1,221162,10.7,2366433.4
615,2023-02-10,1,5+2,Match 5 + 2 Euro numbers,5 + 2,0,0.0,0.0
615,2023-02-10,2,5+1,Match 5 + 1 Euro number,5 + 1,2,894038.6,1788077.2
615,2023-02-10,3,5+0,Match 5 + 0 Euro numbers,5 + 0,2,504196.2,1008392.4
615,2023-02-10,4,4+2,Match 4 + 2 Euro numbers,4 + 2,29,5735.6,166332.4
615,2023-02-10,5,4+1,Match 4 + 1 Euro number,4 + 1,619,335.8,207860.2
615,2023-02-10,6,3+2,Match 3 + 2 Euro numbers,3 + 2,1228,186.2,228653.6
615,2023-02-10,7,4+0,Match 4 + 0 Euro numbers,4 + 0,1282,129.7,166275.4
615,2023-02-10,8,2+2,Match 2 + 2 Euro numbers,2 + 2,19037,27.8,529228.6
615,2023-02-10,9,3+1,Match 3 + 1 Euro number,3 + 1,28413,20.8,590990.4
615,2023-02-10,10,3+0,Match 3 + 0 Euro numbers,3 + 0,59819,18.7,1118615.3
615,2023-02-10,11,1+2,Match 1 + 2 Euro numbers,1 + 2,100524,13.9,1397283.6
615,2023-02-10,12,2+1,Match 2 + 1 Euro number,2 + 1,427678,9.8,4191244.4
616,2023-02-14,1,5+2,Match 5 + 2 Euro numbers,5 + 2,0,0.0,0.0
616,2023-02-14,2,5+1,Match 5 + 1 Euro number,5 + 1,0,0.0,0.0
616,2023-02-14,3,5+0,Match 5 + 0 Euro numbers,5 + 0,3,210473.7,631421.1
616,2023-02-14,4,4+2,Match 4 + 2 Euro numbers,4 + 2,27,3857.4,104149.8
616,2023-02-14,5,4+1,Match 4 + 1 Euro number,4 + 1,404,322.2,130168.8
616,2023-02-14,6,3+2,Match 3 + 2 Euro numbers,3 + 2,1109,130.8,145057.2
616,2023-02-14,7,4+0,Match 4 + 0 Euro numbers,4 + 0,781,130.8,102154.8
616,2023-02-14,8,2+2,Match 2 + 2 Euro numbers,2 + 2,17133,19.3,330666.9
616,2023-02-14,9,3+1,Match 3 + 1 Euro number,3 + 1,19459,19.0,369721.0
616,2023-02-14,10,3+0,Match 3 + 0 Euro numbers,3 + 0,37827,18.5,699799.5
616,2023-02-14,11,1+2,Match 1 + 2 Euro numbers,1 + 2,89950,9.7,872515.0
616,2023-02-14,12,2+1,Match 2 + 1 Euro number,2 + 1,281826,9.3,2620981.8
617,2023-02-17,1,5+2,Match 5 + 2 Euro numbers,5 + 2,1,40254187.6,40254187.6
617,2023-02-17,2,5+1,Match 5 + 1 Euro number,5 + 1,1,3014279.1,3014279.1
617,2023-02-17,3,5+0,Match 5 + 0 Euro numbers,5 + 0,5,213698.4,1068492.0
617,2023-02-17,4,4+2,Match 4 + 2 Euro numbers,4 + 2,48,3671.7,176241.6
617,2023-02-17,5,4+1,Match 4 + 1 Euro number,4 + 1,868,253.8,220298.4
617,2023-02-17,6,3+2,Match 3 + 2 Euro numbers,3 + 2,1754,138.1,242227.4
617,2023-02-17,7,4+0,Match 4 + 0 Euro numbers,4 + 0,1621,108.7,176202.7
617,2023-02-17,8,2+2,Match 2 + 2 Euro numbers,2 + 2,24794,22.6,560344.4
617,2023-02-17,9,3+1,Match 3 + 1 Euro number,3 + 1,40108,16.1,645738.8
617,2023-02-17,10,3+0,Match 3 + 0 Euro numbers,3 + 0,72557,16.1,1168167.7
617,2023-02-17,11,1+2,Match 1 + 2 Euro numbers,1 + 2,125722,11.8,1483519.6
617,2023-02-17,12,2+1,Match 2 + 1 Euro number,2 + 1,546930,8.1,4430133.0
618,2023-02-21,1,5+2,Match 5 + 2 Euro numbers,5 + 2,1,10000000.0,10000000.0
618,2023-02-21,2,5+1,Match 5 + 1 Euro number,5 + 1,3,305860.7,917582.1
618,2023-02-21,3,5+0,Match 5 + 0 Euro numbers,5 + 0,4,129368.4,517473.6
618,2023-02-21,4,4+2,Match 4 + 2 Euro numbers,4 + 2,20,4267.8,85356.0
618,2023-02-21,5,4+1,Match 4 + 1 Euro number,4 + 1,347,307.4,106667.8
618,2023-02-21,6,3+2,Match 3 + 2 Euro numbers,3 + 2,918,127.8,117320.4
618,2023-02-21,7,4+0,Match 4 + 0 Euro numbers,4 + 0,782,109.1,85316.2
618,2023-02-21,8,2+2,Match 2 + 2 Euro numbers,2 + 2,12632,21.5,271588.0
618,2023-02-21,9,3+1,Match 3 + 1 Euro number,3 + 1,15998,19.0,303962.0
618,2023-02-21,10,3+0,Match 3 + 0 Euro numbers,3 + 0,32663,17.6,574868.8
618,2023-02-21,11,1+2,Match 1 + 2 Euro numbers,1 + 2,67421,10.6,714662.6
618,2023-02-21,12,2+1,Match 2 + 1 Euro number,2 + 1,227339,9.5,2159720.5
619,2023-02-24,1,5+2,Match 5 + 2 Euro numbers,5 + 2,0,0.0,0.0
619,2023-02-24,2,5+1,Match 5 + 1 Euro number,5 + 1,8,198576.7,1588613.6
619,2023-02-24,3,5+0,Match 5 + 0 Euro numbers,5 + 0,9,99544.9,895904.1
619,2023-02-24,4,4+2,Match 4 + 2 Euro numbers,4 + 2,51,2897.6,147777.6
619,2023-02-24,5,4+1,Match 4 + 1 Euro number,4 + 1,1002,184.3,184668.6
619,2023-02-24,6,3+2,Match 3 + 2 Euro numbers,3 + 2,1588,127.9,203105.2
619,2023-02-24,7,4+0,Match 4 + 0 Euro numbers,4 + 0,1920,76.9,147648.0
619,2023-02-24,8,2+2,Match 2 + 2 Euro numbers,2 + 2,21585,21.8,470553.0
619,2023-02-24,9,3+1,Match 3 + 1 Euro number,3 + 1,35339,14.8,523017.2
619,2023-02-24,10,3+0,Match 3 + 0 Euro numbers,3 + 0,69091,14.4,994910.4
619,2023-02-24,11,1+2,Match 1 + 2 Euro numbers,1 + 2,101755,12.2,1241411.0
619,2023-02-24,12,2+1,Match 2 + 1 Euro number,2 + 1,447393,8.3,3713361.9
620,2023-02-28,1,5+2,Match 5 + 2 Euro numbers,5 + 2,0,0.0,0.0
620,2023-02-28,2,5+1,Match 5 + 1 Euro number,5 + 1,1,954587.7,954587.7
620,2023-02-28,3,5+0,Match 5 + 0 Euro numbers,5 + 0,2,269171.5,538343.0
620,2023-02-28,4,4+2,Match 4 + 2 Euro numbers,4 + 2,37,2399.9,88796.3
620,2023-02-28,5,4+1,Match 4 + 1 Euro number,4 + 1,383,289.8,110993.4
620,2023-02-28,6,3+2,Match 3 + 2 Euro numbers,3 + 2,1083,115.7,125303.1
620,2023-02-28,7,4+0,Match 4 + 0 Euro numbers,4 + 0,739,115.7,85502.3
620,2023-02-28,8,2+2,Match 2 + 2 Euro numbers,2 + 2,15297,18.8,287583.6
620,2023-02-28,9,3+1,Match 3 + 1 Euro number,3 + 1,16506,18.8,310312.8
620,2023-02-28,10,3+0,Match 3 + 0 Euro numbers,3 + 0,34364,17.4,597933.6
620,2023-02-28,11,1+2,Match 1 + 2 Euro numbers,1 + 2,79581,9.4,748061.4
620,2023-02-28,12,2+1,Match 2 + 1 Euro number,2 + 1,238370,9.4,2240678.0
621,2023-03-03,1,5+2,Match 5 + 2 Euro numbers,5 + 2,0,0.0,0.0
621,2023-03-03,2,5+1,Match 5 + 1 Euro number,5 + 1,0,0.0,0.0
621,2023-03-03,3,5+0,Match 5 + 0 Euro numbers,5 + 0,2,490954.3,981908.6
621,2023-03-03,4,4+2,Match 4 + 2 Euro numbers,4 + 2,33,4908.0,161964.0
621,2023-03-03,5,4+1,Match 4 + 1 Euro number,4 + 1,510,396.9,202419.0
621,2023-03-03,6,3+2,Match 3 + 2 Euro numbers,3 + 2,1853,131.9,244410.7
621,2023-03-03,7,4+0,Match 4 + 0 Euro numbers,4 + 0,1063,131.9,140209.7
621,2023-03-03,8,2+2,Match 2 + 2 Euro numbers,2 + 2,30332,20.6,624839.2
621,2023-03-03,9,3+1,Match 3 + 1 Euro number,3 + 1,24945,20.6,513867.0
621,2023-03-03,10,3+0,Match 3 + 0 Euro numbers,3 + 0,50653,20.6,1043451.8
621,2023-03-03,11,1+2,Match 1 + 2 Euro numbers,1 + 2,181525,9.4,1706335.0
621,2023-03-03,12,2+1,Match 2 + 1 Euro number,2 + 1,398108,9.4,3742215.2
622,2023-03-07,1,5+2,Match 5 + 2 Euro numbers,5 + 2,0,0.0,0.0
622,2023-03-07,2,5+1,Match 5 + 1 Euro number,5 + 1,1,2787155.8,2787155.8
622,2023-03-07,3,5+0,Match 5 + 0 Euro numbers,5 + 0,2,294958.7,589917.4
622,2023-03-07,4,4+2,Match 4 + 2 Euro numbers,4 + 2,18,5405.8,97304.4
622,2023-03-07,5,4+1,Match 4 + 1 Euro number,4 + 1,369,329.6,121622.4
622,2023-03-07,6,3+2,Match 3 + 2 Euro numbers,3 + 2,1000,133.7,133700.0
622,2023-03-07,7,4+0,Match 4 + 0 Euro numbers,4 + 0,841,115.7,97303.7
622,2023-03-07,8,2+2,Match 2 + 2 Euro numbers,2 + 2,15287,20.2,308797.4
622,2023-03-07,9,3+1,Match 3 + 1 Euro number,3 + 1,19494,17.7,345043.8
622,2023-03-07,10,3+0,Match 3 + 0 Euro numbers,3 + 0,39612,16.5,653598.0
622,2023-03-07,11,1+2,Match 1 + 2 Euro numbers,1 + 2,78607,10.4,817512.8
622,2023-03-07,12,2+1,Match 2 + 1 Euro number,2 + 1,282540,8.7,2458098.0
623,2023-03-10,1,5+2,Match 5 + 2 Euro numbers,5 + 2,0,0.0,0.0
623,2023-03-10,2,5+1,Match 5 + 1 Euro number,5 + 1,6,304888.8,1829332.8
623,2023-03-10,3,5+0,Match 5 + 0 Euro numbers,5 + 0,7,147379.8,1031658.6
623,2023-03-10,4,4+2,Match 4 + 2 Euro numbers,4 + 2,23,7398.7,170170.1
623,2023-03-10,5,4+1,Match 4 + 1 Euro number,4 + 1,622,341.9,212661.8
623,2023-03-10,6,3+2,Match 3 + 2 Euro numbers,3 + 2,1110,210.7,233877.0
623,2023-03-10,7,4+0,Match 4 + 0 Euro numbers,4 + 0,1731,98.3,170157.3
623,2023-03-10,8,2+2,Match 2 + 2 Euro numbers,2 + 2,14282,37.9,541287.8
623,2023-03-10,9,3+1,Match 3 + 1 Euro number,3 + 1,26992,22.4,604620.8
623,2023-03-10,10,3+0,Match 3 + 0 Euro numbers,3 + 0,70763,17.5,1238352.5
623,2023-03-10,11,1+2,Match 1 + 2 Euro numbers,1 + 2,76268,17.5,1334690.0
623,2023-03-10,12,2+1,Match 2 + 1 Euro number,2 + 1,386360,11.1,4288596.0
624,2023-03-14,1,5+2,Match 5 + 2 Euro numbers,5 + 2,0,0.0,0.0
624,2023-03-14,2,5+1,Match 5 + 1 Euro number,5 + 1,1,1117249.4,1117249.4
624,2023-03-14,3,5+0,Match 5 + 0 Euro numbers,5 + 0,5,126015.3,630076.5
624,2023-03-14,4,4+2,Match 4 + 2 Euro numbers,4 + 2,23,4518.7,103930.1
624,2023-03-14,5,4+1,Match 4 + 1 Euro number,4 + 1,426,304.9,129887.4
624,2023-03-14,6,3+2,Match 3 + 2 Euro numbers,3 + 2,1066,134.0,142844.0
624,2023-03-14,7,4+0,Match 4 + 0 Euro numbers,4 + 0,1024,101.4,103833.6
624,2023-03-14,8,2+2,Match 2 + 2 Euro numbers,2 + 2,13937,23.7,330306.9
624,2023-03-14,9,3+1,Match 3 + 1 Euro number,3 + 1,18714,19.7,368665.8
624,2023-03-14,10,3+0,Match 3 + 0 Euro numbers,3 + 0,40923,17.1,699783.3
624,2023-03-14,11,1+2,Match 1 + 2 Euro numbers,1 + 2,74148,11.8,874946.4
624,2023-03-14,12,2+1,Match 2 + 1 Euro number,2 + 1,260286,10.1,2628888.6
625,2023-03-17,1,5+2,Match 5 + 2 Euro numbers,5 + 2,0,0.0,0.0
625,2023-03-17,2,5+1,Match 5 + 1 Euro number,5 + 1,3,645095.6,1935286.8
625,2023-03-17,3,5+0,Match 5 + 0 Euro numbers,5 + 0,12,90950.9,1091410.8
625,2023-03-17,4,4+2,Match 4 + 2 Euro numbers,4 + 2,39,4616.0,180024.0
625,2023-03-17,5,4+1,Match 4 + 1 Euro number,4 + 1,779,288.8,224975.2
625,2023-03-17,6,3+2,Match 3 + 2 Euro numbers,3 + 2,1547,160.0,247520.0
625,2023-03-17,7,4+0,Match 4 + 0 Euro numbers,4 + 0,1914,94.0,179916.0
625,2023-03-17,8,2+2,Match 2 + 2 Euro numbers,2 + 2,22264,25.7,572184.8
625,2023-03-17,9,3+1,Match 3 + 1 Euro number,3 + 1,32604,19.6,639038.4
625,2023-03-17,10,3+0,Match 3 + 0 Euro numbers,3 + 0,76510,15.8,1208858.0
625,2023-03-17,11,1+2,Match 1 + 2 Euro numbers,1 + 2,115768,13.1,1516560.8
625,2023-03-17,12,2+1,Match 2 + 1 Euro number,2 + 1,451857,10.1,4563755.7
626,2023-03-21,1,5+2,Match 5 + 2 Euro numbers,5 + 2,0,0.0,0.0
626,2023-03-21,2,5+1,Match 5 + 1 Euro number,5 + 1,0,0.0,0.0
626,2023-03-21,3,5+0,Match 5 + 0 Euro numbers,5 + 0,5,138175.2,690876.0
626,2023-03-21,4,4+2,Match 4 + 2 Euro numbers,4 + 2,24,4748.2,113956.8
626,2023-03-21,5,4+1,Match 4 + 1 Euro number,4 + 1,489,291.3,142445.7
626,2023-03-21,6,3+2,Match 3 + 2 Euro numbers,3 + 2,1215,128.9,156613.5
626,2023-03-21,7,4+0,Match 4 + 0 Euro numbers,4 + 0,965,118.0,113870.0
626,2023-03-21,8,2+2,Match 2 + 2 Euro numbers,2 + 2,16472,22.0,362384.0
626,2023-03-21,9,3+1,Match 3 + 1 Euro number,3 + 1,22275,18.2,405405.0
626,2023-03-21,10,3+0,Match 3 + 0 Euro numbers,3 + 0,44561,17.2,766449.2
626,2023-03-21,11,1+2,Match 1 + 2 Euro numbers,1 + 2,84297,11.4,960985.8
626,2023-03-21,12,2+1,Match 2 + 1 Euro number,2 + 1,316869,9.1,2883507.9
627,2023-03-24,1,5+2,Match 5 + 2 Euro numbers,5 + 2,0,0.0,0.0
627,2023-03-24,2,5+1,Match 5 + 1 Euro number,5 + 1,5,663892.6,3319463.0
627,2023-03-24,3,5+0,Match 5 + 0 Euro numbers,5 + 0,9,131238.4,1181145.6
627,2023-03-24,4,4+2,Match 4 + 2 Euro numbers,4 + 2,45,4329.5,194827.5
627,2023-03-24,5,4+1,Match 4 + 1 Euro number,4 + 1,798,305.1,243469.8
627,2023-03-24,6,3+2,Match 3 + 2 Euro numbers,3 + 2,2395,112.9,270395.5
627,2023-03-24,7,4+0,Match 4 + 0 Euro numbers,4 + 0,1702,112.9,192155.8
627,2023-03-24,8,2+2,Match 2 + 2 Euro numbers,2 + 2,35457,17.8,631134.6
627,2023-03-24,9,3+1,Match 3 + 1 Euro number,3 + 1,38076,17.8,677752.8
627,2023-03-24,10,3+0,Match 3 + 0 Euro numbers,3 + 0,75946,17.3,1313865.8
627,2023-03-24,11,1+2,Match 1 + 2 Euro numbers,1 + 2,183281,8.9,1631200.9
627,2023-03-24,12,2+1,Match 2 + 1 Euro number,2 + 1,549653,8.9,4891911.7
628,2023-03-28,1,5+2,Match 5 + 2 Euro numbers,5 + 2,1,73860867.7,73860867.7
628,2023-03-28,2,5+1,Match 5 + 1 Euro number,5 + 1,0,0.0,0.0
628,2023-03-28,3,5+0,Match 5 + 0 Euro numbers,5 + 0,2,399236.6,798473.2
628,2023-03-28,4,4+2,Match 4 + 2 Euro numbers,4 + 2,13,10131.3,131706.9
628,2023-03-28,5,4+1,Match 4 + 1 Euro number,4 + 1,455,361.8,164619.0
628,2023-03-28,6,3+2,Match 3 + 2 Euro numbers,3 + 2,820,220.8,181056.0
628,2023-03-28,7,4+0,Match 4 + 0 Euro numbers,4 + 0,1238,106.3,131599.4
628,2023-03-28,8,2+2,Match 2 + 2 Euro numbers,2 + 2,12333,34.0,419322.0
628,2023-03-28,9,3+1,Match 3 + 1 Euro number,3 + 1,19664,23.8,468003.2
628,2023-03-28,10,3+0,Match 3 + 0 Euro numbers,3 + 0,57446,16.2,930625.2
628,2023-03-28,11,1+2,Match 1 + 2 Euro numbers,1 + 2,65751,16.2,1065166.2
628,2023-03-28,12,2+1,Match 2 + 1 Euro number,2 + 1,289664,11.5,3331136.0
629,2023-03-31,1,5+2,Match 5 + 2 Euro numbers,5 + 2,1,10000000.0,10000000.0
629,2023-03-31,2,5+1,Match 5 + 1 Euro number,5 + 1,1,3029225.3,3029225.3
629,2023-03-31,3,5+0,Match 5 + 0 Euro numbers,5 + 0,6,151644.8,909868.8
629,2023-03-31,4,4+2,Match 4 + 2 Euro numbers,4 + 2,18,8337.8,150080.4
629,2023-03-31,5,4+1,Match 4 + 1 Euro number,4 + 1,455,412.3,187596.5
629,2023-03-31,6,3+2,Match 3 + 2 Euro numbers,3 + 2,846,243.9,206339.4
629,2023-03-31,7,4+0,Match 4 + 0 Euro numbers,4 + 0,1161,129.2,150001.2
629,2023-03-31,8,2+2,Match 2 + 2 Euro numbers,2 + 2,12493,38.2,477232.6
629,2023-03-31,9,3+1,Match 3 + 1 Euro number,3 + 1,22490,23.7,533013.0
629,2023-03-31,10,3+0,Match 3 + 0 Euro numbers,3 + 0,60036,18.0,1080648.0
629,2023-03-31,11,1+2,Match 1 + 2 Euro numbers,1 + 2,66307,18.0,1193526.0
629,2023-03-31,12,2+1,Match 2 + 1 Euro number,2 + 1,337657,11.2,3781758.4
630,2023-04-04,1,5+2,Match 5 + 2 Euro numbers,5 + 2,0,0.0,0.0
630,2023-04-04,2,5+1,Match 5 + 1 Euro number,5 + 1,1,928599.1,928599.1
630,2023-04-04,3,5+0,Match 5 + 0 Euro numbers,5 + 0,7,74812.3,523686.1
630,2023-04-04,4,4+2,Match 4 + 2 Euro numbers,4 + 2,31,2786.4,86378.4
630,2023-04-04,5,4+1,Match 4 + 1 Euro number,4 + 1,477,226.3,107945.1
630,2023-04-04,6,3+2,Match 3 + 2 Euro numbers,3 + 2,964,123.2,118764.8
630,2023-04-04,7,4+0,Match 4 + 0 Euro numbers,4 + 0,781,110.6,86378.6
630,2023-04-04,8,2+2,Match 2 + 2 Euro numbers,2 + 2,12090,22.7,274443.0
630,2023-04-04,9,3+1,Match 3 + 1 Euro number,3 + 1,20088,15.6,313372.8
630,2023-04-04,10,3+0,Match 3 + 0 Euro numbers,3 + 0,37006,15.6,577293.6
630,2023-04-04,11,1+2,Match 1 + 2 Euro numbers,1 + 2,60932,11.9,725090.8
630,2023-04-04,12,2+1,Match 2 + 1 Euro number,2 + 1,260689,8.4,2189787.6
631,2023-04-07,1,5+2,Match 5 + 2 Euro numbers,5 + 2,0,0.0,0.0
631,2023-04-07,2,5+1,Match 5 + 1 Euro number,5 + 1,3,524739.4,1574218.2
631,2023-04-07,3,5+0,Match 5 + 0 Euro numbers,5 + 0,9,98642.8,887785.2
631,2023-04-07,4,4+2,Match 4 + 2 Euro numbers,4 + 2,48,3050.8,146438.4
631,2023-04-07,5,4+1,Match 4 + 1 Euro number,4 + 1,708,258.5,183018.0
631,2023-04-07,6,3+2,Match 3 + 2 Euro numbers,3 + 2,1459,138.0,201342.0
631,2023-04-07,7,4+0,Match 4 + 0 Euro numbers,4 + 0,1544,94.8,146371.2
631,2023-04-07,8,2+2,Match 2 + 2 Euro numbers,2 + 2,19266,24.2,466237.2
631,2023-04-07,9,3+1,Match 3 + 1 Euro number,3 + 1,26245,19.8,519651.0
631,2023-04-07,10,3+0,Match 3 + 0 Euro numbers,3 + 0,59313,16.6,984595.8
631,2023-04-07,11,1+2,Match 1 + 2 Euro numbers,1 + 2,100308,12.3,1233788.4
631,2023-04-07,12,2+1,Match 2 + 1 Euro number,2 + 1,356553,10.4,3708151.2
632,2023-04-11,1,5+2,Match 5 + 2 Euro numbers,5 + 2,0,0.0,0.0
632,2023-04-11,2,5+1,Match 5 + 1 Euro number,5 + 1,1,922748.0,922748.0
632,2023-04-11,3,5+0,Match 5 + 0 Euro numbers,5 + 0,4,130096.7,520386.8
632,2023-04-11,4,4+2,Match 4 + 2 Euro numbers,4 + 2,22,3901.6,85835.2
632,2023-04-11,5,4+1,Match 4 + 1 Euro number,4 + 1,437,245.5,107283.5
632,2023-04-11,6,3+2,Match 3 + 2 Euro numbers,3 + 2,922,128.0,118016.0
632,2023-04-11,7,4+0,Match 4 + 0 Euro numbers,4 + 0,838,102.4,85811.2
632,2023-04-11,8,2+2,Match 2 + 2 Euro numbers,2 + 2,12267,22.3,273554.1
632,2023-04-11,9,3+1,Match 3 + 1 Euro number,3 + 1,17903,17.1,306141.3
632,2023-04-11,10,3+0,Match 3 + 0 Euro numbers,3 + 0,33742,17.1,576988.2
632,2023-04-11,11,1+2,Match 1 + 2 Euro numbers,1 + 2,63256,11.4,721118.4
632,2023-04-11,12,2+1,Match 2 + 1 Euro number,2 + 1,247721,8.7,2155172.7
633,2023-04-14,1,5+2,Match 5 + 2 Euro numbers,5 + 2,0,0.0,0.0
633,2023-04-14,2,5+1,Match 5 + 1 Euro number,5 + 1,5,343280.1,1716400.5
633,2023-04-14,3,5+0,Match 5 + 0 Euro numbers,5 + 0,11,87997.2,967969.2
633,2023-04-14,4,4+2,Match 4 + 2 Euro numbers,4 + 2,29,5505.6,159662.4
633,2023-04-14,5,4+1,Match 4 + 1 Euro number,4 + 1,711,280.7,199577.7
633,2023-04-14,6,3+2,Match 3 + 2 Euro numbers,3 + 2,1073,204.6,219535.8
633,2023-04-14,7,4+0,Match 4 + 0 Euro numbers,4 + 0,1977,80.7,159543.9
633,2023-04-14,8,2+2,Match 2 + 2 Euro numbers,2 + 2,15214,33.4,508147.6
633,2023-04-14,9,3+1,Match 3 + 1 Euro number,3 + 1,30146,18.8,566744.8
633,2023-04-14,10,3+0,Match 3 + 0 Euro numbers,3 + 0,85340,15.0,1280100.0
633,2023-04-14,11,1+2,Match 1 + 2 Euro numbers,1 + 2,75557,15.0,1133355.0
633,2023-04-14,12,2+1,Match 2 + 1 Euro number,2 + 1,393173,10.3,4049681.9
634,2023-04-18,1,5+2,Match 5 + 2 Euro numbers,5 + 2,0,0.0,0.0
634,2023-04-18,2,5+1,Match 5 + 1 Euro number,5 + 1,2,533282.3,1066564.6
634,2023-04-18,3,5+0,Match 5 + 0 Euro numbers,5 + 0,5,120298.5,601492.5
634,2023-04-18,4,4+2,Match 4 + 2 Euro numbers,4 + 2,25,3968.6,99215.0
634,2023-04-18,5,4+1,Match 4 + 1 Euro number,4 + 1,389,318.8,124013.2
634,2023-04-18,6,3+2,Match 3 + 2 Euro numbers,3 + 2,854,159.7,136383.8
634,2023-04-18,7,4+0,Match 4 + 0 Euro numbers,4 + 0,980,101.2,99176.0
634,2023-04-18,8,2+2,Match 2 + 2 Euro numbers,2 + 2,12054,26.2,315814.8
634,2023-04-18,9,3+1,Match 3 + 1 Euro number,3 + 1,16598,21.2,351877.6
634,2023-04-18,10,3+0,Match 3 + 0 Euro numbers,3 + 0,38014,17.6,669046.4
634,2023-04-18,11,1+2,Match 1 + 2 Euro numbers,1 + 2,64136,13.0,833768.0
634,2023-04-18,12,2+1,Match 2 + 1 Euro number,2 + 1,232760,10.8,2513808.0
635,2023-04-21,1,5+2,Match 5 + 2 Euro numbers,5 + 2,0,0.0,0.0
635,2023-04-21,2,5+1,Match 5 + 1 Euro number,5 + 1,1,1780701.2,1780701.2
635,2023-04-21,3,5+0,Match 5 + 0 Euro numbers,5 + 0,5,200846.5,1004232.5
635,2023-04-21,4,4+2,Match 4 + 2 Euro numbers,4 + 2,25,6625.8,165645.0
635,2023-04-21,5,4+1,Match 4 + 1 Euro number,4 + 1,550,376.4,207020.0
635,2023-04-21,6,3+2,Match 3 + 2 Euro numbers,3 + 2,1735,134.4,233184.0
635,2023-04-21,7,4+0,Match 4 + 0 Euro numbers,4 + 0,1191,134.4,160070.4
635,2023-04-21,8,2+2,Match 2 + 2 Euro numbers,2 + 2,26194,20.1,526499.4
635,2023-04-21,9,3+1,Match 3 + 1 Euro number,3 + 1,29400,20.0,588000.0
635,2023-04-21,10,3+0,Match 3 + 0 Euro numbers,3 + 0,58148,19.2,1116441.6
635,2023-04-21,11,1+2,Match 1 + 2 Euro numbers,1 + 2,143141,9.7,1388467.7
635,2023-04-21,12,2+1,Match 2 + 1 Euro number,2 + 1,444502,9.4,4178318.8
636,2023-04-25,1,5+2,Match 5 + 2 Euro numbers,5 + 2,1,46857546.2,46857546.2
636,2023-04-25,2,5+1,Match 5 + 1 Euro number,5 + 1,1,1185033.1,1185033.1
636,2023-04-25,3,5+0,Match 5 + 0 Euro numbers,5 + 0,4,167075.8,668303.2
636,2023-04-25,4,4+2,Match 4 + 2 Euro numbers,4 + 2,19,5801.8,110234.2
636,2023-04-25,5,4+1,Match 4 + 1 Euro number,4 + 1,422,326.5,137783.0
636,2023-04-25,6,3+2,Match 3 + 2 Euro numbers,3 + 2,994,152.4,151485.6
636,2023-04-25,7,4+0,Match 4 + 0 Euro numbers,4 + 0,880,125.2,110176.0
636,2023-04-25,8,2+2,Match 2 + 2 Euro numbers,2 + 2,13685,25.6,350336.0
636,2023-04-25,9,3+1,Match 3 + 1 Euro number,3 + 1,20159,19.4,391084.6
636,2023-04-25,10,3+0,Match 3 + 0 Euro numbers,3 + 0,44293,16.7,739693.1
636,2023-04-25,11,1+2,Match 1 + 2 Euro numbers,1 + 2,69420,13.3,923286.0
636,2023-04-25,12,2+1,Match 2 + 1 Euro number,2 + 1,293244,9.5,2785818.0
637,2023-04-28,1,5+2,Match 5 + 2 Euro numbers,5 + 2,0,0.0,0.0
637,2023-04-28,2,5+1,Match 5 + 1 Euro number,5 + 1,5,313679.1,1568395.5
637,2023-04-28,3,5+0,Match 5 + 0 Euro numbers,5 + 0,4,221125.5,884502.0
637,2023-04-28,4,4+2,Match 4 + 2 Euro numbers,4 + 2,28,5210.6,145896.8
637,2023-04-28,5,4+1,Match 4 + 1 Euro number,4 + 1,586,311.2,182363.2
637,2023-04-28,6,3+2,Match 3 + 2 Euro numbers,3 + 2,1291,155.3,200492.3
637,2023-04-28,7,4+0,Match 4 + 0 Euro numbers,4 + 0,1199,121.6,145798.4
637,2023-04-28,8,2+2,Match 2 + 2 Euro numbers,2 + 2,19109,24.3,464348.7
637,2023-04-28,9,3+1,Match 3 + 1 Euro number,3 + 1,27795,18.6,516987.0
637,2023-04-28,10,3+0,Match 3 + 0 Euro numbers,3 + 0,57161,17.2,983169.2
637,2023-04-28,11,1+2,Match 1 + 2 Euro numbers,1 + 2,101177,12.1,1224241.7
637,2023-04-28,12,2+1,Match 2 + 1 Euro number,2 + 1,413155,8.9,3677079.5
638,2023-05-02,1,5+2,Match 5 + 2 Euro numbers,5 + 2,1,13654127.0,13654127.0
638,2023-05-02,2,5+1,Match 5 + 1 Euro number,5 + 1,1,872930.3,872930.3
638,2023-05-02,3,5+0,Match 5 + 0 Euro numbers,5 + 0,7,70327.4,492291.8
638,2023-05-02,4,4+2,Match 4 + 2 Euro numbers,4 + 2,24,3383.4,81201.6
638,2023-05-02,5,4+1,Match 4 + 1 Euro number,4 + 1,270,375.9,101493.0
638,2023-05-02,6,3+2,Match 3 + 2 Euro numbers,3 + 2,714,156.3,111598.2
638,2023-05-02,7,4+0,Match 4 + 0 Euro numbers,4 + 0,1153,70.4,81171.2
638,2023-05-02,8,2+2,Match 2 + 2 Euro numbers,2 + 2,8281,31.2,258367.2
638,2023-05-02,9,3+1,Match 3 + 1 Euro number,3 + 1,11840,24.4,288896.0
638,2023-05-02,10,3+0,Match 3 + 0 Euro numbers,3 + 0,44728,14.7,657501.6
638,2023-05-02,11,1+2,Match 1 + 2 Euro numbers,1 + 2,39107,14.7,574872.9
638,2023-05-02,12,2+1,Match 2 + 1 Euro number,2 + 1,172241,11.9,2049667.9
639,2023-05-05,1,5+2,Match 5 + 2 Euro numbers,5 + 2,0,0.0,0.0
639,2023-05-05,2,5+1,Match 5 + 1 Euro number,5 + 1,1,1510609.6,1510609.6
639,2023-05-05,3,5+0,Match 5 + 0 Euro numbers,5 + 0,11,77446.6,851912.6
639,2023-05-05,4,4+2,Match 4 + 2 Euro numbers,4 + 2,36,3903.3,140518.8
639,2023-05-05,5,4+1,Match 4 + 1 Euro number,4 + 1,565,310.8,175602.0
639,2023-05-05,6,3+2,Match 3 + 2 Euro numbers,3 + 2,1369,141.1,193165.9
639,2023-05-05,7,4+0,Match 4 + 0 Euro numbers,4 + 0,1102,127.5,140505.0
639,2023-05-05,8,2+2,Match 2 + 2 Euro numbers,2 + 2,20568,21.7,446325.6
639,2023-05-05,9,3+1,Match 3 + 1 Euro number,3 + 1,25058,19.9,498654.2
639,2023-05-05,10,3+0,Match 3 + 0 Euro numbers,3 + 0,51358,18.4,944987.2
639,2023-05-05,11,1+2,Match 1 + 2 Euro numbers,1 + 2,106141,11.1,1178165.1
639,2023-05-05,12,2+1,Match 2 + 1 Euro number,2 + 1,390735,9.1,3555688.5
640,2023-05-09,1,5+2,Match 5 + 2 Euro numbers,5 + 2,0,0.0,0.0
640,2023-05-09,2,5+1,Match 5 + 1 Euro number,5 + 1,2,454431.8,908863.6
640,2023-05-09,3,5+0,Match 5 + 0 Euro numbers,5 + 0,9,56950.7,512556.3
640,2023-05-09,4,4+2,Match 4 + 2 Euro numbers,4 + 2,13,6503.4,84544.2
640,2023-05-09,5,4+1,Match 4 + 1 Euro number,4 + 1,377,280.3,105673.1
640,2023-05-09,6,3+2,Match 3 + 2 Euro numbers,3 + 2,664,175.0,116200.0
640,2023-05-09,7,4+0,Match 4 + 0 Euro numbers,4 + 0,750,112.7,84525.0
640,2023-05-09,8,2+2,Match 2 + 2 Euro numbers,2 + 2,10125,26.6,269325.0
640,2023-05-09,9,3+1,Match 3 + 1 Euro number,3 + 1,15964,18.8,300123.2
640,2023-05-09,10,3+0,Match 3 + 0 Euro numbers,3 + 0,31463,18.1,569480.3
640,2023-05-09,11,1+2,Match 1 + 2 Euro numbers,1 + 2,52984,13.4,709985.6
640,2023-05-09,12,2+1,Match 2 + 1 Euro number,2 + 1,239202,8.9,2128897.8
641,2023-05-12,1,5+2,Match 5 + 2 Euro numbers,5 + 2,0,0.0,0.0
641,2023-05-12,2,5+1,Match 5 + 1 Euro number,5 + 1,5,325560.5,1627802.5
641,2023-05-12,3,5+0,Match 5 + 0 Euro numbers,5 + 0,3,306001.6,918004.8
641,2023-05-12,4,4+2,Match 4 + 2 Euro numbers,4 + 2,28,5407.9,151421.2
641,2023-05-12,5,4+1,Match 4 + 1 Euro number,4 + 1,510,371.1,189261.0
641,2023-05-12,6,3+2,Match 3 + 2 Euro numbers,3 + 2,1700,132.0,224400.0
641,2023-05-12,7,4+0,Match 4 + 0 Euro numbers,4 + 0,1023,132.0,135036.0
641,2023-05-12,8,2+2,Match 2 + 2 Euro numbers,2 + 2,27403,19.3,528877.9
641,2023-05-12,9,3+1,Match 3 + 1 Euro number,3 + 1,25857,19.3,499040.1
641,2023-05-12,10,3+0,Match 3 + 0 Euro numbers,3 + 0,52287,19.3,1009139.1
641,2023-05-12,11,1+2,Match 1 + 2 Euro numbers,1 + 2,150846,9.3,1402867.8
641,2023-05-12,12,2+1,Match 2 + 1 Euro number,2 + 1,398921,9.3,3709965.3
642,2023-05-16,1,5+2,Match 5 + 2 Euro numbers,5 + 2,0,0.0,0.0
642,2023-05-16,2,5+1,Match 5 + 1 Euro number,5 + 1,0,0.0,0.0
642,2023-05-16,3,5+0,Match 5 + 0 Euro numbers,5 + 0,4,143281.4,573125.6
642,2023-05-16,4,4+2,Match 4 + 2 Euro numbers,4 + 2,17,5560.9,94535.3
642,2023-05-16,5,4+1,Match 4 + 1 Euro number,4 + 1,289,408.8,118143.2
642,2023-05-16,6,3+2,Match 3 + 2 Euro numbers,3 + 2,800,163.4,130720.0
642,2023-05-16,7,4+0,Match 4 + 0 Euro numbers,4 + 0,574,163.4,93791.6
642,2023-05-16,8,2+2,Match 2 + 2 Euro numbers,2 + 2,13274,23.2,307956.8
642,2023-05-16,9,3+1,Match 3 + 1 Euro number,3 + 1,14166,23.2,328651.2
642,2023-05-16,10,3+0,Match 3 + 0 Euro numbers,3 + 0,29307,21.7,635961.9
642,2023-05-16,11,1+2,Match 1 + 2 Euro numbers,1 + 2,78849,10.6,835799.4
642,2023-05-16,12,2+1,Match 2 + 1 Euro number,2 + 1,221377,10.6,2346596.2
643,2023-05-19,1,5+2,Match 5 + 2 Euro numbers,5 + 2,0,0.0,0.0
643,2023-05-19,2,5+1,Match 5 + 1 Euro number,5 + 1,3,905688.5,2717065.5
643,2023-05-19,3,5+0,Match 5 + 0 Euro numbers,5 + 0,10,95917.2,959172.0
643,2023-05-19,4,4+2,Match 4 + 2 Euro numbers,4 + 2,28,5650.5,158214.0
643,2023-05-19,5,4+1,Match 4 + 1 Euro number,4 + 1,686,288.2,197705.2
643,2023-05-19,6,3+2,Match 3 + 2 Euro numbers,3 + 2,973,223.5,217465.5
643,2023-05-19,7,4+0,Match 4 + 0 Euro numbers,4 + 0,1799,87.9,158132.1
643,2023-05-19,8,2+2,Match 2 + 2 Euro numbers,2 + 2,13578,37.1,503743.8
643,2023-05-19,9,3+1,Match 3 + 1 Euro number,3 + 1,28780,19.5,561210.0
643,2023-05-19,10,3+0,Match 3 + 0 Euro numbers,3 + 0,73435,16.5,1211677.5
643,2023-05-19,11,1+2,Match 1 + 2 Euro numbers,1 + 2,71783,16.5,1184419.5
643,2023-05-19,12,2+1,Match 2 + 1 Euro number,2 + 1,387055,10.3,3986666.5
644,2023-05-23,1,5+2,Match 5 + 2 Euro numbers,5 + 2,0,0.0,0.0
644,2023-05-23,2,5+1,Match 5 + 1 Euro number,5 + 1,1,1095941.7,1095941.7
644,2023-05-23,3,5+0,Match 5 + 0 Euro numbers,5 + 0,2,309030.0,618060.0
644,2023-05-23,4,4+2,Match 4 + 2 Euro numbers,4 + 2,13,7842.1,101947.3
644,2023-05-23,5,4+1,Match 4 + 1 Euro number,4 + 1,416,306.3,127420.8
644,2023-05-23,6,3+2,Match 3 + 2 Euro numbers,3 + 2,911,153.8,140111.8
644,2023-05-23,7,4+0,Match 4 + 0 Euro numbers,4 + 0,760,134.1,101916.0
644,2023-05-23,8,2+2,Match 2 + 2 Euro numbers,2 + 2,13019,24.9,324173.1
644,2023-05-23,9,3+1,Match 3 + 1 Euro number,3 + 1,19541,18.5,361508.5
644,2023-05-23,10,3+0,Match 3 + 0 Euro numbers,3 + 0,37325,18.4,686780.0
644,2023-05-23,11,1+2,Match 1 + 2 Euro numbers,1 + 2,66334,12.9,855708.6
644,2023-05-23,12,2+1,Match 2 + 1 Euro number,2 + 1,288023,8.9,2563404.7
645,2023-05-26,1,5+2,Match 5 + 2 Euro numbers,5 + 2,0,0.0,0.0
645,2023-05-26,2,5+1,Match 5 + 1 Euro number,5 + 1,4,459981.2,1839924.8
645,2023-05-26,3,5+0,Match 5 + 0 Euro numbers,5 + 0,6,172938.6,1037631.6
645,2023-05-26,4,4+2,Match 4 + 2 Euro numbers,4 + 2,35,4890.1,171153.5
645,2023-05-26,5,4+1,Match 4 + 1 Euro number,4 + 1,519,412.2,213931.8
645,2023-05-26,6,3+2,Match 3 + 2 Euro numbers,3 + 2,1744,141.3,246427.2
645,2023-05-26,7,4+0,Match 4 + 0 Euro numbers,4 + 0,1131,141.3,159810.3
645,2023-05-26,8,2+2,Match 2 + 2 Euro numbers,2 + 2,27234,21.3,580084.2
645,2023-05-26,9,3+1,Match 3 + 1 Euro number,3 + 1,26982,21.3,574716.6
645,2023-05-26,10,3+0,Match 3 + 0 Euro numbers,3 + 0,56632,20.4,1155292.8
645,2023-05-26,11,1+2,Match 1 + 2 Euro numbers,1 + 2,156424,9.9,1548597.6
645,2023-05-26,12,2+1,Match 2 + 1 Euro number,2 + 1,424169,9.9,4199273.1
646,2023-05-30,1,5+2,Match 5 + 2 Euro numbers,5 + 2,0,0.0,0.0
646,2023-05-30,2,5+1,Match 5 + 1 Euro number,5 + 1,3,383874.1,1151622.3
646,2023-05-30,3,5+0,Match 5 + 0 Euro numbers,5 + 0,5,129892.3,649461.5
646,2023-05-30,4,4+2,Match 4 + 2 Euro numbers,4 + 2,24,4463.6,107126.4
646,2023-05-30,5,4+1,Match 4 + 1 Euro number,4 + 1,458,292.3,133873.4
646,2023-05-30,6,3+2,Match 3 + 2 Euro numbers,3 + 2,998,147.5,147205.0
646,2023-05-30,7,4+0,Match 4 + 0 Euro numbers,4 + 0,975,109.8,107055.0
646,2023-05-30,8,2+2,Match 2 + 2 Euro numbers,2 + 2,13962,24.4,340672.8
646,2023-05-30,9,3+1,Match 3 + 1 Euro number,3 + 1,20842,18.3,381408.6
646,2023-05-30,10,3+0,Match 3 + 0 Euro numbers,3 + 0,42927,16.8,721173.6
646,2023-05-30,11,1+2,Match 1 + 2 Euro numbers,1 + 2,72679,12.4,901219.6
646,2023-05-30,12,2+1,Match 2 + 1 Euro number,2 + 1,295786,9.1,2691652.6
647,2023-06-02,1,5+2,Match 5 + 2 Euro numbers,5 + 2,0,0.0,0.0
647,2023-06-02,2,5+1,Match 5 + 1 Euro number,5 + 1,5,418181.9,2090909.5
647,2023-06-02,3,5+0,Match 5 + 0 Euro numbers,5 + 0,13,90705.8,1179175.4
647,2023-06-02,4,4+2,Match 4 + 2 Euro numbers,4 + 2,35,5557.2,194502.0
647,2023-06-02,5,4+1,Match 4 + 1 Euro number,4 + 1,721,337.2,243121.2
647,2023-06-02,6,3+2,Match 3 + 2 Euro numbers,3 + 2,1346,198.6,267315.6
647,2023-06-02,7,4+0,Match 4 + 0 Euro numbers,4 + 0,1944,100.0,194400.0
647,2023-06-02,8,2+2,Match 2 + 2 Euro numbers,2 + 2,18849,32.8,618247.2
647,2023-06-02,9,3+1,Match 3 + 1 Euro number,3 + 1,32495,21.3,692143.5
647,2023-06-02,10,3+0,Match 3 + 0 Euro numbers,3 + 0,86903,15.8,1373067.4
647,2023-06-02,11,1+2,Match 1 + 2 Euro numbers,1 + 2,99085,15.8,1565543.0
647,2023-06-02,12,2+1,Match 2 + 1 Euro number,2 + 1,470847,10.4,4896808.8
648,2023-06-06,1,5+2,Match 5 + 2 Euro numbers,5 + 2,0,0.0,0.0
648,2023-06-06,2,5+1,Match 5 + 1 Euro number,5 + 1,4,379055.2,1516220.8
648,2023-06-06,3,5+0,Match 5 + 0 Euro numbers,5 + 0,4,213769.5,855078.0
648,2023-06-06,4,4+2,Match 4 + 2 Euro numbers,4 + 2,38,3711.6,141040.8
648,2023-06-06,5,4+1,Match 4 + 1 Euro number,4 + 1,720,244.8,176256.0
648,2023-06-06,6,3+2,Match 3 + 2 Euro numbers,3 + 2,1556,124.6,193877.6
648,2023-06-06,7,4+0,Match 4 + 0 Euro numbers,4 + 0,1591,88.6,140962.6
648,2023-06-06,8,2+2,Match 2 + 2 Euro numbers,2 + 2,21211,21.1,447552.1
648,2023-06-06,9,3+1,Match 3 + 1 Euro number,3 + 1,30742,16.3,501094.6
648,2023-06-06,10,3+0,Match 3 + 0 Euro numbers,3 + 0,67615,14.0,946610.0
648,2023-06-06,11,1+2,Match 1 + 2 Euro numbers,1 + 2,103196,11.5,1186754.0
648,2023-06-06,12,2+1,Match 2 + 1 Euro number,2 + 1,416023,8.6,3577797.8
649,2023-06-09,1,5+2,Match 5 + 2 Euro numbers,5 + 2,0,0.0,0.0
649,2023-06-09,2,5+1,Match 5 + 1 Euro number,5 + 1,17,147685.2,2510648.4
649,2023-06-09,3,5+0,Match 5 + 0 Euro numbers,5 + 0,19,74520.4,1415887.6
649,2023-06-09,4,4+2,Match 4 + 2 Euro numbers,4 + 2,91,2566.4,233542.4
649,2023-06-09,5,4+1,Match 4 + 1 Euro number,4 + 1,1826,159.8,291794.8
649,2023-06-09,6,3+2,Match 3 + 2 Euro numbers,3 + 2,2748,116.8,320966.4
649,2023-06-09,7,4+0,Match 4 + 0 Euro numbers,4 + 0,3451,67.6,233287.6
649,2023-06-09,8,2+2,Match 2 + 2 Euro numbers,2 + 2,36273,20.5,743596.5
649,2023-06-09,9,3+1,Match 3 + 1 Euro number,3 + 1,47187,17.6,830491.2
649,2023-06-09,10,3+0,Match 3 + 0 Euro numbers,3 + 0,94132,16.7,1572004.4
649,2023-06-09,11,1+2,Match 1 + 2 Euro numbers,1 + 2,179757,10.9,1959351.3
649,2023-06-09,12,2+1,Match 2 + 1 Euro number,2 + 1,653680,9.0,5883120.0
650,2023-06-13,1,5+2,Match 5 + 2 Euro numbers,5 + 2,0,0.0,0.0
650,2023-06-13,2,5+1,Match 5 + 1 Euro number,5 + 1,5,419640.4,2098202.0
650,2023-06-13,3,5+0,Match 5 + 0 Euro numbers,5 + 0,5,236657.6,1183288.0
650,2023-06-13,4,4+2,Match 4 + 2 Euro numbers,4 + 2,39,5004.6,195179.4
650,2023-06-13,5,4+1,Match 4 + 1 Euro number,4 + 1,817,298.6,243956.2
650,2023-06-13,6,3+2,Match 3 + 2 Euro numbers,3 + 2,1927,139.2,268238.4
650,2023-06-13,7,4+0,Match 4 + 0 Euro numbers,4 + 0,1526,127.9,195175.4
650,2023-06-13,8,2+2,Match 2 + 2 Euro numbers,2 + 2,28577,21.7,620120.9
650,2023-06-13,9,3+1,Match 3 + 1 Euro number,3 + 1,34018,20.4,693967.2
650,2023-06-13,10,3+0,Match 3 + 0 Euro numbers,3 + 0,69668,18.9,1316725.2
650,2023-06-13,11,1+2,Match 1 + 2 Euro numbers,1 + 2,158267,10.4,1645976.8
650,2023-06-13,12,2+1,Match 2 + 1 Euro number,2 + 1,501190,9.8,4911662.0
651,2023-06-16,1,5+2,Match 5 + 2 Euro numbers,5 + 2,0,0.0,0.0
651,2023-06-16,2,5+1,Match 5 + 1 Euro number,5 + 1,4,896062.7,3584250.8
651,2023-06-16,3,5+0,Match 5 + 0 Euro numbers,5 + 0,11,183759.1,2021350.1
651,2023-06-16,4,4+2,Match 4 + 2 Euro numbers,4 + 2,61,5465.8,333413.8
651,2023-06-16,5,4+1,Match 4 + 1 Euro number,4 + 1,1565,266.3,416759.5
651,2023-06-16,6,3+2,Match 3 + 2 Euro numbers,3 + 2,2427,188.8,458217.6
651,2023-06-16,7,4+0,Match 4 + 0 Euro numbers,4 + 0,3415,97.6,333304.0
651,2023-06-16,8,2+2,Match 2 + 2 Euro numbers,2 + 2,32799,32.4,1062687.6
651,2023-06-16,9,3+1,Match 3 + 1 Euro number,3 + 1,57645,20.6,1187487.0
651,2023-06-16,10,3+0,Match 3 + 0 Euro numbers,3 + 0,142479,16.0,2279664.0
651,2023-06-16,11,1+2,Match 1 + 2 Euro numbers,1 + 2,172866,16.0,2765856.0
651,2023-06-16,12,2+1,Match 2 + 1 Euro number,2 + 1,816039,10.3,8405201.7
652,2023-06-20,1,5+2,Match 5 + 2 Euro numbers,5 + 2,0,0.0,0.0
652,2023-06-20,2,5+1,Match 5 + 1 Euro number,5 + 1,3,5330105.0,15990315.0
652,2023-06-20,3,5+0,Match 5 + 0 Euro numbers,5 + 0,11,163625.7,1799882.7
652,2023-06-20,4,4+2,Match 4 + 2 Euro numbers,4 + 2,59,5031.9,296882.1
652,2023-06-20,5,4+1,Match 4 + 1 Euro number,4 + 1,1208,307.2,371097.6
652,2023-06-20,6,3+2,Match 3 + 2 Euro numbers,3 + 2,2415,169.0,408135.0
652,2023-06-20,7,4+0,Match 4 + 0 Euro numbers,4 + 0,2876,103.2,296803.2
652,2023-06-20,8,2+2,Match 2 + 2 Euro numbers,2 + 2,35026,27.0,945702.0
652,2023-06-20,9,3+1,Match 3 + 1 Euro number,3 + 1,50479,20.9,1055011.1
652,2023-06-20,10,3+0,Match 3 + 0 Euro numbers,3 + 0,118245,16.9,1998340.5
652,2023-06-20,11,1+2,Match 1 + 2 Euro numbers,1 + 2,193026,12.9,2490035.4
652,2023-06-20,12,2+1,Match 2 + 1 Euro number,2 + 1,728922,10.3,7507896.6
653,2023-06-23,1,5+2,Match 5 + 2 Euro numbers,5 + 2,1,120000000.0,120000000.0
653,2023-06-23,2,5+1,Match 5 + 1 Euro number,5 + 1,11,2275342.2,25028764.2
653,2023-06-23,3,5+0,Match 5 + 0 Euro numbers,5 + 0,11,213920.5,2353125.5
653,2023-06-23,4,4+2,Match 4 + 2 Euro numbers,4 + 2,96,4043.1,388137.6
653,2023-06-23,5,4+1,Match 4 + 1 Euro number,4 + 1,1680,288.7,485016.0
653,2023-06-23,6,3+2,Match 3 + 2 Euro numbers,3 + 2,3855,138.4,533532.0
653,2023-06-23,7,4+0,Match 4 + 0 Euro numbers,4 + 0,3729,104.0,387816.0
653,2023-06-23,8,2+2,Match 2 + 2 Euro numbers,2 + 2,56130,22.0,1234860.0
653,2023-06-23,9,3+1,Match 3 + 1 Euro number,3 + 1,74724,18.5,1382394.0
653,2023-06-23,10,3+0,Match 3 + 0 Euro numbers,3 + 0,162591,16.1,2617715.1
653,2023-06-23,11,1+2,Match 1 + 2 Euro numbers,1 + 2,291086,11.2,3260163.2
653,2023-06-23,12,2+1,Match 2 + 1 Euro number,2 + 1,1069382,9.2,9838314.4
654,2023-06-27,1,5+2,Match 5 + 2 Euro numbers,5 + 2,0,0.0,0.0
654,2023-06-27,2,5+1,Match 5 + 1 Euro number,5 + 1,0,0.0,0.0
654,2023-06-27,3,5+0,Match 5 + 0 Euro numbers,5 + 0,3,211222.5,633667.5
654,2023-06-27,4,4+2,Match 4 + 2 Euro numbers,4 + 2,43,2430.7,104520.1
654,2023-06-27,5,4+1,Match 4 + 1 Euro number,4 + 1,519,251.7,130632.3
654,2023-06-27,6,3+2,Match 3 + 2 Euro numbers,3 + 2,1301,110.4,143630.4
654,2023-06-27,7,4+0,Match 4 + 0 Euro numbers,4 + 0,1110,94.1,104451.0
654,2023-06-27,8,2+2,Match 2 + 2 Euro numbers,2 + 2,17923,18.5,331575.5
654,2023-06-27,9,3+1,Match 3 + 1 Euro number,3 + 1,22194,16.7,370639.8
654,2023-06-27,10,3+0,Match 3 + 0 Euro numbers,3 + 0,46757,15.0,701355.0
654,2023-06-27,11,1+2,Match 1 + 2 Euro numbers,1 + 2,87216,10.1,880881.6
654,2023-06-27,12,2+1,Match 2 + 1 Euro number,2 + 1,307052,8.6,2640647.2
655,2023-06-30,1,5+2,Match 5 + 2 Euro numbers,5 + 2,0,0.0,0.0
655,2023-06-30,2,5+1,Match 5 + 1 Euro number,5 + 1,2,1416171.7,2832343.4
655,2023-06-30,3,5+0,Match 5 + 0 Euro numbers,5 + 0,2,481821.1,963642.2
655,2023-06-30,4,4+2,Match 4 + 2 Euro numbers,4 + 2,32,4967.2,158950.4
655,2023-06-30,5,4+1,Match 4 + 1 Euro number,4 + 1,693,286.7,198683.1
655,2023-06-30,6,3+2,Match 3 + 2 Euro numbers,3 + 2,1613,135.4,218400.2
655,2023-06-30,7,4+0,Match 4 + 0 Euro numbers,4 + 0,1445,110.0,158950.0
655,2023-06-30,8,2+2,Match 2 + 2 Euro numbers,2 + 2,22456,22.5,505260.0
655,2023-06-30,9,3+1,Match 3 + 1 Euro number,3 + 1,29853,18.9,564221.7
655,2023-06-30,10,3+0,Match 3 + 0 Euro numbers,3 + 0,64436,16.6,1069637.6
655,2023-06-30,11,1+2,Match 1 + 2 Euro numbers,1 + 2,121646,11.0,1338106.0
655,2023-06-30,12,2+1,Match 2 + 1 Euro number,2 + 1,414767,9.7,4023239.9
656,2023-07-04,1,5+2,Match 5 + 2 Euro numbers,5 + 2,0,0.0,0.0
656,2023-07-04,2,5+1,Match 5 + 1 Euro number,5 + 1,3,380299.8,1140899.4
656,2023-07-04,3,5+0,Match 5 + 0 Euro numbers,5 + 0,6,107235.7,643414.2
656,2023-07-04,4,4+2,Match 4 + 2 Euro numbers,4 + 2,14,7580.7,106129.8
656,2023-07-04,5,4+1,Match 4 + 1 Euro number,4 + 1,450,294.8,132660.0
656,2023-07-04,6,3+2,Match 3 + 2 Euro numbers,3 + 2,701,208.1,145878.1
656,2023-07-04,7,4+0,Match 4 + 0 Euro numbers,4 + 0,1098,96.6,106066.8
656,2023-07-04,8,2+2,Match 2 + 2 Euro numbers,2 + 2,10467,32.3,338084.1
656,2023-07-04,9,3+1,Match 3 + 1 Euro number,3 + 1,18510,20.4,377604.0
656,2023-07-04,10,3+0,Match 3 + 0 Euro numbers,3 + 0,45377,16.1,730569.7
656,2023-07-04,11,1+2,Match 1 + 2 Euro numbers,1 + 2,54480,16.1,877128.0
656,2023-07-04,12,2+1,Match 2 + 1 Euro number,2 + 1,257848,10.4,2681619.2
657,2023-07-07,1,5+2,Match 5 + 2 Euro numbers,5 + 2,0,0.0,0.0
657,2023-07-07,2,5+1,Match 5 + 1 Euro number,5 + 1,3,610637.4,1831912.2
657,2023-07-07,3,5+0,Match 5 + 0 Euro numbers,5 + 0,9,114790.3,1033112.7
657,2023-07-07,4,4+2,Match 4 + 2 Euro numbers,4 + 2,32,5325.3,170409.6
657,2023-07-07,5,4+1,Match 4 + 1 Euro number,4 + 1,606,351.5,213009.0
657,2023-07-07,6,3+2,Match 3 + 2 Euro numbers,3 + 2,1779,134.2,238741.8
657,2023-07-07,7,4+0,Match 4 + 0 Euro numbers,4 + 0,1235,134.2,165737.0
657,2023-07-07,8,2+2,Match 2 + 2 Euro numbers,2 + 2,27993,20.3,568257.9
657,2023-07-07,9,3+1,Match 3 + 1 Euro number,3 + 1,28490,20.3,578347.0
657,2023-07-07,10,3+0,Match 3 + 0 Euro numbers,3 + 0,57961,19.8,1147627.8
657,2023-07-07,11,1+2,Match 1 + 2 Euro numbers,1 + 2,154642,9.7,1500027.4
657,2023-07-07,12,2+1,Match 2 + 1 Euro number,2 + 1,434170,9.7,4211449.0
658,2023-07-11,1,5+2,Match 5 + 2 Euro numbers,5 + 2,0,0.0,0.0
658,2023-07-11,2,5+1,Match 5 + 1 Euro number,5 + 1,1,1196830.2,1196830.2
658,2023-07-11,3,5+0,Match 5 + 0 Euro numbers,5 + 0,2,337478.3,674956.6
658,2023-07-11,4,4+2,Match 4 + 2 Euro numbers,4 + 2,18,6185.1,111331.8
658,2023-07-11,5,4+1,Match 4 + 1 Euro number,4 + 1,381,365.2,139141.2
658,2023-07-11,6,3+2,Match 3 + 2 Euro numbers,3 + 2,868,176.3,153028.4
658,2023-07-11,7,4+0,Match 4 + 0 Euro numbers,4 + 0,1059,105.1,111300.9
658,2023-07-11,8,2+2,Match 2 + 2 Euro numbers,2 + 2,12889,27.5,354447.5
658,2023-07-11,9,3+1,Match 3 + 1 Euro number,3 + 1,19077,20.7,394893.9
658,2023-07-11,10,3+0,Match 3 + 0 Euro numbers,3 + 0,48028,15.6,749236.8
658,2023-07-11,11,1+2,Match 1 + 2 Euro numbers,1 + 2,65876,14.2,935439.2
658,2023-07-11,12,2+1,Match 2 + 1 Euro number,2 + 1,276081,10.2,2816026.2
659,2023-07-14,1,5+2,Match 5 + 2 Euro numbers,5 + 2,0,0.0,0.0
659,2023-07-14,2,5+1,Match 5 + 1 Euro number,5 + 1,3,657651.2,1972953.6
659,2023-07-14,3,5+0,Match 5 + 0 Euro numbers,5 + 0,4,278163.5,1112654.0
659,2023-07-14,4,4+2,Match 4 + 2 Euro numbers,4 + 2,45,4078.4,183528.0
659,2023-07-14,5,4+1,Match 4 + 1 Euro number,4 + 1,698,328.6,229362.8
659,2023-07-14,6,3+2,Match 3 + 2 Euro numbers,3 + 2,1827,138.1,252308.7
659,2023-07-14,7,4+0,Match 4 + 0 Euro numbers,4 + 0,1624,113.0,183512.0
659,2023-07-14,8,2+2,Match 2 + 2 Euro numbers,2 + 2,25877,22.6,584820.2
659,2023-07-14,9,3+1,Match 3 + 1 Euro number,3 + 1,33079,19.7,651656.3
659,2023-07-14,10,3+0,Match 3 + 0 Euro numbers,3 + 0,71243,17.3,1232503.9
659,2023-07-14,11,1+2,Match 1 + 2 Euro numbers,1 + 2,139496,11.1,1548405.6
659,2023-07-14,12,2+1,Match 2 + 1 Euro number,2 + 1,482274,9.6,4629830.4
660,2023-07-18,1,5+2,Match 5 + 2 Euro numbers,5 + 2,0,0.0,0.0
660,2023-07-18,2,5+1,Match 5 + 1 Euro number,5 + 1,2,683091.7,1366183.4
660,2023-07-18,3,5+0,Match 5 + 0 Euro numbers,5 + 0,3,256821.3,770463.9
660,2023-07-18,4,4+2,Match 4 + 2 Euro numbers,4 + 2,18,7060.3,127085.4
660,2023-07-18,5,4+1,Match 4 + 1 Euro number,4 + 1,419,379.1,158842.9
660,2023-07-18,6,3+2,Match 3 + 2 Euro numbers,3 + 2,881,198.3,174702.3
660,2023-07-18,7,4+0,Match 4 + 0 Euro numbers,4 + 0,968,131.2,127001.6
660,2023-07-18,8,2+2,Match 2 + 2 Euro numbers,2 + 2,13712,29.5,404504.0
660,2023-07-18,9,3+1,Match 3 + 1 Euro number,3 + 1,19915,22.7,452070.5
660,2023-07-18,10,3+0,Match 3 + 0 Euro numbers,3 + 0,44724,19.1,854228.4
660,2023-07-18,11,1+2,Match 1 + 2 Euro numbers,1 + 2,77087,13.9,1071509.3
660,2023-07-18,12,2+1,Match 2 + 1 Euro number,2 + 1,298860,10.7,3197802.0
661,2023-07-21,1,5+2,Match 5 + 2 Euro numbers,5 + 2,0,0.0,0.0
661,2023-07-21,2,5+1,Match 5 + 1 Euro number,5 + 1,3,726423.6,2179270.8
661,2023-07-21,3,5+0,Match 5 + 0 Euro numbers,5 + 0,6,204834.5,1229007.0
661,2023-07-21,4,4+2,Match 4 + 2 Euro numbers,4 + 2,71,2855.2,202719.2
661,2023-07-21,5,4+1,Match 4 + 1 Euro number,4 + 1,923,274.5,253363.5
661,2023-07-21,6,3+2,Match 3 + 2 Euro numbers,3 + 2,2392,116.5,278668.0
661,2023-07-21,7,4+0,Match 4 + 0 Euro numbers,4 + 0,1967,103.0,202601.0
661,2023-07-21,8,2+2,Match 2 + 2 Euro numbers,2 + 2,31444,20.5,644602.0
661,2023-07-21,9,3+1,Match 3 + 1 Euro number,3 + 1,38471,18.7,719407.7
661,2023-07-21,10,3+0,Match 3 + 0 Euro numbers,3 + 0,79891,17.1,1366136.1
661,2023-07-21,11,1+2,Match 1 + 2 Euro numbers,1 + 2,164646,10.3,1695853.8
661,2023-07-21,12,2+1,Match 2 + 1 Euro number,2 + 1,545627,9.4,5128893.8
662,2023-07-25,1,5+2,Match 5 + 2 Euro numbers,5 + 2,0,0.0,0.0
662,2023-07-25,2,5+1,Match 5 + 1 Euro number,5 + 1,5,314902.2,1574511.0
662,2023-07-25,3,5+0,Match 5 + 0 Euro numbers,5 + 0,9,98661.2,887950.8
662,2023-07-25,4,4+2,Match 4 + 2 Euro numbers,4 + 2,33,4438.3,146463.9
662,2023-07-25,5,4+1,Match 4 + 1 Euro number,4 + 1,861,212.6,183048.6
662,2023-07-25,6,3+2,Match 3 + 2 Euro numbers,3 + 2,1562,128.9,201341.8
662,2023-07-25,7,4+0,Match 4 + 0 Euro numbers,4 + 0,1517,96.5,146390.5
662,2023-07-25,8,2+2,Match 2 + 2 Euro numbers,2 + 2,19924,23.4,466221.6
662,2023-07-25,9,3+1,Match 3 + 1 Euro number,3 + 1,35217,15.3,538820.1
662,2023-07-25,10,3+0,Match 3 + 0 Euro numbers,3 + 0,63245,15.3,967648.5
662,2023-07-25,11,1+2,Match 1 + 2 Euro numbers,1 + 2,95789,12.9,1235678.1
662,2023-07-25,12,2+1,Match 2 + 1 Euro number,2 + 1,453830,8.1,3676023.0
663,2023-07-28,1,5+2,Match 5 + 2 Euro numbers,5 + 2,0,0.0,0.0
663,2023-07-28,2,5+1,Match 5 + 1 Euro number,5 + 1,2,1259396.5,2518793.0
663,2023-07-28,3,5+0,Match 5 + 0 Euro numbers,5 + 0,19,74762.2,1420481.8
663,2023-07-28,4,4+2,Match 4 + 2 Euro numbers,4 + 2,77,3042.9,234303.3
663,2023-07-28,5,4+1,Match 4 + 1 Euro number,4 + 1,1062,275.7,292793.4
663,2023-07-28,6,3+2,Match 3 + 2 Euro numbers,3 + 2,2858,113.1,323239.8
663,2023-07-28,7,4+0,Match 4 + 0 Euro numbers,4 + 0,2060,113.1,232986.0
663,2023-07-28,8,2+2,Match 2 + 2 Euro numbers,2 + 2,43629,18.5,807136.5
663,2023-07-28,9,3+1,Match 3 + 1 Euro number,3 + 1,41680,18.5,771080.0
663,2023-07-28,10,3+0,Match 3 + 0 Euro numbers,3 + 0,85485,18.5,1581472.5
663,2023-07-28,11,1+2,Match 1 + 2 Euro numbers,1 + 2,246142,9.2,2264506.4
663,2023-07-28,12,2+1,Match 2 + 1 Euro number,2 + 1,613768,9.2,5646665.6
664,2023-08-01,1,5+2,Match 5 + 2 Euro numbers,5 + 2,0,0.0,0.0
664,2023-08-01,2,5+1,Match 5 + 1 Euro number,5 + 1,6,355037.4,2130224.4
664,2023-08-01,3,5+0,Match 5 + 0 Euro numbers,5 + 0,7,171621.1,1201347.7
664,2023-08-01,4,4+2,Match 4 + 2 Euro numbers,4 + 2,21,9436.2,198160.2
664,2023-08-01,5,4+1,Match 4 + 1 Euro number,4 + 1,640,387.0,247680.0
664,2023-08-01,6,3+2,Match 3 + 2 Euro numbers,3 + 2,1317,206.8,272355.6
664,2023-08-01,7,4+0,Match 4 + 0 Euro numbers,4 + 0,1375,144.1,198137.5
664,2023-08-01,8,2+2,Match 2 + 2 Euro numbers,2 + 2,20330,31.0,630230.0
664,2023-08-01,9,3+1,Match 3 + 1 Euro number,3 + 1,29167,24.2,705841.4
664,2023-08-01,10,3+0,Match 3 + 0 Euro numbers,3 + 0,70272,19.0,1335168.0
664,2023-08-01,11,1+2,Match 1 + 2 Euro numbers,1 + 2,110304,15.1,1665590.4
664,2023-08-01,12,2+1,Match 2 + 1 Euro number,2 + 1,456517,11.0,5021687.0
665,2023-08-04,1,5+2,Match 5 + 2 Euro numbers,5 + 2,1,117242385.8,117242385.8
665,2023-08-04,2,5+1,Match 5 + 1 Euro number,5 + 1,9,383576.8,3452191.2
665,2023-08-04,3,5+0,Match 5 + 0 Euro numbers,5 + 0,25,77875.0,1946875.0
665,2023-08-04,4,4+2,Match 4 + 2 Euro numbers,4 + 2,61,5264.4,321128.4
665,2023-08-04,5,4+1,Match 4 + 1 Euro number,4 + 1,1716,233.9,401372.4
665,2023-08-04,6,3+2,Match 3 + 2 Euro numbers,3 + 2,3101,142.3,441272.3
665,2023-08-04,7,4+0,Match 4 + 0 Euro numbers,4 + 0,3479,92.3,321111.7
665,2023-08-04,8,2+2,Match 2 + 2 Euro numbers,2 + 2,43858,23.3,1021891.4
665,2023-08-04,9,3+1,Match 3 + 1 Euro number,3 + 1,69584,16.4,1141177.6
665,2023-08-04,10,3+0,Match 3 + 0 Euro numbers,3 + 0,138022,15.7,2166945.4
665,2023-08-04,11,1+2,Match 1 + 2 Euro numbers,1 + 2,225187,12.0,2702244.0
665,2023-08-04,12,2+1,Match 2 + 1 Euro number,2 + 1,938109,8.6,8067737.4
666,2023-08-08,1,5+2,Match 5 + 2 Euro numbers,5 + 2,1,10000000.0,10000000.0
666,2023-08-08,2,5+1,Match 5 + 1 Euro number,5 + 1,2,565949.1,1131898.2
666,2023-08-08,3,5+0,Match 5 + 0 Euro numbers,5 + 0,8,79792.2,638337.6
666,2023-08-08,4,4+2,Match 4 + 2 Euro numbers,4 + 2,27,3899.7,105291.9
666,2023-08-08,5,4+1,Match 4 + 1 Euro number,4 + 1,574,229.2,131560.8
666,2023-08-08,6,3+2,Match 3 + 2 Euro numbers,3 + 2,1239,116.8,144715.2
666,2023-08-08,7,4+0,Match 4 + 0 Euro numbers,4 + 0,1399,75.2,105204.8
666,2023-08-08,8,2+2,Match 2 + 2 Euro numbers,2 + 2,16727,20.0,334540.0
666,2023-08-08,9,3+1,Match 3 + 1 Euro number,3 + 1,21918,17.1,374797.8
666,2023-08-08,10,3+0,Match 3 + 0 Euro numbers,3 + 0,50180,14.1,707538.0
666,2023-08-08,11,1+2,Match 1 + 2 Euro numbers,1 + 2,82387,10.7,881540.9
666,2023-08-08,12,2+1,Match 2 + 1 Euro number,2 + 1,290676,9.1,2645151.6
667,2023-08-11,1,5+2,Match 5 + 2 Euro numbers,5 + 2,0,0.0,0.0
667,2023-08-11,2,5+1,Match 5 + 1 Euro number,5 + 1,0,0.0,0.0
667,2023-08-11,3,5+0,Match 5 + 0 Euro numbers,5 + 0,2,464910.1,929820.2
667,2023-08-11,4,4+2,Match 4 + 2 Euro numbers,4 + 2,14,10955.1,153371.4
667,2023-08-11,5,4+1,Match 4 + 1 Euro number,4 + 1,435,440.7,191704.5
667,2023-08-11,6,3+2,Match 3 + 2 Euro numbers,3 + 2,1035,203.7,210829.5
667,2023-08-11,7,4+0,Match 4 + 0 Euro numbers,4 + 0,937,163.6,153293.2
667,2023-08-11,8,2+2,Match 2 + 2 Euro numbers,2 + 2,17950,27.2,488240.0
667,2023-08-11,9,3+1,Match 3 + 1 Euro number,3 + 1,20496,26.6,545193.6
667,2023-08-11,10,3+0,Match 3 + 0 Euro numbers,3 + 0,42859,24.1,1032901.9
667,2023-08-11,11,1+2,Match 1 + 2 Euro numbers,1 + 2,109271,11.8,1289397.8
667,2023-08-11,12,2+1,Match 2 + 1 Euro number,2 + 1,343837,11.3,3885358.1
668,2023-08-15,1,5+2,Match 5 + 2 Euro numbers,5 + 2,1,14292377.9,14292377.9
668,2023-08-15,2,5+1,Match 5 + 1 Euro number,5 + 1,1,2674155.0,2674155.0
668,2023-08-15,3,5+0,Match 5 + 0 Euro numbers,5 + 0,5,115655.7,578278.5
668,2023-08-15,4,4+2,Match 4 + 2 Euro numbers,4 + 2,14,6813.2,95384.8
668,2023-08-15,5,4+1,Match 4 + 1 Euro number,4 + 1,378,315.4,119221.2
668,2023-08-15,6,3+2,Match 3 + 2 Euro numbers,3 + 2,857,153.0,131121.0
668,2023-08-15,7,4+0,Match 4 + 0 Euro numbers,4 + 0,775,123.0,95325.0
668,2023-08-15,8,2+2,Match 2 + 2 Euro numbers,2 + 2,12414,24.4,302901.6
668,2023-08-15,9,3+1,Match 3 + 1 Euro number,3 + 1,18247,18.6,339394.2
668,2023-08-15,10,3+0,Match 3 + 0 Euro numbers,3 + 0,37409,17.2,643434.8
668,2023-08-15,11,1+2,Match 1 + 2 Euro numbers,1 + 2,65056,12.3,800188.8
668,2023-08-15,12,2+1,Match 2 + 1 Euro number,2 + 1,266210,9.0,2395890.0
669,2023-08-18,1,5+2,Match 5 + 2 Euro numbers,5 + 2,1,10000000.0,10000000.0
669,2023-08-18,2,5+1,Match 5 + 1 Euro number,5 + 1,8,200778.3,1606226.4
669,2023-08-18,3,5+0,Match 5 + 0 Euro numbers,5 + 0,12,75486.4,905836.8
669,2023-08-18,4,4+2,Match 4 + 2 Euro numbers,4 + 2,57,2621.3,149414.1
669,2023-08-18,5,4+1,Match 4 + 1 Euro number,4 + 1,713,261.9,186734.7
669,2023-08-18,6,3+2,Match 3 + 2 Euro numbers,3 + 2,2127,99.7,212061.9
669,2023-08-18,7,4+0,Match 4 + 0 Euro numbers,4 + 0,1429,99.7,142471.3
669,2023-08-18,8,2+2,Match 2 + 2 Euro numbers,2 + 2,28284,17.5,494970.0
669,2023-08-18,9,3+1,Match 3 + 1 Euro number,3 + 1,29286,17.5,512505.0
669,2023-08-18,10,3+0,Match 3 + 0 Euro numbers,3 + 0,58031,17.3,1003936.3
669,2023-08-18,11,1+2,Match 1 + 2 Euro numbers,1 + 2,147935,9.1,1346208.5
669,2023-08-18,12,2+1,Match 2 + 1 Euro number,2 + 1,403939,9.1,3675844.9
670,2023-08-22,1,5+2,Match 5 + 2 Euro numbers,5 + 2,0,0.0,0.0
670,2023-08-22,2,5+1,Match 5 + 1 Euro number,5 + 1,3,320651.3,961953.9
670,2023-08-22,3,5+0,Match 5 + 0 Euro numbers,5 + 0,2,271248.6,542497.2
670,2023-08-22,4,4+2,Match 4 + 2 Euro numbers,4 + 2,13,6883.3,89482.9
670,2023-08-22,5,4+1,Match 4 + 1 Euro number,4 + 1,211,530.1,111851.1
670,2023-08-22,6,3+2,Match 3 + 2 Euro numbers,3 + 2,545,225.7,123006.5
670,2023-08-22,7,4+0,Match 4 + 0 Euro numbers,4 + 0,592,151.1,89451.2
670,2023-08-22,8,2+2,Match 2 + 2 Euro numbers,2 + 2,8642,33.0,285186.0
670,2023-08-22,9,3+1,Match 3 + 1 Euro number,3 + 1,11275,28.2,317955.0
670,2023-08-22,10,3+0,Match 3 + 0 Euro numbers,3 + 0,26654,22.6,602380.4
670,2023-08-22,11,1+2,Match 1 + 2 Euro numbers,1 + 2,50627,14.9,754342.3
670,2023-08-22,12,2+1,Match 2 + 1 Euro number,2 + 1,182312,12.4,2260668.8
671,2023-08-25,1,5+2,Match 5 + 2 Euro numbers,5 + 2,0,0.0,0.0
671,2023-08-25,2,5+1,Match 5 + 1 Euro number,5 + 1,4,408009.9,1632039.6
671,2023-08-25,3,5+0,Match 5 + 0 Euro numbers,5 + 0,10,92039.4,920394.0
671,2023-08-25,4,4+2,Match 4 + 2 Euro numbers,4 + 2,24,6325.7,151816.8
671,2023-08-25,5,4+1,Match 4 + 1 Euro number,4 + 1,588,322.7,189747.6
671,2023-08-25,6,3+2,Match 3 + 2 Euro numbers,3 + 2,952,219.2,208678.4
671,2023-08-25,7,4+0,Match 4 + 0 Euro numbers,4 + 0,1934,78.4,151625.6
671,2023-08-25,8,2+2,Match 2 + 2 Euro numbers,2 + 2,13092,36.9,483094.8
671,2023-08-25,9,3+1,Match 3 + 1 Euro number,3 + 1,24791,21.8,540443.8
671,2023-08-25,10,3+0,Match 3 + 0 Euro numbers,3 + 0,81453,15.4,1254376.2
671,2023-08-25,11,1+2,Match 1 + 2 Euro numbers,1 + 2,67412,15.4,1038144.8
671,2023-08-25,12,2+1,Match 2 + 1 Euro number,2 + 1,333906,11.5,3839919.0
672,2023-08-29,1,5+2,Match 5 + 2 Euro numbers,5 + 2,0,0.0,0.0
672,2023-08-29,2,5+1,Match 5 + 1 Euro number,5 + 1,2,535487.2,1070974.4
672,2023-08-29,3,5+0,Match 5 + 0 Euro numbers,5 + 0,3,201326.5,603979.5
672,2023-08-29,4,4+2,Match 4 + 2 Euro numbers,4 + 2,27,3689.8,99624.6
672,2023-08-29,5,4+1,Match 4 + 1 Euro number,4 + 1,379,328.5,124501.5
672,2023-08-29,6,3+2,Match 3 + 2 Euro numbers,3 + 2,985,139.0,136915.0
672,2023-08-29,7,4+0,Match 4 + 0 Euro numbers,4 + 0,841,118.4,99574.4
672,2023-08-29,8,2+2,Match 2 + 2 Euro numbers,2 + 2,14459,21.9,316652.1
672,2023-08-29,9,3+1,Match 3 + 1 Euro number,3 + 1,17219,20.6,354711.4
672,2023-08-29,10,3+0,Match 3 + 0 Euro numbers,3 + 0,37358,18.0,672444.0
672,2023-08-29,11,1+2,Match 1 + 2 Euro numbers,1 + 2,75849,11.0,834339.0
672,2023-08-29,12,2+1,Match 2 + 1 Euro number,2 + 1,252237,10.0,2522370.0
673,2023-09-01,1,5+2,Match 5 + 2 Euro numbers,5 + 2,0,0.0,0.0
673,2023-09-01,2,5+1,Match 5 + 1 Euro number,5 + 1,4,447557.9,1790231.6
673,2023-09-01,3,5+0,Match 5 + 0 Euro numbers,5 + 0,4,252401.8,1009607.2
673,2023-09-01,4,4+2,Match 4 + 2 Euro numbers,4 + 2,21,7930.1,166532.1
673,2023-09-01,5,4+1,Match 4 + 1 Euro number,4 + 1,596,349.2,208123.2
673,2023-09-01,6,3+2,Match 3 + 2 Euro numbers,3 + 2,948,241.5,228942.0
673,2023-09-01,7,4+0,Match 4 + 0 Euro numbers,4 + 0,1912,87.0,166344.0
673,2023-09-01,8,2+2,Match 2 + 2 Euro numbers,2 + 2,13882,38.2,530292.4
673,2023-09-01,9,3+1,Match 3 + 1 Euro number,3 + 1,26215,22.6,592459.0
673,2023-09-01,10,3+0,Match 3 + 0 Euro numbers,3 + 0,82589,16.5,1362718.5
673,2023-09-01,11,1+2,Match 1 + 2 Euro numbers,1 + 2,70137,16.5,1157260.5
673,2023-09-01,12,2+1,Match 2 + 1 Euro number,2 + 1,371856,11.3,4201972.8
674,2023-09-05,1,5+2,Match 5 + 2 Euro numbers,5 + 2,0,0.0,0.0
674,2023-09-05,2,5+1,Match 5 + 1 Euro number,5 + 1,3,399833.9,1199501.7
674,2023-09-05,3,5+0,Match 5 + 0 Euro numbers,5 + 0,6,112743.8,676462.8
674,2023-09-05,4,4+2,Match 4 + 2 Euro numbers,4 + 2,32,3486.9,111580.8
674,2023-09-05,5,4+1,Match 4 + 1 Euro number,4 + 1,687,203.0,139461.0
674,2023-09-05,6,3+2,Match 3 + 2 Euro numbers,3 + 2,1461,105.0,153405.0
674,2023-09-05,7,4+0,Match 4 + 0 Euro numbers,4 + 0,1386,80.5,111573.0
674,2023-09-05,8,2+2,Match 2 + 2 Euro numbers,2 + 2,20707,17.1,354089.7
674,2023-09-05,9,3+1,Match 3 + 1 Euro number,3 + 1,25320,15.6,394992.0
674,2023-09-05,10,3+0,Match 3 + 0 Euro numbers,3 + 0,52491,14.3,750621.3
674,2023-09-05,11,1+2,Match 1 + 2 Euro numbers,1 + 2,99990,9.4,939906.0
674,2023-09-05,12,2+1,Match 2 + 1 Euro number,2 + 1,335764,8.4,2820417.6
675,2023-09-08,1,5+2,Match 5 + 2 Euro numbers,5 + 2,0,0.0,0.0
675,2023-09-08,2,5+1,Match 5 + 1 Euro number,5 + 1,3,630685.7,1892057.1
675,2023-09-08,3,5+0,Match 5 + 0 Euro numbers,5 + 0,5,213406.4,1067032.0
675,2023-09-08,4,4+2,Match 4 + 2 Euro numbers,4 + 2,28,6285.9,176005.2
675,2023-09-08,5,4+1,Match 4 + 1 Euro number,4 + 1,615,357.7,219985.5
675,2023-09-08,6,3+2,Match 3 + 2 Euro numbers,3 + 2,1382,175.1,241988.2
675,2023-09-08,7,4+0,Match 4 + 0 Euro numbers,4 + 0,1215,144.8,175932.0
675,2023-09-08,8,2+2,Match 2 + 2 Euro numbers,2 + 2,21084,26.6,560834.4
675,2023-09-08,9,3+1,Match 3 + 1 Euro number,3 + 1,27679,22.6,625545.4
675,2023-09-08,10,3+0,Match 3 + 0 Euro numbers,3 + 0,57282,20.7,1185737.4
675,2023-09-08,11,1+2,Match 1 + 2 Euro numbers,1 + 2,117624,12.6,1482062.4
675,2023-09-08,12,2+1,Match 2 + 1 Euro number,2 + 1,431358,10.3,4442987.4
676,2023-09-12,1,5+2,Match 5 + 2 Euro numbers,5 + 2,0,0.0,0.0
676,2023-09-12,2,5+1,Match 5 + 1 Euro number,5 + 1,2,634061.7,1268123.4
676,2023-09-12,3,5+0,Match 5 + 0 Euro numbers,5 + 0,2,357581.3,715162.6
676,2023-09-12,4,4+2,Match 4 + 2 Euro numbers,4 + 2,28,4213.0,117964.0
676,2023-09-12,5,4+1,Match 4 + 1 Euro number,4 + 1,399,369.5,147430.5
676,2023-09-12,6,3+2,Match 3 + 2 Euro numbers,3 + 2,946,171.4,162144.4
676,2023-09-12,7,4+0,Match 4 + 0 Euro numbers,4 + 0,886,133.1,117926.6
676,2023-09-12,8,2+2,Match 2 + 2 Euro numbers,2 + 2,13594,27.6,375194.4
676,2023-09-12,9,3+1,Match 3 + 1 Euro number,3 + 1,17882,23.5,420227.0
676,2023-09-12,10,3+0,Match 3 + 0 Euro numbers,3 + 0,43370,18.3,793671.0
676,2023-09-12,11,1+2,Match 1 + 2 Euro numbers,1 + 2,69518,14.3,994107.4
676,2023-09-12,12,2+1,Match 2 + 1 Euro number,2 + 1,269896,11.0,2968856.0
677,2023-09-15,1,5+2,Match 5 + 2 Euro numbers,5 + 2,0,0.0,0.0
677,2023-09-15,2,5+1,Match 5 + 1 Euro number,5 + 1,5,405032.8,2025164.0
677,2023-09-15,3,5+0,Match 5 + 0 Euro numbers,5 + 0,4,285524.5,1142098.0
677,2023-09-15,4,4+2,Match 4 + 2 Euro numbers,4 + 2,37,5091.5,188385.5
677,2023-09-15,5,4+1,Match 4 + 1 Euro number,4 + 1,841,280.0,235480.0
677,2023-09-15,6,3+2,Match 3 + 2 Euro numbers,3 + 2,1725,150.1,258922.5
677,2023-09-15,7,4+0,Match 4 + 0 Euro numbers,4 + 0,1521,123.8,188299.8
677,2023-09-15,8,2+2,Match 2 + 2 Euro numbers,2 + 2,24977,24.0,599448.0
677,2023-09-15,9,3+1,Match 3 + 1 Euro number,3 + 1,39046,17.7,691114.2
677,2023-09-15,10,3+0,Match 3 + 0 Euro numbers,3 + 0,70211,17.7,1242734.7
677,2023-09-15,11,1+2,Match 1 + 2 Euro numbers,1 + 2,127192,12.4,1577180.8
677,2023-09-15,12,2+1,Match 2 + 1 Euro number,2 + 1,560067,8.5,4760569.5
678,2023-09-19,1,5+2,Match 5 + 2 Euro numbers,5 + 2,1,65950426.8,65950426.8
678,2023-09-19,2,5+1,Match 5 + 1 Euro number,5 + 1,18,100735.2,1813233.6
678,2023-09-19,3,5+0,Match 5 + 0 Euro numbers,5 + 0,4,100735.2,402940.8
678,2023-09-19,4,4+2,Match 4 + 2 Euro numbers,4 + 2,16,8238.5,131816.0
678,2023-09-19,5,4+1,Match 4 + 1 Euro number,4 + 1,535,307.9,164726.5
678,2023-09-19,6,3+2,Match 3 + 2 Euro numbers,3 + 2,857,211.4,181169.8
678,2023-09-19,7,4+0,Match 4 + 0 Euro numbers,4 + 0,1256,104.9,131754.4
678,2023-09-19,8,2+2,Match 2 + 2 Euro numbers,2 + 2,12437,33.7,419126.9
678,2023-09-19,9,3+1,Match 3 + 1 Euro number,3 + 1,22969,20.4,468567.6
678,2023-09-19,10,3+0,Match 3 + 0 Euro numbers,3 + 0,57631,16.0,922096.0
678,2023-09-19,11,1+2,Match 1 + 2 Euro numbers,1 + 2,66845,16.0,1069520.0
678,2023-09-19,12,2+1,Match 2 + 1 Euro number,2 + 1,319047,10.4,3318088.8
679,2023-09-22,1,5+2,Match 5 + 2 Euro numbers,5 + 2,0,0.0,0.0
679,2023-09-22,2,5+1,Match 5 + 1 Euro number,5 + 1,1,1584023.3,1584023.3
679,2023-09-22,3,5+0,Match 5 + 0 Euro numbers,5 + 0,5,178663.0,893315.0
679,2023-09-22,4,4+2,Match 4 + 2 Euro numbers,4 + 2,28,5262.5,147350.0
679,2023-09-22,5,4+1,Match 4 + 1 Euro number,4 + 1,485,379.7,184154.5
679,2023-09-22,6,3+2,Match 3 + 2 Euro numbers,3 + 2,851,238.0,202538.0
679,2023-09-22,7,4+0,Match 4 + 0 Euro numbers,4 + 0,1085,135.8,147343.0
679,2023-09-22,8,2+2,Match 2 + 2 Euro numbers,2 + 2,13071,35.9,469248.9
679,2023-09-22,9,3+1,Match 3 + 1 Euro number,3 + 1,22467,23.3,523481.1
679,2023-09-22,10,3+0,Match 3 + 0 Euro numbers,3 + 0,53866,18.4,991134.4
679,2023-09-22,11,1+2,Match 1 + 2 Euro numbers,1 + 2,70773,17.5,1238527.5
679,2023-09-22,12,2+1,Match 2 + 1 Euro number,2 + 1,335093,11.1,3719532.3
680,2023-09-26,1,5+2,Match 5 + 2 Euro numbers,5 + 2,0,0.0,0.0
680,2023-09-26,2,5+1,Match 5 + 1 Euro number,5 + 1,0,0.0,0.0
680,2023-09-26,3,5+0,Match 5 + 0 Euro numbers,5 + 0,7,78875.3,552127.1
680,2023-09-26,4,4+2,Match 4 + 2 Euro numbers,4 + 2,10,9107.2,91072.0
680,2023-09-26,5,4+1,Match 4 + 1 Euro number,4 + 1,306,372.0,113832.0
680,2023-09-26,6,3+2,Match 3 + 2 Euro numbers,3 + 2,724,172.9,125179.6
680,2023-09-26,7,4+0,Match 4 + 0 Euro numbers,4 + 0,780,116.7,91026.0
680,2023-09-26,8,2+2,Match 2 + 2 Euro numbers,2 + 2,9563,30.3,289758.9
680,2023-09-26,9,3+1,Match 3 + 1 Euro number,3 + 1,14122,22.9,323393.8
680,2023-09-26,10,3+0,Match 3 + 0 Euro numbers,3 + 0,36982,16.6,613901.2
680,2023-09-26,11,1+2,Match 1 + 2 Euro numbers,1 + 2,51903,14.8,768164.4
680,2023-09-26,12,2+1,Match 2 + 1 Euro number,2 + 1,202674,11.4,2310483.6
681,2023-09-29,1,5+2,Match 5 + 2 Euro numbers,5 + 2,0,0.0,0.0
681,2023-09-29,2,5+1,Match 5 + 1 Euro number,5 + 1,3,887684.5,2663053.5
681,2023-09-29,3,5+0,Match 5 + 0 Euro numbers,5 + 0,7,135672.9,949710.3
681,2023-09-29,4,4+2,Match 4 + 2 Euro numbers,4 + 2,27,5801.9,156651.3
681,2023-09-29,5,4+1,Match 4 + 1 Euro number,4 + 1,573,341.7,195794.1
681,2023-09-29,6,3+2,Match 3 + 2 Euro numbers,3 + 2,1554,139.1,216161.4
681,2023-09-29,7,4+0,Match 4 + 0 Euro numbers,4 + 0,1120,139.1,155792.0
681,2023-09-29,8,2+2,Match 2 + 2 Euro numbers,2 + 2,25408,20.4,518323.2
681,2023-09-29,9,3+1,Match 3 + 1 Euro number,3 + 1,26352,20.4,537580.8
681,2023-09-29,10,3+0,Match 3 + 0 Euro numbers,3 + 0,53903,19.6,1056498.8
681,2023-09-29,11,1+2,Match 1 + 2 Euro numbers,1 + 2,143618,9.7,1393094.6
681,2023-09-29,12,2+1,Match 2 + 1 Euro number,2 + 1,400841,9.7,3888157.7
682,2023-10-03,1,5+2,Match 5 + 2 Euro numbers,5 + 2,0,0.0,0.0
682,2023-10-03,2,5+1,Match 5 + 1 Euro number,5 + 1,3,355925.6,1067776.8
682,2023-10-03,3,5+0,Match 5 + 0 Euro numbers,5 + 0,3,200725.5,602176.5
682,2023-10-03,4,4+2,Match 4 + 2 Euro numbers,4 + 2,20,4966.4,99328.0
682,2023-10-03,5,4+1,Match 4 + 1 Euro number,4 + 1,441,281.5,124141.5
682,2023-10-03,6,3+2,Match 3 + 2 Euro numbers,3 + 2,821,166.3,136532.3
682,2023-10-03,7,4+0,Match 4 + 0 Euro numbers,4 + 0,880,112.8,99264.0
682,2023-10-03,8,2+2,Match 2 + 2 Euro numbers,2 + 2,11522,27.4,315702.8
682,2023-10-03,9,3+1,Match 3 + 1 Euro number,3 + 1,19553,18.0,351954.0
682,2023-10-03,10,3+0,Match 3 + 0 Euro numbers,3 + 0,38741,17.3,670219.3
682,2023-10-03,11,1+2,Match 1 + 2 Euro numbers,1 + 2,60006,13.9,834083.4
682,2023-10-03,12,2+1,Match 2 + 1 Euro number,2 + 1,274439,9.1,2497394.9
683,2023-10-06,1,5+2,Match 5 + 2 Euro numbers,5 + 2,0,0.0,0.0
683,2023-10-06,2,5+1,Match 5 + 1 Euro number,5 + 1,2,895239.6,1790479.2
683,2023-10-06,3,5+0,Match 5 + 0 Euro numbers,5 + 0,4,252436.7,1009746.8
683,2023-10-06,4,4+2,Match 4 + 2 Euro numbers,4 + 2,13,12812.0,166556.0
683,2023-10-06,5,4+1,Match 4 + 1 Euro number,4 + 1,415,501.6,208164.0
683,2023-10-06,6,3+2,Match 3 + 2 Euro numbers,3 + 2,896,255.5,228928.0
683,2023-10-06,7,4+0,Match 4 + 0 Euro numbers,4 + 0,1111,149.9,166538.9
683,2023-10-06,8,2+2,Match 2 + 2 Euro numbers,2 + 2,13552,39.1,529883.2
683,2023-10-06,9,3+1,Match 3 + 1 Euro number,3 + 1,21683,27.3,591945.9
683,2023-10-06,10,3+0,Match 3 + 0 Euro numbers,3 + 0,55099,20.4,1124019.6
683,2023-10-06,11,1+2,Match 1 + 2 Euro numbers,1 + 2,76039,18.4,1399117.6
683,2023-10-06,12,2+1,Match 2 + 1 Euro number,2 + 1,342456,12.3,4212208.8
684,2023-10-10,1,5+2,Match 5 + 2 Euro numbers,5 + 2,0,0.0,0.0
684,2023-10-10,2,5+1,Match 5 + 1 Euro number,5 + 1,1,1211193.3,1211193.3
684,2023-10-10,3,5+0,Match 5 + 0 Euro numbers,5 + 0,7,97579.5,683056.5
684,2023-10-10,4,4+2,Match 4 + 2 Euro numbers,4 + 2,20,5633.4,112668.0
684,2023-10-10,5,4+1,Match 4 + 1 Euro number,4 + 1,451,312.2,140802.2
684,2023-10-10,6,3+2,Match 3 + 2 Euro numbers,3 + 2,872,177.6,154867.2
684,2023-10-10,7,4+0,Match 4 + 0 Euro numbers,4 + 0,1264,89.1,112622.4
684,2023-10-10,8,2+2,Match 2 + 2 Euro numbers,2 + 2,12301,29.1,357959.1
684,2023-10-10,9,3+1,Match 3 + 1 Euro number,3 + 1,21024,19.0,399456.0
684,2023-10-10,10,3+0,Match 3 + 0 Euro numbers,3 + 0,54596,14.6,797101.6
684,2023-10-10,11,1+2,Match 1 + 2 Euro numbers,1 + 2,62544,14.6,913142.4
684,2023-10-10,12,2+1,Match 2 + 1 Euro number,2 + 1,293521,9.7,2847153.7
685,2023-10-13,1,5+2,Match 5 + 2 Euro numbers,5 + 2,1,54233217.9,54233217.9
685,2023-10-13,2,5+1,Match 5 + 1 Euro number,5 + 1,6,361266.9,2167601.4
685,2023-10-13,3,5+0,Match 5 + 0 Euro numbers,5 + 0,12,101868.8,1222425.6
685,2023-10-13,4,4+2,Match 4 + 2 Euro numbers,4 + 2,54,3734.0,201636.0
685,2023-10-13,5,4+1,Match 4 + 1 Euro number,4 + 1,912,276.3,251985.6
685,2023-10-13,6,3+2,Match 3 + 2 Euro numbers,3 + 2,2116,131.0,277196.0
685,2023-10-13,7,4+0,Match 4 + 0 Euro numbers,4 + 0,2004,100.6,201602.4
685,2023-10-13,8,2+2,Match 2 + 2 Euro numbers,2 + 2,29096,22.0,640112.0
685,2023-10-13,9,3+1,Match 3 + 1 Euro number,3 + 1,36266,19.8,718066.8
685,2023-10-13,10,3+0,Match 3 + 0 Euro numbers,3 + 0,77772,17.5,1361010.0
685,2023-10-13,11,1+2,Match 1 + 2 Euro numbers,1 + 2,155231,10.9,1692017.9
685,2023-10-13,12,2+1,Match 2 + 1 Euro number,2 + 1,508465,10.0,5084650.0
686,2023-10-17,1,5+2,Match 5 + 2 Euro numbers,5 + 2,0,0.0,0.0
686,2023-10-17,2,5+1,Match 5 + 1 Euro number,5 + 1,3,324491.3,973473.9
686,2023-10-17,3,5+0,Match 5 + 0 Euro numbers,5 + 0,2,274497.0,548994.0
686,2023-10-17,4,4+2,Match 4 + 2 Euro numbers,4 + 2,8,11319.4,90555.2
686,2023-10-17,5,4+1,Match 4 + 1 Euro number,4 + 1,231,490.0,113190.0
686,2023-10-17,6,3+2,Match 3 + 2 Euro numbers,3 + 2,695,179.1,124474.5
686,2023-10-17,7,4+0,Match 4 + 0 Euro numbers,4 + 0,594,152.4,90525.6
686,2023-10-17,8,2+2,Match 2 + 2 Euro numbers,2 + 2,12377,23.6,292097.2
686,2023-10-17,9,3+1,Match 3 + 1 Euro number,3 + 1,13501,23.6,318623.6
686,2023-10-17,10,3+0,Match 3 + 0 Euro numbers,3 + 0,28988,21.0,608748.0
686,2023-10-17,11,1+2,Match 1 + 2 Euro numbers,1 + 2,72117,10.5,757228.5
686,2023-10-17,12,2+1,Match 2 + 1 Euro number,2 + 1,226993,10.1,2292629.3
687,2023-10-20,1,5+2,Match 5 + 2 Euro numbers,5 + 2,0,0.0,0.0
687,2023-10-20,2,5+1,Match 5 + 1 Euro number,5 + 1,8,200266.6,1602132.8
687,2023-10-20,3,5+0,Match 5 + 0 Euro numbers,5 + 0,10,90352.8,903528.0
687,2023-10-20,4,4+2,Match 4 + 2 Euro numbers,4 + 2,51,2922.2,149032.2
687,2023-10-20,5,4+1,Match 4 + 1 Euro number,4 + 1,824,226.0,186224.0
687,2023-10-20,6,3+2,Match 3 + 2 Euro numbers,3 + 2,1670,122.7,204909.0
687,2023-10-20,7,4+0,Match 4 + 0 Euro numbers,4 + 0,1634,91.2,149020.8
687,2023-10-20,8,2+2,Match 2 + 2 Euro numbers,2 + 2,22868,20.7,473367.6
687,2023-10-20,9,3+1,Match 3 + 1 Euro number,3 + 1,29893,17.7,529106.1
687,2023-10-20,10,3+0,Match 3 + 0 Euro numbers,3 + 0,61221,16.4,1004024.4
687,2023-10-20,11,1+2,Match 1 + 2 Euro numbers,1 + 2,117422,10.7,1256415.4
687,2023-10-20,12,2+1,Match 2 + 1 Euro number,2 + 1,409928,9.2,3771337.6
688,2023-10-24,1,5+2,Match 5 + 2 Euro numbers,5 + 2,0,0.0,0.0
688,2023-10-24,2,5+1,Match 5 + 1 Euro number,5 + 1,2,534532.8,1069065.6
688,2023-10-24,3,5+0,Match 5 + 0 Euro numbers,5 + 0,1,534532.8,534532.8
688,2023-10-24,4,4+2,Match 4 + 2 Euro numbers,4 + 2,12,7948.4,95380.8
688,2023-10-24,5,4+1,Match 4 + 1 Euro number,4 + 1,334,356.9,119204.6
688,2023-10-24,6,3+2,Match 3 + 2 Euro numbers,3 + 2,672,195.1,131107.2
688,2023-10-24,7,4+0,Match 4 + 0 Euro numbers,4 + 0,758,125.8,95356.4
688,2023-10-24,8,2+2,Match 2 + 2 Euro numbers,2 + 2,10186,29.8,303542.8
688,2023-10-24,9,3+1,Match 3 + 1 Euro number,3 + 1,14986,22.6,338683.6
688,2023-10-24,10,3+0,Match 3 + 0 Euro numbers,3 + 0,33356,19.3,643770.8
688,2023-10-24,11,1+2,Match 1 + 2 Euro numbers,1 + 2,58354,13.7,799449.8
688,2023-10-24,12,2+1,Match 2 + 1 Euro number,2 + 1,228636,10.5,2400678.0
689,2023-10-27,1,5+2,Match 5 + 2 Euro numbers,5 + 2,0,0.0,0.0
689,2023-10-27,2,5+1,Match 5 + 1 Euro number,5 + 1,2,868212.0,1736424.0
689,2023-10-27,3,5+0,Match 5 + 0 Euro numbers,5 + 0,3,326420.8,979262.4
689,2023-10-27,4,4+2,Match 4 + 2 Euro numbers,4 + 2,26,6212.6,161527.6
689,2023-10-27,5,4+1,Match 4 + 1 Euro number,4 + 1,565,357.3,201874.5
689,2023-10-27,6,3+2,Match 3 + 2 Euro numbers,3 + 2,1743,127.4,222058.2
689,2023-10-27,7,4+0,Match 4 + 0 Euro numbers,4 + 0,1274,126.7,161415.8
689,2023-10-27,8,2+2,Match 2 + 2 Euro numbers,2 + 2,25833,20.0,516660.0
689,2023-10-27,9,3+1,Match 3 + 1 Euro number,3 + 1,28546,20.0,570920.0
689,2023-10-27,10,3+0,Match 3 + 0 Euro numbers,3 + 0,59637,18.2,1085393.4
689,2023-10-27,11,1+2,Match 1 + 2 Euro numbers,1 + 2,140570,9.6,1349472.0
689,2023-10-27,12,2+1,Match 2 + 1 Euro number,2 + 1,424835,9.6,4078416.0
690,2023-10-31,1,5+2,Match 5 + 2 Euro numbers,5 + 2,1,35268799.2,35268799.2
690,2023-10-31,2,5+1,Match 5 + 1 Euro number,5 + 1,3,392365.3,1177095.9
690,2023-10-31,3,5+0,Match 5 + 0 Euro numbers,5 + 0,8,82978.4,663827.2
690,2023-10-31,4,4+2,Match 4 + 2 Euro numbers,4 + 2,17,6441.0,109497.0
690,2023-10-31,5,4+1,Match 4 + 1 Euro number,4 + 1,476,287.5,136850.0
690,2023-10-31,6,3+2,Match 3 + 2 Euro numbers,3 + 2,955,157.6,150508.0
690,2023-10-31,7,4+0,Match 4 + 0 Euro numbers,4 + 0,1100,99.5,109450.0
690,2023-10-31,8,2+2,Match 2 + 2 Euro numbers,2 + 2,12562,27.7,347967.4
690,2023-10-31,9,3+1,Match 3 + 1 Euro number,3 + 1,18367,21.2,389380.4
690,2023-10-31,10,3+0,Match 3 + 0 Euro numbers,3 + 0,42369,17.4,737220.6
690,2023-10-31,11,1+2,Match 1 + 2 Euro numbers,1 + 2,67034,13.7,918365.8
690,2023-10-31,12,2+1,Match 2 + 1 Euro number,2 + 1,266141,10.4,2767866.4
691,2023-11-03,1,5+2,Match 5 + 2 Euro numbers,5 + 2,0,0.0,0.0
691,2023-11-03,2,5+1,Match 5 + 1 Euro number,5 + 1,5,308304.9,1541524.5
691,2023-11-03,3,5+0,Match 5 + 0 Euro numbers,5 + 0,12,72445.6,869347.2
691,2023-11-03,4,4+2,Match 4 + 2 Euro numbers,4 + 2,21,6828.4,143396.4
691,2023-11-03,5,4+1,Match 4 + 1 Euro number,4 + 1,576,311.1,179193.6
691,2023-11-03,6,3+2,Match 3 + 2 Euro numbers,3 + 2,1302,151.4,197122.8
691,2023-11-03,7,4+0,Match 4 + 0 Euro numbers,4 + 0,1214,118.1,143373.4
691,2023-11-03,8,2+2,Match 2 + 2 Euro numbers,2 + 2,18394,24.8,456171.2
691,2023-11-03,9,3+1,Match 3 + 1 Euro number,3 + 1,24892,20.5,510286.0
691,2023-11-03,10,3+0,Match 3 + 0 Euro numbers,3 + 0,55286,17.5,967505.0
691,2023-11-03,11,1+2,Match 1 + 2 Euro numbers,1 + 2,94674,12.7,1202359.8
691,2023-11-03,12,2+1,Match 2 + 1 Euro number,2 + 1,365824,9.9,3621657.6
692,2023-11-07,1,5+2,Match 5 + 2 Euro numbers,5 + 2,0,0.0,0.0
692,2023-11-07,2,5+1,Match 5 + 1 Euro number,5 + 1,1,997621.5,997621.5
692,2023-11-07,3,5+0,Match 5 + 0 Euro numbers,5 + 0,1,562612.1,562612.1
692,2023-11-07,4,4+2,Match 4 + 2 Euro numbers,4 + 2,22,4218.2,92800.4
692,2023-11-07,5,4+1,Match 4 + 1 Euro number,4 + 1,325,356.9,115992.5
692,2023-11-07,6,3+2,Match 3 + 2 Euro numbers,3 + 2,987,134.2,132455.4
692,2023-11-07,7,4+0,Match 4 + 0 Euro numbers,4 + 0,655,134.2,87901.0
692,2023-11-07,8,2+2,Match 2 + 2 Euro numbers,2 + 2,15224,21.0,319704.0
692,2023-11-07,9,3+1,Match 3 + 1 Euro number,3 + 1,14490,21.0,304290.0
692,2023-11-07,10,3+0,Match 3 + 0 Euro numbers,3 + 0,31135,20.1,625813.5
692,2023-11-07,11,1+2,Match 1 + 2 Euro numbers,1 + 2,86584,10.0,865840.0
692,2023-11-07,12,2+1,Match 2 + 1 Euro number,2 + 1,225042,10.0,2250420.0
693,2023-11-10,1,5+2,Match 5 + 2 Euro numbers,5 + 2,0,0.0,0.0
693,2023-11-10,2,5+1,Match 5 + 1 Euro number,5 + 1,6,278817.4,1672904.4
693,2023-11-10,3,5+0,Match 5 + 0 Euro numbers,5 + 0,6,157240.0,943440.0
693,2023-11-10,4,4+2,Match 4 + 2 Euro numbers,4 + 2,24,6484.1,155618.4
693,2023-11-10,5,4+1,Match 4 + 1 Euro number,4 + 1,626,310.7,194498.2
693,2023-11-10,6,3+2,Match 3 + 2 Euro numbers,3 + 2,1444,148.1,213856.4
693,2023-11-10,7,4+0,Match 4 + 0 Euro numbers,4 + 0,1295,120.1,155529.5
693,2023-11-10,8,2+2,Match 2 + 2 Euro numbers,2 + 2,21099,23.5,495826.5
693,2023-11-10,9,3+1,Match 3 + 1 Euro number,3 + 1,29312,18.9,553996.8
693,2023-11-10,10,3+0,Match 3 + 0 Euro numbers,3 + 0,59826,17.5,1046955.0
693,2023-11-10,11,1+2,Match 1 + 2 Euro numbers,1 + 2,108140,12.1,1308494.0
693,2023-11-10,12,2+1,Match 2 + 1 Euro number,2 + 1,423960,9.3,3942828.0
694,2023-11-14,1,5+2,Match 5 + 2 Euro numbers,5 + 2,0,0.0,0.0
694,2023-11-14,2,5+1,Match 5 + 1 Euro number,5 + 1,1,1094402.1,1094402.1
694,2023-11-14,3,5+0,Match 5 + 0 Euro numbers,5 + 0,2,308595.9,617191.8
694,2023-11-14,4,4+2,Match 4 + 2 Euro numbers,4 + 2,17,5988.5,101804.5
694,2023-11-14,5,4+1,Match 4 + 1 Euro number,4 + 1,337,377.6,127251.2
694,2023-11-14,6,3+2,Match 3 + 2 Euro numbers,3 + 2,745,187.8,139911.0
694,2023-11-14,7,4+0,Match 4 + 0 Euro numbers,4 + 0,890,114.3,101727.0
694,2023-11-14,8,2+2,Match 2 + 2 Euro numbers,2 + 2,11190,28.9,323391.0
694,2023-11-14,9,3+1,Match 3 + 1 Euro number,3 + 1,16958,21.3,361205.4
694,2023-11-14,10,3+0,Match 3 + 0 Euro numbers,3 + 0,34444,19.9,685435.6
694,2023-11-14,11,1+2,Match 1 + 2 Euro numbers,1 + 2,63741,13.4,854129.4
694,2023-11-14,12,2+1,Match 2 + 1 Euro number,2 + 1,262226,9.8,2569814.8
695,2023-11-17,1,5+2,Match 5 + 2 Euro numbers,5 + 2,1,36524877.0,36524877.0
695,2023-11-17,2,5+1,Match 5 + 1 Euro number,5 + 1,5,354404.7,1772023.5
695,2023-11-17,3,5+0,Match 5 + 0 Euro numbers,5 + 0,6,166556.5,999339.0
695,2023-11-17,4,4+2,Match 4 + 2 Euro numbers,4 + 2,43,3833.4,164836.2
695,2023-11-17,5,4+1,Match 4 + 1 Euro number,4 + 1,770,267.5,205975.0
695,2023-11-17,6,3+2,Match 3 + 2 Euro numbers,3 + 2,1659,136.6,226619.4
695,2023-11-17,7,4+0,Match 4 + 0 Euro numbers,4 + 0,1467,112.3,164744.1
695,2023-11-17,8,2+2,Match 2 + 2 Euro numbers,2 + 2,23436,22.4,524966.4
695,2023-11-17,9,3+1,Match 3 + 1 Euro number,3 + 1,32841,17.8,584569.8
695,2023-11-17,10,3+0,Match 3 + 0 Euro numbers,3 + 0,65988,16.8,1108598.4
695,2023-11-17,11,1+2,Match 1 + 2 Euro numbers,1 + 2,121062,11.4,1380106.8
695,2023-11-17,12,2+1,Match 2 + 1 Euro number,2 + 1,470497,8.8,4140373.6
696,2023-11-21,1,5+2,Match 5 + 2 Euro numbers,5 + 2,0,0.0,0.0
696,2023-11-21,2,5+1,Match 5 + 1 Euro number,5 + 1,1,927015.1,927015.1
696,2023-11-21,3,5+0,Match 5 + 0 Euro numbers,5 + 0,7,74684.7,522792.9
696,2023-11-21,4,4+2,Match 4 + 2 Euro numbers,4 + 2,10,8623.3,86233.0
696,2023-11-21,5,4+1,Match 4 + 1 Euro number,4 + 1,304,354.5,107768.0
696,2023-11-21,6,3+2,Match 3 + 2 Euro numbers,3 + 2,593,199.9,118540.7
696,2023-11-21,7,4+0,Match 4 + 0 Euro numbers,4 + 0,722,119.4,86206.8
696,2023-11-21,8,2+2,Match 2 + 2 Euro numbers,2 + 2,8718,31.5,274617.0
696,2023-11-21,9,3+1,Match 3 + 1 Euro number,3 + 1,14696,20.9,307146.4
696,2023-11-21,10,3+0,Match 3 + 0 Euro numbers,3 + 0,35294,16.4,578821.6
696,2023-11-21,11,1+2,Match 1 + 2 Euro numbers,1 + 2,44732,16.2,724658.4
696,2023-11-21,12,2+1,Match 2 + 1 Euro number,2 + 1,215378,10.1,2175317.8
697,2023-11-24,1,5+2,Match 5 + 2 Euro numbers,5 + 2,0,0.0,0.0
697,2023-11-24,2,5+1,Match 5 + 1 Euro number,5 + 1,4,386198.0,1544792.0
697,2023-11-24,3,5+0,Match 5 + 0 Euro numbers,5 + 0,11,79199.1,871190.1
697,2023-11-24,4,4+2,Match 4 + 2 Euro numbers,4 + 2,28,5132.2,143701.6
697,2023-11-24,5,4+1,Match 4 + 1 Euro number,4 + 1,576,311.8,179596.8
697,2023-11-24,6,3+2,Match 3 + 2 Euro numbers,3 + 2,1715,115.2,197568.0
697,2023-11-24,7,4+0,Match 4 + 0 Euro numbers,4 + 0,1297,110.7,143577.9
697,2023-11-24,8,2+2,Match 2 + 2 Euro numbers,2 + 2,25622,18.1,463758.2
697,2023-11-24,9,3+1,Match 3 + 1 Euro number,3 + 1,27905,18.1,505080.5
697,2023-11-24,10,3+0,Match 3 + 0 Euro numbers,3 + 0,56077,17.2,964524.4
697,2023-11-24,11,1+2,Match 1 + 2 Euro numbers,1 + 2,130858,9.2,1203893.6
697,2023-11-24,12,2+1,Match 2 + 1 Euro number,2 + 1,398450,9.1,3625895.0
698,2023-11-28,1,5+2,Match 5 + 2 Euro numbers,5 + 2,0,0.0,0.0
698,2023-11-28,2,5+1,Match 5 + 1 Euro number,5 + 1,5,200125.7,1000628.5
698,2023-11-28,3,5+0,Match 5 + 0 Euro numbers,5 + 0,4,141077.0,564308.0
698,2023-11-28,4,4+2,Match 4 + 2 Euro numbers,4 + 2,25,3723.2,93080.0
698,2023-11-28,5,4+1,Match 4 + 1 Euro number,4 + 1,503,231.3,116343.9
698,2023-11-28,6,3+2,Match 3 + 2 Euro numbers,3 + 2,1460,91.4,133444.0
698,2023-11-28,7,4+0,Match 4 + 0 Euro numbers,4 + 0,958,91.4,87561.2
698,2023-11-28,8,2+2,Match 2 + 2 Euro numbers,2 + 2,19702,15.1,297500.2
698,2023-11-28,9,3+1,Match 3 + 1 Euro number,3 + 1,21957,15.1,331550.7
698,2023-11-28,10,3+0,Match 3 + 0 Euro numbers,3 + 0,41406,15.1,625230.6
698,2023-11-28,11,1+2,Match 1 + 2 Euro numbers,1 + 2,94769,8.2,777105.8
698,2023-11-28,12,2+1,Match 2 + 1 Euro number,2 + 1,300929,7.8,2347246.2
699,2023-12-01,1,5+2,Match 5 + 2 Euro numbers,5 + 2,0,0.0,0.0
699,2023-12-01,2,5+1,Match 5 + 1 Euro number,5 + 1,1,1704261.1,1704261.1
699,2023-12-01,3,5+0,Match 5 + 0 Euro numbers,5 + 0,3,320374.6,961123.8
699,2023-12-01,4,4+2,Match 4 + 2 Euro numbers,4 + 2,35,4529.5,158532.5
699,2023-12-01,5,4+1,Match 4 + 1 Euro number,4 + 1,635,312.0,198120.0
699,2023-12-01,6,3+2,Match 3 + 2 Euro numbers,3 + 2,1303,167.2,217861.6
699,2023-12-01,7,4+0,Match 4 + 0 Euro numbers,4 + 0,1405,112.8,158484.0
699,2023-12-01,8,2+2,Match 2 + 2 Euro numbers,2 + 2,18418,27.4,504653.2
699,2023-12-01,9,3+1,Match 3 + 1 Euro number,3 + 1,26583,21.2,563559.6
699,2023-12-01,10,3+0,Match 3 + 0 Euro numbers,3 + 0,62258,17.1,1064611.8
699,2023-12-01,11,1+2,Match 1 + 2 Euro numbers,1 + 2,98331,13.6,1337301.6
699,2023-12-01,12,2+1,Match 2 + 1 Euro number,2 + 1,375986,10.6,3985451.6
700,2023-12-05,1,5+2,Match 5 + 2 Euro numbers,5 + 2,0,0.0,0.0
700,2023-12-05,2,5+1,Match 5 + 1 Euro number,5 + 1,7,175361.7,1227531.9
700,2023-12-05,3,5+0,Match 5 + 0 Euro numbers,5 + 0,3,175361.7,526085.1
700,2023-12-05,4,4+2,Match 4 + 2 Euro numbers,4 + 2,30,3476.8,104304.0
700,2023-12-05,5,4+1,Match 4 + 1 Euro number,4 + 1,625,208.6,130375.0
700,2023-12-05,6,3+2,Match 3 + 2 Euro numbers,3 + 2,1146,125.1,143364.6
700,2023-12-05,7,4+0,Match 4 + 0 Euro numbers,4 + 0,1461,71.3,104169.3
700,2023-12-05,8,2+2,Match 2 + 2 Euro numbers,2 + 2,15285,21.7,331684.5
700,2023-12-05,9,3+1,Match 3 + 1 Euro number,3 + 1,20757,17.9,371550.3
700,2023-12-05,10,3+0,Match 3 + 0 Euro numbers,3 + 0,46676,15.0,700140.0
700,2023-12-05,11,1+2,Match 1 + 2 Euro numbers,1 + 2,79989,11.0,879879.0
700,2023-12-05,12,2+1,Match 2 + 1 Euro number,2 + 1,277818,9.5,2639271.0
701,2023-12-08,1,5+2,Match 5 + 2 Euro numbers,5 + 2,0,0.0,0.0
701,2023-12-08,2,5+1,Match 5 + 1 Euro number,5 + 1,3,612134.7,1836404.1
701,2023-12-08,3,5+0,Match 5 + 0 Euro numbers,5 + 0,7,147949.5,1035646.5
701,2023-12-08,4,4+2,Match 4 + 2 Euro numbers,4 + 2,50,3416.5,170825.0
701,2023-12-08,5,4+1,Match 4 + 1 Euro number,4 + 1,727,293.7,213519.9
701,2023-12-08,6,3+2,Match 3 + 2 Euro numbers,3 + 2,1915,122.6,234779.0
701,2023-12-08,7,4+0,Match 4 + 0 Euro numbers,4 + 0,1429,119.5,170765.5
701,2023-12-08,8,2+2,Match 2 + 2 Euro numbers,2 + 2,28063,19.4,544422.2
701,2023-12-08,9,3+1,Match 3 + 1 Euro number,3 + 1,31927,19.0,606613.0
701,2023-12-08,10,3+0,Match 3 + 0 Euro numbers,3 + 0,65519,17.5,1146582.5
701,2023-12-08,11,1+2,Match 1 + 2 Euro numbers,1 + 2,144456,9.9,1430114.4
701,2023-12-08,12,2+1,Match 2 + 1 Euro number,2 + 1,472619,9.1,4300832.9
702,2023-12-12,1,5+2,Match 5 + 2 Euro numbers,5 + 2,0,0.0,0.0
702,2023-12-12,2,5+1,Match 5 + 1 Euro number,5 + 1,3,421049.0,1263147.0
702,2023-12-12,3,5+0,Match 5 + 0 Euro numbers,5 + 0,2,356178.0,712356.0
702,2023-12-12,4,4+2,Match 4 + 2 Euro numbers,4 + 2,17,6911.8,117500.6
702,2023-12-12,5,4+1,Match 4 + 1 Euro number,4 + 1,379,387.5,146862.5
702,2023-12-12,6,3+2,Match 3 + 2 Euro numbers,3 + 2,778,207.6,161512.8
702,2023-12-12,7,4+0,Match 4 + 0 Euro numbers,4 + 0,1026,114.5,117477.0
702,2023-12-12,8,2+2,Match 2 + 2 Euro numbers,2 + 2,11078,33.8,374436.4
702,2023-12-12,9,3+1,Match 3 + 1 Euro number,3 + 1,17526,23.8,417118.8
702,2023-12-12,10,3+0,Match 3 + 0 Euro numbers,3 + 0,45687,17.3,790385.1
702,2023-12-12,11,1+2,Match 1 + 2 Euro numbers,1 + 2,57867,17.1,989525.7
702,2023-12-12,12,2+1,Match 2 + 1 Euro number,2 + 1,262630,11.3,2967719.0
703,2023-12-15,1,5+2,Match 5 + 2 Euro numbers,5 + 2,0,0.0,0.0
703,2023-12-15,2,5+1,Match 5 + 1 Euro number,5 + 1,2,1012323.7,2024647.4
703,2023-12-15,3,5+0,Match 5 + 0 Euro numbers,5 + 0,8,142725.8,1141806.4
703,2023-12-15,4,4+2,Match 4 + 2 Euro numbers,4 + 2,37,5090.2,188337.4
703,2023-12-15,5,4+1,Match 4 + 1 Euro number,4 + 1,664,354.5,235388.0
703,2023-12-15,6,3+2,Match 3 + 2 Euro numbers,3 + 2,1537,168.4,258830.8
703,2023-12-15,7,4+0,Match 4 + 0 Euro numbers,4 + 0,1761,106.9,188250.9
703,2023-12-15,8,2+2,Match 2 + 2 Euro numbers,2 + 2,22698,26.4,599227.2
703,2023-12-15,9,3+1,Match 3 + 1 Euro number,3 + 1,32292,20.7,668444.4
703,2023-12-15,10,3+0,Match 3 + 0 Euro numbers,3 + 0,85645,14.8,1267546.0
703,2023-12-15,11,1+2,Match 1 + 2 Euro numbers,1 + 2,116306,13.6,1581761.6
703,2023-12-15,12,2+1,Match 2 + 1 Euro number,2 + 1,471548,10.1,4762634.8
704,2023-12-19,1,5+2,Match 5 + 2 Euro numbers,5 + 2,0,0.0,0.0
704,2023-12-19,2,5+1,Match 5 + 1 Euro number,5 + 1,0,0.0,0.0
704,2023-12-19,3,5+0,Match 5 + 0 Euro numbers,5 + 0,7,118174.1,827218.7
704,2023-12-19,4,4+2,Match 4 + 2 Euro numbers,4 + 2,16,8528.0,136448.0
704,2023-12-19,5,4+1,Match 4 + 1 Euro number,4 + 1,547,311.8,170554.6
704,2023-12-19,6,3+2,Match 3 + 2 Euro numbers,3 + 2,970,193.4,187598.0
704,2023-12-19,7,4+0,Match 4 + 0 Euro numbers,4 + 0,1189,114.7,136378.3
704,2023-12-19,8,2+2,Match 2 + 2 Euro numbers,2 + 2,13900,31.2,433680.0
704,2023-12-19,9,3+1,Match 3 + 1 Euro number,3 + 1,21773,22.3,485537.9
704,2023-12-19,10,3+0,Match 3 + 0 Euro numbers,3 + 0,54261,16.9,917010.9
704,2023-12-19,11,1+2,Match 1 + 2 Euro numbers,1 + 2,72360,15.9,1150524.0
704,2023-12-19,12,2+1,Match 2 + 1 Euro number,2 + 1,317150,10.9,3456935.0
705,2023-12-22,1,5+2,Match 5 + 2 Euro numbers,5 + 2,0,0.0,0.0
705,2023-12-22,2,5+1,Match 5 + 1 Euro number,5 + 1,2,1976194.6,3952389.2
705,2023-12-22,3,5+0,Match 5 + 0 Euro numbers,5 + 0,10,140174.4,1401744.0
705,2023-12-22,4,4+2,Match 4 + 2 Euro numbers,4 + 2,40,5780.3,231212.0
705,2023-12-22,5,4+1,Match 4 + 1 Euro number,4 + 1,853,338.8,288996.4
705,2023-12-22,6,3+2,Match 3 + 2 Euro numbers,3 + 2,1545,205.7,317806.5
705,2023-12-22,7,4+0,Match 4 + 0 Euro numbers,4 + 0,2105,109.8,231129.0
705,2023-12-22,8,2+2,Match 2 + 2 Euro numbers,2 + 2,22223,33.1,735581.3
705,2023-12-22,9,3+1,Match 3 + 1 Euro number,3 + 1,41016,20.0,820320.0
705,2023-12-22,10,3+0,Match 3 + 0 Euro numbers,3 + 0,101027,16.2,1636637.4
705,2023-12-22,11,1+2,Match 1 + 2 Euro numbers,1 + 2,114853,16.2,1860618.6
705,2023-12-22,12,2+1,Match 2 + 1 Euro number,2 + 1,556342,10.5,5841591.0
706,2023-12-26,1,5+2,Match 5 + 2 Euro numbers,5 + 2,0,0.0,0.0
706,2023-12-26,2,5+1,Match 5 + 1 Euro number,5 + 1,0,0.0,0.0
706,2023-12-26,3,5+0,Match 5 + 0 Euro numbers,5 + 0,7,120151.0,841057.0
706,2023-12-26,4,4+2,Match 4 + 2 Euro numbers,4 + 2,18,7707.2,138729.6
706,2023-12-26,5,4+1,Match 4 + 1 Euro number,4 + 1,645,268.8,173376.0
706,2023-12-26,6,3+2,Match 3 + 2 Euro numbers,3 + 2,1288,148.1,190752.8
706,2023-12-26,7,4+0,Match 4 + 0 Euro numbers,4 + 0,1584,87.5,138600.0
706,2023-12-26,8,2+2,Match 2 + 2 Euro numbers,2 + 2,16573,26.6,440841.8
706,2023-12-26,9,3+1,Match 3 + 1 Euro number,3 + 1,25587,19.3,493829.1
706,2023-12-26,10,3+0,Match 3 + 0 Euro numbers,3 + 0,67874,13.8,936661.2
706,2023-12-26,11,1+2,Match 1 + 2 Euro numbers,1 + 2,84571,13.8,1167079.8
706,2023-12-26,12,2+1,Match 2 + 1 Euro number,2 + 1,347316,10.1,3507891.6
707,2023-12-29,1,5+2,Match 5 + 2 Euro numbers,5 + 2,0,0.0,0.0
707,2023-12-29,2,5+1,Match 5 + 1 Euro number,5 + 1,2,2352158.3,4704316.6
707,2023-12-29,3,5+0,Match 5 + 0 Euro numbers,5 + 0,8,226494.8,1811958.4
707,2023-12-29,4,4+2,Match 4 + 2 Euro numbers,4 + 2,65,4598.1,298876.5
707,2023-12-29,5,4+1,Match 4 + 1 Euro number,4 + 1,993,376.2,373566.6
707,2023-12-29,6,3+2,Match 3 + 2 Euro numbers,3 + 2,2465,166.7,410915.5
707,2023-12-29,7,4+0,Match 4 + 0 Euro numbers,4 + 0,2268,131.7,298695.6
707,2023-12-29,8,2+2,Match 2 + 2 Euro numbers,2 + 2,38607,24.6,949732.2
707,2023-12-29,9,3+1,Match 3 + 1 Euro number,3 + 1,46932,22.6,1060663.2
707,2023-12-29,10,3+0,Match 3 + 0 Euro numbers,3 + 0,102322,19.7,2015743.4
707,2023-12-29,11,1+2,Match 1 + 2 Euro numbers,1 + 2,211004,11.9,2510947.6
707,2023-12-29,12,2+1,Match 2 + 1 Euro number,2 + 1,711460,10.6,7541476.0
708,2024-01-02,1,5+2,Match 5 + 2 Euro numbers,5 + 2,0,0.0,0.0
708,2024-01-02,2,5+1,Match 5 + 1 Euro number,5 + 1,3,833526.3,2500578.9
708,2024-01-02,3,5+0,Match 5 + 0 Euro numbers,5 + 0,8,176276.2,1410209.6
708,2024-01-02,4,4+2,Match 4 + 2 Euro numbers,4 + 2,38,6121.3,232609.4
708,2024-01-02,5,4+1,Match 4 + 1 Euro number,4 + 1,792,367.1,290743.2
708,2024-01-02,6,3+2,Match 3 + 2 Euro numbers,3 + 2,1531,208.9,319825.9
708,2024-01-02,7,4+0,Match 4 + 0 Euro numbers,4 + 0,1869,124.4,232503.6
708,2024-01-02,8,2+2,Match 2 + 2 Euro numbers,2 + 2,22139,33.4,739442.6
708,2024-01-02,9,3+1,Match 3 + 1 Euro number,3 + 1,35955,23.0,826965.0
708,2024-01-02,10,3+0,Match 3 + 0 Euro numbers,3 + 0,89915,17.4,1564521.0
708,2024-01-02,11,1+2,Match 1 + 2 Euro numbers,1 + 2,116190,16.8,1951992.0
708,2024-01-02,12,2+1,Match 2 + 1 Euro number,2 + 1,527283,11.1,5852841.3
709,2024-01-05,1,5+2,Match 5 + 2 Euro numbers,5 + 2,0,0.0,0.0
709,2024-01-05,2,5+1,Match 5 + 1 Euro number,5 + 1,9,2388351.9,21495167.1
709,2024-01-05,3,5+0,Match 5 + 0 Euro numbers,5 + 0,17,134207.6,2281529.2
709,2024-01-05,4,4+2,Match 4 + 2 Euro numbers,4 + 2,78,4824.8,376334.4
709,2024-01-05,5,4+1,Match 4 + 1 Euro number,4 + 1,1322,355.8,470367.6
709,2024-01-05,6,3+2,Match 3 + 2 Euro numbers,3 + 2,3122,165.7,517315.4
709,2024-01-05,7,4+0,Match 4 + 0 Euro numbers,4 + 0,3142,119.7,376097.4
709,2024-01-05,8,2+2,Match 2 + 2 Euro numbers,2 + 2,47716,25.1,1197671.6
709,2024-01-05,9,3+1,Match 3 + 1 Euro number,3 + 1,59208,22.6,1338100.8
709,2024-01-05,10,3+0,Match 3 + 0 Euro numbers,3 + 0,132876,19.1,2537931.6
709,2024-01-05,11,1+2,Match 1 + 2 Euro numbers,1 + 2,263029,12.0,3156348.0
709,2024-01-05,12,2+1,Match 2 + 1 Euro number,2 + 1,894780,10.6,9484668.0
710,2024-01-09,1,5+2,Match 5 + 2 Euro numbers,5 + 2,0,0.0,0.0
710,2024-01-09,2,5+1,Match 5 + 1 Euro number,5 + 1,4,5142221.9,20568887.6
710,2024-01-09,3,5+0,Match 5 + 0 Euro numbers,5 + 0,21,84116.7,1766450.7
710,2024-01-09,4,4+2,Match 4 + 2 Euro numbers,4 + 2,55,5297.6,291368.0
710,2024-01-09,5,4+1,Match 4 + 1 Euro number,4 + 1,1170,311.2,364104.0
710,2024-01-09,6,3+2,Match 3 + 2 Euro numbers,3 + 2,2355,170.1,400585.5
710,2024-01-09,7,4+0,Match 4 + 0 Euro numbers,4 + 0,2589,112.5,291262.5
710,2024-01-09,8,2+2,Match 2 + 2 Euro numbers,2 + 2,33768,27.5,928620.0
710,2024-01-09,9,3+1,Match 3 + 1 Euro number,3 + 1,51196,20.2,1034159.2
710,2024-01-09,10,3+0,Match 3 + 0 Euro numbers,3 + 0,114213,17.2,1964463.6
710,2024-01-09,11,1+2,Match 1 + 2 Euro numbers,1 + 2,179363,13.7,2457273.1
710,2024-01-09,12,2+1,Match 2 + 1 Euro number,2 + 1,743261,9.9,7358283.9
711,2024-01-12,1,5+2,Match 5 + 2 Euro numbers,5 + 2,0,0.0,0.0
711,2024-01-12,2,5+1,Match 5 + 1 Euro number,5 + 1,5,5018161.1,25090805.5
711,2024-01-12,3,5+0,Match 5 + 0 Euro numbers,5 + 0,8,295917.5,2367340.0
711,2024-01-12,4,4+2,Match 4 + 2 Euro numbers,4 + 2,80,4881.1,390488.0
711,2024-01-12,5,4+1,Match 4 + 1 Euro number,4 + 1,1372,355.7,488020.4
711,2024-01-12,6,3+2,Match 3 + 2 Euro numbers,3 + 2,3415,157.2,536838.0
711,2024-01-12,7,4+0,Match 4 + 0 Euro numbers,4 + 0,3009,129.7,390267.3
711,2024-01-12,8,2+2,Match 2 + 2 Euro numbers,2 + 2,53914,23.0,1240022.0
711,2024-01-12,9,3+1,Match 3 + 1 Euro number,3 + 1,64176,21.6,1386201.6
711,2024-01-12,10,3+0,Match 3 + 0 Euro numbers,3 + 0,138941,18.9,2625984.9
711,2024-01-12,11,1+2,Match 1 + 2 Euro numbers,1 + 2,296037,11.1,3286010.7
711,2024-01-12,12,2+1,Match 2 + 1 Euro number,2 + 1,957645,10.3,9863743.5
712,2024-01-16,1,5+2,Match 5 + 2 Euro numbers,5 + 2,1,120000000.0,120000000.0
712,2024-01-16,2,5+1,Match 5 + 1 Euro number,5 + 1,9,2398356.6,21585209.4
712,2024-01-16,3,5+0,Match 5 + 0 Euro numbers,5 + 0,15,124104.5,1861567.5
712,2024-01-16,4,4+2,Match 4 + 2 Euro numbers,4 + 2,90,3411.8,307062.0
712,2024-01-16,5,4+1,Match 4 + 1 Euro number,4 + 1,1408,272.6,383820.8
712,2024-01-16,6,3+2,Match 3 + 2 Euro numbers,3 + 2,3751,112.5,421987.5
712,2024-01-16,7,4+0,Match 4 + 0 Euro numbers,4 + 0,3064,100.2,307012.8
712,2024-01-16,8,2+2,Match 2 + 2 Euro numbers,2 + 2,50822,19.2,975782.4
712,2024-01-16,9,3+1,Match 3 + 1 Euro number,3 + 1,57647,18.9,1089528.3
712,2024-01-16,10,3+0,Match 3 + 0 Euro numbers,3 + 0,119626,17.3,2069529.8
712,2024-01-16,11,1+2,Match 1 + 2 Euro numbers,1 + 2,257975,10.0,2579750.0
712,2024-01-16,12,2+1,Match 2 + 1 Euro number,2 + 1,807648,9.6,7753420.8
713,2024-01-19,1,5+2,Match 5 + 2 Euro numbers,5 + 2,0,0.0,0.0
713,2024-01-19,2,5+1,Match 5 + 1 Euro number,5 + 1,3,622259.7,1866779.1
713,2024-01-19,3,5+0,Match 5 + 0 Euro numbers,5 + 0,3,350925.5,1052776.5
713,2024-01-19,4,4+2,Match 4 + 2 Euro numbers,4 + 2,46,3775.0,173650.0
713,2024-01-19,5,4+1,Match 4 + 1 Euro number,4 + 1,883,245.8,217041.4
713,2024-01-19,6,3+2,Match 3 + 2 Euro numbers,3 + 2,1651,144.6,238734.6
713,2024-01-19,7,4+0,Match 4 + 0 Euro numbers,4 + 0,1770,98.1,173637.0
713,2024-01-19,8,2+2,Match 2 + 2 Euro numbers,2 + 2,23340,23.7,553158.0
713,2024-01-19,9,3+1,Match 3 + 1 Euro number,3 + 1,35596,17.3,615810.8
713,2024-01-19,10,3+0,Match 3 + 0 Euro numbers,3 + 0,72991,16.0,1167856.0
713,2024-01-19,11,1+2,Match 1 + 2 Euro numbers,1 + 2,113213,12.9,1460447.7
713,2024-01-19,12,2+1,Match 2 + 1 Euro number,2 + 1,485031,9.0,4365279.0
714,2024-01-23,1,5+2,Match 5 + 2 Euro numbers,5 + 2,0,0.0,0.0
714,2024-01-23,2,5+1,Match 5 + 1 Euro number,5 + 1,2,586329.6,1172659.2
714,2024-01-23,3,5+0,Match 5 + 0 Euro numbers,5 + 0,10,66132.5,661325.0
714,2024-01-23,4,4+2,Match 4 + 2 Euro numbers,4 + 2,37,2948.2,109083.4
714,2024-01-23,5,4+1,Match 4 + 1 Euro number,4 + 1,457,298.3,136323.1
714,2024-01-23,6,3+2,Match 3 + 2 Euro numbers,3 + 2,1563,101.7,158957.1
714,2024-01-23,7,4+0,Match 4 + 0 Euro numbers,4 + 0,984,101.7,100072.8
714,2024-01-23,8,2+2,Match 2 + 2 Euro numbers,2 + 2,22338,17.2,384213.6
714,2024-01-23,9,3+1,Match 3 + 1 Euro number,3 + 1,20359,17.2,350174.8
714,2024-01-23,10,3+0,Match 3 + 0 Euro numbers,3 + 0,42923,17.1,733983.3
714,2024-01-23,11,1+2,Match 1 + 2 Euro numbers,1 + 2,116485,9.1,1060013.5
714,2024-01-23,12,2+1,Match 2 + 1 Euro number,2 + 1,288300,9.1,2623530.0
715,2024-01-26,1,5+2,Match 5 + 2 Euro numbers,5 + 2,0,0.0,0.0
715,2024-01-26,2,5+1,Match 5 + 1 Euro number,5 + 1,1,1818519.7,1818519.7
715,2024-01-26,3,5+0,Match 5 + 0 Euro numbers,5 + 0,5,205112.1,1025560.5
715,2024-01-26,4,4+2,Match 4 + 2 Euro numbers,4 + 2,35,4833.2,169162.0
715,2024-01-26,5,4+1,Match 4 + 1 Euro number,4 + 1,805,262.6,211393.0
715,2024-01-26,6,3+2,Match 3 + 2 Euro numbers,3 + 2,1541,150.9,232536.9
715,2024-01-26,7,4+0,Match 4 + 0 Euro numbers,4 + 0,1571,107.6,169039.6
715,2024-01-26,8,2+2,Match 2 + 2 Euro numbers,2 + 2,21647,24.9,539010.3
715,2024-01-26,9,3+1,Match 3 + 1 Euro number,3 + 1,33661,17.9,602531.9
715,2024-01-26,10,3+0,Match 3 + 0 Euro numbers,3 + 0,65717,17.3,1136904.1
715,2024-01-26,11,1+2,Match 1 + 2 Euro numbers,1 + 2,113535,12.5,1419187.5
715,2024-01-26,12,2+1,Match 2 + 1 Euro number,2 + 1,459810,9.3,4276233.0
716,2024-01-30,1,5+2,Match 5 + 2 Euro numbers,5 + 2,0,0.0,0.0
716,2024-01-30,2,5+1,Match 5 + 1 Euro number,5 + 1,1,1267671.3,1267671.3
716,2024-01-30,3,5+0,Match 5 + 0 Euro numbers,5 + 0,2,357453.8,714907.6
716,2024-01-30,4,4+2,Match 4 + 2 Euro numbers,4 + 2,14,8423.0,117922.0
716,2024-01-30,5,4+1,Match 4 + 1 Euro number,4 + 1,365,403.8,147387.0
716,2024-01-30,6,3+2,Match 3 + 2 Euro numbers,3 + 2,708,229.0,162132.0
716,2024-01-30,7,4+0,Match 4 + 0 Euro numbers,4 + 0,902,130.7,117891.4
716,2024-01-30,8,2+2,Match 2 + 2 Euro numbers,2 + 2,11226,33.4,374948.4
716,2024-01-30,9,3+1,Match 3 + 1 Euro number,3 + 1,17425,24.1,419942.5
716,2024-01-30,10,3+0,Match 3 + 0 Euro numbers,3 + 0,42575,18.6,791895.0
716,2024-01-30,11,1+2,Match 1 + 2 Euro numbers,1 + 2,61451,16.1,989361.1
716,2024-01-30,12,2+1,Match 2 + 1 Euro number,2 + 1,269928,11.0,2969208.0
717,2024-02-02,1,5+2,Match 5 + 2 Euro numbers,5 + 2,0,0.0,0.0
717,2024-02-02,2,5+1,Match 5 + 1 Euro number,5 + 1,5,408881.8,2044409.0
717,2024-02-02,3,5+0,Match 5 + 0 Euro numbers,5 + 0,14,82353.6,1152950.4
717,2024-02-02,4,4+2,Match 4 + 2 Euro numbers,4 + 2,38,5004.6,190174.8
717,2024-02-02,5,4+1,Match 4 + 1 Euro number,4 + 1,799,297.5,237702.5
717,2024-02-02,6,3+2,Match 3 + 2 Euro numbers,3 + 2,1272,205.5,261396.0
717,2024-02-02,7,4+0,Match 4 + 0 Euro numbers,4 + 0,2031,93.6,190101.6
717,2024-02-02,8,2+2,Match 2 + 2 Euro numbers,2 + 2,18148,33.4,606143.2
717,2024-02-02,9,3+1,Match 3 + 1 Euro number,3 + 1,33482,20.2,676336.4
717,2024-02-02,10,3+0,Match 3 + 0 Euro numbers,3 + 0,86368,16.1,1390524.8
717,2024-02-02,11,1+2,Match 1 + 2 Euro numbers,1 + 2,92948,16.1,1496462.8
717,2024-02-02,12,2+1,Match 2 + 1 Euro number,2 + 1,465425,10.3,4793877.5
718,2024-02-06,1,5+2,Match 5 + 2 Euro numbers,5 + 2,0,0.0,0.0
718,2024-02-06,2,5+1,Match 5 + 1 Euro number,5 + 1,2,756559.2,1513118.4
718,2024-02-06,3,5+0,Match 5 + 0 Euro numbers,5 + 0,1,756559.2,756559.2
718,2024-02-06,4,4+2,Match 4 + 2 Euro numbers,4 + 2,26,5192.2,134997.2
718,2024-02-06,5,4+1,Match 4 + 1 Euro number,4 + 1,445,379.2,168744.0
718,2024-02-06,6,3+2,Match 3 + 2 Euro numbers,3 + 2,1108,167.5,185590.0
718,2024-02-06,7,4+0,Match 4 + 0 Euro numbers,4 + 0,1076,125.4,134930.4
718,2024-02-06,8,2+2,Match 2 + 2 Euro numbers,2 + 2,15859,27.1,429778.9
718,2024-02-06,9,3+1,Match 3 + 1 Euro number,3 + 1,23064,20.8,479731.2
718,2024-02-06,10,3+0,Match 3 + 0 Euro numbers,3 + 0,51804,17.5,906570.0
718,2024-02-06,11,1+2,Match 1 + 2 Euro numbers,1 + 2,83067,13.7,1138017.9
718,2024-02-06,12,2+1,Match 2 + 1 Euro number,2 + 1,345845,9.9,3423865.5
719,2024-02-09,1,5+2,Match 5 + 2 Euro numbers,5 + 2,1,63259938.7,63259938.7
719,2024-02-09,2,5+1,Match 5 + 1 Euro number,5 + 1,10,220512.4,2205124.0
719,2024-02-09,3,5+0,Match 5 + 0 Euro numbers,5 + 0,11,113053.3,1243586.3
719,2024-02-09,4,4+2,Match 4 + 2 Euro numbers,4 + 2,59,3476.7,205125.3
719,2024-02-09,5,4+1,Match 4 + 1 Euro number,4 + 1,1359,188.6,256307.4
719,2024-02-09,6,3+2,Match 3 + 2 Euro numbers,3 + 2,2134,132.1,281901.4
719,2024-02-09,7,4+0,Match 4 + 0 Euro numbers,4 + 0,2561,80.0,204880.0
719,2024-02-09,8,2+2,Match 2 + 2 Euro numbers,2 + 2,27283,23.9,652063.7
719,2024-02-09,9,3+1,Match 3 + 1 Euro number,3 + 1,45825,15.9,728617.5
719,2024-02-09,10,3+0,Match 3 + 0 Euro numbers,3 + 0,96470,14.3,1379521.0
719,2024-02-09,11,1+2,Match 1 + 2 Euro numbers,1 + 2,135575,12.7,1721802.5
719,2024-02-09,12,2+1,Match 2 + 1 Euro number,2 + 1,582636,8.9,5185460.4
720,2024-02-13,1,5+2,Match 5 + 2 Euro numbers,5 + 2,0,0.0,0.0
720,2024-02-13,2,5+1,Match 5 + 1 Euro number,5 + 1,2,540526.4,1081052.8
720,2024-02-13,3,5+0,Match 5 + 0 Euro numbers,5 + 0,2,304831.7,609663.4
720,2024-02-13,4,4+2,Match 4 + 2 Euro numbers,4 + 2,11,9142.0,100562.0
720,2024-02-13,5,4+1,Match 4 + 1 Euro number,4 + 1,316,397.7,125673.2
720,2024-02-13,6,3+2,Match 3 + 2 Euro numbers,3 + 2,650,212.7,138255.0
720,2024-02-13,7,4+0,Match 4 + 0 Euro numbers,4 + 0,787,127.7,100499.9
720,2024-02-13,8,2+2,Match 2 + 2 Euro numbers,2 + 2,9232,34.7,320350.4
720,2024-02-13,9,3+1,Match 3 + 1 Euro number,3 + 1,14687,24.3,356894.1
720,2024-02-13,10,3+0,Match 3 + 0 Euro numbers,3 + 0,39374,17.2,677232.8
720,2024-02-13,11,1+2,Match 1 + 2 Euro numbers,1 + 2,49755,17.0,845835.0
720,2024-02-13,12,2+1,Match 2 + 1 Euro number,2 + 1,215359,11.8,2541236.2
721,2024-02-16,1,5+2,Match 5 + 2 Euro numbers,5 + 2,0,0.0,0.0
721,2024-02-16,2,5+1,Match 5 + 1 Euro number,5 + 1,1,1719358.1,1719358.1
721,2024-02-16,3,5+0,Match 5 + 0 Euro numbers,5 + 0,4,242409.5,969638.0
721,2024-02-16,4,4+2,Match 4 + 2 Euro numbers,4 + 2,45,3554.2,159939.0
721,2024-02-16,5,4+1,Match 4 + 1 Euro number,4 + 1,830,240.8,199864.0
721,2024-02-16,6,3+2,Match 3 + 2 Euro numbers,3 + 2,2384,95.0,226480.0
721,2024-02-16,7,4+0,Match 4 + 0 Euro numbers,4 + 0,1613,95.0,153235.0
721,2024-02-16,8,2+2,Match 2 + 2 Euro numbers,2 + 2,32406,15.7,508774.2
721,2024-02-16,9,3+1,Match 3 + 1 Euro number,3 + 1,39840,14.7,585648.0
721,2024-02-16,10,3+0,Match 3 + 0 Euro numbers,3 + 0,72197,14.7,1061295.9
721,2024-02-16,11,1+2,Match 1 + 2 Euro numbers,1 + 2,147009,9.1,1337781.9
721,2024-02-16,12,2+1,Match 2 + 1 Euro number,2 + 1,537828,7.5,4033710.0
722,2024-02-20,1,5+2,Match 5 + 2 Euro numbers,5 + 2,0,0.0,0.0
722,2024-02-20,2,5+1,Match 5 + 1 Euro number,5 + 1,3,390743.6,1172230.8
722,2024-02-20,3,5+0,Match 5 + 0 Euro numbers,5 + 0,7,94440.5,661083.5
722,2024-02-20,4,4+2,Match 4 + 2 Euro numbers,4 + 2,22,4956.5,109043.0
722,2024-02-20,5,4+1,Match 4 + 1 Euro number,4 + 1,511,266.7,136283.7
722,2024-02-20,6,3+2,Match 3 + 2 Euro numbers,3 + 2,1023,146.5,149869.5
722,2024-02-20,7,4+0,Match 4 + 0 Euro numbers,4 + 0,1287,84.7,109008.9
722,2024-02-20,8,2+2,Match 2 + 2 Euro numbers,2 + 2,13523,25.7,347541.1
722,2024-02-20,9,3+1,Match 3 + 1 Euro number,3 + 1,20514,18.9,387714.6
722,2024-02-20,10,3+0,Match 3 + 0 Euro numbers,3 + 0,50049,14.7,735720.3
722,2024-02-20,11,1+2,Match 1 + 2 Euro numbers,1 + 2,69908,13.1,915794.8
722,2024-02-20,12,2+1,Match 2 + 1 Euro number,2 + 1,280000,9.8,2744000.0
723,2024-02-23,1,5+2,Match 5 + 2 Euro numbers,5 + 2,2,15495760.4,30991520.8
723,2024-02-23,2,5+1,Match 5 + 1 Euro number,5 + 1,4,464247.3,1856989.2
723,2024-02-23,3,5+0,Match 5 + 0 Euro numbers,5 + 0,11,95205.0,1047255.0
723,2024-02-23,4,4+2,Match 4 + 2 Euro numbers,4 + 2,49,3525.3,172739.7
723,2024-02-23,5,4+1,Match 4 + 1 Euro number,4 + 1,766,281.8,215858.8
723,2024-02-23,6,3+2,Match 3 + 2 Euro numbers,3 + 2,1774,133.8,237361.2
723,2024-02-23,7,4+0,Match 4 + 0 Euro numbers,4 + 0,1620,106.6,172692.0
723,2024-02-23,8,2+2,Match 2 + 2 Euro numbers,2 + 2,25437,21.6,549439.2
723,2024-02-23,9,3+1,Match 3 + 1 Euro number,3 + 1,32477,18.9,613815.3
723,2024-02-23,10,3+0,Match 3 + 0 Euro numbers,3 + 0,68901,16.9,1164426.9
723,2024-02-23,11,1+2,Match 1 + 2 Euro numbers,1 + 2,135064,10.7,1445184.8
723,2024-02-23,12,2+1,Match 2 + 1 Euro number,2 + 1,454071,9.6,4359081.6
724,2024-02-27,1,5+2,Match 5 + 2 Euro numbers,5 + 2,0,0.0,0.0
724,2024-02-27,2,5+1,Match 5 + 1 Euro number,5 + 1,1,1032302.5,1032302.5
724,2024-02-27,3,5+0,Match 5 + 0 Euro numbers,5 + 0,1,582170.6,582170.6
724,2024-02-27,4,4+2,Match 4 + 2 Euro numbers,4 + 2,11,8729.8,96027.8
724,2024-02-27,5,4+1,Match 4 + 1 Euro number,4 + 1,313,383.4,120004.2
724,2024-02-27,6,3+2,Match 3 + 2 Euro numbers,3 + 2,564,234.1,132032.4
724,2024-02-27,7,4+0,Match 4 + 0 Euro numbers,4 + 0,834,115.1,95993.4
724,2024-02-27,8,2+2,Match 2 + 2 Euro numbers,2 + 2,8645,35.4,306033.0
724,2024-02-27,9,3+1,Match 3 + 1 Euro number,3 + 1,13630,25.0,340750.0
724,2024-02-27,10,3+0,Match 3 + 0 Euro numbers,3 + 0,37280,17.4,648672.0
724,2024-02-27,11,1+2,Match 1 + 2 Euro numbers,1 + 2,46195,17.4,803793.0
724,2024-02-27,12,2+1,Match 2 + 1 Euro number,2 + 1,203674,11.9,2423720.6
725,2024-03-01,1,5+2,Match 5 + 2 Euro numbers,5 + 2,0,0.0,0.0
725,2024-03-01,2,5+1,Match 5 + 1 Euro number,5 + 1,2,869547.3,1739094.6
725,2024-03-01,3,5+0,Match 5 + 0 Euro numbers,5 + 0,7,140109.7,980767.9
725,2024-03-01,4,4+2,Match 4 + 2 Euro numbers,4 + 2,53,3052.3,161771.9
725,2024-03-01,5,4+1,Match 4 + 1 Euro number,4 + 1,701,288.4,202168.4
725,2024-03-01,6,3+2,Match 3 + 2 Euro numbers,3 + 2,2429,101.1,245571.9
725,2024-03-01,7,4+0,Match 4 + 0 Euro numbers,4 + 0,1368,101.1,138304.8
725,2024-03-01,8,2+2,Match 2 + 2 Euro numbers,2 + 2,34726,17.4,604232.4
725,2024-03-01,9,3+1,Match 3 + 1 Euro number,3 + 1,30985,17.4,539139.0
725,2024-03-01,10,3+0,Match 3 + 0 Euro numbers,3 + 0,59109,17.4,1028496.6
725,2024-03-01,11,1+2,Match 1 + 2 Euro numbers,1 + 2,187144,8.7,1628152.8
725,2024-03-01,12,2+1,Match 2 + 1 Euro number,2 + 1,435651,8.7,3790163.7
726,2024-03-05,1,5+2,Match 5 + 2 Euro numbers,5 + 2,0,0.0,0.0
726,2024-03-05,2,5+1,Match 5 + 1 Euro number,5 + 1,1,1166722.3,1166722.3
726,2024-03-05,3,5+0,Match 5 + 0 Euro numbers,5 + 0,5,131595.4,657977.0
726,2024-03-05,4,4+2,Match 4 + 2 Euro numbers,4 + 2,15,7235.4,108531.0
726,2024-03-05,5,4+1,Match 4 + 1 Euro number,4 + 1,373,363.7,135660.1
726,2024-03-05,6,3+2,Match 3 + 2 Euro numbers,3 + 2,684,218.1,149180.4
726,2024-03-05,7,4+0,Match 4 + 0 Euro numbers,4 + 0,832,130.4,108492.8
726,2024-03-05,8,2+2,Match 2 + 2 Euro numbers,2 + 2,9877,35.0,345695.0
726,2024-03-05,9,3+1,Match 3 + 1 Euro number,3 + 1,16824,22.9,385269.6
726,2024-03-05,10,3+0,Match 3 + 0 Euro numbers,3 + 0,40218,18.2,731967.6
726,2024-03-05,11,1+2,Match 1 + 2 Euro numbers,1 + 2,53805,17.0,914685.0
726,2024-03-05,12,2+1,Match 2 + 1 Euro number,2 + 1,234903,11.7,2748365.1
727,2024-03-08,1,5+2,Match 5 + 2 Euro numbers,5 + 2,1,30529950.7,30529950.7
727,2024-03-08,2,5+1,Match 5 + 1 Euro number,5 + 1,5,374824.3,1874121.5
727,2024-03-08,3,5+0,Match 5 + 0 Euro numbers,5 + 0,8,132114.6,1056916.8
727,2024-03-08,4,4+2,Match 4 + 2 Euro numbers,4 + 2,19,9175.6,174336.4
727,2024-03-08,5,4+1,Match 4 + 1 Euro number,4 + 1,734,296.8,217851.2
727,2024-03-08,6,3+2,Match 3 + 2 Euro numbers,3 + 2,1070,224.0,239680.0
727,2024-03-08,7,4+0,Match 4 + 0 Euro numbers,4 + 0,2145,81.2,174174.0
727,2024-03-08,8,2+2,Match 2 + 2 Euro numbers,2 + 2,15710,35.3,554563.0
727,2024-03-08,9,3+1,Match 3 + 1 Euro number,3 + 1,31893,19.4,618724.2
727,2024-03-08,10,3+0,Match 3 + 0 Euro numbers,3 + 0,87327,15.7,1371033.9
727,2024-03-08,11,1+2,Match 1 + 2 Euro numbers,1 + 2,80369,15.7,1261793.3
727,2024-03-08,12,2+1,Match 2 + 1 Euro number,2 + 1,426773,10.3,4395761.9
728,2024-03-12,1,5+2,Match 5 + 2 Euro numbers,5 + 2,0,0.0,0.0
728,2024-03-12,2,5+1,Match 5 + 1 Euro number,5 + 1,3,350597.6,1051792.8
728,2024-03-12,3,5+0,Match 5 + 0 Euro numbers,5 + 0,5,118632.4,593162.0
728,2024-03-12,4,4+2,Match 4 + 2 Euro numbers,4 + 2,17,5755.3,97840.1
728,2024-03-12,5,4+1,Match 4 + 1 Euro number,4 + 1,625,195.6,122250.0
728,2024-03-12,6,3+2,Match 3 + 2 Euro numbers,3 + 2,1111,121.0,134431.0
728,2024-03-12,7,4+0,Match 4 + 0 Euro numbers,4 + 0,1572,62.2,97778.4
728,2024-03-12,8,2+2,Match 2 + 2 Euro numbers,2 + 2,13658,22.8,311402.4
728,2024-03-12,9,3+1,Match 3 + 1 Euro number,3 + 1,22271,15.6,347427.6
728,2024-03-12,10,3+0,Match 3 + 0 Euro numbers,3 + 0,53925,12.3,663277.5
728,2024-03-12,11,1+2,Match 1 + 2 Euro numbers,1 + 2,66017,12.3,812009.1
728,2024-03-12,12,2+1,Match 2 + 1 Euro number,2 + 1,272729,9.1,2481833.9
729,2024-03-15,1,5+2,Match 5 + 2 Euro numbers,5 + 2,0,0.0,0.0
729,2024-03-15,2,5+1,Match 5 + 1 Euro number,5 + 1,1,1710667.0,1710667.0
729,2024-03-15,3,5+0,Match 5 + 0 Euro numbers,5 + 0,4,241184.1,964736.4
729,2024-03-15,4,4+2,Match 4 + 2 Euro numbers,4 + 2,40,3978.2,159128.0
729,2024-03-15,5,4+1,Match 4 + 1 Euro number,4 + 1,580,342.9,198882.0
729,2024-03-15,6,3+2,Match 3 + 2 Euro numbers,3 + 2,1409,155.2,218676.8
729,2024-03-15,7,4+0,Match 4 + 0 Euro numbers,4 + 0,1216,130.8,159052.8
729,2024-03-15,8,2+2,Match 2 + 2 Euro numbers,2 + 2,21203,23.9,506751.7
729,2024-03-15,9,3+1,Match 3 + 1 Euro number,3 + 1,29161,19.4,565723.4
729,2024-03-15,10,3+0,Match 3 + 0 Euro numbers,3 + 0,62772,17.1,1073401.2
729,2024-03-15,11,1+2,Match 1 + 2 Euro numbers,1 + 2,113668,11.8,1341282.4
729,2024-03-15,12,2+1,Match 2 + 1 Euro number,2 + 1,398944,10.1,4029334.4
730,2024-03-19,1,5+2,Match 5 + 2 Euro numbers,5 + 2,0,0.0,0.0
730,2024-03-19,2,5+1,Match 5 + 1 Euro number,5 + 1,0,0.0,0.0
730,2024-03-19,3,5+0,Match 5 + 0 Euro numbers,5 + 0,3,217176.4,651529.2
730,2024-03-19,4,4+2,Match 4 + 2 Euro numbers,4 + 2,13,8266.8,107468.4
730,2024-03-19,5,4+1,Match 4 + 1 Euro number,4 + 1,354,379.4,134307.6
730,2024-03-19,6,3+2,Match 3 + 2 Euro numbers,3 + 2,872,169.4,147716.8
730,2024-03-19,7,4+0,Match 4 + 0 Euro numbers,4 + 0,745,144.2,107429.0
730,2024-03-19,8,2+2,Match 2 + 2 Euro numbers,2 + 2,15116,23.0,347668.0
730,2024-03-19,9,3+1,Match 3 + 1 Euro number,3 + 1,16289,23.0,374647.0
730,2024-03-19,10,3+0,Match 3 + 0 Euro numbers,3 + 0,36250,20.0,725000.0
730,2024-03-19,11,1+2,Match 1 + 2 Euro numbers,1 + 2,77670,11.6,900972.0
730,2024-03-19,12,2+1,Match 2 + 1 Euro number,2 + 1,261685,10.4,2721524.0
731,2024-03-22,1,5+2,Match 5 + 2 Euro numbers,5 + 2,0,0.0,0.0
731,2024-03-22,2,5+1,Match 5 + 1 Euro number,5 + 1,3,986995.2,2960985.6
731,2024-03-22,3,5+0,Match 5 + 0 Euro numbers,5 + 0,5,203665.7,1018328.5
731,2024-03-22,4,4+2,Match 4 + 2 Euro numbers,4 + 2,43,3906.3,167970.9
731,2024-03-22,5,4+1,Match 4 + 1 Euro number,4 + 1,636,330.1,209943.6
731,2024-03-22,6,3+2,Match 3 + 2 Euro numbers,3 + 2,2385,108.1,257818.5
731,2024-03-22,7,4+0,Match 4 + 0 Euro numbers,4 + 0,1305,108.1,141070.5
731,2024-03-22,8,2+2,Match 2 + 2 Euro numbers,2 + 2,35944,17.9,643397.6
731,2024-03-22,9,3+1,Match 3 + 1 Euro number,3 + 1,29999,17.9,536982.1
731,2024-03-22,10,3+0,Match 3 + 0 Euro numbers,3 + 0,60643,17.9,1085509.7
731,2024-03-22,11,1+2,Match 1 + 2 Euro numbers,1 + 2,192984,8.8,1698259.2
731,2024-03-22,12,2+1,Match 2 + 1 Euro number,2 + 1,449072,8.8,3951833.6
732,2024-03-26,1,5+2,Match 5 + 2 Euro numbers,5 + 2,0,0.0,0.0
732,2024-03-26,2,5+1,Match 5 + 1 Euro number,5 + 1,1,1285664.3,1285664.3
732,2024-03-26,3,5+0,Match 5 + 0 Euro numbers,5 + 0,7,103579.2,725054.4
732,2024-03-26,4,4+2,Match 4 + 2 Euro numbers,4 + 2,20,5979.8,119596.0
732,2024-03-26,5,4+1,Match 4 + 1 Euro number,4 + 1,481,310.8,149494.8
732,2024-03-26,6,3+2,Match 3 + 2 Euro numbers,3 + 2,985,166.9,164396.5
732,2024-03-26,7,4+0,Match 4 + 0 Euro numbers,4 + 0,1088,109.9,119571.2
732,2024-03-26,8,2+2,Match 2 + 2 Euro numbers,2 + 2,14118,27.0,381186.0
732,2024-03-26,9,3+1,Match 3 + 1 Euro number,3 + 1,21474,19.8,425185.2
732,2024-03-26,10,3+0,Match 3 + 0 Euro numbers,3 + 0,50392,16.0,806272.0
732,2024-03-26,11,1+2,Match 1 + 2 Euro numbers,1 + 2,73583,13.7,1008087.1
732,2024-03-26,12,2+1,Match 2 + 1 Euro number,2 + 1,301125,10.0,3011250.0
733,2024-03-29,1,5+2,Match 5 + 2 Euro numbers,5 + 2,0,0.0,0.0
733,2024-03-29,2,5+1,Match 5 + 1 Euro number,5 + 1,1,1972313.4,1972313.4
733,2024-03-29,3,5+0,Match 5 + 0 Euro numbers,5 + 0,7,158899.0,1112293.0
733,2024-03-29,4,4+2,Match 4 + 2 Euro numbers,4 + 2,35,5242.0,183470.0
733,2024-03-29,5,4+1,Match 4 + 1 Euro number,4 + 1,747,307.0,229329.0
733,2024-03-29,6,3+2,Match 3 + 2 Euro numbers,3 + 2,1716,147.0,252252.0
733,2024-03-29,7,4+0,Match 4 + 0 Euro numbers,4 + 0,1583,115.9,183469.7
733,2024-03-29,8,2+2,Match 2 + 2 Euro numbers,2 + 2,24953,23.4,583900.2
733,2024-03-29,9,3+1,Match 3 + 1 Euro number,3 + 1,33849,19.3,653285.7
733,2024-03-29,10,3+0,Match 3 + 0 Euro numbers,3 + 0,75321,16.4,1235264.4
733,2024-03-29,11,1+2,Match 1 + 2 Euro numbers,1 + 2,130501,11.8,1539911.8
733,2024-03-29,12,2+1,Match 2 + 1 Euro number,2 + 1,487595,9.5,4632152.5
734,2024-04-02,1,5+2,Match 5 + 2 Euro numbers,5 + 2,0,0.0,0.0
734,2024-04-02,2,5+1,Match 5 + 1 Euro number,5 + 1,5,269191.4,1345957.0
734,2024-04-02,3,5+0,Match 5 + 0 Euro numbers,5 + 0,11,69005.2,759057.2
734,2024-04-02,4,4+2,Match 4 + 2 Euro numbers,4 + 2,13,9631.1,125204.3
734,2024-04-02,5,4+1,Match 4 + 1 Euro number,4 + 1,655,238.9,156479.5
734,2024-04-02,6,3+2,Match 3 + 2 Euro numbers,3 + 2,889,193.6,172110.4
734,2024-04-02,7,4+0,Match 4 + 0 Euro numbers,4 + 0,1609,77.8,125180.2
734,2024-04-02,8,2+2,Match 2 + 2 Euro numbers,2 + 2,13068,30.5,398574.0
734,2024-04-02,9,3+1,Match 3 + 1 Euro number,3 + 1,22331,19.9,444386.9
734,2024-04-02,10,3+0,Match 3 + 0 Euro numbers,3 + 0,54996,15.3,841438.8
734,2024-04-02,11,1+2,Match 1 + 2 Euro numbers,1 + 2,70354,15.0,1055310.0
734,2024-04-02,12,2+1,Match 2 + 1 Euro number,2 + 1,311671,10.1,3147877.1
735,2024-04-05,1,5+2,Match 5 + 2 Euro numbers,5 + 2,0,0.0,0.0
735,2024-04-05,2,5+1,Match 5 + 1 Euro number,5 + 1,4,557840.1,2231360.4
735,2024-04-05,3,5+0,Match 5 + 0 Euro numbers,5 + 0,18,69910.1,1258381.8
735,2024-04-05,4,4+2,Match 4 + 2 Euro numbers,4 + 2,30,6918.9,207567.0
735,2024-04-05,5,4+1,Match 4 + 1 Euro number,4 + 1,841,308.5,259448.5
735,2024-04-05,6,3+2,Match 3 + 2 Euro numbers,3 + 2,1735,164.4,285234.0
735,2024-04-05,7,4+0,Match 4 + 0 Euro numbers,4 + 0,2074,100.0,207400.0
735,2024-04-05,8,2+2,Match 2 + 2 Euro numbers,2 + 2,24209,27.3,660905.7
735,2024-04-05,9,3+1,Match 3 + 1 Euro number,3 + 1,35862,20.6,738757.2
735,2024-04-05,10,3+0,Match 3 + 0 Euro numbers,3 + 0,91830,15.2,1395816.0
735,2024-04-05,11,1+2,Match 1 + 2 Euro numbers,1 + 2,127005,13.7,1739968.5
735,2024-04-05,12,2+1,Match 2 + 1 Euro number,2 + 1,500628,10.5,5256594.0
736,2024-04-09,1,5+2,Match 5 + 2 Euro numbers,5 + 2,0,0.0,0.0
736,2024-04-09,2,5+1,Match 5 + 1 Euro number,5 + 1,2,869448.3,1738896.6
736,2024-04-09,3,5+0,Match 5 + 0 Euro numbers,5 + 0,4,245164.2,980656.8
736,2024-04-09,4,4+2,Match 4 + 2 Euro numbers,4 + 2,31,5217.9,161754.9
736,2024-04-09,5,4+1,Match 4 + 1 Euro number,4 + 1,757,267.1,202194.7
736,2024-04-09,6,3+2,Match 3 + 2 Euro numbers,3 + 2,1571,141.5,222296.5
736,2024-04-09,7,4+0,Match 4 + 0 Euro numbers,4 + 0,1699,95.2,161744.8
736,2024-04-09,8,2+2,Match 2 + 2 Euro numbers,2 + 2,20986,24.5,514157.0
736,2024-04-09,9,3+1,Match 3 + 1 Euro number,3 + 1,33174,17.3,573910.2
736,2024-04-09,10,3+0,Match 3 + 0 Euro numbers,3 + 0,68632,15.9,1091248.8
736,2024-04-09,11,1+2,Match 1 + 2 Euro numbers,1 + 2,102611,13.3,1364726.3
736,2024-04-09,12,2+1,Match 2 + 1 Euro number,2 + 1,449047,9.1,4086327.7
737,2024-04-12,1,5+2,Match 5 + 2 Euro numbers,5 + 2,0,0.0,0.0
737,2024-04-12,2,5+1,Match 5 + 1 Euro number,5 + 1,0,0.0,0.0
737,2024-04-12,3,5+0,Match 5 + 0 Euro numbers,5 + 0,7,219544.6,1536812.2
737,2024-04-12,4,4+2,Match 4 + 2 Euro numbers,4 + 2,28,9053.3,253492.4
737,2024-04-12,5,4+1,Match 4 + 1 Euro number,4 + 1,718,441.3,316853.4
737,2024-04-12,6,3+2,Match 3 + 2 Euro numbers,3 + 2,1652,210.9,348406.8
737,2024-04-12,7,4+0,Match 4 + 0 Euro numbers,4 + 0,1870,135.5,253385.0
737,2024-04-12,8,2+2,Match 2 + 2 Euro numbers,2 + 2,23631,34.1,805817.1
737,2024-04-12,9,3+1,Match 3 + 1 Euro number,3 + 1,33771,26.7,901685.7
737,2024-04-12,10,3+0,Match 3 + 0 Euro numbers,3 + 0,89014,19.2,1709068.8
737,2024-04-12,11,1+2,Match 1 + 2 Euro numbers,1 + 2,127107,16.8,2135397.6
737,2024-04-12,12,2+1,Match 2 + 1 Euro number,2 + 1,500947,12.8,6412121.6
738,2024-04-16,1,5+2,Match 5 + 2 Euro numbers,5 + 2,0,0.0,0.0
738,2024-04-16,2,5+1,Match 5 + 1 Euro number,5 + 1,1,5125789.5,5125789.5
738,2024-04-16,3,5+0,Match 5 + 0 Euro numbers,5 + 0,8,169236.7,1353893.6
738,2024-04-16,4,4+2,Match 4 + 2 Euro numbers,4 + 2,39,5726.2,223321.8
738,2024-04-16,5,4+1,Match 4 + 1 Euro number,4 + 1,581,480.4,279112.4
738,2024-04-16,6,3+2,Match 3 + 2 Euro numbers,3 + 2,1475,208.1,306947.5
738,2024-04-16,7,4+0,Match 4 + 0 Euro numbers,4 + 0,1547,144.3,223232.1
738,2024-04-16,8,2+2,Match 2 + 2 Euro numbers,2 + 2,21401,33.2,710513.2
738,2024-04-16,9,3+1,Match 3 + 1 Euro number,3 + 1,28932,27.4,792736.8
738,2024-04-16,10,3+0,Match 3 + 0 Euro numbers,3 + 0,76211,19.7,1501356.7
738,2024-04-16,11,1+2,Match 1 + 2 Euro numbers,1 + 2,118042,15.9,1876867.8
738,2024-04-16,12,2+1,Match 2 + 1 Euro number,2 + 1,438891,12.9,5661693.9
739,2024-04-19,1,5+2,Match 5 + 2 Euro numbers,5 + 2,0,0.0,0.0
739,2024-04-19,2,5+1,Match 5 + 1 Euro number,5 + 1,5,740631.4,3703157.0
739,2024-04-19,3,5+0,Match 5 + 0 Euro numbers,5 + 0,19,109916.2,2088407.8
739,2024-04-19,4,4+2,Match 4 + 2 Euro numbers,4 + 2,55,6263.2,344476.0
739,2024-04-19,5,4+1,Match 4 + 1 Euro number,4 + 1,1542,279.2,430526.4
739,2024-04-19,6,3+2,Match 3 + 2 Euro numbers,3 + 2,2623,180.5,473451.5
739,2024-04-19,7,4+0,Match 4 + 0 Euro numbers,4 + 0,3708,92.9,344473.2
739,2024-04-19,8,2+2,Match 2 + 2 Euro numbers,2 + 2,37911,28.9,1095627.9
739,2024-04-19,9,3+1,Match 3 + 1 Euro number,3 + 1,61980,19.8,1227204.0
739,2024-04-19,10,3+0,Match 3 + 0 Euro numbers,3 + 0,145545,15.9,2314165.5
739,2024-04-19,11,1+2,Match 1 + 2 Euro numbers,1 + 2,201208,14.4,2897395.2
739,2024-04-19,12,2+1,Match 2 + 1 Euro number,2 + 1,867363,10.0,8673630.0
740,2024-04-23,1,5+2,Match 5 + 2 Euro numbers,5 + 2,2,60000000.0,120000000.0
740,2024-04-23,2,5+1,Match 5 + 1 Euro number,5 + 1,6,3443196.4,20659178.4
740,2024-04-23,3,5+0,Match 5 + 0 Euro numbers,5 + 0,3,626148.4,1878445.2
740,2024-04-23,4,4+2,Match 4 + 2 Euro numbers,4 + 2,48,6455.1,309844.8
740,2024-04-23,5,4+1,Match 4 + 1 Euro number,4 + 1,1171,330.7,387249.7
740,2024-04-23,6,3+2,Match 3 + 2 Euro numbers,3 + 2,2740,155.4,425796.0
740,2024-04-23,7,4+0,Match 4 + 0 Euro numbers,4 + 0,2589,119.6,309644.4
740,2024-04-23,8,2+2,Match 2 + 2 Euro numbers,2 + 2,39087,25.2,984992.4
740,2024-04-23,9,3+1,Match 3 + 1 Euro number,3 + 1,58326,18.9,1102361.4
740,2024-04-23,10,3+0,Match 3 + 0 Euro numbers,3 + 0,122370,17.0,2080290.0
740,2024-04-23,11,1+2,Match 1 + 2 Euro numbers,1 + 2,200251,13.0,2603263.0
740,2024-04-23,12,2+1,Match 2 + 1 Euro number,2 + 1,830086,9.4,7802808.4
741,2024-04-26,1,5+2,Match 5 + 2 Euro numbers,5 + 2,0,0.0,0.0
741,2024-04-26,2,5+1,Match 5 + 1 Euro number,5 + 1,3,619767.8,1859303.4
741,2024-04-26,3,5+0,Match 5 + 0 Euro numbers,5 + 0,11,95323.6,1048559.6
741,2024-04-26,4,4+2,Match 4 + 2 Euro numbers,4 + 2,27,6405.8,172956.6
741,2024-04-26,5,4+1,Match 4 + 1 Euro number,4 + 1,750,288.2,216150.0
741,2024-04-26,6,3+2,Match 3 + 2 Euro numbers,3 + 2,1100,216.1,237710.0
741,2024-04-26,7,4+0,Match 4 + 0 Euro numbers,4 + 0,1867,92.6,172884.2
741,2024-04-26,8,2+2,Match 2 + 2 Euro numbers,2 + 2,15860,34.7,550342.0
741,2024-04-26,9,3+1,Match 3 + 1 Euro number,3 + 1,30309,20.3,615272.7
741,2024-04-26,10,3+0,Match 3 + 0 Euro numbers,3 + 0,79345,16.3,1293323.5
741,2024-04-26,11,1+2,Match 1 + 2 Euro numbers,1 + 2,81495,16.3,1328368.5
741,2024-04-26,12,2+1,Match 2 + 1 Euro number,2 + 1,418702,10.4,4354500.8
742,2024-04-30,1,5+2,Match 5 + 2 Euro numbers,5 + 2,0,0.0,0.0
742,2024-04-30,2,5+1,Match 5 + 1 Euro number,5 + 1,6,250246.2,1501477.2
742,2024-04-30,3,5+0,Match 5 + 0 Euro numbers,5 + 0,2,250246.2,500492.4
742,2024-04-30,4,4+2,Match 4 + 2 Euro numbers,4 + 2,20,5953.8,119076.0
742,2024-04-30,5,4+1,Match 4 + 1 Euro number,4 + 1,508,293.0,148844.0
742,2024-04-30,6,3+2,Match 3 + 2 Euro numbers,3 + 2,900,181.9,163710.0
742,2024-04-30,7,4+0,Match 4 + 0 Euro numbers,4 + 0,966,123.2,119011.2
742,2024-04-30,8,2+2,Match 2 + 2 Euro numbers,2 + 2,13908,27.2,378297.6
742,2024-04-30,9,3+1,Match 3 + 1 Euro number,3 + 1,21083,20.1,423768.3
742,2024-04-30,10,3+0,Match 3 + 0 Euro numbers,3 + 0,42727,18.8,803267.6
742,2024-04-30,11,1+2,Match 1 + 2 Euro numbers,1 + 2,74850,13.4,1002990.0
742,2024-04-30,12,2+1,Match 2 + 1 Euro number,2 + 1,311648,9.6,2991820.8
743,2024-05-03,1,5+2,Match 5 + 2 Euro numbers,5 + 2,0,0.0,0.0
743,2024-05-03,2,5+1,Match 5 + 1 Euro number,5 + 1,6,299120.7,1794724.2
743,2024-05-03,3,5+0,Match 5 + 0 Euro numbers,5 + 0,8,126517.6,1012140.8
743,2024-05-03,4,4+2,Match 4 + 2 Euro numbers,4 + 2,42,3975.0,166950.0
743,2024-05-03,5,4+1,Match 4 + 1 Euro number,4 + 1,599,348.3,208631.7
743,2024-05-03,6,3+2,Match 3 + 2 Euro numbers,3 + 2,1778,130.9,232740.2
743,2024-05-03,7,4+0,Match 4 + 0 Euro numbers,4 + 0,1251,130.9,163755.9
743,2024-05-03,8,2+2,Match 2 + 2 Euro numbers,2 + 2,26337,20.2,532007.4
743,2024-05-03,9,3+1,Match 3 + 1 Euro number,3 + 1,29487,20.1,592688.7
743,2024-05-03,10,3+0,Match 3 + 0 Euro numbers,3 + 0,58720,19.1,1121552.0
743,2024-05-03,11,1+2,Match 1 + 2 Euro numbers,1 + 2,145069,9.7,1407169.3
743,2024-05-03,12,2+1,Match 2 + 1 Euro number,2 + 1,437524,9.6,4200230.4
744,2024-05-07,1,5+2,Match 5 + 2 Euro numbers,5 + 2,0,0.0,0.0
744,2024-05-07,2,5+1,Match 5 + 1 Euro number,5 + 1,1,1341351.2,1341351.2
744,2024-05-07,3,5+0,Match 5 + 0 Euro numbers,5 + 0,3,252153.2,756459.6
744,2024-05-07,4,4+2,Match 4 + 2 Euro numbers,4 + 2,32,3899.2,124774.4
744,2024-05-07,5,4+1,Match 4 + 1 Euro number,4 + 1,431,361.8,155935.8
744,2024-05-07,6,3+2,Match 3 + 2 Euro numbers,3 + 2,1374,125.4,172299.6
744,2024-05-07,7,4+0,Match 4 + 0 Euro numbers,4 + 0,988,125.4,123895.2
744,2024-05-07,8,2+2,Match 2 + 2 Euro numbers,2 + 2,16939,23.4,396372.6
744,2024-05-07,9,3+1,Match 3 + 1 Euro number,3 + 1,22226,19.9,442297.4
744,2024-05-07,10,3+0,Match 3 + 0 Euro numbers,3 + 0,48081,17.5,841417.5
744,2024-05-07,11,1+2,Match 1 + 2 Euro numbers,1 + 2,78727,13.3,1047069.1
744,2024-05-07,12,2+1,Match 2 + 1 Euro number,2 + 1,335215,9.4,3151021.0
745,2024-05-10,1,5+2,Match 5 + 2 Euro numbers,5 + 2,0,0.0,0.0
745,2024-05-10,2,5+1,Match 5 + 1 Euro number,5 + 1,3,657126.9,1971380.7
745,2024-05-10,3,5+0,Match 5 + 0 Euro numbers,5 + 0,8,138970.8,1111766.4
745,2024-05-10,4,4+2,Match 4 + 2 Euro numbers,4 + 2,22,8335.6,183383.2
745,2024-05-10,5,4+1,Match 4 + 1 Euro number,4 + 1,552,415.2,229190.4
745,2024-05-10,6,3+2,Match 3 + 2 Euro numbers,3 + 2,1141,220.9,252046.9
745,2024-05-10,7,4+0,Match 4 + 0 Euro numbers,4 + 0,1336,137.2,183299.2
745,2024-05-10,8,2+2,Match 2 + 2 Euro numbers,2 + 2,16527,35.3,583403.1
745,2024-05-10,9,3+1,Match 3 + 1 Euro number,3 + 1,26015,25.1,652976.5
745,2024-05-10,10,3+0,Match 3 + 0 Euro numbers,3 + 0,63206,19.5,1232517.0
745,2024-05-10,11,1+2,Match 1 + 2 Euro numbers,1 + 2,87926,17.5,1538705.0
745,2024-05-10,12,2+1,Match 2 + 1 Euro number,2 + 1,396403,11.7,4637915.1
746,2024-05-14,1,5+2,Match 5 + 2 Euro numbers,5 + 2,0,0.0,0.0
746,2024-05-14,2,5+1,Match 5 + 1 Euro number,5 + 1,3,508759.7,1526279.1
746,2024-05-14,3,5+0,Match 5 + 0 Euro numbers,5 + 0,15,57383.3,860749.5
746,2024-05-14,4,4+2,Match 4 + 2 Euro numbers,4 + 2,23,6173.0,141979.0
746,2024-05-14,5,4+1,Match 4 + 1 Euro number,4 + 1,571,310.8,177466.8
746,2024-05-14,6,3+2,Match 3 + 2 Euro numbers,3 + 2,1230,158.7,195201.0
746,2024-05-14,7,4+0,Match 4 + 0 Euro numbers,4 + 0,1345,105.5,141897.5
746,2024-05-14,8,2+2,Match 2 + 2 Euro numbers,2 + 2,18034,25.0,450850.0
746,2024-05-14,9,3+1,Match 3 + 1 Euro number,3 + 1,26938,18.7,503740.6
746,2024-05-14,10,3+0,Match 3 + 0 Euro numbers,3 + 0,61724,15.5,956722.0
746,2024-05-14,11,1+2,Match 1 + 2 Euro numbers,1 + 2,90758,13.1,1188929.8
746,2024-05-14,12,2+1,Match 2 + 1 Euro number,2 + 1,385910,9.3,3588963.0
747,2024-05-17,1,5+2,Match 5 + 2 Euro numbers,5 + 2,0,0.0,0.0
747,2024-05-17,2,5+1,Match 5 + 1 Euro number,5 + 1,4,567073.4,2268293.6
747,2024-05-17,3,5+0,Match 5 + 0 Euro numbers,5 + 0,7,182744.5,1279211.5
747,2024-05-17,4,4+2,Match 4 + 2 Euro numbers,4 + 2,21,10047.8,211003.8
747,2024-05-17,5,4+1,Match 4 + 1 Euro number,4 + 1,572,461.1,263749.2
747,2024-05-17,6,3+2,Match 3 + 2 Euro numbers,3 + 2,1350,214.9,290115.0
747,2024-05-17,7,4+0,Match 4 + 0 Euro numbers,4 + 0,1532,137.7,210956.4
747,2024-05-17,8,2+2,Match 2 + 2 Euro numbers,2 + 2,18731,35.9,672442.9
747,2024-05-17,9,3+1,Match 3 + 1 Euro number,3 + 1,29215,25.7,750825.5
747,2024-05-17,10,3+0,Match 3 + 0 Euro numbers,3 + 0,75534,18.8,1420039.2
747,2024-05-17,11,1+2,Match 1 + 2 Euro numbers,1 + 2,102705,17.3,1776796.5
747,2024-05-17,12,2+1,Match 2 + 1 Euro number,2 + 1,437100,12.2,5332620.0
748,2024-05-21,1,5+2,Match 5 + 2 Euro numbers,5 + 2,0,0.0,0.0
748,2024-05-21,2,5+1,Match 5 + 1 Euro number,5 + 1,0,0.0,0.0
748,2024-05-21,3,5+0,Match 5 + 0 Euro numbers,5 + 0,5,192477.4,962387.0
748,2024-05-21,4,4+2,Match 4 + 2 Euro numbers,4 + 2,29,5473.9,158743.1
748,2024-05-21,5,4+1,Match 4 + 1 Euro number,4 + 1,524,378.6,198386.4
748,2024-05-21,6,3+2,Match 3 + 2 Euro numbers,3 + 2,1018,214.4,218259.2
748,2024-05-21,7,4+0,Match 4 + 0 Euro numbers,4 + 0,1412,112.4,158708.8
748,2024-05-21,8,2+2,Match 2 + 2 Euro numbers,2 + 2,15204,33.2,504772.8
748,2024-05-21,9,3+1,Match 3 + 1 Euro number,3 + 1,26463,21.3,563661.9
748,2024-05-21,10,3+0,Match 3 + 0 Euro numbers,3 + 0,69306,16.2,1122757.2
748,2024-05-21,11,1+2,Match 1 + 2 Euro numbers,1 + 2,78718,16.2,1275231.6
748,2024-05-21,12,2+1,Match 2 + 1 Euro number,2 + 1,376843,10.6,3994535.8
749,2024-05-24,1,5+2,Match 5 + 2 Euro numbers,5 + 2,0,0.0,0.0
749,2024-05-24,2,5+1,Match 5 + 1 Euro number,5 + 1,5,861717.8,4308589.0
749,2024-05-24,3,5+0,Match 5 + 0 Euro numbers,5 + 0,15,97830.4,1467456.0
749,2024-05-24,4,4+2,Match 4 + 2 Euro numbers,4 + 2,39,6206.5,242053.5
749,2024-05-24,5,4+1,Match 4 + 1 Euro number,4 + 1,734,412.2,302554.8
749,2024-05-24,6,3+2,Match 3 + 2 Euro numbers,3 + 2,1579,210.7,332695.3
749,2024-05-24,7,4+0,Match 4 + 0 Euro numbers,4 + 0,1872,129.3,242049.6
749,2024-05-24,8,2+2,Match 2 + 2 Euro numbers,2 + 2,23232,33.2,771302.4
749,2024-05-24,9,3+1,Match 3 + 1 Euro number,3 + 1,38661,22.3,862140.3
749,2024-05-24,10,3+0,Match 3 + 0 Euro numbers,3 + 0,100285,16.4,1644674.0
749,2024-05-24,11,1+2,Match 1 + 2 Euro numbers,1 + 2,123028,16.4,2017659.2
749,2024-05-24,12,2+1,Match 2 + 1 Euro number,2 + 1,548461,11.1,6087917.1
750,2024-05-28,1,5+2,Match 5 + 2 Euro numbers,5 + 2,0,0.0,0.0
750,2024-05-28,2,5+1,Match 5 + 1 Euro number,5 + 1,5,452799.8,2263999.0
750,2024-05-28,3,5+0,Match 5 + 0 Euro numbers,5 + 0,4,319197.5,1276790.0
750,2024-05-28,4,4+2,Match 4 + 2 Euro numbers,4 + 2,30,7020.1,210603.0
750,2024-05-28,5,4+1,Match 4 + 1 Euro number,4 + 1,968,271.9,263199.2
750,2024-05-28,6,3+2,Match 3 + 2 Euro numbers,3 + 2,2029,142.7,289538.3
750,2024-05-28,7,4+0,Match 4 + 0 Euro numbers,4 + 0,1825,115.3,210422.5
750,2024-05-28,8,2+2,Match 2 + 2 Euro numbers,2 + 2,27132,24.7,670160.4
750,2024-05-28,9,3+1,Match 3 + 1 Euro number,3 + 1,45008,16.8,756134.4
750,2024-05-28,10,3+0,Match 3 + 0 Euro numbers,3 + 0,83891,16.8,1409368.8
750,2024-05-28,11,1+2,Match 1 + 2 Euro numbers,1 + 2,140622,12.6,1771837.2
750,2024-05-28,12,2+1,Match 2 + 1 Euro number,2 + 1,610683,8.7,5312942.1
751,2024-05-31,1,5+2,Match 5 + 2 Euro numbers,5 + 2,0,0.0,0.0
751,2024-05-31,2,5+1,Match 5 + 1 Euro number,5 + 1,4,857761.6,3431046.4
751,2024-05-31,3,5+0,Match 5 + 0 Euro numbers,5 + 0,12,161245.8,1934949.6
751,2024-05-31,4,4+2,Match 4 + 2 Euro numbers,4 + 2,73,4372.1,319163.3
751,2024-05-31,5,4+1,Match 4 + 1 Euro number,4 + 1,1386,287.8,398890.8
751,2024-05-31,6,3+2,Match 3 + 2 Euro numbers,3 + 2,2965,148.0,438820.0
751,2024-05-31,7,4+0,Match 4 + 0 Euro numbers,4 + 0,2824,113.0,319112.0
751,2024-05-31,8,2+2,Match 2 + 2 Euro numbers,2 + 2,40967,24.8,1015981.6
751,2024-05-31,9,3+1,Match 3 + 1 Euro number,3 + 1,59401,19.1,1134559.1
751,2024-05-31,10,3+0,Match 3 + 0 Euro numbers,3 + 0,123989,17.3,2145009.7
751,2024-05-31,11,1+2,Match 1 + 2 Euro numbers,1 + 2,219713,12.2,2680498.6
751,2024-05-31,12,2+1,Match 2 + 1 Euro number,2 + 1,836410,9.6,8029536.0
752,2024-06-04,1,5+2,Match 5 + 2 Euro numbers,5 + 2,1,120000000.0,120000000.0
752,2024-06-04,2,5+1,Match 5 + 1 Euro number,5 + 1,2,7886590.6,15773181.2
752,2024-06-04,3,5+0,Match 5 + 0 Euro numbers,5 + 0,13,136812.7,1778565.1
752,2024-06-04,4,4+2,Match 4 + 2 Euro numbers,4 + 2,45,6519.3,293368.5
752,2024-06-04,5,4+1,Match 4 + 1 Euro number,4 + 1,955,383.9,366624.5
752,2024-06-04,6,3+2,Match 3 + 2 Euro numbers,3 + 2,2372,170.0,403240.0
752,2024-06-04,7,4+0,Match 4 + 0 Euro numbers,4 + 0,2282,128.5,293237.0
752,2024-06-04,8,2+2,Match 2 + 2 Euro numbers,2 + 2,36664,25.5,934932.0
752,2024-06-04,9,3+1,Match 3 + 1 Euro number,3 + 1,48408,21.5,1040772.0
752,2024-06-04,10,3+0,Match 3 + 0 Euro numbers,3 + 0,107076,18.4,1970198.4
752,2024-06-04,11,1+2,Match 1 + 2 Euro numbers,1 + 2,198640,12.4,2463136.0
752,2024-06-04,12,2+1,Match 2 + 1 Euro number,2 + 1,737973,10.0,7379730.0
753,2024-06-07,1,5+2,Match 5 + 2 Euro numbers,5 + 2,0,0.0,0.0
753,2024-06-07,2,5+1,Match 5 + 1 Euro number,5 + 1,5,369575.2,1847876.0
753,2024-06-07,3,5+0,Match 5 + 0 Euro numbers,5 + 0,8,130264.5,1042116.0
753,2024-06-07,4,4+2,Match 4 + 2 Euro numbers,4 + 2,56,3069.5,171892.0
753,2024-06-07,5,4+1,Match 4 + 1 Euro number,4 + 1,928,231.5,214832.0
753,2024-06-07,6,3+2,Match 3 + 2 Euro numbers,3 + 2,1720,137.4,236328.0
753,2024-06-07,7,4+0,Match 4 + 0 Euro numbers,4 + 0,2058,83.5,171843.0
753,2024-06-07,8,2+2,Match 2 + 2 Euro numbers,2 + 2,24192,22.6,546739.2
753,2024-06-07,9,3+1,Match 3 + 1 Euro number,3 + 1,32266,18.9,609827.4
753,2024-06-07,10,3+0,Match 3 + 0 Euro numbers,3 + 0,71290,16.2,1154898.0
753,2024-06-07,11,1+2,Match 1 + 2 Euro numbers,1 + 2,122133,11.8,1441169.4
753,2024-06-07,12,2+1,Match 2 + 1 Euro number,2 + 1,436052,10.0,4360520.0
754,2024-06-11,1,5+2,Match 5 + 2 Euro numbers,5 + 2,0,0.0,0.0
754,2024-06-11,2,5+1,Match 5 + 1 Euro number,5 + 1,0,0.0,0.0
754,2024-06-11,3,5+0,Match 5 + 0 Euro numbers,5 + 0,8,87984.5,703876.0
754,2024-06-11,4,4+2,Match 4 + 2 Euro numbers,4 + 2,36,3225.0,116100.0
754,2024-06-11,5,4+1,Match 4 + 1 Euro number,4 + 1,560,259.1,145096.0
754,2024-06-11,6,3+2,Match 3 + 2 Euro numbers,3 + 2,1110,143.8,159618.0
754,2024-06-11,7,4+0,Match 4 + 0 Euro numbers,4 + 0,1426,81.4,116076.4
754,2024-06-11,8,2+2,Match 2 + 2 Euro numbers,2 + 2,14906,24.8,369668.8
754,2024-06-11,9,3+1,Match 3 + 1 Euro number,3 + 1,22433,18.4,412767.2
754,2024-06-11,10,3+0,Match 3 + 0 Euro numbers,3 + 0,52942,14.8,783541.6
754,2024-06-11,11,1+2,Match 1 + 2 Euro numbers,1 + 2,74883,13.0,973479.0
754,2024-06-11,12,2+1,Match 2 + 1 Euro number,2 + 1,301619,9.7,2925704.3
755,2024-06-14,1,5+2,Match 5 + 2 Euro numbers,5 + 2,0,0.0,0.0
755,2024-06-14,2,5+1,Match 5 + 1 Euro number,5 + 1,3,1040240.0,3120720.0
755,2024-06-14,3,5+0,Match 5 + 0 Euro numbers,5 + 0,8,132008.0,1056064.0
755,2024-06-14,4,4+2,Match 4 + 2 Euro numbers,4 + 2,32,5443.6,174195.2
755,2024-06-14,5,4+1,Match 4 + 1 Euro number,4 + 1,678,321.1,217705.8
755,2024-06-14,6,3+2,Match 3 + 2 Euro numbers,3 + 2,1632,146.7,239414.4
755,2024-06-14,7,4+0,Match 4 + 0 Euro numbers,4 + 0,1286,135.4,174124.4
755,2024-06-14,8,2+2,Match 2 + 2 Euro numbers,2 + 2,23574,23.5,553989.0
755,2024-06-14,9,3+1,Match 3 + 1 Euro number,3 + 1,29364,21.1,619580.4
755,2024-06-14,10,3+0,Match 3 + 0 Euro numbers,3 + 0,62769,18.7,1173780.3
755,2024-06-14,11,1+2,Match 1 + 2 Euro numbers,1 + 2,128671,11.4,1466849.4
755,2024-06-14,12,2+1,Match 2 + 1 Euro number,2 + 1,440502,10.0,4405020.0
756,2024-06-18,1,5+2,Match 5 + 2 Euro numbers,5 + 2,0,0.0,0.0
756,2024-06-18,2,5+1,Match 5 + 1 Euro number,5 + 1,2,676851.0,1353702.0
756,2024-06-18,3,5+0,Match 5 + 0 Euro numbers,5 + 0,6,127237.5,763425.0
756,2024-06-18,4,4+2,Match 4 + 2 Euro numbers,4 + 2,23,5475.0,125925.0
756,2024-06-18,5,4+1,Match 4 + 1 Euro number,4 + 1,564,279.0,157356.0
756,2024-06-18,6,3+2,Match 3 + 2 Euro numbers,3 + 2,1280,135.2,173056.0
756,2024-06-18,7,4+0,Match 4 + 0 Euro numbers,4 + 0,1129,111.5,125883.5
756,2024-06-18,8,2+2,Match 2 + 2 Euro numbers,2 + 2,17058,23.5,400863.0
756,2024-06-18,9,3+1,Match 3 + 1 Euro number,3 + 1,26179,17.1,447660.9
756,2024-06-18,10,3+0,Match 3 + 0 Euro numbers,3 + 0,51254,16.5,845691.0
756,2024-06-18,11,1+2,Match 1 + 2 Euro numbers,1 + 2,87162,12.1,1054660.2
756,2024-06-18,12,2+1,Match 2 + 1 Euro number,2 + 1,363177,8.7,3159639.9
757,2024-06-21,1,5+2,Match 5 + 2 Euro numbers,5 + 2,0,0.0,0.0
757,2024-06-21,2,5+1,Match 5 + 1 Euro number,5 + 1,3,659988.6,1979965.8
757,2024-06-21,3,5+0,Match 5 + 0 Euro numbers,5 + 0,7,159515.5,1116608.5
757,2024-06-21,4,4+2,Match 4 + 2 Euro numbers,4 + 2,28,6577.9,184181.2
757,2024-06-21,5,4+1,Match 4 + 1 Euro number,4 + 1,619,371.9,230206.1
757,2024-06-21,6,3+2,Match 3 + 2 Euro numbers,3 + 2,1465,172.8,253152.0
757,2024-06-21,7,4+0,Match 4 + 0 Euro numbers,4 + 0,1298,141.8,184056.4
757,2024-06-21,8,2+2,Match 2 + 2 Euro numbers,2 + 2,22776,25.7,585343.2
757,2024-06-21,9,3+1,Match 3 + 1 Euro number,3 + 1,30931,21.2,655737.2
757,2024-06-21,10,3+0,Match 3 + 0 Euro numbers,3 + 0,65156,19.0,1237964.0
757,2024-06-21,11,1+2,Match 1 + 2 Euro numbers,1 + 2,124460,12.4,1543304.0
757,2024-06-21,12,2+1,Match 2 + 1 Euro number,2 + 1,472464,9.8,4630147.2
758,2024-06-25,1,5+2,Match 5 + 2 Euro numbers,5 + 2,0,0.0,0.0
758,2024-06-25,2,5+1,Match 5 + 1 Euro number,5 + 1,3,488923.5,1466770.5
758,2024-06-25,3,5+0,Match 5 + 0 Euro numbers,5 + 0,6,137865.0,827190.0
758,2024-06-25,4,4+2,Match 4 + 2 Euro numbers,4 + 2,23,5932.3,136442.9
758,2024-06-25,5,4+1,Match 4 + 1 Euro number,4 + 1,536,318.1,170501.6
758,2024-06-25,6,3+2,Match 3 + 2 Euro numbers,3 + 2,1014,185.0,187590.0
758,2024-06-25,7,4+0,Match 4 + 0 Euro numbers,4 + 0,1327,102.8,136415.6
758,2024-06-25,8,2+2,Match 2 + 2 Euro numbers,2 + 2,14601,29.7,433649.7
758,2024-06-25,9,3+1,Match 3 + 1 Euro number,3 + 1,22822,21.2,483826.4
758,2024-06-25,10,3+0,Match 3 + 0 Euro numbers,3 + 0,54719,16.8,919279.2
758,2024-06-25,11,1+2,Match 1 + 2 Euro numbers,1 + 2,76709,15.0,1150635.0
758,2024-06-25,12,2+1,Match 2 + 1 Euro number,2 + 1,332304,10.4,3455961.6
759,2024-06-28,1,5+2,Match 5 + 2 Euro numbers,5 + 2,0,0.0,0.0
759,2024-06-28,2,5+1,Match 5 + 1 Euro number,5 + 1,2,1103751.9,2207503.8
759,2024-06-28,3,5+0,Match 5 + 0 Euro numbers,5 + 0,9,138325.5,1244929.5
759,2024-06-28,4,4+2,Match 4 + 2 Euro numbers,4 + 2,26,7898.0,205348.0
759,2024-06-28,5,4+1,Match 4 + 1 Euro number,4 + 1,625,410.6,256625.0
759,2024-06-28,6,3+2,Match 3 + 2 Euro numbers,3 + 2,1168,241.7,282305.6
759,2024-06-28,7,4+0,Match 4 + 0 Euro numbers,4 + 0,1533,133.9,205268.7
759,2024-06-28,8,2+2,Match 2 + 2 Euro numbers,2 + 2,17769,36.8,653899.2
759,2024-06-28,9,3+1,Match 3 + 1 Euro number,3 + 1,27089,27.0,731403.0
759,2024-06-28,10,3+0,Match 3 + 0 Euro numbers,3 + 0,72610,19.0,1379590.0
759,2024-06-28,11,1+2,Match 1 + 2 Euro numbers,1 + 2,97018,17.8,1726920.4
759,2024-06-28,12,2+1,Match 2 + 1 Euro number,2 + 1,417420,12.4,5176008.0
760,2024-07-02,1,5+2,Match 5 + 2 Euro numbers,5 + 2,0,0.0,0.0
760,2024-07-02,2,5+1,Match 5 + 1 Euro number,5 + 1,3,591738.7,1775216.1
760,2024-07-02,3,5+0,Match 5 + 0 Euro numbers,5 + 0,5,200227.8,1001139.0
760,2024-07-02,4,4+2,Match 4 + 2 Euro numbers,4 + 2,26,6351.3,165133.8
760,2024-07-02,5,4+1,Match 4 + 1 Euro number,4 + 1,496,416.1,206385.6
760,2024-07-02,6,3+2,Match 3 + 2 Euro numbers,3 + 2,1250,181.6,227000.0
760,2024-07-02,7,4+0,Match 4 + 0 Euro numbers,4 + 0,1196,138.0,165048.0
760,2024-07-02,8,2+2,Match 2 + 2 Euro numbers,2 + 2,16389,32.1,526086.9
760,2024-07-02,9,3+1,Match 3 + 1 Euro number,3 + 1,25462,23.1,588172.2
760,2024-07-02,10,3+0,Match 3 + 0 Euro numbers,3 + 0,62792,17.7,1111418.4
760,2024-07-02,11,1+2,Match 1 + 2 Euro numbers,1 + 2,87478,15.9,1390900.2
760,2024-07-02,12,2+1,Match 2 + 1 Euro number,2 + 1,356977,11.7,4176630.9
761,2024-07-05,1,5+2,Match 5 + 2 Euro numbers,5 + 2,0,0.0,0.0
761,2024-07-05,2,5+1,Match 5 + 1 Euro number,5 + 1,5,513157.0,2565785.0
761,2024-07-05,3,5+0,Match 5 + 0 Euro numbers,5 + 0,11,131543.9,1446982.9
761,2024-07-05,4,4+2,Match 4 + 2 Euro numbers,4 + 2,34,7019.9,238676.6
761,2024-07-05,5,4+1,Match 4 + 1 Euro number,4 + 1,934,319.4,298319.6
761,2024-07-05,6,3+2,Match 3 + 2 Euro numbers,3 + 2,1630,201.3,328119.0
761,2024-07-05,7,4+0,Match 4 + 0 Euro numbers,4 + 0,2831,84.3,238653.3
761,2024-07-05,8,2+2,Match 2 + 2 Euro numbers,2 + 2,23370,32.5,759525.0
761,2024-07-05,9,3+1,Match 3 + 1 Euro number,3 + 1,39367,21.5,846390.5
761,2024-07-05,10,3+0,Match 3 + 0 Euro numbers,3 + 0,112116,15.3,1715374.8
761,2024-07-05,11,1+2,Match 1 + 2 Euro numbers,1 + 2,123427,15.3,1888433.1
761,2024-07-05,12,2+1,Match 2 + 1 Euro number,2 + 1,546717,11.0,6013887.0
762,2024-07-09,1,5+2,Match 5 + 2 Euro numbers,5 + 2,1,98183614.8,98183614.8
762,2024-07-09,2,5+1,Match 5 + 1 Euro number,5 + 1,5,433720.4,2168602.0
762,2024-07-09,3,5+0,Match 5 + 0 Euro numbers,5 + 0,3,407663.6,1222990.8
762,2024-07-09,4,4+2,Match 4 + 2 Euro numbers,4 + 2,50,4034.6,201730.0
762,2024-07-09,5,4+1,Match 4 + 1 Euro number,4 + 1,841,299.8,252131.8
762,2024-07-09,6,3+2,Match 3 + 2 Euro numbers,3 + 2,1691,164.0,277324.0
762,2024-07-09,7,4+0,Match 4 + 0 Euro numbers,4 + 0,1888,106.8,201638.4
762,2024-07-09,8,2+2,Match 2 + 2 Euro numbers,2 + 2,23755,27.0,641385.0
762,2024-07-09,9,3+1,Match 3 + 1 Euro number,3 + 1,37355,19.2,717216.0
762,2024-07-09,10,3+0,Match 3 + 0 Euro numbers,3 + 0,82786,16.4,1357690.4
762,2024-07-09,11,1+2,Match 1 + 2 Euro numbers,1 + 2,120556,14.1,1699839.6
762,2024-07-09,12,2+1,Match 2 + 1 Euro number,2 + 1,532528,9.6,5112268.8
763,2024-07-12,1,5+2,Match 5 + 2 Euro numbers,5 + 2,0,0.0,0.0
763,2024-07-12,2,5+1,Match 5 + 1 Euro number,5 + 1,3,583213.4,1749640.2
763,2024-07-12,3,5+0,Match 5 + 0 Euro numbers,5 + 0,9,109635.0,986715.0
763,2024-07-12,4,4+2,Match 4 + 2 Euro numbers,4 + 2,31,5250.2,162756.2
763,2024-07-12,5,4+1,Match 4 + 1 Euro number,4 + 1,615,330.8,203442.0
763,2024-07-12,6,3+2,Match 3 + 2 Euro numbers,3 + 2,1441,155.3,223787.3
763,2024-07-12,7,4+0,Match 4 + 0 Euro numbers,4 + 0,1164,139.8,162727.2
763,2024-07-12,8,2+2,Match 2 + 2 Euro numbers,2 + 2,20340,25.5,518670.0
763,2024-07-12,9,3+1,Match 3 + 1 Euro number,3 + 1,29709,19.5,579325.5
763,2024-07-12,10,3+0,Match 3 + 0 Euro numbers,3 + 0,57208,19.2,1098393.6
763,2024-07-12,11,1+2,Match 1 + 2 Euro numbers,1 + 2,111006,12.3,1365373.8
763,2024-07-12,12,2+1,Match 2 + 1 Euro number,2 + 1,440021,9.3,4092195.3
764,2024-07-16,1,5+2,Match 5 + 2 Euro numbers,5 + 2,0,0.0,0.0
764,2024-07-16,2,5+1,Match 5 + 1 Euro number,5 + 1,0,0.0,0.0
764,2024-07-16,3,5+0,Match 5 + 0 Euro numbers,5 + 0,3,230290.4,690871.2
764,2024-07-16,4,4+2,Match 4 + 2 Euro numbers,4 + 2,33,3453.2,113955.6
764,2024-07-16,5,4+1,Match 4 + 1 Euro number,4 + 1,558,255.2,142401.6
764,2024-07-16,6,3+2,Match 3 + 2 Euro numbers,3 + 2,1593,100.5,160096.5
764,2024-07-16,7,4+0,Match 4 + 0 Euro numbers,4 + 0,1099,100.5,110449.5
764,2024-07-16,8,2+2,Match 2 + 2 Euro numbers,2 + 2,20823,17.7,368567.1
764,2024-07-16,9,3+1,Match 3 + 1 Euro number,3 + 1,22618,17.7,400338.6
764,2024-07-16,10,3+0,Match 3 + 0 Euro numbers,3 + 0,45865,16.7,765945.5
764,2024-07-16,11,1+2,Match 1 + 2 Euro numbers,1 + 2,105914,9.3,985000.2
764,2024-07-16,12,2+1,Match 2 + 1 Euro number,2 + 1,308382,9.3,2867952.6
765,2024-07-19,1,5+2,Match 5 + 2 Euro numbers,5 + 2,0,0.0,0.0
765,2024-07-19,2,5+1,Match 5 + 1 Euro number,5 + 1,5,605188.3,3025941.5
765,2024-07-19,3,5+0,Match 5 + 0 Euro numbers,5 + 0,7,145088.4,1015618.8
765,2024-07-19,4,4+2,Match 4 + 2 Euro numbers,4 + 2,19,8817.0,167523.0
765,2024-07-19,5,4+1,Match 4 + 1 Euro number,4 + 1,599,349.5,209350.5
765,2024-07-19,6,3+2,Match 3 + 2 Euro numbers,3 + 2,1016,226.7,230327.2
765,2024-07-19,7,4+0,Match 4 + 0 Euro numbers,4 + 0,1829,91.5,167353.5
765,2024-07-19,8,2+2,Match 2 + 2 Euro numbers,2 + 2,14166,37.6,532641.6
765,2024-07-19,9,3+1,Match 3 + 1 Euro number,3 + 1,26567,22.4,595100.8
765,2024-07-19,10,3+0,Match 3 + 0 Euro numbers,3 + 0,77900,16.6,1293140.0
765,2024-07-19,11,1+2,Match 1 + 2 Euro numbers,1 + 2,75198,16.6,1248286.8
765,2024-07-19,12,2+1,Match 2 + 1 Euro number,2 + 1,378291,11.2,4236859.2
766,2024-07-23,1,5+2,Match 5 + 2 Euro numbers,5 + 2,0,0.0,0.0
766,2024-07-23,2,5+1,Match 5 + 1 Euro number,5 + 1,3,450736.8,1352210.4
766,2024-07-23,3,5+0,Match 5 + 0 Euro numbers,5 + 0,8,95322.9,762583.2
766,2024-07-23,4,4+2,Match 4 + 2 Euro numbers,4 + 2,24,5241.1,125786.4
766,2024-07-23,5,4+1,Match 4 + 1 Euro number,4 + 1,550,285.8,157190.0
766,2024-07-23,6,3+2,Match 3 + 2 Euro numbers,3 + 2,962,179.7,172871.4
766,2024-07-23,7,4+0,Match 4 + 0 Euro numbers,4 + 0,1507,83.4,125683.8
766,2024-07-23,8,2+2,Match 2 + 2 Euro numbers,2 + 2,13869,28.9,400814.1
766,2024-07-23,9,3+1,Match 3 + 1 Euro number,3 + 1,22859,19.6,448036.4
766,2024-07-23,10,3+0,Match 3 + 0 Euro numbers,3 + 0,62443,14.3,892934.9
766,2024-07-23,11,1+2,Match 1 + 2 Euro numbers,1 + 2,70540,14.3,1008722.0
766,2024-07-23,12,2+1,Match 2 + 1 Euro number,2 + 1,313542,10.1,3166774.2
767,2024-07-26,1,5+2,Match 5 + 2 Euro numbers,5 + 2,2,21343939.1,42687878.2
767,2024-07-26,2,5+1,Match 5 + 1 Euro number,5 + 1,7,280974.6,1966822.2
767,2024-07-26,3,5+0,Match 5 + 0 Euro numbers,5 + 0,16,69324.7,1109195.2
767,2024-07-26,4,4+2,Match 4 + 2 Euro numbers,4 + 2,35,5227.4,182959.0
767,2024-07-26,5,4+1,Match 4 + 1 Euro number,4 + 1,877,260.7,228633.9
767,2024-07-26,6,3+2,Match 3 + 2 Euro numbers,3 + 2,1405,179.0,251495.0
767,2024-07-26,7,4+0,Match 4 + 0 Euro numbers,4 + 0,1963,93.2,182951.6
767,2024-07-26,8,2+2,Match 2 + 2 Euro numbers,2 + 2,19632,29.7,583070.4
767,2024-07-26,9,3+1,Match 3 + 1 Euro number,3 + 1,35228,18.5,651718.0
767,2024-07-26,10,3+0,Match 3 + 0 Euro numbers,3 + 0,85413,15.2,1298277.6
767,2024-07-26,11,1+2,Match 1 + 2 Euro numbers,1 + 2,96917,15.2,1473138.4
767,2024-07-26,12,2+1,Match 2 + 1 Euro number,2 + 1,475519,9.7,4612534.3
768,2024-07-30,1,5+2,Match 5 + 2 Euro numbers,5 + 2,0,0.0,0.0
768,2024-07-30,2,5+1,Match 5 + 1 Euro number,5 + 1,2,565388.1,1130776.2
768,2024-07-30,3,5+0,Match 5 + 0 Euro numbers,5 + 0,3,212568.4,637705.2
768,2024-07-30,4,4+2,Match 4 + 2 Euro numbers,4 + 2,24,4382.8,105187.2
768,2024-07-30,5,4+1,Match 4 + 1 Euro number,4 + 1,404,325.4,131461.6
768,2024-07-30,6,3+2,Match 3 + 2 Euro numbers,3 + 2,969,149.2,144574.8
768,2024-07-30,7,4+0,Match 4 + 0 Euro numbers,4 + 0,903,116.4,105109.2
768,2024-07-30,8,2+2,Match 2 + 2 Euro numbers,2 + 2,13770,24.3,334611.0
768,2024-07-30,9,3+1,Match 3 + 1 Euro number,3 + 1,17670,21.2,374604.0
768,2024-07-30,10,3+0,Match 3 + 0 Euro numbers,3 + 0,37572,18.8,706353.6
768,2024-07-30,11,1+2,Match 1 + 2 Euro numbers,1 + 2,76335,11.6,885486.0
768,2024-07-30,12,2+1,Match 2 + 1 Euro number,2 + 1,265831,10.0,2658310.0
769,2024-08-02,1,5+2,Match 5 + 2 Euro numbers,5 + 2,0,0.0,0.0
769,2024-08-02,2,5+1,Match 5 + 1 Euro number,5 + 1,6,291389.6,1748337.6
769,2024-08-02,3,5+0,Match 5 + 0 Euro numbers,5 + 0,4,246495.2,985980.8
769,2024-08-02,4,4+2,Match 4 + 2 Euro numbers,4 + 2,25,6505.4,162635.0
769,2024-08-02,5,4+1,Match 4 + 1 Euro number,4 + 1,613,331.6,203270.8
769,2024-08-02,6,3+2,Match 3 + 2 Euro numbers,3 + 2,1328,168.3,223502.4
769,2024-08-02,7,4+0,Match 4 + 0 Euro numbers,4 + 0,1453,111.9,162590.7
769,2024-08-02,8,2+2,Match 2 + 2 Euro numbers,2 + 2,18244,28.4,518129.6
769,2024-08-02,9,3+1,Match 3 + 1 Euro number,3 + 1,27588,21.0,579348.0
769,2024-08-02,10,3+0,Match 3 + 0 Euro numbers,3 + 0,61816,17.7,1094143.2
769,2024-08-02,11,1+2,Match 1 + 2 Euro numbers,1 + 2,95128,14.4,1369843.2
769,2024-08-02,12,2+1,Match 2 + 1 Euro number,2 + 1,396799,10.4,4126709.6
770,2024-08-06,1,5+2,Match 5 + 2 Euro numbers,5 + 2,0,0.0,0.0
770,2024-08-06,2,5+1,Match 5 + 1 Euro number,5 + 1,1,1257231.2,1257231.2
770,2024-08-06,3,5+0,Match 5 + 0 Euro numbers,5 + 0,2,354509.9,709019.8
770,2024-08-06,4,4+2,Match 4 + 2 Euro numbers,4 + 2,15,7796.7,116950.5
770,2024-08-06,5,4+1,Match 4 + 1 Euro number,4 + 1,456,320.5,146148.0
770,2024-08-06,6,3+2,Match 3 + 2 Euro numbers,3 + 2,861,186.7,160748.7
770,2024-08-06,7,4+0,Match 4 + 0 Euro numbers,4 + 0,1037,112.7,116869.9
770,2024-08-06,8,2+2,Match 2 + 2 Euro numbers,2 + 2,12610,29.5,371995.0
770,2024-08-06,9,3+1,Match 3 + 1 Euro number,3 + 1,21046,19.7,414606.2
770,2024-08-06,10,3+0,Match 3 + 0 Euro numbers,3 + 0,47295,16.6,785097.0
770,2024-08-06,11,1+2,Match 1 + 2 Euro numbers,1 + 2,67459,14.6,984901.4
770,2024-08-06,12,2+1,Match 2 + 1 Euro number,2 + 1,308024,9.6,2957030.4
771,2024-08-09,1,5+2,Match 5 + 2 Euro numbers,5 + 2,0,0.0,0.0
771,2024-08-09,2,5+1,Match 5 + 1 Euro number,5 + 1,2,941956.7,1883913.4
771,2024-08-09,3,5+0,Match 5 + 0 Euro numbers,5 + 0,13,81726.1,1062439.3
771,2024-08-09,4,4+2,Match 4 + 2 Euro numbers,4 + 2,34,5154.3,175246.2
771,2024-08-09,5,4+1,Match 4 + 1 Euro number,4 + 1,731,299.6,219007.6
771,2024-08-09,6,3+2,Match 3 + 2 Euro numbers,3 + 2,1577,152.8,240965.6
771,2024-08-09,7,4+0,Match 4 + 0 Euro numbers,4 + 0,1503,116.5,175099.5
771,2024-08-09,8,2+2,Match 2 + 2 Euro numbers,2 + 2,21621,25.8,557821.8
771,2024-08-09,9,3+1,Match 3 + 1 Euro number,3 + 1,33513,18.6,623341.8
771,2024-08-09,10,3+0,Match 3 + 0 Euro numbers,3 + 0,68985,17.1,1179643.5
771,2024-08-09,11,1+2,Match 1 + 2 Euro numbers,1 + 2,112631,13.1,1475466.1
771,2024-08-09,12,2+1,Match 2 + 1 Euro number,2 + 1,453264,9.8,4441987.2
772,2024-08-13,1,5+2,Match 5 + 2 Euro numbers,5 + 2,0,0.0,0.0
772,2024-08-13,2,5+1,Match 5 + 1 Euro number,5 + 1,1,1385868.0,1385868.0
772,2024-08-13,3,5+0,Match 5 + 0 Euro numbers,5 + 0,2,390782.5,781565.0
772,2024-08-13,4,4+2,Match 4 + 2 Euro numbers,4 + 2,30,4297.2,128916.0
772,2024-08-13,5,4+1,Match 4 + 1 Euro number,4 + 1,485,332.2,161117.0
772,2024-08-13,6,3+2,Match 3 + 2 Euro numbers,3 + 2,1128,157.1,177208.8
772,2024-08-13,7,4+0,Match 4 + 0 Euro numbers,4 + 0,1020,126.3,128826.0
772,2024-08-13,8,2+2,Match 2 + 2 Euro numbers,2 + 2,16008,25.6,409804.8
772,2024-08-13,9,3+1,Match 3 + 1 Euro number,3 + 1,22246,20.6,458267.6
772,2024-08-13,10,3+0,Match 3 + 0 Euro numbers,3 + 0,47122,18.4,867044.8
772,2024-08-13,11,1+2,Match 1 + 2 Euro numbers,1 + 2,87082,12.4,1079816.8
772,2024-08-13,12,2+1,Match 2 + 1 Euro number,2 + 1,333138,9.8,3264752.4
773,2024-08-16,1,5+2,Match 5 + 2 Euro numbers,5 + 2,0,0.0,0.0
773,2024-08-16,2,5+1,Match 5 + 1 Euro number,5 + 1,3,667668.0,2003004.0
773,2024-08-16,3,5+0,Match 5 + 0 Euro numbers,5 + 0,7,161371.6,1129601.2
773,2024-08-16,4,4+2,Match 4 + 2 Euro numbers,4 + 2,25,7453.0,186325.0
773,2024-08-16,5,4+1,Match 4 + 1 Euro number,4 + 1,599,388.8,232891.2
773,2024-08-16,6,3+2,Match 3 + 2 Euro numbers,3 + 2,1433,178.7,256077.1
773,2024-08-16,7,4+0,Match 4 + 0 Euro numbers,4 + 0,1290,144.4,186276.0
773,2024-08-16,8,2+2,Match 2 + 2 Euro numbers,2 + 2,22013,26.9,592149.7
773,2024-08-16,9,3+1,Match 3 + 1 Euro number,3 + 1,31168,21.2,660761.6
773,2024-08-16,10,3+0,Match 3 + 0 Euro numbers,3 + 0,65478,19.2,1257177.6
773,2024-08-16,11,1+2,Match 1 + 2 Euro numbers,1 + 2,119982,13.1,1571764.2
773,2024-08-16,12,2+1,Match 2 + 1 Euro number,2 + 1,472851,9.9,4681224.9
774,2024-08-20,1,5+2,Match 5 + 2 Euro numbers,5 + 2,0,0.0,0.0
774,2024-08-20,2,5+1,Match 5 + 1 Euro number,5 + 1,2,759698.8,1519397.6
774,2024-08-20,3,5+0,Match 5 + 0 Euro numbers,5 + 0,5,171373.9,856869.5
774,2024-08-20,4,4+2,Match 4 + 2 Euro numbers,4 + 2,19,7438.9,141339.1
774,2024-08-20,5,4+1,Match 4 + 1 Euro number,4 + 1,464,380.7,176644.8
774,2024-08-20,6,3+2,Match 3 + 2 Euro numbers,3 + 2,968,200.7,194277.6
774,2024-08-20,7,4+0,Match 4 + 0 Euro numbers,4 + 0,1137,124.3,141329.1
774,2024-08-20,8,2+2,Match 2 + 2 Euro numbers,2 + 2,14703,30.6,449911.8
774,2024-08-20,9,3+1,Match 3 + 1 Euro number,3 + 1,21147,23.8,503298.6
774,2024-08-20,10,3+0,Match 3 + 0 Euro numbers,3 + 0,52211,18.2,950240.2
774,2024-08-20,11,1+2,Match 1 + 2 Euro numbers,1 + 2,80222,14.8,1187285.6
774,2024-08-20,12,2+1,Match 2 + 1 Euro number,2 + 1,318804,11.2,3570604.8
775,2024-08-23,1,5+2,Match 5 + 2 Euro numbers,5 + 2,0,0.0,0.0
775,2024-08-23,2,5+1,Match 5 + 1 Euro number,5 + 1,5,447941.9,2239709.5
775,2024-08-23,3,5+0,Match 5 + 0 Euro numbers,5 + 0,5,252618.4,1263092.0
775,2024-08-23,4,4+2,Match 4 + 2 Euro numbers,4 + 2,35,5952.7,208344.5
775,2024-08-23,5,4+1,Match 4 + 1 Euro number,4 + 1,754,345.3,260356.2
775,2024-08-23,6,3+2,Match 3 + 2 Euro numbers,3 + 2,2265,128.5,291052.5
775,2024-08-23,7,4+0,Match 4 + 0 Euro numbers,4 + 0,1583,128.5,203415.5
775,2024-08-23,8,2+2,Match 2 + 2 Euro numbers,2 + 2,34929,19.0,663651.0
775,2024-08-23,9,3+1,Match 3 + 1 Euro number,3 + 1,39416,18.8,741020.8
775,2024-08-23,10,3+0,Match 3 + 0 Euro numbers,3 + 0,80789,17.4,1405728.6
775,2024-08-23,11,1+2,Match 1 + 2 Euro numbers,1 + 2,179412,9.7,1740296.4
775,2024-08-23,12,2+1,Match 2 + 1 Euro number,2 + 1,582357,9.0,5241213.0
776,2024-08-27,1,5+2,Match 5 + 2 Euro numbers,5 + 2,0,0.0,0.0
776,2024-08-27,2,5+1,Match 5 + 1 Euro number,5 + 1,2,889212.1,1778424.2
776,2024-08-27,3,5+0,Match 5 + 0 Euro numbers,5 + 0,9,111438.7,1002948.3
776,2024-08-27,4,4+2,Match 4 + 2 Euro numbers,4 + 2,33,5013.1,165432.3
776,2024-08-27,5,4+1,Match 4 + 1 Euro number,4 + 1,624,331.3,206731.2
776,2024-08-27,6,3+2,Match 3 + 2 Euro numbers,3 + 2,1602,141.9,227323.8
776,2024-08-27,7,4+0,Match 4 + 0 Euro numbers,4 + 0,1413,117.0,165321.0
776,2024-08-27,8,2+2,Match 2 + 2 Euro numbers,2 + 2,23890,22.0,525580.0
776,2024-08-27,9,3+1,Match 3 + 1 Euro number,3 + 1,30004,19.6,588078.4
776,2024-08-27,10,3+0,Match 3 + 0 Euro numbers,3 + 0,64544,17.3,1116611.2
776,2024-08-27,11,1+2,Match 1 + 2 Euro numbers,1 + 2,126134,11.0,1387474.0
776,2024-08-27,12,2+1,Match 2 + 1 Euro number,2 + 1,429414,9.7,4165315.8
777,2024-08-30,1,5+2,Match 5 + 2 Euro numbers,5 + 2,1,92511126.9,92511126.9
777,2024-08-30,2,5+1,Match 5 + 1 Euro number,5 + 1,6,475375.3,2852251.8
777,2024-08-30,3,5+0,Match 5 + 0 Euro numbers,5 + 0,22,73115.3,1608536.6
777,2024-08-30,4,4+2,Match 4 + 2 Euro numbers,4 + 2,34,7803.6,265322.4
777,2024-08-30,5,4+1,Match 4 + 1 Euro number,4 + 1,1007,329.3,331605.1
777,2024-08-30,6,3+2,Match 3 + 2 Euro numbers,3 + 2,1712,213.0,364656.0
777,2024-08-30,7,4+0,Match 4 + 0 Euro numbers,4 + 0,2904,91.3,265135.2
777,2024-08-30,8,2+2,Match 2 + 2 Euro numbers,2 + 2,25599,33.0,844767.0
777,2024-08-30,9,3+1,Match 3 + 1 Euro number,3 + 1,39608,23.8,942670.4
777,2024-08-30,10,3+0,Match 3 + 0 Euro numbers,3 + 0,120076,15.9,1909208.4
777,2024-08-30,11,1+2,Match 1 + 2 Euro numbers,1 + 2,132747,15.9,2110677.3
777,2024-08-30,12,2+1,Match 2 + 1 Euro number,2 + 1,548783,12.2,6695152.6
778,2024-09-03,1,5+2,Match 5 + 2 Euro numbers,5 + 2,1,10000000.0,10000000.0
778,2024-09-03,2,5+1,Match 5 + 1 Euro number,5 + 1,3,408597.5,1225792.5
778,2024-09-03,3,5+0,Match 5 + 0 Euro numbers,5 + 0,10,69129.0,691290.0
778,2024-09-03,4,4+2,Match 4 + 2 Euro numbers,4 + 2,53,2151.4,114024.2
778,2024-09-03,5,4+1,Match 4 + 1 Euro number,4 + 1,751,189.7,142464.7
778,2024-09-03,6,3+2,Match 3 + 2 Euro numbers,3 + 2,1660,94.4,156704.0
778,2024-09-03,7,4+0,Match 4 + 0 Euro numbers,4 + 0,1656,68.8,113932.8
778,2024-09-03,8,2+2,Match 2 + 2 Euro numbers,2 + 2,19519,18.6,363053.4
778,2024-09-03,9,3+1,Match 3 + 1 Euro number,3 + 1,26432,15.3,404409.6
778,2024-09-03,10,3+0,Match 3 + 0 Euro numbers,3 + 0,54458,14.1,767857.8
778,2024-09-03,11,1+2,Match 1 + 2 Euro numbers,1 + 2,92591,10.3,953687.3
778,2024-09-03,12,2+1,Match 2 + 1 Euro number,2 + 1,333255,8.6,2865993.0
779,2024-09-06,1,5+2,Match 5 + 2 Euro numbers,5 + 2,0,0.0,0.0
779,2024-09-06,2,5+1,Match 5 + 1 Euro number,5 + 1,3,560150.5,1680451.5
779,2024-09-06,3,5+0,Match 5 + 0 Euro numbers,5 + 0,4,236924.1,947696.4
779,2024-09-06,4,4+2,Match 4 + 2 Euro numbers,4 + 2,33,4737.0,156321.0
779,2024-09-06,5,4+1,Match 4 + 1 Euro number,4 + 1,720,271.3,195336.0
779,2024-09-06,6,3+2,Match 3 + 2 Euro numbers,3 + 2,1750,122.8,214900.0
779,2024-09-06,7,4+0,Match 4 + 0 Euro numbers,4 + 0,1577,99.1,156280.7
779,2024-09-06,8,2+2,Match 2 + 2 Euro numbers,2 + 2,24317,20.4,496066.8
779,2024-09-06,9,3+1,Match 3 + 1 Euro number,3 + 1,32014,17.3,553842.2
779,2024-09-06,10,3+0,Match 3 + 0 Euro numbers,3 + 0,68254,15.4,1051111.6
779,2024-09-06,11,1+2,Match 1 + 2 Euro numbers,1 + 2,117413,11.2,1315025.6
779,2024-09-06,12,2+1,Match 2 + 1 Euro number,2 + 1,447320,8.8,3936416.0
780,2024-09-10,1,5+2,Match 5 + 2 Euro numbers,5 + 2,0,0.0,0.0
780,2024-09-10,2,5+1,Match 5 + 1 Euro number,5 + 1,1,1226436.6,1226436.6
780,2024-09-10,3,5+0,Match 5 + 0 Euro numbers,5 + 0,2,345826.6,691653.2
780,2024-09-10,4,4+2,Match 4 + 2 Euro numbers,4 + 2,14,8149.0,114086.0
780,2024-09-10,5,4+1,Match 4 + 1 Euro number,4 + 1,383,372.3,142590.9
780,2024-09-10,6,3+2,Match 3 + 2 Euro numbers,3 + 2,842,186.3,156864.6
780,2024-09-10,7,4+0,Match 4 + 0 Euro numbers,4 + 0,799,142.7,114017.3
780,2024-09-10,8,2+2,Match 2 + 2 Euro numbers,2 + 2,12798,28.4,363463.2
780,2024-09-10,9,3+1,Match 3 + 1 Euro number,3 + 1,17516,23.2,406371.2
780,2024-09-10,10,3+0,Match 3 + 0 Euro numbers,3 + 0,38851,19.8,769249.8
780,2024-09-10,11,1+2,Match 1 + 2 Euro numbers,1 + 2,70735,13.6,961996.0
780,2024-09-10,12,2+1,Match 2 + 1 Euro number,2 + 1,273481,10.5,2871550.5
781,2024-09-13,1,5+2,Match 5 + 2 Euro numbers,5 + 2,0,0.0,0.0
781,2024-09-13,2,5+1,Match 5 + 1 Euro number,5 + 1,0,0.0,0.0
781,2024-09-13,3,5+0,Match 5 + 0 Euro numbers,5 + 0,6,184084.0,1104504.0
781,2024-09-13,4,4+2,Match 4 + 2 Euro numbers,4 + 2,50,3643.7,182185.0
781,2024-09-13,5,4+1,Match 4 + 1 Euro number,4 + 1,658,346.0,227668.0
781,2024-09-13,6,3+2,Match 3 + 2 Euro numbers,3 + 2,2557,111.2,284338.4
781,2024-09-13,7,4+0,Match 4 + 0 Euro numbers,4 + 0,1332,111.2,148118.4
781,2024-09-13,8,2+2,Match 2 + 2 Euro numbers,2 + 2,36929,18.5,683186.5
781,2024-09-13,9,3+1,Match 3 + 1 Euro number,3 + 1,31078,18.5,574943.0
781,2024-09-13,10,3+0,Match 3 + 0 Euro numbers,3 + 0,64664,18.5,1196284.0
781,2024-09-13,11,1+2,Match 1 + 2 Euro numbers,1 + 2,184035,9.3,1711525.5
781,2024-09-13,12,2+1,Match 2 + 1 Euro number,2 + 1,474282,9.3,4410822.6
782,2024-09-17,1,5+2,Match 5 + 2 Euro numbers,5 + 2,0,0.0,0.0
782,2024-09-17,2,5+1,Match 5 + 1 Euro number,5 + 1,0,0.0,0.0
782,2024-09-17,3,5+0,Match 5 + 0 Euro numbers,5 + 0,6,126278.8,757672.8
782,2024-09-17,4,4+2,Match 4 + 2 Euro numbers,4 + 2,24,5207.3,124975.2
782,2024-09-17,5,4+1,Match 4 + 1 Euro number,4 + 1,439,355.8,156196.2
782,2024-09-17,6,3+2,Match 3 + 2 Euro numbers,3 + 2,899,191.1,171798.9
782,2024-09-17,7,4+0,Match 4 + 0 Euro numbers,4 + 0,1537,81.3,124958.1
782,2024-09-17,8,2+2,Match 2 + 2 Euro numbers,2 + 2,12520,31.8,398136.0
782,2024-09-17,9,3+1,Match 3 + 1 Euro number,3 + 1,19147,23.2,444210.4
782,2024-09-17,10,3+0,Match 3 + 0 Euro numbers,3 + 0,62174,14.9,926392.6
782,2024-09-17,11,1+2,Match 1 + 2 Euro numbers,1 + 2,64497,14.9,961005.3
782,2024-09-17,12,2+1,Match 2 + 1 Euro number,2 + 1,269554,11.7,3153781.8
783,2024-09-20,1,5+2,Match 5 + 2 Euro numbers,5 + 2,0,0.0,0.0
783,2024-09-20,2,5+1,Match 5 + 1 Euro number,5 + 1,4,1319985.9,5279943.6
783,2024-09-20,3,5+0,Match 5 + 0 Euro numbers,5 + 0,9,123940.6,1115465.4
783,2024-09-20,4,4+2,Match 4 + 2 Euro numbers,4 + 2,51,3607.7,183992.7
783,2024-09-20,5,4+1,Match 4 + 1 Euro number,4 + 1,885,259.8,229923.0
783,2024-09-20,6,3+2,Match 3 + 2 Euro numbers,3 + 2,1955,129.4,252977.0
783,2024-09-20,7,4+0,Match 4 + 0 Euro numbers,4 + 0,2122,86.7,183977.4
783,2024-09-20,8,2+2,Match 2 + 2 Euro numbers,2 + 2,25200,23.2,584640.0
783,2024-09-20,9,3+1,Match 3 + 1 Euro number,3 + 1,38704,16.9,654097.6
783,2024-09-20,10,3+0,Match 3 + 0 Euro numbers,3 + 0,89645,13.8,1237101.0
783,2024-09-20,11,1+2,Match 1 + 2 Euro numbers,1 + 2,124893,12.4,1548673.2
783,2024-09-20,12,2+1,Match 2 + 1 Euro number,2 + 1,508185,9.1,4624483.5
784,2024-09-24,1,5+2,Match 5 + 2 Euro numbers,5 + 2,0,0.0,0.0
784,2024-09-24,2,5+1,Match 5 + 1 Euro number,5 + 1,2,723726.7,1447453.4
784,2024-09-24,3,5+0,Match 5 + 0 Euro numbers,5 + 0,12,68024.7,816296.4
784,2024-09-24,4,4+2,Match 4 + 2 Euro numbers,4 + 2,16,8415.4,134646.4
784,2024-09-24,5,4+1,Match 4 + 1 Euro number,4 + 1,460,365.8,168268.0
784,2024-09-24,6,3+2,Match 3 + 2 Euro numbers,3 + 2,1114,166.1,185035.4
784,2024-09-24,7,4+0,Match 4 + 0 Euro numbers,4 + 0,1275,105.6,134640.0
784,2024-09-24,8,2+2,Match 2 + 2 Euro numbers,2 + 2,15390,27.8,427842.0
784,2024-09-24,9,3+1,Match 3 + 1 Euro number,3 + 1,23359,20.5,478859.5
784,2024-09-24,10,3+0,Match 3 + 0 Euro numbers,3 + 0,54502,16.6,904733.2
784,2024-09-24,11,1+2,Match 1 + 2 Euro numbers,1 + 2,83557,13.5,1128019.5
784,2024-09-24,12,2+1,Match 2 + 1 Euro number,2 + 1,330172,10.3,3400771.6
785,2024-09-27,1,5+2,Match 5 + 2 Euro numbers,5 + 2,0,0.0,0.0
785,2024-09-27,2,5+1,Match 5 + 1 Euro number,5 + 1,3,727398.5,2182195.5
785,2024-09-27,3,5+0,Match 5 + 0 Euro numbers,5 + 0,4,307664.2,1230656.8
785,2024-09-27,4,4+2,Match 4 + 2 Euro numbers,4 + 2,37,5486.3,202993.1
785,2024-09-27,5,4+1,Match 4 + 1 Euro number,4 + 1,723,350.9,253700.7
785,2024-09-27,6,3+2,Match 3 + 2 Euro numbers,3 + 2,1686,165.5,279033.0
785,2024-09-27,7,4+0,Match 4 + 0 Euro numbers,4 + 0,1577,128.7,202959.9
785,2024-09-27,8,2+2,Match 2 + 2 Euro numbers,2 + 2,24651,26.2,645856.2
785,2024-09-27,9,3+1,Match 3 + 1 Euro number,3 + 1,34563,20.9,722366.7
785,2024-09-27,10,3+0,Match 3 + 0 Euro numbers,3 + 0,74830,18.3,1369389.0
785,2024-09-27,11,1+2,Match 1 + 2 Euro numbers,1 + 2,130871,13.0,1701323.0
785,2024-09-27,12,2+1,Match 2 + 1 Euro number,2 + 1,514182,10.0,5141820.0
786,2024-10-01,1,5+2,Match 5 + 2 Euro numbers,5 + 2,0,0.0,0.0
786,2024-10-01,2,5+1,Match 5 + 1 Euro number,5 + 1,2,853698.0,1707396.0
786,2024-10-01,3,5+0,Match 5 + 0 Euro numbers,5 + 0,7,137556.0,962892.0
786,2024-10-01,4,4+2,Match 4 + 2 Euro numbers,4 + 2,31,5123.4,158825.4
786,2024-10-01,5,4+1,Match 4 + 1 Euro number,4 + 1,501,396.2,198496.2
786,2024-10-01,6,3+2,Match 3 + 2 Euro numbers,3 + 2,1367,159.7,218309.9
786,2024-10-01,7,4+0,Match 4 + 0 Euro numbers,4 + 0,1130,140.5,158765.0
786,2024-10-01,8,2+2,Match 2 + 2 Euro numbers,2 + 2,20227,25.0,505675.0
786,2024-10-01,9,3+1,Match 3 + 1 Euro number,3 + 1,25745,21.9,563815.5
786,2024-10-01,10,3+0,Match 3 + 0 Euro numbers,3 + 0,53488,20.0,1069760.0
786,2024-10-01,11,1+2,Match 1 + 2 Euro numbers,1 + 2,113872,11.7,1332302.4
786,2024-10-01,12,2+1,Match 2 + 1 Euro number,2 + 1,390846,10.3,4025713.8
787,2024-10-04,1,5+2,Match 5 + 2 Euro numbers,5 + 2,1,80982878.6,80982878.6
787,2024-10-04,2,5+1,Match 5 + 1 Euro number,5 + 1,1,2498475.2,2498475.2
787,2024-10-04,3,5+0,Match 5 + 0 Euro numbers,5 + 0,8,176127.9,1409023.2
787,2024-10-04,4,4+2,Match 4 + 2 Euro numbers,4 + 2,97,2396.0,232412.0
787,2024-10-04,5,4+1,Match 4 + 1 Euro number,4 + 1,1083,268.2,290460.6
787,2024-10-04,6,3+2,Match 3 + 2 Euro numbers,3 + 2,3747,92.5,346597.5
787,2024-10-04,7,4+0,Match 4 + 0 Euro numbers,4 + 0,2217,92.5,205072.5
787,2024-10-04,8,2+2,Match 2 + 2 Euro numbers,2 + 2,46520,16.3,758276.0
787,2024-10-04,9,3+1,Match 3 + 1 Euro number,3 + 1,49610,16.3,808643.0
787,2024-10-04,10,3+0,Match 3 + 0 Euro numbers,3 + 0,95598,16.3,1558247.4
787,2024-10-04,11,1+2,Match 1 + 2 Euro numbers,1 + 2,219741,8.9,1955694.9
787,2024-10-04,12,2+1,Match 2 + 1 Euro number,2 + 1,658868,8.9,5863925.2
788,2024-10-08,1,5+2,Match 5 + 2 Euro numbers,5 + 2,0,0.0,0.0
788,2024-10-08,2,5+1,Match 5 + 1 Euro number,5 + 1,3,454773.1,1364319.3
788,2024-10-08,3,5+0,Match 5 + 0 Euro numbers,5 + 0,1,454773.1,454773.1
788,2024-10-08,4,4+2,Match 4 + 2 Euro numbers,4 + 2,24,4508.2,108196.8
788,2024-10-08,5,4+1,Match 4 + 1 Euro number,4 + 1,433,312.3,135225.9
788,2024-10-08,6,3+2,Match 3 + 2 Euro numbers,3 + 2,1001,148.6,148748.6
788,2024-10-08,7,4+0,Match 4 + 0 Euro numbers,4 + 0,941,114.9,108120.9
788,2024-10-08,8,2+2,Match 2 + 2 Euro numbers,2 + 2,15525,22.2,344655.0
788,2024-10-08,9,3+1,Match 3 + 1 Euro number,3 + 1,18214,21.1,384315.4
788,2024-10-08,10,3+0,Match 3 + 0 Euro numbers,3 + 0,39694,18.3,726400.2
788,2024-10-08,11,1+2,Match 1 + 2 Euro numbers,1 + 2,86352,10.5,906696.0
788,2024-10-08,12,2+1,Match 2 + 1 Euro number,2 + 1,266893,10.2,2722308.6
789,2024-10-11,1,5+2,Match 5 + 2 Euro numbers,5 + 2,0,0.0,0.0
789,2024-10-11,2,5+1,Match 5 + 1 Euro number,5 + 1,2,873280.3,1746560.6
789,2024-10-11,3,5+0,Match 5 + 0 Euro numbers,5 + 0,6,164163.1,984978.6
789,2024-10-11,4,4+2,Match 4 + 2 Euro numbers,4 + 2,27,6017.4,162469.8
789,2024-10-11,5,4+1,Match 4 + 1 Euro number,4 + 1,591,343.6,203067.6
789,2024-10-11,6,3+2,Match 3 + 2 Euro numbers,3 + 2,1226,182.2,223377.2
789,2024-10-11,7,4+0,Match 4 + 0 Euro numbers,4 + 0,1855,87.5,162312.5
789,2024-10-11,8,2+2,Match 2 + 2 Euro numbers,2 + 2,15844,32.6,516514.4
789,2024-10-11,9,3+1,Match 3 + 1 Euro number,3 + 1,25694,22.5,578115.0
789,2024-10-11,10,3+0,Match 3 + 0 Euro numbers,3 + 0,77739,15.8,1228276.2
789,2024-10-11,11,1+2,Match 1 + 2 Euro numbers,1 + 2,78188,15.8,1235370.4
789,2024-10-11,12,2+1,Match 2 + 1 Euro number,2 + 1,363807,11.3,4111019.1
790,2024-10-15,1,5+2,Match 5 + 2 Euro numbers,5 + 2,0,0.0,0.0
790,2024-10-15,2,5+1,Match 5 + 1 Euro number,5 + 1,0,0.0,0.0
790,2024-10-15,3,5+0,Match 5 + 0 Euro numbers,5 + 0,2,358514.4,717028.8
790,2024-10-15,4,4+2,Match 4 + 2 Euro numbers,4 + 2,18,6570.7,118272.6
790,2024-10-15,5,4+1,Match 4 + 1 Euro number,4 + 1,400,369.6,147840.0
790,2024-10-15,6,3+2,Match 3 + 2 Euro numbers,3 + 2,761,213.6,162549.6
790,2024-10-15,7,4+0,Match 4 + 0 Euro numbers,4 + 0,808,146.3,118210.4
790,2024-10-15,8,2+2,Match 2 + 2 Euro numbers,2 + 2,11175,33.7,376597.5
790,2024-10-15,9,3+1,Match 3 + 1 Euro number,3 + 1,17809,23.6,420292.4
790,2024-10-15,10,3+0,Match 3 + 0 Euro numbers,3 + 0,42205,18.9,797674.5
790,2024-10-15,11,1+2,Match 1 + 2 Euro numbers,1 + 2,59566,16.7,994752.2
790,2024-10-15,12,2+1,Match 2 + 1 Euro number,2 + 1,267562,11.2,2996694.4
791,2024-10-18,1,5+2,Match 5 + 2 Euro numbers,5 + 2,0,0.0,0.0
791,2024-10-18,2,5+1,Match 5 + 1 Euro number,5 + 1,3,1062406.9,3187220.7
791,2024-10-18,3,5+0,Match 5 + 0 Euro numbers,5 + 0,2,540207.6,1080415.2
791,2024-10-18,4,4+2,Match 4 + 2 Euro numbers,4 + 2,30,5940.4,178212.0
791,2024-10-18,5,4+1,Match 4 + 1 Euro number,4 + 1,629,354.1,222728.9
791,2024-10-18,6,3+2,Match 3 + 2 Euro numbers,3 + 2,1551,157.9,244902.9
791,2024-10-18,7,4+0,Match 4 + 0 Euro numbers,4 + 0,1408,126.5,178112.0
791,2024-10-18,8,2+2,Match 2 + 2 Euro numbers,2 + 2,23071,24.6,567546.6
791,2024-10-18,9,3+1,Match 3 + 1 Euro number,3 + 1,30046,21.1,633970.6
791,2024-10-18,10,3+0,Match 3 + 0 Euro numbers,3 + 0,65087,18.4,1197600.8
791,2024-10-18,11,1+2,Match 1 + 2 Euro numbers,1 + 2,120199,12.5,1502487.5
791,2024-10-18,12,2+1,Match 2 + 1 Euro number,2 + 1,450036,10.0,4500360.0
792,2024-10-22,1,5+2,Match 5 + 2 Euro numbers,5 + 2,0,0.0,0.0
792,2024-10-22,2,5+1,Match 5 + 1 Euro number,5 + 1,1,1398492.1,1398492.1
792,2024-10-22,3,5+0,Match 5 + 0 Euro numbers,5 + 0,1,788684.5,788684.5
792,2024-10-22,4,4+2,Match 4 + 2 Euro numbers,4 + 2,35,3716.9,130091.5
792,2024-10-22,5,4+1,Match 4 + 1 Euro number,4 + 1,467,348.2,162609.4
792,2024-10-22,6,3+2,Match 3 + 2 Euro numbers,3 + 2,1363,138.7,189048.1
792,2024-10-22,7,4+0,Match 4 + 0 Euro numbers,4 + 0,864,138.7,119836.8
792,2024-10-22,8,2+2,Match 2 + 2 Euro numbers,2 + 2,20540,20.9,429286.0
792,2024-10-22,9,3+1,Match 3 + 1 Euro number,3 + 1,21458,20.9,448472.2
792,2024-10-22,10,3+0,Match 3 + 0 Euro numbers,3 + 0,43819,20.0,876380.0
792,2024-10-22,11,1+2,Match 1 + 2 Euro numbers,1 + 2,114384,9.9,1132401.6
792,2024-10-22,12,2+1,Match 2 + 1 Euro number,2 + 1,326077,9.9,3228162.3
793,2024-10-25,1,5+2,Match 5 + 2 Euro numbers,5 + 2,0,0.0,0.0
793,2024-10-25,2,5+1,Match 5 + 1 Euro number,5 + 1,3,695112.5,2085337.5
793,2024-10-25,3,5+0,Match 5 + 0 Euro numbers,5 + 0,4,294008.3,1176033.2
793,2024-10-25,4,4+2,Match 4 + 2 Euro numbers,4 + 2,39,4973.9,193982.1
793,2024-10-25,5,4+1,Match 4 + 1 Euro number,4 + 1,671,361.3,242432.3
793,2024-10-25,6,3+2,Match 3 + 2 Euro numbers,3 + 2,1918,139.0,266602.0
793,2024-10-25,7,4+0,Match 4 + 0 Euro numbers,4 + 0,1507,128.7,193950.9
793,2024-10-25,8,2+2,Match 2 + 2 Euro numbers,2 + 2,28183,22.0,620026.0
793,2024-10-25,9,3+1,Match 3 + 1 Euro number,3 + 1,31209,22.0,686598.0
793,2024-10-25,10,3+0,Match 3 + 0 Euro numbers,3 + 0,67787,19.3,1308289.1
793,2024-10-25,11,1+2,Match 1 + 2 Euro numbers,1 + 2,156931,10.5,1647775.5
793,2024-10-25,12,2+1,Match 2 + 1 Euro number,2 + 1,465053,10.5,4883056.5
794,2024-10-29,1,5+2,Match 5 + 2 Euro numbers,5 + 2,0,0.0,0.0
794,2024-10-29,2,5+1,Match 5 + 1 Euro number,5 + 1,3,513442.9,1540328.7
794,2024-10-29,3,5+0,Match 5 + 0 Euro numbers,5 + 0,7,124096.2,868673.4
794,2024-10-29,4,4+2,Match 4 + 2 Euro numbers,4 + 2,39,3674.0,143286.0
794,2024-10-29,5,4+1,Match 4 + 1 Euro number,4 + 1,649,275.9,179059.1
794,2024-10-29,6,3+2,Match 3 + 2 Euro numbers,3 + 2,1393,141.4,196970.2
794,2024-10-29,7,4+0,Match 4 + 0 Euro numbers,4 + 0,1402,102.2,143284.4
794,2024-10-29,8,2+2,Match 2 + 2 Euro numbers,2 + 2,17453,26.1,455523.3
794,2024-10-29,9,3+1,Match 3 + 1 Euro number,3 + 1,25069,20.3,508900.7
794,2024-10-29,10,3+0,Match 3 + 0 Euro numbers,3 + 0,61730,15.6,962988.0
794,2024-10-29,11,1+2,Match 1 + 2 Euro numbers,1 + 2,87969,13.7,1205175.3
794,2024-10-29,12,2+1,Match 2 + 1 Euro number,2 + 1,349774,10.3,3602672.2
795,2024-11-01,1,5+2,Match 5 + 2 Euro numbers,5 + 2,0,0.0,0.0
795,2024-11-01,2,5+1,Match 5 + 1 Euro number,5 + 1,2,1134418.8,2268837.6
795,2024-11-01,3,5+0,Match 5 + 0 Euro numbers,5 + 0,10,127951.8,1279518.0
795,2024-11-01,4,4+2,Match 4 + 2 Euro numbers,4 + 2,60,3517.5,211050.0
795,2024-11-01,5,4+1,Match 4 + 1 Euro number,4 + 1,860,306.7,263762.0
795,2024-11-01,6,3+2,Match 3 + 2 Euro numbers,3 + 2,2081,139.4,290091.4
795,2024-11-01,7,4+0,Match 4 + 0 Euro numbers,4 + 0,1788,118.0,210984.0
795,2024-11-01,8,2+2,Match 2 + 2 Euro numbers,2 + 2,28753,23.3,669944.9
795,2024-11-01,9,3+1,Match 3 + 1 Euro number,3 + 1,40857,18.4,751768.8
795,2024-11-01,10,3+0,Match 3 + 0 Euro numbers,3 + 0,85855,16.5,1416607.5
795,2024-11-01,11,1+2,Match 1 + 2 Euro numbers,1 + 2,142554,12.4,1767669.6
795,2024-11-01,12,2+1,Match 2 + 1 Euro number,2 + 1,582030,9.2,5354676.0
796,2024-11-05,1,5+2,Match 5 + 2 Euro numbers,5 + 2,0,0.0,0.0
796,2024-11-05,2,5+1,Match 5 + 1 Euro number,5 + 1,1,1851956.3,1851956.3
796,2024-11-05,3,5+0,Match 5 + 0 Euro numbers,5 + 0,6,174069.5,1044417.0
796,2024-11-05,4,4+2,Match 4 + 2 Euro numbers,4 + 2,31,5557.2,172273.2
796,2024-11-05,5,4+1,Match 4 + 1 Euro number,4 + 1,682,315.7,215307.4
796,2024-11-05,6,3+2,Match 3 + 2 Euro numbers,3 + 2,1334,177.5,236785.0
796,2024-11-05,7,4+0,Match 4 + 0 Euro numbers,4 + 0,1776,97.0,172272.0
796,2024-11-05,8,2+2,Match 2 + 2 Euro numbers,2 + 2,18732,29.3,548847.6
796,2024-11-05,9,3+1,Match 3 + 1 Euro number,3 + 1,28797,21.3,613376.1
796,2024-11-05,10,3+0,Match 3 + 0 Euro numbers,3 + 0,70120,16.5,1156980.0
796,2024-11-05,11,1+2,Match 1 + 2 Euro numbers,1 + 2,102624,14.1,1446998.4
796,2024-11-05,12,2+1,Match 2 + 1 Euro number,2 + 1,402551,10.8,4347550.8
797,2024-11-08,1,5+2,Match 5 + 2 Euro numbers,5 + 2,0,0.0,0.0
797,2024-11-08,2,5+1,Match 5 + 1 Euro number,5 + 1,8,362563.7,2900509.6
797,2024-11-08,3,5+0,Match 5 + 0 Euro numbers,5 + 0,9,181750.3,1635752.7
797,2024-11-08,4,4+2,Match 4 + 2 Euro numbers,4 + 2,30,8993.8,269814.0
797,2024-11-08,5,4+1,Match 4 + 1 Euro number,4 + 1,1127,299.2,337198.4
797,2024-11-08,6,3+2,Match 3 + 2 Euro numbers,3 + 2,1745,212.6,370987.0
797,2024-11-08,7,4+0,Match 4 + 0 Euro numbers,4 + 0,2761,97.7,269749.7
797,2024-11-08,8,2+2,Match 2 + 2 Euro numbers,2 + 2,25331,33.9,858720.9
797,2024-11-08,9,3+1,Match 3 + 1 Euro number,3 + 1,44669,21.5,960383.5
797,2024-11-08,10,3+0,Match 3 + 0 Euro numbers,3 + 0,110839,16.8,1862095.2
797,2024-11-08,11,1+2,Match 1 + 2 Euro numbers,1 + 2,132356,16.8,2223580.8
797,2024-11-08,12,2+1,Match 2 + 1 Euro number,2 + 1,623998,10.9,6801578.2
798,2024-11-12,1,5+2,Match 5 + 2 Euro numbers,5 + 2,0,0.0,0.0
798,2024-11-12,2,5+1,Match 5 + 1 Euro number,5 + 1,3,876348.1,2629044.3
798,2024-11-12,3,5+0,Match 5 + 0 Euro numbers,5 + 0,9,164739.8,1482658.2
798,2024-11-12,4,4+2,Match 4 + 2 Euro numbers,4 + 2,40,6114.0,244560.0
798,2024-11-12,5,4+1,Match 4 + 1 Euro number,4 + 1,797,383.5,305649.5
798,2024-11-12,6,3+2,Match 3 + 2 Euro numbers,3 + 2,1640,205.0,336200.0
798,2024-11-12,7,4+0,Match 4 + 0 Euro numbers,4 + 0,1802,135.7,244531.4
798,2024-11-12,8,2+2,Match 2 + 2 Euro numbers,2 + 2,24048,32.4,779155.2
798,2024-11-12,9,3+1,Match 3 + 1 Euro number,3 + 1,37127,23.4,868771.8
798,2024-11-12,10,3+0,Match 3 + 0 Euro numbers,3 + 0,89872,18.3,1644657.6
798,2024-11-12,11,1+2,Match 1 + 2 Euro numbers,1 + 2,128936,16.0,2062976.0
798,2024-11-12,12,2+1,Match 2 + 1 Euro number,2 + 1,562192,11.0,6184112.0
799,2024-11-15,1,5+2,Match 5 + 2 Euro numbers,5 + 2,0,0.0,0.0
799,2024-11-15,2,5+1,Match 5 + 1 Euro number,5 + 1,3,4053457.0,12160371.0
799,2024-11-15,3,5+0,Match 5 + 0 Euro numbers,5 + 0,18,123507.8,2223140.4
799,2024-11-15,4,4+2,Match 4 + 2 Euro numbers,4 + 2,57,6433.4,366703.8
799,2024-11-15,5,4+1,Match 4 + 1 Euro number,4 + 1,1212,378.2,458378.4
799,2024-11-15,6,3+2,Match 3 + 2 Euro numbers,3 + 2,2985,168.9,504166.5
799,2024-11-15,7,4+0,Match 4 + 0 Euro numbers,4 + 0,2792,131.3,366589.6
799,2024-11-15,8,2+2,Match 2 + 2 Euro numbers,2 + 2,46180,25.3,1168354.0
799,2024-11-15,9,3+1,Match 3 + 1 Euro number,3 + 1,56164,23.2,1303004.8
799,2024-11-15,10,3+0,Match 3 + 0 Euro numbers,3 + 0,124800,19.8,2471040.0
799,2024-11-15,11,1+2,Match 1 + 2 Euro numbers,1 + 2,259761,11.9,3091155.9
799,2024-11-15,12,2+1,Match 2 + 1 Euro number,2 + 1,859478,10.8,9282362.4
800,2024-11-19,1,5+2,Match 5 + 2 Euro numbers,5 + 2,0,0.0,0.0
800,2024-11-19,2,5+1,Match 5 + 1 Euro number,5 + 1,8,2637766.5,21102132.0
800,2024-11-19,3,5+0,Match 5 + 0 Euro numbers,5 + 0,16,115152.0,1842432.0
800,2024-11-19,4,4+2,Match 4 + 2 Euro numbers,4 + 2,93,3267.8,303905.4
800,2024-11-19,5,4+1,Match 4 + 1 Euro number,4 + 1,2086,182.1,379860.6
800,2024-11-19,6,3+2,Match 3 + 2 Euro numbers,3 + 2,3530,118.3,417599.0
800,2024-11-19,7,4+0,Match 4 + 0 Euro numbers,4 + 0,3696,82.2,303811.2
800,2024-11-19,8,2+2,Match 2 + 2 Euro numbers,2 + 2,43814,22.1,968289.4
800,2024-11-19,9,3+1,Match 3 + 1 Euro number,3 + 1,78541,13.8,1083865.8
800,2024-11-19,10,3+0,Match 3 + 0 Euro numbers,3 + 0,148184,13.8,2044939.2
800,2024-11-19,11,1+2,Match 1 + 2 Euro numbers,1 + 2,206554,12.4,2561269.6
800,2024-11-19,12,2+1,Match 2 + 1 Euro number,2 + 1,961764,8.0,7694112.0
801,2024-11-22,1,5+2,Match 5 + 2 Euro numbers,5 + 2,0,0.0,0.0
801,2024-11-22,2,5+1,Match 5 + 1 Euro number,5 + 1,6,4243653.0,25461918.0
801,2024-11-22,3,5+0,Match 5 + 0 Euro numbers,5 + 0,8,299271.0,2394168.0
801,2024-11-22,4,4+2,Match 4 + 2 Euro numbers,4 + 2,74,5336.6,394908.4
801,2024-11-22,5,4+1,Match 4 + 1 Euro number,4 + 1,1526,323.4,493508.4
801,2024-11-22,6,3+2,Match 3 + 2 Euro numbers,3 + 2,3102,175.0,542850.0
801,2024-11-22,7,4+0,Match 4 + 0 Euro numbers,4 + 0,3102,127.3,394884.6
801,2024-11-22,8,2+2,Match 2 + 2 Euro numbers,2 + 2,46773,26.9,1258193.7
801,2024-11-22,9,3+1,Match 3 + 1 Euro number,3 + 1,65987,21.3,1405523.1
801,2024-11-22,10,3+0,Match 3 + 0 Euro numbers,3 + 0,142091,18.7,2657101.7
801,2024-11-22,11,1+2,Match 1 + 2 Euro numbers,1 + 2,252609,13.1,3309177.9
801,2024-11-22,12,2+1,Match 2 + 1 Euro number,2 + 1,984713,10.1,9945601.3
802,2024-11-26,1,5+2,Match 5 + 2 Euro numbers,5 + 2,0,0.0,0.0
802,2024-11-26,2,5+1,Match 5 + 1 Euro number,5 + 1,2,11465283.3,22930566.6
802,2024-11-26,3,5+0,Match 5 + 0 Euro numbers,5 + 0,7,285510.8,1998575.6
802,2024-11-26,4,4+2,Match 4 + 2 Euro numbers,4 + 2,53,6220.0,329660.0
802,2024-11-26,5,4+1,Match 4 + 1 Euro number,4 + 1,1096,375.9,411986.4
802,2024-11-26,6,3+2,Match 3 + 2 Euro numbers,3 + 2,2500,181.3,453250.0
802,2024-11-26,7,4+0,Match 4 + 0 Euro numbers,4 + 0,2744,120.1,329554.4
802,2024-11-26,8,2+2,Match 2 + 2 Euro numbers,2 + 2,36866,28.5,1050681.0
802,2024-11-26,9,3+1,Match 3 + 1 Euro number,3 + 1,52119,22.5,1172677.5
802,2024-11-26,10,3+0,Match 3 + 0 Euro numbers,3 + 0,121576,18.3,2224840.8
802,2024-11-26,11,1+2,Match 1 + 2 Euro numbers,1 + 2,199627,13.9,2774815.3
802,2024-11-26,12,2+1,Match 2 + 1 Euro number,2 + 1,799024,10.4,8309849.6
803,2024-11-29,1,5+2,Match 5 + 2 Euro numbers,5 + 2,0,0.0,0.0
803,2024-11-29,2,5+1,Match 5 + 1 Euro number,5 + 1,9,3058396.8,27525571.2
803,2024-11-29,3,5+0,Match 5 + 0 Euro numbers,5 + 0,12,215244.7,2582936.4
803,2024-11-29,4,4+2,Match 4 + 2 Euro numbers,4 + 2,85,5012.3,426045.5
803,2024-11-29,5,4+1,Match 4 + 1 Euro number,4 + 1,1663,320.2,532492.6
803,2024-11-29,6,3+2,Match 3 + 2 Euro numbers,3 + 2,4153,141.0,585573.0
803,2024-11-29,7,4+0,Match 4 + 0 Euro numbers,4 + 0,3627,117.4,425809.8
803,2024-11-29,8,2+2,Match 2 + 2 Euro numbers,2 + 2,63110,21.5,1356865.0
803,2024-11-29,9,3+1,Match 3 + 1 Euro number,3 + 1,77660,19.5,1514370.0
803,2024-11-29,10,3+0,Match 3 + 0 Euro numbers,3 + 0,160981,17.8,2865461.8
803,2024-11-29,11,1+2,Match 1 + 2 Euro numbers,1 + 2,341062,10.5,3581151.0
803,2024-11-29,12,2+1,Match 2 + 1 Euro number,2 + 1,1125756,9.6,10807257.6
804,2024-12-03,1,5+2,Match 5 + 2 Euro numbers,5 + 2,0,0.0,0.0
804,2024-12-03,2,5+1,Match 5 + 1 Euro number,5 + 1,7,3623125.9,25361881.3
804,2024-12-03,3,5+0,Match 5 + 0 Euro numbers,5 + 0,17,131361.8,2233150.6
804,2024-12-03,4,4+2,Match 4 + 2 Euro numbers,4 + 2,97,3797.4,368347.8
804,2024-12-03,5,4+1,Match 4 + 1 Euro number,4 + 1,1727,266.6,460418.2
804,2024-12-03,6,3+2,Match 3 + 2 Euro numbers,3 + 2,3862,131.1,506308.2
804,2024-12-03,7,4+0,Match 4 + 0 Euro numbers,4 + 0,3815,96.5,368147.5
804,2024-12-03,8,2+2,Match 2 + 2 Euro numbers,2 + 2,52582,22.3,1172578.6
804,2024-12-03,9,3+1,Match 3 + 1 Euro number,3 + 1,73029,17.9,1307219.1
804,2024-12-03,10,3+0,Match 3 + 0 Euro numbers,3 + 0,166142,14.9,2475515.8
804,2024-12-03,11,1+2,Match 1 + 2 Euro numbers,1 + 2,267876,11.6,3107361.6
804,2024-12-03,12,2+1,Match 2 + 1 Euro number,2 + 1,1017306,9.1,9257484.6
805,2024-12-06,1,5+2,Match 5 + 2 Euro numbers,5 + 2,2,60000000.0,120000000.0
805,2024-12-06,2,5+1,Match 5 + 1 Euro number,5 + 1,2,14364616.8,28729233.6
805,2024-12-06,3,5+0,Match 5 + 0 Euro numbers,5 + 0,12,221813.0,2661756.0
805,2024-12-06,4,4+2,Match 4 + 2 Euro numbers,4 + 2,67,6553.0,439051.0
805,2024-12-06,5,4+1,Match 4 + 1 Euro number,4 + 1,1387,395.6,548697.2
805,2024-12-06,6,3+2,Match 3 + 2 Euro numbers,3 + 2,2962,203.8,603655.6
805,2024-12-06,7,4+0,Match 4 + 0 Euro numbers,4 + 0,2921,150.3,439026.3
805,2024-12-06,8,2+2,Match 2 + 2 Euro numbers,2 + 2,44202,31.6,1396783.2
805,2024-12-06,9,3+1,Match 3 + 1 Euro number,3 + 1,63143,24.7,1559632.1
805,2024-12-06,10,3+0,Match 3 + 0 Euro numbers,3 + 0,146604,20.2,2961400.8
805,2024-12-06,11,1+2,Match 1 + 2 Euro numbers,1 + 2,240603,15.3,3681225.9
805,2024-12-06,12,2+1,Match 2 + 1 Euro number,2 + 1,968710,11.5,11140165.0
806,2024-12-10,1,5+2,Match 5 + 2 Euro numbers,5 + 2,0,0.0,0.0
806,2024-12-10,2,5+1,Match 5 + 1 Euro number,5 + 1,5,289031.8,1445159.0
806,2024-12-10,3,5+0,Match 5 + 0 Euro numbers,5 + 0,8,101875.3,815002.4
806,2024-12-10,4,4+2,Match 4 + 2 Euro numbers,4 + 2,26,5170.5,134433.0
806,2024-12-10,5,4+1,Match 4 + 1 Euro number,4 + 1,532,315.8,168005.6
806,2024-12-10,6,3+2,Match 3 + 2 Euro numbers,3 + 2,1003,184.2,184752.6
806,2024-12-10,7,4+0,Match 4 + 0 Euro numbers,4 + 0,1058,127.0,134366.0
806,2024-12-10,8,2+2,Match 2 + 2 Euro numbers,2 + 2,14582,29.3,427252.6
806,2024-12-10,9,3+1,Match 3 + 1 Euro number,3 + 1,21617,22.1,477735.7
806,2024-12-10,10,3+0,Match 3 + 0 Euro numbers,3 + 0,51415,17.6,904904.0
806,2024-12-10,11,1+2,Match 1 + 2 Euro numbers,1 + 2,77412,14.6,1130215.2
806,2024-12-10,12,2+1,Match 2 + 1 Euro number,2 + 1,318952,10.6,3380891.2
807,2024-12-13,1,5+2,Match 5 + 2 Euro numbers,5 + 2,1,21312702.5,21312702.5
807,2024-12-13,2,5+1,Match 5 + 1 Euro number,5 + 1,4,521866.6,2087466.4
807,2024-12-13,3,5+0,Match 5 + 0 Euro numbers,5 + 0,9,130803.7,1177233.3
807,2024-12-13,4,4+2,Match 4 + 2 Euro numbers,4 + 2,31,6263.9,194180.9
807,2024-12-13,5,4+1,Match 4 + 1 Euro number,4 + 1,736,329.7,242659.2
807,2024-12-13,6,3+2,Match 3 + 2 Euro numbers,3 + 2,1522,175.4,266958.8
807,2024-12-13,7,4+0,Match 4 + 0 Euro numbers,4 + 0,1512,128.4,194140.8
807,2024-12-13,8,2+2,Match 2 + 2 Euro numbers,2 + 2,24748,25.0,618700.0
807,2024-12-13,9,3+1,Match 3 + 1 Euro number,3 + 1,34182,20.2,690476.4
807,2024-12-13,10,3+0,Match 3 + 0 Euro numbers,3 + 0,70851,18.4,1303658.4
807,2024-12-13,11,1+2,Match 1 + 2 Euro numbers,1 + 2,132233,12.3,1626465.9
807,2024-12-13,12,2+1,Match 2 + 1 Euro number,2 + 1,503099,9.7,4880060.3
808,2024-12-17,1,5+2,Match 5 + 2 Euro numbers,5 + 2,0,0.0,0.0
808,2024-12-17,2,5+1,Match 5 + 1 Euro number,5 + 1,6,213487.0,1280922.0
808,2024-12-17,3,5+0,Match 5 + 0 Euro numbers,5 + 0,7,103197.2,722380.4
808,2024-12-17,4,4+2,Match 4 + 2 Euro numbers,4 + 2,18,6619.7,119154.6
808,2024-12-17,5,4+1,Match 4 + 1 Euro number,4 + 1,489,304.5,148900.5
808,2024-12-17,6,3+2,Match 3 + 2 Euro numbers,3 + 2,987,165.9,163743.3
808,2024-12-17,7,4+0,Match 4 + 0 Euro numbers,4 + 0,1138,104.7,119148.6
808,2024-12-17,8,2+2,Match 2 + 2 Euro numbers,2 + 2,13212,28.7,379184.4
808,2024-12-17,9,3+1,Match 3 + 1 Euro number,3 + 1,20165,21.0,423465.0
808,2024-12-17,10,3+0,Match 3 + 0 Euro numbers,3 + 0,49292,16.3,803459.6
808,2024-12-17,11,1+2,Match 1 + 2 Euro numbers,1 + 2,69768,14.4,1004659.2
808,2024-12-17,12,2+1,Match 2 + 1 Euro number,2 + 1,289138,10.4,3007035.2
809,2024-12-20,1,5+2,Match 5 + 2 Euro numbers,5 + 2,0,0.0,0.0
809,2024-12-20,2,5+1,Match 5 + 1 Euro number,5 + 1,3,642315.0,1926945.0
809,2024-12-20,3,5+0,Match 5 + 0 Euro numbers,5 + 0,4,271676.8,1086707.2
809,2024-12-20,4,4+2,Match 4 + 2 Euro numbers,4 + 2,41,4371.9,179247.9
809,2024-12-20,5,4+1,Match 4 + 1 Euro number,4 + 1,662,338.4,224020.8
809,2024-12-20,6,3+2,Match 3 + 2 Euro numbers,3 + 2,1563,157.6,246328.8
809,2024-12-20,7,4+0,Match 4 + 0 Euro numbers,4 + 0,1314,136.4,179229.6
809,2024-12-20,8,2+2,Match 2 + 2 Euro numbers,2 + 2,22978,24.8,569854.4
809,2024-12-20,9,3+1,Match 3 + 1 Euro number,3 + 1,31514,20.2,636582.8
809,2024-12-20,10,3+0,Match 3 + 0 Euro numbers,3 + 0,66467,18.2,1209699.4
809,2024-12-20,11,1+2,Match 1 + 2 Euro numbers,1 + 2,119736,12.6,1508673.6
809,2024-12-20,12,2+1,Match 2 + 1 Euro number,2 + 1,462014,9.8,4527737.2
810,2024-12-24,1,5+2,Match 5 + 2 Euro numbers,5 + 2,0,0.0,0.0
810,2024-12-24,2,5+1,Match 5 + 1 Euro number,5 + 1,7,236310.9,1654176.3
810,2024-12-24,3,5+0,Match 5 + 0 Euro numbers,5 + 0,13,71759.9,932878.7
810,2024-12-24,4,4+2,Match 4 + 2 Euro numbers,4 + 2,33,4662.9,153875.7
810,2024-12-24,5,4+1,Match 4 + 1 Euro number,4 + 1,795,241.9,192310.5
810,2024-12-24,6,3+2,Match 3 + 2 Euro numbers,3 + 2,1771,119.4,211457.4
810,2024-12-24,7,4+0,Match 4 + 0 Euro numbers,4 + 0,1624,94.7,153792.8
810,2024-12-24,8,2+2,Match 2 + 2 Euro numbers,2 + 2,22743,21.5,488974.5
810,2024-12-24,9,3+1,Match 3 + 1 Euro number,3 + 1,31101,17.6,547377.6
810,2024-12-24,10,3+0,Match 3 + 0 Euro numbers,3 + 0,61322,16.9,1036341.8
810,2024-12-24,11,1+2,Match 1 + 2 Euro numbers,1 + 2,111087,11.6,1288609.2
810,2024-12-24,12,2+1,Match 2 + 1 Euro number,2 + 1,422596,9.2,3887883.2
811,2024-12-27,1,5+2,Match 5 + 2 Euro numbers,5 + 2,0,0.0,0.0
811,2024-12-27,2,5+1,Match 5 + 1 Euro number,5 + 1,5,382658.1,1913290.5
811,2024-12-27,3,5+0,Match 5 + 0 Euro numbers,5 + 0,8,134875.8,1079006.4
811,2024-12-27,4,4+2,Match 4 + 2 Euro numbers,4 + 2,32,5561.8,177977.6
811,2024-12-27,5,4+1,Match 4 + 1 Euro number,4 + 1,710,313.3,222443.0
811,2024-12-27,6,3+2,Match 3 + 2 Euro numbers,3 + 2,1629,150.2,244675.8
811,2024-12-27,7,4+0,Match 4 + 0 Euro numbers,4 + 0,1470,121.0,177870.0
811,2024-12-27,8,2+2,Match 2 + 2 Euro numbers,2 + 2,25022,22.6,565497.2
811,2024-12-27,9,3+1,Match 3 + 1 Euro number,3 + 1,32426,19.5,632307.0
811,2024-12-27,10,3+0,Match 3 + 0 Euro numbers,3 + 0,71576,16.7,1195319.2
811,2024-12-27,11,1+2,Match 1 + 2 Euro numbers,1 + 2,131041,11.4,1493867.4
811,2024-12-27,12,2+1,Match 2 + 1 Euro number,2 + 1,477419,9.4,4487738.6
812,2024-12-31,1,5+2,Match 5 + 2 Euro numbers,5 + 2,0,0.0,0.0
812,2024-12-31,2,5+1,Match 5 + 1 Euro number,5 + 1,1,2082142.9,2082142.9
812,2024-12-31,3,5+0,Match 5 + 0 Euro numbers,5 + 0,7,167747.3,1174231.1
812,2024-12-31,4,4+2,Match 4 + 2 Euro numbers,4 + 2,27,7173.6,193687.2
812,2024-12-31,5,4+1,Match 4 + 1 Euro number,4 + 1,694,348.8,242067.2
812,2024-12-31,6,3+2,Match 3 + 2 Euro numbers,3 + 2,1401,190.0,266190.0
812,2024-12-31,7,4+0,Match 4 + 0 Euro numbers,4 + 0,1702,113.8,193687.6
812,2024-12-31,8,2+2,Match 2 + 2 Euro numbers,2 + 2,20357,30.3,616817.1
812,2024-12-31,9,3+1,Match 3 + 1 Euro number,3 + 1,32025,21.5,688537.5
812,2024-12-31,10,3+0,Match 3 + 0 Euro numbers,3 + 0,76517,17.0,1300789.0
812,2024-12-31,11,1+2,Match 1 + 2 Euro numbers,1 + 2,107455,15.2,1633316.0
812,2024-12-31,12,2+1,Match 2 + 1 Euro number,2 + 1,466669,10.5,4900024.5
813,2025-01-03,1,5+2,Match 5 + 2 Euro numbers,5 + 2,0,0.0,0.0
813,2025-01-03,2,5+1,Match 5 + 1 Euro number,5 + 1,6,371655.7,2229934.2
813,2025-01-03,3,5+0,Match 5 + 0 Euro numbers,5 + 0,7,179654.1,1257578.7
813,2025-01-03,4,4+2,Match 4 + 2 Euro numbers,4 + 2,37,5606.3,207433.1
813,2025-01-03,5,4+1,Match 4 + 1 Euro number,4 + 1,760,341.1,259236.0
813,2025-01-03,6,3+2,Match 3 + 2 Euro numbers,3 + 2,1631,174.8,285098.8
813,2025-01-03,7,4+0,Match 4 + 0 Euro numbers,4 + 0,1701,121.9,207351.9
813,2025-01-03,8,2+2,Match 2 + 2 Euro numbers,2 + 2,23443,28.2,661092.6
813,2025-01-03,9,3+1,Match 3 + 1 Euro number,3 + 1,34524,21.4,738813.6
813,2025-01-03,10,3+0,Match 3 + 0 Euro numbers,3 + 0,77928,17.9,1394911.2
813,2025-01-03,11,1+2,Match 1 + 2 Euro numbers,1 + 2,123542,14.1,1741942.2
813,2025-01-03,12,2+1,Match 2 + 1 Euro number,2 + 1,519896,10.1,5250949.6
814,2025-01-07,1,5+2,Match 5 + 2 Euro numbers,5 + 2,0,0.0,0.0
814,2025-01-07,2,5+1,Match 5 + 1 Euro number,5 + 1,1,1752366.7,1752366.7
814,2025-01-07,3,5+0,Match 5 + 0 Euro numbers,5 + 0,4,247063.3,988253.2
814,2025-01-07,4,4+2,Match 4 + 2 Euro numbers,4 + 2,44,3704.7,163006.8
814,2025-01-07,5,4+1,Match 4 + 1 Euro number,4 + 1,673,302.7,203717.1
814,2025-01-07,6,3+2,Match 3 + 2 Euro numbers,3 + 2,1639,136.7,224051.3
814,2025-01-07,7,4+0,Match 4 + 0 Euro numbers,4 + 0,1333,122.2,162892.6
814,2025-01-07,8,2+2,Match 2 + 2 Euro numbers,2 + 2,24664,21.0,517944.0
814,2025-01-07,9,3+1,Match 3 + 1 Euro number,3 + 1,28746,20.2,580669.2
814,2025-01-07,10,3+0,Match 3 + 0 Euro numbers,3 + 0,62614,17.5,1095745.0
814,2025-01-07,11,1+2,Match 1 + 2 Euro numbers,1 + 2,134912,10.1,1362611.2
814,2025-01-07,12,2+1,Match 2 + 1 Euro number,2 + 1,431814,9.5,4102233.0
815,2025-01-10,1,5+2,Match 5 + 2 Euro numbers,5 + 2,1,80437425.7,80437425.7
815,2025-01-10,2,5+1,Match 5 + 1 Euro number,5 + 1,4,643155.2,2572620.8
815,2025-01-10,3,5+0,Match 5 + 0 Euro numbers,5 + 0,9,161204.2,1450837.8
815,2025-01-10,4,4+2,Match 4 + 2 Euro numbers,4 + 2,51,4692.4,239312.4
815,2025-01-10,5,4+1,Match 4 + 1 Euro number,4 + 1,932,320.9,299078.8
815,2025-01-10,6,3+2,Match 3 + 2 Euro numbers,3 + 2,2148,153.1,328858.8
815,2025-01-10,7,4+0,Match 4 + 0 Euro numbers,4 + 0,2293,104.3,239159.9
815,2025-01-10,8,2+2,Match 2 + 2 Euro numbers,2 + 2,28247,27.0,762669.0
815,2025-01-10,9,3+1,Match 3 + 1 Euro number,3 + 1,40279,21.1,849886.9
815,2025-01-10,10,3+0,Match 3 + 0 Euro numbers,3 + 0,99451,16.2,1611106.2
815,2025-01-10,11,1+2,Match 1 + 2 Euro numbers,1 + 2,142808,14.1,2013592.8
815,2025-01-10,12,2+1,Match 2 + 1 Euro number,2 + 1,556830,10.9,6069447.0
816,2025-01-14,1,5+2,Match 5 + 2 Euro numbers,5 + 2,0,0.0,0.0
816,2025-01-14,2,5+1,Match 5 + 1 Euro number,5 + 1,6,212627.5,1275765.0
816,2025-01-14,3,5+0,Match 5 + 0 Euro numbers,5 + 0,16,44967.0,719472.0
816,2025-01-14,4,4+2,Match 4 + 2 Euro numbers,4 + 2,39,3042.9,118673.1
816,2025-01-14,5,4+1,Match 4 + 1 Euro number,4 + 1,736,201.5,148304.0
816,2025-01-14,6,3+2,Match 3 + 2 Euro numbers,3 + 2,1375,118.6,163075.0
816,2025-01-14,7,4+0,Match 4 + 0 Euro numbers,4 + 0,2015,58.8,118482.0
816,2025-01-14,8,2+2,Match 2 + 2 Euro numbers,2 + 2,16903,22.3,376936.9
816,2025-01-14,9,3+1,Match 3 + 1 Euro number,3 + 1,26714,15.8,422081.2
816,2025-01-14,10,3+0,Match 3 + 0 Euro numbers,3 + 0,62762,12.7,797077.4
816,2025-01-14,11,1+2,Match 1 + 2 Euro numbers,1 + 2,84165,11.8,993147.0
816,2025-01-14,12,2+1,Match 2 + 1 Euro number,2 + 1,325599,9.2,2995510.8
817,2025-01-17,1,5+2,Match 5 + 2 Euro numbers,5 + 2,0,0.0,0.0
817,2025-01-17,2,5+1,Match 5 + 1 Euro number,5 + 1,3,620859.8,1862579.4
817,2025-01-17,3,5+0,Match 5 + 0 Euro numbers,5 + 0,12,87534.0,1050408.0
817,2025-01-17,4,4+2,Match 4 + 2 Euro numbers,4 + 2,41,4225.9,173261.9
817,2025-01-17,5,4+1,Match 4 + 1 Euro number,4 + 1,1113,194.5,216478.5
817,2025-01-17,6,3+2,Match 3 + 2 Euro numbers,3 + 2,1805,131.9,238079.5
817,2025-01-17,7,4+0,Match 4 + 0 Euro numbers,4 + 0,1966,88.1,173204.6
817,2025-01-17,8,2+2,Match 2 + 2 Euro numbers,2 + 2,25335,21.7,549769.5
817,2025-01-17,9,3+1,Match 3 + 1 Euro number,3 + 1,42583,15.1,643003.3
817,2025-01-17,10,3+0,Match 3 + 0 Euro numbers,3 + 0,75668,15.1,1142586.8
817,2025-01-17,11,1+2,Match 1 + 2 Euro numbers,1 + 2,120576,12.1,1458969.6
817,2025-01-17,12,2+1,Match 2 + 1 Euro number,2 + 1,564469,7.7,4346411.3
818,2025-01-21,1,5+2,Match 5 + 2 Euro numbers,5 + 2,0,0.0,0.0
818,2025-01-21,2,5+1,Match 5 + 1 Euro number,5 + 1,1,1359252.7,1359252.7
818,2025-01-21,3,5+0,Match 5 + 0 Euro numbers,5 + 0,7,109507.9,766555.3
818,2025-01-21,4,4+2,Match 4 + 2 Euro numbers,4 + 2,45,2809.8,126441.0
818,2025-01-21,5,4+1,Match 4 + 1 Euro number,4 + 1,554,285.2,158000.8
818,2025-01-21,6,3+2,Match 3 + 2 Euro numbers,3 + 2,1458,119.2,173793.6
818,2025-01-21,7,4+0,Match 4 + 0 Euro numbers,4 + 0,1207,104.7,126372.9
818,2025-01-21,8,2+2,Match 2 + 2 Euro numbers,2 + 2,21407,18.8,402451.6
818,2025-01-21,9,3+1,Match 3 + 1 Euro number,3 + 1,24243,18.5,448495.5
818,2025-01-21,10,3+0,Match 3 + 0 Euro numbers,3 + 0,51729,16.4,848355.6
818,2025-01-21,11,1+2,Match 1 + 2 Euro numbers,1 + 2,109805,9.7,1065108.5
818,2025-01-21,12,2+1,Match 2 + 1 Euro number,2 + 1,342238,9.3,3182813.4
819,2025-01-24,1,5+2,Match 5 + 2 Euro numbers,5 + 2,0,0.0,0.0
819,2025-01-24,2,5+1,Match 5 + 1 Euro number,5 + 1,3,666047.9,1998143.7
819,2025-01-24,3,5+0,Match 5 + 0 Euro numbers,5 + 0,9,125206.6,1126859.4
819,2025-01-24,4,4+2,Match 4 + 2 Euro numbers,4 + 2,47,3954.7,185870.9
819,2025-01-24,5,4+1,Match 4 + 1 Euro number,4 + 1,664,349.9,232333.6
819,2025-01-24,6,3+2,Match 3 + 2 Euro numbers,3 + 2,1867,141.1,263433.7
819,2025-01-24,7,4+0,Match 4 + 0 Euro numbers,4 + 0,1261,141.1,177927.1
819,2025-01-24,8,2+2,Match 2 + 2 Euro numbers,2 + 2,29242,20.8,608233.6
819,2025-01-24,9,3+1,Match 3 + 1 Euro number,3 + 1,31036,20.8,645548.8
819,2025-01-24,10,3+0,Match 3 + 0 Euro numbers,3 + 0,63777,19.6,1250029.2
819,2025-01-24,11,1+2,Match 1 + 2 Euro numbers,1 + 2,165273,9.7,1603148.1
819,2025-01-24,12,2+1,Match 2 + 1 Euro number,2 + 1,478426,9.7,4640732.2
820,2025-01-28,1,5+2,Match 5 + 2 Euro numbers,5 + 2,0,0.0,0.0
820,2025-01-28,2,5+1,Match 5 + 1 Euro number,5 + 1,0,0.0,0.0
820,2025-01-28,3,5+0,Match 5 + 0 Euro numbers,5 + 0,9,93658.3,842924.7
820,2025-01-28,4,4+2,Match 4 + 2 Euro numbers,4 + 2,24,5793.3,139039.2
820,2025-01-28,5,4+1,Match 4 + 1 Euro number,4 + 1,486,357.6,173793.6
820,2025-01-28,6,3+2,Match 3 + 2 Euro numbers,3 + 2,955,200.1,191095.5
820,2025-01-28,7,4+0,Match 4 + 0 Euro numbers,4 + 0,1127,123.3,138959.1
820,2025-01-28,8,2+2,Match 2 + 2 Euro numbers,2 + 2,13994,31.6,442210.4
820,2025-01-28,9,3+1,Match 3 + 1 Euro number,3 + 1,22422,22.0,493284.0
820,2025-01-28,10,3+0,Match 3 + 0 Euro numbers,3 + 0,54646,17.1,934446.6
820,2025-01-28,11,1+2,Match 1 + 2 Euro numbers,1 + 2,75089,15.6,1171388.4
820,2025-01-28,12,2+1,Match 2 + 1 Euro number,2 + 1,328407,10.7,3513954.9
821,2025-01-31,1,5+2,Match 5 + 2 Euro numbers,5 + 2,0,0.0,0.0
821,2025-01-31,2,5+1,Match 5 + 1 Euro number,5 + 1,4,930640.1,3722560.4
821,2025-01-31,3,5+0,Match 5 + 0 Euro numbers,5 + 0,4,314106.3,1256425.2
821,2025-01-31,4,4+2,Match 4 + 2 Euro numbers,4 + 2,38,5453.8,207244.4
821,2025-01-31,5,4+1,Match 4 + 1 Euro number,4 + 1,625,414.4,259000.0
821,2025-01-31,6,3+2,Match 3 + 2 Euro numbers,3 + 2,1364,208.9,284939.6
821,2025-01-31,7,4+0,Match 4 + 0 Euro numbers,4 + 0,1451,142.8,207202.8
821,2025-01-31,8,2+2,Match 2 + 2 Euro numbers,2 + 2,21161,31.2,660223.2
821,2025-01-31,9,3+1,Match 3 + 1 Euro number,3 + 1,30050,24.5,736225.0
821,2025-01-31,10,3+0,Match 3 + 0 Euro numbers,3 + 0,71572,19.5,1395654.0
821,2025-01-31,11,1+2,Match 1 + 2 Euro numbers,1 + 2,114084,15.3,1745485.2
821,2025-01-31,12,2+1,Match 2 + 1 Euro number,2 + 1,457866,11.4,5219672.4
822,2025-02-04,1,5+2,Match 5 + 2 Euro numbers,5 + 2,0,0.0,0.0
822,2025-02-04,2,5+1,Match 5 + 1 Euro number,5 + 1,2,914200.0,1828400.0
822,2025-02-04,3,5+0,Match 5 + 0 Euro numbers,5 + 0,1,914200.0,914200.0
822,2025-02-04,4,4+2,Match 4 + 2 Euro numbers,4 + 2,24,6797.0,163128.0
822,2025-02-04,5,4+1,Match 4 + 1 Euro number,4 + 1,521,391.3,203867.3
822,2025-02-04,6,3+2,Match 3 + 2 Euro numbers,3 + 2,1576,142.3,224264.8
822,2025-02-04,7,4+0,Match 4 + 0 Euro numbers,4 + 0,1172,139.1,163025.2
822,2025-02-04,8,2+2,Match 2 + 2 Euro numbers,2 + 2,24909,21.3,530561.7
822,2025-02-04,9,3+1,Match 3 + 1 Euro number,3 + 1,26661,21.3,567879.3
822,2025-02-04,10,3+0,Match 3 + 0 Euro numbers,3 + 0,56529,19.4,1096662.6
822,2025-02-04,11,1+2,Match 1 + 2 Euro numbers,1 + 2,137998,10.0,1379980.0
822,2025-02-04,12,2+1,Match 2 + 1 Euro number,2 + 1,409014,10.0,4090140.0
823,2025-02-07,1,5+2,Match 5 + 2 Euro numbers,5 + 2,0,0.0,0.0
823,2025-02-07,2,5+1,Match 5 + 1 Euro number,5 + 1,3,846084.7,2538254.1
823,2025-02-07,3,5+0,Match 5 + 0 Euro numbers,5 + 0,14,102246.9,1431456.6
823,2025-02-07,4,4+2,Match 4 + 2 Euro numbers,4 + 2,85,2777.8,236113.0
823,2025-02-07,5,4+1,Match 4 + 1 Euro number,4 + 1,1264,233.5,295144.0
823,2025-02-07,6,3+2,Match 3 + 2 Euro numbers,3 + 2,3109,104.4,324579.6
823,2025-02-07,7,4+0,Match 4 + 0 Euro numbers,4 + 0,2630,89.7,235911.0
823,2025-02-07,8,2+2,Match 2 + 2 Euro numbers,2 + 2,39432,19.0,749208.0
823,2025-02-07,9,3+1,Match 3 + 1 Euro number,3 + 1,49610,16.9,838409.0
823,2025-02-07,10,3+0,Match 3 + 0 Euro numbers,3 + 0,102714,15.5,1592067.0
823,2025-02-07,11,1+2,Match 1 + 2 Euro numbers,1 + 2,193803,10.2,1976790.6
823,2025-02-07,12,2+1,Match 2 + 1 Euro number,2 + 1,665189,9.0,5986701.0
824,2025-02-11,1,5+2,Match 5 + 2 Euro numbers,5 + 2,1,87949627.7,87949627.7
824,2025-02-11,2,5+1,Match 5 + 1 Euro number,5 + 1,3,716159.6,2148478.8
824,2025-02-11,3,5+0,Match 5 + 0 Euro numbers,5 + 0,12,100970.1,1211641.2
824,2025-02-11,4,4+2,Match 4 + 2 Euro numbers,4 + 2,34,5878.1,199855.4
824,2025-02-11,5,4+1,Match 4 + 1 Euro number,4 + 1,738,338.5,249813.0
824,2025-02-11,6,3+2,Match 3 + 2 Euro numbers,3 + 2,1567,175.3,274695.1
824,2025-02-11,7,4+0,Match 4 + 0 Euro numbers,4 + 0,2177,91.8,199848.6
824,2025-02-11,8,2+2,Match 2 + 2 Euro numbers,2 + 2,22292,28.5,635322.0
824,2025-02-11,9,3+1,Match 3 + 1 Euro number,3 + 1,33677,21.1,710584.7
824,2025-02-11,10,3+0,Match 3 + 0 Euro numbers,3 + 0,93959,14.4,1353009.6
824,2025-02-11,11,1+2,Match 1 + 2 Euro numbers,1 + 2,115738,14.4,1666627.2
824,2025-02-11,12,2+1,Match 2 + 1 Euro number,2 + 1,464579,10.9,5063911.1
825,2025-02-14,1,5+2,Match 5 + 2 Euro numbers,5 + 2,1,10008887.3,10008887.3
825,2025-02-14,2,5+1,Match 5 + 1 Euro number,5 + 1,1,1847565.0,1847565.0
825,2025-02-14,3,5+0,Match 5 + 0 Euro numbers,5 + 0,6,173656.7,1041940.2
825,2025-02-14,4,4+2,Match 4 + 2 Euro numbers,4 + 2,35,4910.4,171864.0
825,2025-02-14,5,4+1,Match 4 + 1 Euro number,4 + 1,562,382.2,214796.4
825,2025-02-14,6,3+2,Match 3 + 2 Euro numbers,3 + 2,1433,164.9,236301.7
825,2025-02-14,7,4+0,Match 4 + 0 Euro numbers,4 + 0,1193,144.0,171792.0
825,2025-02-14,8,2+2,Match 2 + 2 Euro numbers,2 + 2,22567,24.2,546121.4
825,2025-02-14,9,3+1,Match 3 + 1 Euro number,3 + 1,26697,22.9,611361.3
825,2025-02-14,10,3+0,Match 3 + 0 Euro numbers,3 + 0,59633,19.4,1156880.2
825,2025-02-14,11,1+2,Match 1 + 2 Euro numbers,1 + 2,122427,11.8,1444638.6
825,2025-02-14,12,2+1,Match 2 + 1 Euro number,2 + 1,416848,10.4,4335219.2
826,2025-02-18,1,5+2,Match 5 + 2 Euro numbers,5 + 2,0,0.0,0.0
826,2025-02-18,2,5+1,Match 5 + 1 Euro number,5 + 1,3,477563.9,1432691.7
826,2025-02-18,3,5+0,Match 5 + 0 Euro numbers,5 + 0,1,477563.9,477563.9
826,2025-02-18,4,4+2,Match 4 + 2 Euro numbers,4 + 2,21,5410.5,113620.5
826,2025-02-18,5,4+1,Match 4 + 1 Euro number,4 + 1,502,282.9,142015.8
826,2025-02-18,6,3+2,Match 3 + 2 Euro numbers,3 + 2,1013,154.2,156204.6
826,2025-02-18,7,4+0,Match 4 + 0 Euro numbers,4 + 0,1108,102.5,113570.0
826,2025-02-18,8,2+2,Match 2 + 2 Euro numbers,2 + 2,13941,25.9,361071.9
826,2025-02-18,9,3+1,Match 3 + 1 Euro number,3 + 1,23248,17.4,404515.2
826,2025-02-18,10,3+0,Match 3 + 0 Euro numbers,3 + 0,47311,16.2,766438.2
826,2025-02-18,11,1+2,Match 1 + 2 Euro numbers,1 + 2,69141,13.8,954145.8
826,2025-02-18,12,2+1,Match 2 + 1 Euro number,2 + 1,329145,8.7,2863561.5
827,2025-02-21,1,5+2,Match 5 + 2 Euro numbers,5 + 2,0,0.0,0.0
827,2025-02-21,2,5+1,Match 5 + 1 Euro number,5 + 1,1,1827781.9,1827781.9
827,2025-02-21,3,5+0,Match 5 + 0 Euro numbers,5 + 0,6,171797.3,1030783.8
827,2025-02-21,4,4+2,Match 4 + 2 Euro numbers,4 + 2,27,6297.2,170024.4
827,2025-02-21,5,4+1,Match 4 + 1 Euro number,4 + 1,455,467.1,212530.5
827,2025-02-21,6,3+2,Match 3 + 2 Euro numbers,3 + 2,903,258.8,233696.4
827,2025-02-21,7,4+0,Match 4 + 0 Euro numbers,4 + 0,1356,125.3,169906.8
827,2025-02-21,8,2+2,Match 2 + 2 Euro numbers,2 + 2,14396,37.6,541289.6
827,2025-02-21,9,3+1,Match 3 + 1 Euro number,3 + 1,20991,28.8,604540.8
827,2025-02-21,10,3+0,Match 3 + 0 Euro numbers,3 + 0,68763,17.6,1210228.8
827,2025-02-21,11,1+2,Match 1 + 2 Euro numbers,1 + 2,77638,17.6,1366428.8
827,2025-02-21,12,2+1,Match 2 + 1 Euro number,2 + 1,322332,13.3,4287015.6
828,2025-02-25,1,5+2,Match 5 + 2 Euro numbers,5 + 2,0,0.0,0.0
828,2025-02-25,2,5+1,Match 5 + 1 Euro number,5 + 1,1,1347295.3,1347295.3
828,2025-02-25,3,5+0,Match 5 + 0 Euro numbers,5 + 0,2,379905.9,759811.8
828,2025-02-25,4,4+2,Match 4 + 2 Euro numbers,4 + 2,14,8952.1,125329.4
828,2025-02-25,5,4+1,Match 4 + 1 Euro number,4 + 1,426,367.7,156640.2
828,2025-02-25,6,3+2,Match 3 + 2 Euro numbers,3 + 2,1068,161.3,172268.4
828,2025-02-25,7,4+0,Match 4 + 0 Euro numbers,4 + 0,940,133.3,125302.0
828,2025-02-25,8,2+2,Match 2 + 2 Euro numbers,2 + 2,15762,25.3,398778.6
828,2025-02-25,9,3+1,Match 3 + 1 Euro number,3 + 1,19658,22.7,446236.6
828,2025-02-25,10,3+0,Match 3 + 0 Euro numbers,3 + 0,43129,19.6,845328.4
828,2025-02-25,11,1+2,Match 1 + 2 Euro numbers,1 + 2,90213,11.7,1055492.1
828,2025-02-25,12,2+1,Match 2 + 1 Euro number,2 + 1,288586,11.0,3174446.0
829,2025-02-28,1,5+2,Match 5 + 2 Euro numbers,5 + 2,0,0.0,0.0
829,2025-02-28,2,5+1,Match 5 + 1 Euro number,5 + 1,4,504712.9,2018851.6
829,2025-02-28,3,5+0,Match 5 + 0 Euro numbers,5 + 0,8,142317.3,1138538.4
829,2025-02-28,4,4+2,Match 4 + 2 Euro numbers,4 + 2,25,7512.0,187800.0
829,2025-02-28,5,4+1,Match 4 + 1 Euro number,4 + 1,854,274.8,234679.2
829,2025-02-28,6,3+2,Match 3 + 2 Euro numbers,3 + 2,1263,204.4,258157.2
829,2025-02-28,7,4+0,Match 4 + 0 Euro numbers,4 + 0,2277,82.4,187624.8
829,2025-02-28,8,2+2,Match 2 + 2 Euro numbers,2 + 2,17473,34.2,597576.6
829,2025-02-28,9,3+1,Match 3 + 1 Euro number,3 + 1,35321,18.9,667566.9
829,2025-02-28,10,3+0,Match 3 + 0 Euro numbers,3 + 0,91325,15.6,1424670.0
829,2025-02-28,11,1+2,Match 1 + 2 Euro numbers,1 + 2,91117,15.6,1421425.2
829,2025-02-28,12,2+1,Match 2 + 1 Euro number,2 + 1,478514,9.9,4737288.6
830,2025-03-04,1,5+2,Match 5 + 2 Euro numbers,5 + 2,0,0.0,0.0
830,2025-03-04,2,5+1,Match 5 + 1 Euro number,5 + 1,2,754895.6,1509791.2
830,2025-03-04,3,5+0,Match 5 + 0 Euro numbers,5 + 0,9,94605.7,851451.3
830,2025-03-04,4,4+2,Match 4 + 2 Euro numbers,4 + 2,25,5617.8,140445.0
830,2025-03-04,5,4+1,Match 4 + 1 Euro number,4 + 1,566,310.1,175516.6
830,2025-03-04,6,3+2,Match 3 + 2 Euro numbers,3 + 2,1275,151.4,193035.0
830,2025-03-04,7,4+0,Match 4 + 0 Euro numbers,4 + 0,1282,109.5,140379.0
830,2025-03-04,8,2+2,Match 2 + 2 Euro numbers,2 + 2,18480,24.2,447216.0
830,2025-03-04,9,3+1,Match 3 + 1 Euro number,3 + 1,24653,20.2,497990.6
830,2025-03-04,10,3+0,Match 3 + 0 Euro numbers,3 + 0,54279,17.4,944454.6
830,2025-03-04,11,1+2,Match 1 + 2 Euro numbers,1 + 2,97399,12.1,1178527.9
830,2025-03-04,12,2+1,Match 2 + 1 Euro number,2 + 1,353333,10.0,3533330.0
831,2025-03-07,1,5+2,Match 5 + 2 Euro numbers,5 + 2,0,0.0,0.0
831,2025-03-07,2,5+1,Match 5 + 1 Euro number,5 + 1,3,724725.9,2174177.7
831,2025-03-07,3,5+0,Match 5 + 0 Euro numbers,5 + 0,7,175162.1,1226134.7
831,2025-03-07,4,4+2,Match 4 + 2 Euro numbers,4 + 2,34,5948.5,202249.0
831,2025-03-07,5,4+1,Match 4 + 1 Euro number,4 + 1,785,322.0,252770.0
831,2025-03-07,6,3+2,Match 3 + 2 Euro numbers,3 + 2,1776,156.5,277944.0
831,2025-03-07,7,4+0,Match 4 + 0 Euro numbers,4 + 0,1754,115.3,202236.2
831,2025-03-07,8,2+2,Match 2 + 2 Euro numbers,2 + 2,24467,26.3,643482.1
831,2025-03-07,9,3+1,Match 3 + 1 Euro number,3 + 1,37481,19.2,719635.2
831,2025-03-07,10,3+0,Match 3 + 0 Euro numbers,3 + 0,86453,15.7,1357312.1
831,2025-03-07,11,1+2,Match 1 + 2 Euro numbers,1 + 2,125316,13.6,1704297.6
831,2025-03-07,12,2+1,Match 2 + 1 Euro number,2 + 1,555773,9.2,5113111.6
832,2025-03-11,1,5+2,Match 5 + 2 Euro numbers,5 + 2,0,0.0,0.0
832,2025-03-11,2,5+1,Match 5 + 1 Euro number,5 + 1,2,867708.7,1735417.4
832,2025-03-11,3,5+0,Match 5 + 0 Euro numbers,5 + 0,8,122336.8,978694.4
832,2025-03-11,4,4+2,Match 4 + 2 Euro numbers,4 + 2,26,6209.0,161434.0
832,2025-03-11,5,4+1,Match 4 + 1 Euro number,4 + 1,585,344.9,201766.5
832,2025-03-11,6,3+2,Match 3 + 2 Euro numbers,3 + 2,1120,198.1,221872.0
832,2025-03-11,7,4+0,Match 4 + 0 Euro numbers,4 + 0,1537,105.0,161385.0
832,2025-03-11,8,2+2,Match 2 + 2 Euro numbers,2 + 2,16484,31.2,514300.8
832,2025-03-11,9,3+1,Match 3 + 1 Euro number,3 + 1,25965,22.1,573826.5
832,2025-03-11,10,3+0,Match 3 + 0 Euro numbers,3 + 0,72357,15.5,1121533.5
832,2025-03-11,11,1+2,Match 1 + 2 Euro numbers,1 + 2,85718,15.5,1328629.0
832,2025-03-11,12,2+1,Match 2 + 1 Euro number,2 + 1,374023,10.9,4076850.7
833,2025-03-14,1,5+2,Match 5 + 2 Euro numbers,5 + 2,0,0.0,0.0
833,2025-03-14,2,5+1,Match 5 + 1 Euro number,5 + 1,9,281376.7,2532390.3
833,2025-03-14,3,5+0,Match 5 + 0 Euro numbers,5 + 0,17,84008.8,1428149.6
833,2025-03-14,4,4+2,Match 4 + 2 Euro numbers,4 + 2,76,3099.6,235569.6
833,2025-03-14,5,4+1,Match 4 + 1 Euro number,4 + 1,1225,240.3,294367.5
833,2025-03-14,6,3+2,Match 3 + 2 Euro numbers,3 + 2,2459,131.7,323850.3
833,2025-03-14,7,4+0,Match 4 + 0 Euro numbers,4 + 0,2802,84.0,235368.0
833,2025-03-14,8,2+2,Match 2 + 2 Euro numbers,2 + 2,32734,22.9,749608.6
833,2025-03-14,9,3+1,Match 3 + 1 Euro number,3 + 1,45048,18.6,837892.8
833,2025-03-14,10,3+0,Match 3 + 0 Euro numbers,3 + 0,101402,15.6,1581871.2
833,2025-03-14,11,1+2,Match 1 + 2 Euro numbers,1 + 2,168190,11.8,1984642.0
833,2025-03-14,12,2+1,Match 2 + 1 Euro number,2 + 1,613119,9.7,5947254.3
834,2025-03-18,1,5+2,Match 5 + 2 Euro numbers,5 + 2,0,0.0,0.0
834,2025-03-18,2,5+1,Match 5 + 1 Euro number,5 + 1,2,1018444.2,2036888.4
834,2025-03-18,3,5+0,Match 5 + 0 Euro numbers,5 + 0,3,382903.4,1148710.2
834,2025-03-18,4,4+2,Match 4 + 2 Euro numbers,4 + 2,48,3947.4,189475.2
834,2025-03-18,5,4+1,Match 4 + 1 Euro number,4 + 1,792,299.0,236808.0
834,2025-03-18,6,3+2,Match 3 + 2 Euro numbers,3 + 2,2362,116.9,276117.8
834,2025-03-18,7,4+0,Match 4 + 0 Euro numbers,4 + 0,1486,116.9,173713.4
834,2025-03-18,8,2+2,Match 2 + 2 Euro numbers,2 + 2,36504,18.2,664372.8
834,2025-03-18,9,3+1,Match 3 + 1 Euro number,3 + 1,35600,18.2,647920.0
834,2025-03-18,10,3+0,Match 3 + 0 Euro numbers,3 + 0,67851,18.2,1234888.2
834,2025-03-18,11,1+2,Match 1 + 2 Euro numbers,1 + 2,188624,9.1,1716478.4
834,2025-03-18,12,2+1,Match 2 + 1 Euro number,2 + 1,511387,9.1,4653621.7
835,2025-03-21,1,5+2,Match 5 + 2 Euro numbers,5 + 2,0,0.0,0.0
835,2025-03-21,2,5+1,Match 5 + 1 Euro number,5 + 1,6,512436.0,3074616.0
835,2025-03-21,3,5+0,Match 5 + 0 Euro numbers,5 + 0,24,72247.5,1733940.0
835,2025-03-21,4,4+2,Match 4 + 2 Euro numbers,4 + 2,57,5017.7,286008.9
835,2025-03-21,5,4+1,Match 4 + 1 Euro number,4 + 1,1256,284.6,357457.6
835,2025-03-21,6,3+2,Match 3 + 2 Euro numbers,3 + 2,2283,172.2,393132.6
835,2025-03-21,7,4+0,Match 4 + 0 Euro numbers,4 + 0,3081,92.8,285916.8
835,2025-03-21,8,2+2,Match 2 + 2 Euro numbers,2 + 2,31670,28.7,908929.0
835,2025-03-21,9,3+1,Match 3 + 1 Euro number,3 + 1,50946,19.9,1013825.4
835,2025-03-21,10,3+0,Match 3 + 0 Euro numbers,3 + 0,130037,14.8,1924547.6
835,2025-03-21,11,1+2,Match 1 + 2 Euro numbers,1 + 2,161905,14.8,2396194.0
835,2025-03-21,12,2+1,Match 2 + 1 Euro number,2 + 1,726084,9.9,7188231.6
836,2025-03-25,1,5+2,Match 5 + 2 Euro numbers,5 + 2,1,115874580.6,115874580.6
836,2025-03-25,2,5+1,Match 5 + 1 Euro number,5 + 1,6,461160.3,2766961.8
836,2025-03-25,3,5+0,Match 5 + 0 Euro numbers,5 + 0,7,222919.7,1560437.9
836,2025-03-25,4,4+2,Match 4 + 2 Euro numbers,4 + 2,46,5595.4,257388.4
836,2025-03-25,5,4+1,Match 4 + 1 Euro number,4 + 1,1037,310.2,321677.4
836,2025-03-25,6,3+2,Match 3 + 2 Euro numbers,3 + 2,2043,173.2,353847.6
836,2025-03-25,7,4+0,Match 4 + 0 Euro numbers,4 + 0,2103,122.3,257196.9
836,2025-03-25,8,2+2,Match 2 + 2 Euro numbers,2 + 2,30447,26.9,819024.3
836,2025-03-25,9,3+1,Match 3 + 1 Euro number,3 + 1,44234,20.7,915643.8
836,2025-03-25,10,3+0,Match 3 + 0 Euro numbers,3 + 0,94103,18.4,1731495.2
836,2025-03-25,11,1+2,Match 1 + 2 Euro numbers,1 + 2,165772,13.1,2171613.2
836,2025-03-25,12,2+1,Match 2 + 1 Euro number,2 + 1,664892,9.8,6515941.6
837,2025-03-28,1,5+2,Match 5 + 2 Euro numbers,5 + 2,0,0.0,0.0
837,2025-03-28,2,5+1,Match 5 + 1 Euro number,5 + 1,4,460148.2,1840592.8
837,2025-03-28,3,5+0,Match 5 + 0 Euro numbers,5 + 0,9,115334.3,1038008.7
837,2025-03-28,4,4+2,Match 4 + 2 Euro numbers,4 + 2,45,3804.8,171216.0
837,2025-03-28,5,4+1,Match 4 + 1 Euro number,4 + 1,822,260.3,213966.6
837,2025-03-28,6,3+2,Match 3 + 2 Euro numbers,3 + 2,1777,132.4,235274.8
837,2025-03-28,7,4+0,Match 4 + 0 Euro numbers,4 + 0,1758,97.3,171053.4
837,2025-03-28,8,2+2,Match 2 + 2 Euro numbers,2 + 2,25199,21.6,544298.4
837,2025-03-28,9,3+1,Match 3 + 1 Euro number,3 + 1,32433,18.8,609740.4
837,2025-03-28,10,3+0,Match 3 + 0 Euro numbers,3 + 0,69429,16.6,1152521.4
837,2025-03-28,11,1+2,Match 1 + 2 Euro numbers,1 + 2,127787,11.3,1443993.1
837,2025-03-28,12,2+1,Match 2 + 1 Euro number,2 + 1,457965,9.4,4304871.0
838,2025-04-01,1,5+2,Match 5 + 2 Euro numbers,5 + 2,0,0.0,0.0
838,2025-04-01,2,5+1,Match 5 + 1 Euro number,5 + 1,1,1314585.1,1314585.1
838,2025-04-01,3,5+0,Match 5 + 0 Euro numbers,5 + 0,6,123560.8,741364.8
838,2025-04-01,4,4+2,Match 4 + 2 Euro numbers,4 + 2,12,10190.5,122286.0
838,2025-04-01,5,4+1,Match 4 + 1 Euro number,4 + 1,368,415.3,152830.4
838,2025-04-01,6,3+2,Match 3 + 2 Euro numbers,3 + 2,846,198.7,168100.2
838,2025-04-01,7,4+0,Match 4 + 0 Euro numbers,4 + 0,898,136.1,122217.8
838,2025-04-01,8,2+2,Match 2 + 2 Euro numbers,2 + 2,11830,32.9,389207.0
838,2025-04-01,9,3+1,Match 3 + 1 Euro number,3 + 1,18813,23.1,434580.3
838,2025-04-01,10,3+0,Match 3 + 0 Euro numbers,3 + 0,43146,19.1,824088.6
838,2025-04-01,11,1+2,Match 1 + 2 Euro numbers,1 + 2,63317,16.2,1025735.4
838,2025-04-01,12,2+1,Match 2 + 1 Euro number,2 + 1,283120,10.9,3086008.0
839,2025-04-04,1,5+2,Match 5 + 2 Euro numbers,5 + 2,0,0.0,0.0
839,2025-04-04,2,5+1,Match 5 + 1 Euro number,5 + 1,4,476236.6,1904946.4
839,2025-04-04,3,5+0,Match 5 + 0 Euro numbers,5 + 0,5,214860.2,1074301.0
839,2025-04-04,4,4+2,Match 4 + 2 Euro numbers,4 + 2,39,4543.7,177204.3
839,2025-04-04,5,4+1,Match 4 + 1 Euro number,4 + 1,697,317.7,221436.9
839,2025-04-04,6,3+2,Match 3 + 2 Euro numbers,3 + 2,1959,126.4,247617.6
839,2025-04-04,7,4+0,Match 4 + 0 Euro numbers,4 + 0,1368,126.4,172915.2
839,2025-04-04,8,2+2,Match 2 + 2 Euro numbers,2 + 2,29263,19.3,564775.9
839,2025-04-04,9,3+1,Match 3 + 1 Euro number,3 + 1,34160,18.4,628544.0
839,2025-04-04,10,3+0,Match 3 + 0 Euro numbers,3 + 0,72345,16.5,1193692.5
839,2025-04-04,11,1+2,Match 1 + 2 Euro numbers,1 + 2,150317,9.9,1488138.3
839,2025-04-04,12,2+1,Match 2 + 1 Euro number,2 + 1,487714,9.2,4486968.8
840,2025-04-08,1,5+2,Match 5 + 2 Euro numbers,5 + 2,0,0.0,0.0
840,2025-04-08,2,5+1,Match 5 + 1 Euro number,5 + 1,2,723812.1,1447624.2
840,2025-04-08,3,5+0,Match 5 + 0 Euro numbers,5 + 0,4,204098.1,816392.4
840,2025-04-08,4,4+2,Match 4 + 2 Euro numbers,4 + 2,27,4987.5,134662.5
840,2025-04-08,5,4+1,Match 4 + 1 Euro number,4 + 1,496,339.3,168292.8
840,2025-04-08,6,3+2,Match 3 + 2 Euro numbers,3 + 2,1186,156.1,185134.6
840,2025-04-08,7,4+0,Match 4 + 0 Euro numbers,4 + 0,934,144.1,134589.4
840,2025-04-08,8,2+2,Match 2 + 2 Euro numbers,2 + 2,19301,22.7,438132.7
840,2025-04-08,9,3+1,Match 3 + 1 Euro number,3 + 1,20681,22.7,469458.7
840,2025-04-08,10,3+0,Match 3 + 0 Euro numbers,3 + 0,45754,19.8,905929.2
840,2025-04-08,11,1+2,Match 1 + 2 Euro numbers,1 + 2,113014,10.7,1209249.8
840,2025-04-08,12,2+1,Match 2 + 1 Euro number,2 + 1,308588,10.7,3301891.6
841,2025-04-11,1,5+2,Match 5 + 2 Euro numbers,5 + 2,0,0.0,0.0
841,2025-04-11,2,5+1,Match 5 + 1 Euro number,5 + 1,5,418572.9,2092864.5
841,2025-04-11,3,5+0,Match 5 + 0 Euro numbers,5 + 0,5,236055.6,1180278.0
841,2025-04-11,4,4+2,Match 4 + 2 Euro numbers,4 + 2,24,8111.8,194683.2
841,2025-04-11,5,4+1,Match 4 + 1 Euro number,4 + 1,657,370.4,243352.8
841,2025-04-11,6,3+2,Match 3 + 2 Euro numbers,3 + 2,1484,180.3,267565.2
841,2025-04-11,7,4+0,Match 4 + 0 Euro numbers,4 + 0,1452,134.0,194568.0
841,2025-04-11,8,2+2,Match 2 + 2 Euro numbers,2 + 2,23108,26.8,619294.4
841,2025-04-11,9,3+1,Match 3 + 1 Euro number,3 + 1,29896,23.1,690597.6
841,2025-04-11,10,3+0,Match 3 + 0 Euro numbers,3 + 0,72777,18.0,1309986.0
841,2025-04-11,11,1+2,Match 1 + 2 Euro numbers,1 + 2,123217,13.3,1638786.1
841,2025-04-11,12,2+1,Match 2 + 1 Euro number,2 + 1,455092,10.8,4914993.6
842,2025-04-15,1,5+2,Match 5 + 2 Euro numbers,5 + 2,0,0.0,0.0
842,2025-04-15,2,5+1,Match 5 + 1 Euro number,5 + 1,3,545855.1,1637565.3
842,2025-04-15,3,5+0,Match 5 + 0 Euro numbers,5 + 0,7,131930.0,923510.0
842,2025-04-15,4,4+2,Match 4 + 2 Euro numbers,4 + 2,32,4760.3,152329.6
842,2025-04-15,5,4+1,Match 4 + 1 Euro number,4 + 1,627,303.6,190357.2
842,2025-04-15,6,3+2,Match 3 + 2 Euro numbers,3 + 2,1291,162.2,209400.2
842,2025-04-15,7,4+0,Match 4 + 0 Euro numbers,4 + 0,1636,93.1,152311.6
842,2025-04-15,8,2+2,Match 2 + 2 Euro numbers,2 + 2,18132,26.7,484124.4
842,2025-04-15,9,3+1,Match 3 + 1 Euro number,3 + 1,27381,19.8,542143.8
842,2025-04-15,10,3+0,Match 3 + 0 Euro numbers,3 + 0,73171,14.0,1024394.0
842,2025-04-15,11,1+2,Match 1 + 2 Euro numbers,1 + 2,94498,13.6,1285172.8
842,2025-04-15,12,2+1,Match 2 + 1 Euro number,2 + 1,384800,10.0,3848000.0
843,2025-04-18,1,5+2,Match 5 + 2 Euro numbers,5 + 2,0,0.0,0.0
843,2025-04-18,2,5+1,Match 5 + 1 Euro number,5 + 1,5,444289.8,2221449.0
843,2025-04-18,3,5+0,Match 5 + 0 Euro numbers,5 + 0,11,113890.3,1252793.3
843,2025-04-18,4,4+2,Match 4 + 2 Euro numbers,4 + 2,34,6077.8,206645.2
843,2025-04-18,5,4+1,Match 4 + 1 Euro number,4 + 1,1012,255.2,258262.4
843,2025-04-18,6,3+2,Match 3 + 2 Euro numbers,3 + 2,1651,172.1,284137.1
843,2025-04-18,7,4+0,Match 4 + 0 Euro numbers,4 + 0,2259,91.4,206472.6
843,2025-04-18,8,2+2,Match 2 + 2 Euro numbers,2 + 2,22527,29.2,657788.4
843,2025-04-18,9,3+1,Match 3 + 1 Euro number,3 + 1,42057,17.5,735997.5
843,2025-04-18,10,3+0,Match 3 + 0 Euro numbers,3 + 0,97681,14.9,1455446.9
843,2025-04-18,11,1+2,Match 1 + 2 Euro numbers,1 + 2,112882,14.9,1681941.8
843,2025-04-18,12,2+1,Match 2 + 1 Euro number,2 + 1,566546,9.2,5212223.2
844,2025-04-22,1,5+2,Match 5 + 2 Euro numbers,5 + 2,0,0.0,0.0
844,2025-04-22,2,5+1,Match 5 + 1 Euro number,5 + 1,3,566638.0,1699914.0
844,2025-04-22,3,5+0,Match 5 + 0 Euro numbers,5 + 0,7,136953.2,958672.4
844,2025-04-22,4,4+2,Match 4 + 2 Euro numbers,4 + 2,39,4054.6,158129.4
844,2025-04-22,5,4+1,Match 4 + 1 Euro number,4 + 1,810,244.0,197640.0
844,2025-04-22,6,3+2,Match 3 + 2 Euro numbers,3 + 2,1728,125.8,217382.4
844,2025-04-22,7,4+0,Match 4 + 0 Euro numbers,4 + 0,1494,105.8,158065.2
844,2025-04-22,8,2+2,Match 2 + 2 Euro numbers,2 + 2,24841,20.2,501788.2
844,2025-04-22,9,3+1,Match 3 + 1 Euro number,3 + 1,32753,17.1,560076.3
844,2025-04-22,10,3+0,Match 3 + 0 Euro numbers,3 + 0,64551,16.5,1065091.5
844,2025-04-22,11,1+2,Match 1 + 2 Euro numbers,1 + 2,128806,10.3,1326701.8
844,2025-04-22,12,2+1,Match 2 + 1 Euro number,2 + 1,446102,8.9,3970307.8
845,2025-04-25,1,5+2,Match 5 + 2 Euro numbers,5 + 2,0,0.0,0.0
845,2025-04-25,2,5+1,Match 5 + 1 Euro number,5 + 1,5,528838.3,2644191.5
845,2025-04-25,3,5+0,Match 5 + 0 Euro numbers,5 + 0,11,135563.7,1491200.7
845,2025-04-25,4,4+2,Match 4 + 2 Euro numbers,4 + 2,40,6149.2,245968.0
845,2025-04-25,5,4+1,Match 4 + 1 Euro number,4 + 1,720,427.0,307440.0
845,2025-04-25,6,3+2,Match 3 + 2 Euro numbers,3 + 2,2172,155.7,338180.4
845,2025-04-25,7,4+0,Match 4 + 0 Euro numbers,4 + 0,1588,154.8,245822.4
845,2025-04-25,8,2+2,Match 2 + 2 Euro numbers,2 + 2,37827,22.4,847324.8
845,2025-04-25,9,3+1,Match 3 + 1 Euro number,3 + 1,36234,22.4,811641.6
845,2025-04-25,10,3+0,Match 3 + 0 Euro numbers,3 + 0,78627,21.1,1659029.7
845,2025-04-25,11,1+2,Match 1 + 2 Euro numbers,1 + 2,222038,10.2,2264787.6
845,2025-04-25,12,2+1,Match 2 + 1 Euro number,2 + 1,591265,10.2,6030903.0
846,2025-04-29,1,5+2,Match 5 + 2 Euro numbers,5 + 2,0,0.0,0.0
846,2025-04-29,2,5+1,Match 5 + 1 Euro number,5 + 1,6,394405.0,2366430.0
846,2025-04-29,3,5+0,Match 5 + 0 Euro numbers,5 + 0,5,266911.3,1334556.5
846,2025-04-29,4,4+2,Match 4 + 2 Euro numbers,4 + 2,41,5369.0,220129.0
846,2025-04-29,5,4+1,Match 4 + 1 Euro number,4 + 1,870,316.2,275094.0
846,2025-04-29,6,3+2,Match 3 + 2 Euro numbers,3 + 2,1838,164.6,302534.8
846,2025-04-29,7,4+0,Match 4 + 0 Euro numbers,4 + 0,2114,104.1,220067.4
846,2025-04-29,8,2+2,Match 2 + 2 Euro numbers,2 + 2,25246,27.7,699314.2
846,2025-04-29,9,3+1,Match 3 + 1 Euro number,3 + 1,39713,19.7,782346.1
846,2025-04-29,10,3+0,Match 3 + 0 Euro numbers,3 + 0,95129,15.6,1484012.4
846,2025-04-29,11,1+2,Match 1 + 2 Euro numbers,1 + 2,126398,14.6,1845410.8
846,2025-04-29,12,2+1,Match 2 + 1 Euro number,2 + 1,567738,9.8,5563832.4
847,2025-05-02,1,5+2,Match 5 + 2 Euro numbers,5 + 2,0,0.0,0.0
847,2025-05-02,2,5+1,Match 5 + 1 Euro number,5 + 1,9,377031.6,3393284.4
847,2025-05-02,3,5+0,Match 5 + 0 Euro numbers,5 + 0,11,173968.6,1913654.6
847,2025-05-02,4,4+2,Match 4 + 2 Euro numbers,4 + 2,59,5350.0,315650.0
847,2025-05-02,5,4+1,Match 4 + 1 Euro number,4 + 1,1564,252.2,394440.8
847,2025-05-02,6,3+2,Match 3 + 2 Euro numbers,3 + 2,3140,138.2,433948.0
847,2025-05-02,7,4+0,Match 4 + 0 Euro numbers,4 + 0,3522,89.6,315571.2
847,2025-05-02,8,2+2,Match 2 + 2 Euro numbers,2 + 2,42628,23.6,1006020.8
847,2025-05-02,9,3+1,Match 3 + 1 Euro number,3 + 1,62984,17.8,1121115.2
847,2025-05-02,10,3+0,Match 3 + 0 Euro numbers,3 + 0,142536,14.9,2123786.4
847,2025-05-02,11,1+2,Match 1 + 2 Euro numbers,1 + 2,213941,12.4,2652868.4
847,2025-05-02,12,2+1,Match 2 + 1 Euro number,2 + 1,845039,9.4,7943366.6
848,2025-05-06,1,5+2,Match 5 + 2 Euro numbers,5 + 2,0,0.0,0.0
848,2025-05-06,2,5+1,Match 5 + 1 Euro number,5 + 1,3,6061762.9,18185288.7
848,2025-05-06,3,5+0,Match 5 + 0 Euro numbers,5 + 0,9,202446.3,1822016.7
848,2025-05-06,4,4+2,Match 4 + 2 Euro numbers,4 + 2,43,6989.2,300535.6
848,2025-05-06,5,4+1,Match 4 + 1 Euro number,4 + 1,901,416.9,375626.9
848,2025-05-06,6,3+2,Match 3 + 2 Euro numbers,3 + 2,1967,210.0,413070.0
848,2025-05-06,7,4+0,Match 4 + 0 Euro numbers,4 + 0,2013,149.2,300339.6
848,2025-05-06,8,2+2,Match 2 + 2 Euro numbers,2 + 2,31693,30.2,957128.6
848,2025-05-06,9,3+1,Match 3 + 1 Euro number,3 + 1,43581,24.5,1067734.5
848,2025-05-06,10,3+0,Match 3 + 0 Euro numbers,3 + 0,97368,20.8,2025254.4
848,2025-05-06,11,1+2,Match 1 + 2 Euro numbers,1 + 2,172997,14.6,2525756.2
848,2025-05-06,12,2+1,Match 2 + 1 Euro number,2 + 1,696835,10.9,7595501.5
849,2025-05-09,1,5+2,Match 5 + 2 Euro numbers,5 + 2,1,120000000.0,120000000.0
849,2025-05-09,2,5+1,Match 5 + 1 Euro number,5 + 1,5,4846236.8,24231184.0
849,2025-05-09,3,5+0,Match 5 + 0 Euro numbers,5 + 0,12,188506.8,2262081.6
849,2025-05-09,4,4+2,Match 4 + 2 Euro numbers,4 + 2,75,4975.0,373125.0
849,2025-05-09,5,4+1,Match 4 + 1 Euro number,4 + 1,1428,326.6,466384.8
849,2025-05-09,6,3+2,Match 3 + 2 Euro numbers,3 + 2,3701,138.6,512958.6
849,2025-05-09,7,4+0,Match 4 + 0 Euro numbers,4 + 0,2751,135.6,373035.6
849,2025-05-09,8,2+2,Match 2 + 2 Euro numbers,2 + 2,56812,20.9,1187370.8
849,2025-05-09,9,3+1,Match 3 + 1 Euro number,3 + 1,64347,20.6,1325548.2
849,2025-05-09,10,3+0,Match 3 + 0 Euro numbers,3 + 0,135675,18.5,2509987.5
849,2025-05-09,11,1+2,Match 1 + 2 Euro numbers,1 + 2,304516,10.3,3136514.8
849,2025-05-09,12,2+1,Match 2 + 1 Euro number,2 + 1,970308,9.7,9411987.6
850,2025-05-13,1,5+2,Match 5 + 2 Euro numbers,5 + 2,0,0.0,0.0
850,2025-05-13,2,5+1,Match 5 + 1 Euro number,5 + 1,0,0.0,0.0
850,2025-05-13,3,5+0,Match 5 + 0 Euro numbers,5 + 0,5,156606.6,783033.0
850,2025-05-13,4,4+2,Match 4 + 2 Euro numbers,4 + 2,32,4036.2,129158.4
850,2025-05-13,5,4+1,Match 4 + 1 Euro number,4 + 1,528,305.7,161409.6
850,2025-05-13,6,3+2,Match 3 + 2 Euro numbers,3 + 2,907,195.8,177590.6
850,2025-05-13,7,4+0,Match 4 + 0 Euro numbers,4 + 0,1093,118.1,129083.3
850,2025-05-13,8,2+2,Match 2 + 2 Euro numbers,2 + 2,13520,30.4,411008.0
850,2025-05-13,9,3+1,Match 3 + 1 Euro number,3 + 1,22134,20.7,458173.8
850,2025-05-13,10,3+0,Match 3 + 0 Euro numbers,3 + 0,53081,16.4,870528.4
850,2025-05-13,11,1+2,Match 1 + 2 Euro numbers,1 + 2,70009,15.5,1085139.5
850,2025-05-13,12,2+1,Match 2 + 1 Euro number,2 + 1,327976,9.9,3246962.4
851,2025-05-16,1,5+2,Match 5 + 2 Euro numbers,5 + 2,0,0.0,0.0
851,2025-05-16,2,5+1,Match 5 + 1 Euro number,5 + 1,1,3260788.4,3260788.4
851,2025-05-16,3,5+0,Match 5 + 0 Euro numbers,5 + 0,14,75421.4,1055899.6
851,2025-05-16,4,4+2,Match 4 + 2 Euro numbers,4 + 2,25,6966.7,174167.5
851,2025-05-16,5,4+1,Match 4 + 1 Euro number,4 + 1,762,285.7,217703.4
851,2025-05-16,6,3+2,Match 3 + 2 Euro numbers,3 + 2,1332,179.7,239360.4
851,2025-05-16,7,4+0,Match 4 + 0 Euro numbers,4 + 0,2033,85.6,174024.8
851,2025-05-16,8,2+2,Match 2 + 2 Euro numbers,2 + 2,18201,30.5,555130.5
851,2025-05-16,9,3+1,Match 3 + 1 Euro number,3 + 1,31409,19.7,618757.3
851,2025-05-16,10,3+0,Match 3 + 0 Euro numbers,3 + 0,81461,15.2,1238207.2
851,2025-05-16,11,1+2,Match 1 + 2 Euro numbers,1 + 2,91860,15.2,1396272.0
851,2025-05-16,12,2+1,Match 2 + 1 Euro number,2 + 1,424020,10.4,4409808.0
852,2025-05-20,1,5+2,Match 5 + 2 Euro numbers,5 + 2,0,0.0,0.0
852,2025-05-20,2,5+1,Match 5 + 1 Euro number,5 + 1,2,714381.1,1428762.2
852,2025-05-20,3,5+0,Match 5 + 0 Euro numbers,5 + 0,7,115107.9,805755.3
852,2025-05-20,4,4+2,Match 4 + 2 Euro numbers,4 + 2,26,5111.8,132906.8
852,2025-05-20,5,4+1,Match 4 + 1 Euro number,4 + 1,568,292.4,166083.2
852,2025-05-20,6,3+2,Match 3 + 2 Euro numbers,3 + 2,1179,155.0,182745.0
852,2025-05-20,7,4+0,Match 4 + 0 Euro numbers,4 + 0,1315,101.0,132815.0
852,2025-05-20,8,2+2,Match 2 + 2 Euro numbers,2 + 2,16973,24.9,422627.7
852,2025-05-20,9,3+1,Match 3 + 1 Euro number,3 + 1,27043,17.5,473252.5
852,2025-05-20,10,3+0,Match 3 + 0 Euro numbers,3 + 0,59637,15.0,894555.0
852,2025-05-20,11,1+2,Match 1 + 2 Euro numbers,1 + 2,86828,12.9,1120081.2
852,2025-05-20,12,2+1,Match 2 + 1 Euro number,2 + 1,374286,9.0,3368574.0
853,2025-05-23,1,5+2,Match 5 + 2 Euro numbers,5 + 2,1,37344472.1,37344472.1
853,2025-05-23,2,5+1,Match 5 + 1 Euro number,5 + 1,1,2019834.5,2019834.5
853,2025-05-23,3,5+0,Match 5 + 0 Euro numbers,5 + 0,7,162727.5,1139092.5
853,2025-05-23,4,4+2,Match 4 + 2 Euro numbers,4 + 2,23,8169.1,187889.3
853,2025-05-23,5,4+1,Match 4 + 1 Euro number,4 + 1,938,250.3,234781.4
853,2025-05-23,6,3+2,Match 3 + 2 Euro numbers,3 + 2,1315,196.4,258266.0
853,2025-05-23,7,4+0,Match 4 + 0 Euro numbers,4 + 0,1922,97.7,187779.4
853,2025-05-23,8,2+2,Match 2 + 2 Euro numbers,2 + 2,18535,32.3,598680.5
853,2025-05-23,9,3+1,Match 3 + 1 Euro number,3 + 1,35088,19.0,666672.0
853,2025-05-23,10,3+0,Match 3 + 0 Euro numbers,3 + 0,86444,15.6,1348526.4
853,2025-05-23,11,1+2,Match 1 + 2 Euro numbers,1 + 2,95702,15.6,1492951.2
853,2025-05-23,12,2+1,Match 2 + 1 Euro number,2 + 1,482757,9.8,4731018.6
854,2025-05-27,1,5+2,Match 5 + 2 Euro numbers,5 + 2,0,0.0,0.0
854,2025-05-27,2,5+1,Match 5 + 1 Euro number,5 + 1,2,629821.0,1259642.0
854,2025-05-27,3,5+0,Match 5 + 0 Euro numbers,5 + 0,7,101482.7,710378.9
854,2025-05-27,4,4+2,Match 4 + 2 Euro numbers,4 + 2,38,3083.5,117173.0
854,2025-05-27,5,4+1,Match 4 + 1 Euro number,4 + 1,618,237.0,146466.0
854,2025-05-27,6,3+2,Match 3 + 2 Euro numbers,3 + 2,1093,147.4,161108.2
854,2025-05-27,7,4+0,Match 4 + 0 Euro numbers,4 + 0,1438,81.4,117053.2
854,2025-05-27,8,2+2,Match 2 + 2 Euro numbers,2 + 2,15433,24.2,373478.6
854,2025-05-27,9,3+1,Match 3 + 1 Euro number,3 + 1,22456,18.5,415436.0
854,2025-05-27,10,3+0,Match 3 + 0 Euro numbers,3 + 0,52549,15.0,788235.0
854,2025-05-27,11,1+2,Match 1 + 2 Euro numbers,1 + 2,79495,12.4,985738.0
854,2025-05-27,12,2+1,Match 2 + 1 Euro number,2 + 1,310065,9.5,2945617.5
855,2025-05-30,1,5+2,Match 5 + 2 Euro numbers,5 + 2,1,17600457.5,17600457.5
855,2025-05-30,2,5+1,Match 5 + 1 Euro number,5 + 1,5,473269.2,2366346.0
855,2025-05-30,3,5+0,Match 5 + 0 Euro numbers,5 + 0,1,473269.2,473269.2
855,2025-05-30,4,4+2,Match 4 + 2 Euro numbers,4 + 2,45,3753.3,168898.5
855,2025-05-30,5,4+1,Match 4 + 1 Euro number,4 + 1,697,302.9,211121.3
855,2025-05-30,6,3+2,Match 3 + 2 Euro numbers,3 + 2,1899,123.8,235096.2
855,2025-05-30,7,4+0,Match 4 + 0 Euro numbers,4 + 0,1339,123.8,165768.2
855,2025-05-30,8,2+2,Match 2 + 2 Euro numbers,2 + 2,28588,18.9,540313.2
855,2025-05-30,9,3+1,Match 3 + 1 Euro number,3 + 1,31652,18.9,598222.8
855,2025-05-30,10,3+0,Match 3 + 0 Euro numbers,3 + 0,63859,17.8,1136690.2
855,2025-05-30,11,1+2,Match 1 + 2 Euro numbers,1 + 2,144552,9.8,1416609.6
855,2025-05-30,12,2+1,Match 2 + 1 Euro number,2 + 1,459977,9.3,4277786.1
856,2025-06-03,1,5+2,Match 5 + 2 Euro numbers,5 + 2,0,0.0,0.0
856,2025-06-03,2,5+1,Match 5 + 1 Euro number,5 + 1,6,205368.9,1232213.4
856,2025-06-03,3,5+0,Match 5 + 0 Euro numbers,5 + 0,6,115818.5,694911.0
856,2025-06-03,4,4+2,Match 4 + 2 Euro numbers,4 + 2,22,5210.2,114624.4
856,2025-06-03,5,4+1,Match 4 + 1 Euro number,4 + 1,544,263.3,143235.2
856,2025-06-03,6,3+2,Match 3 + 2 Euro numbers,3 + 2,919,171.5,157608.5
856,2025-06-03,7,4+0,Match 4 + 0 Euro numbers,4 + 0,1634,70.1,114543.4
856,2025-06-03,8,2+2,Match 2 + 2 Euro numbers,2 + 2,12616,28.9,364602.4
856,2025-06-03,9,3+1,Match 3 + 1 Euro number,3 + 1,20662,19.7,407041.4
856,2025-06-03,10,3+0,Match 3 + 0 Euro numbers,3 + 0,60563,14.1,853938.3
856,2025-06-03,11,1+2,Match 1 + 2 Euro numbers,1 + 2,62635,14.1,883153.5
856,2025-06-03,12,2+1,Match 2 + 1 Euro number,2 + 1,270381,10.7,2893076.7
857,2025-06-06,1,5+2,Match 5 + 2 Euro numbers,5 + 2,0,0.0,0.0
857,2025-06-06,2,5+1,Match 5 + 1 Euro number,5 + 1,1,1823166.6,1823166.6
857,2025-06-06,3,5+0,Match 5 + 0 Euro numbers,5 + 0,9,114242.3,1028180.7
857,2025-06-06,4,4+2,Match 4 + 2 Euro numbers,4 + 2,32,5299.9,169596.8
857,2025-06-06,5,4+1,Match 4 + 1 Euro number,4 + 1,886,239.2,211931.2
857,2025-06-06,6,3+2,Match 3 + 2 Euro numbers,3 + 2,1497,155.7,233082.9
857,2025-06-06,7,4+0,Match 4 + 0 Euro numbers,4 + 0,2122,79.9,169547.8
857,2025-06-06,8,2+2,Match 2 + 2 Euro numbers,2 + 2,19475,27.7,539457.5
857,2025-06-06,9,3+1,Match 3 + 1 Euro number,3 + 1,37003,16.3,603148.9
857,2025-06-06,10,3+0,Match 3 + 0 Euro numbers,3 + 0,90058,13.9,1251806.2
857,2025-06-06,11,1+2,Match 1 + 2 Euro numbers,1 + 2,94898,13.9,1319082.2
857,2025-06-06,12,2+1,Match 2 + 1 Euro number,2 + 1,476179,9.0,4285611.0
858,2025-06-10,1,5+2,Match 5 + 2 Euro numbers,5 + 2,0,0.0,0.0
858,2025-06-10,2,5+1,Match 5 + 1 Euro number,5 + 1,5,258963.4,1294817.0
858,2025-06-10,3,5+0,Match 5 + 0 Euro numbers,5 + 0,9,81135.2,730216.8
858,2025-06-10,4,4+2,Match 4 + 2 Euro numbers,4 + 2,21,5735.6,120447.6
858,2025-06-10,5,4+1,Match 4 + 1 Euro number,4 + 1,482,312.3,150528.6
858,2025-06-10,6,3+2,Match 3 + 2 Euro numbers,3 + 2,850,194.8,165580.0
858,2025-06-10,7,4+0,Match 4 + 0 Euro numbers,4 + 0,1189,101.3,120445.7
858,2025-06-10,8,2+2,Match 2 + 2 Euro numbers,2 + 2,12289,31.2,383416.8
858,2025-06-10,9,3+1,Match 3 + 1 Euro number,3 + 1,19605,21.8,427389.0
858,2025-06-10,10,3+0,Match 3 + 0 Euro numbers,3 + 0,48438,16.7,808914.6
858,2025-06-10,11,1+2,Match 1 + 2 Euro numbers,1 + 2,65126,15.6,1015965.6
858,2025-06-10,12,2+1,Match 2 + 1 Euro number,2 + 1,281848,10.8,3043958.4
859,2025-06-13,1,5+2,Match 5 + 2 Euro numbers,5 + 2,0,0.0,0.0
859,2025-06-13,2,5+1,Match 5 + 1 Euro number,5 + 1,6,346820.9,2080925.4
859,2025-06-13,3,5+0,Match 5 + 0 Euro numbers,5 + 0,4,293386.2,1173544.8
859,2025-06-13,4,4+2,Match 4 + 2 Euro numbers,4 + 2,44,4399.4,193573.6
859,2025-06-13,5,4+1,Match 4 + 1 Euro number,4 + 1,763,317.1,241947.3
859,2025-06-13,6,3+2,Match 3 + 2 Euro numbers,3 + 2,2017,131.9,266042.3
859,2025-06-13,7,4+0,Match 4 + 0 Euro numbers,4 + 0,1517,127.6,193569.2
859,2025-06-13,8,2+2,Match 2 + 2 Euro numbers,2 + 2,31168,19.9,620243.2
859,2025-06-13,9,3+1,Match 3 + 1 Euro number,3 + 1,34206,19.9,680699.4
859,2025-06-13,10,3+0,Match 3 + 0 Euro numbers,3 + 0,72386,18.0,1302948.0
859,2025-06-13,11,1+2,Match 1 + 2 Euro numbers,1 + 2,159819,10.2,1630153.8
859,2025-06-13,12,2+1,Match 2 + 1 Euro number,2 + 1,502288,9.7,4872193.6
860,2025-06-17,1,5+2,Match 5 + 2 Euro numbers,5 + 2,1,40657587.8,40657587.8
860,2025-06-17,2,5+1,Match 5 + 1 Euro number,5 + 1,6,245810.9,1474865.4
860,2025-06-17,3,5+0,Match 5 + 0 Euro numbers,5 + 0,14,59411.1,831755.4
860,2025-06-17,4,4+2,Match 4 + 2 Euro numbers,4 + 2,20,6859.8,137196.0
860,2025-06-17,5,4+1,Match 4 + 1 Euro number,4 + 1,574,298.7,171453.8
860,2025-06-17,6,3+2,Match 3 + 2 Euro numbers,3 + 2,1037,181.9,188630.3
860,2025-06-17,7,4+0,Match 4 + 0 Euro numbers,4 + 0,1323,103.7,137195.1
860,2025-06-17,8,2+2,Match 2 + 2 Euro numbers,2 + 2,14787,29.5,436216.5
860,2025-06-17,9,3+1,Match 3 + 1 Euro number,3 + 1,25016,19.5,487812.0
860,2025-06-17,10,3+0,Match 3 + 0 Euro numbers,3 + 0,58702,15.7,921621.4
860,2025-06-17,11,1+2,Match 1 + 2 Euro numbers,1 + 2,76468,15.1,1154666.8
860,2025-06-17,12,2+1,Match 2 + 1 Euro number,2 + 1,354801,9.8,3477049.8
861,2025-06-20,1,5+2,Match 5 + 2 Euro numbers,5 + 2,0,0.0,0.0
861,2025-06-20,2,5+1,Match 5 + 1 Euro number,5 + 1,3,555189.0,1665567.0
861,2025-06-20,3,5+0,Match 5 + 0 Euro numbers,5 + 0,8,117412.8,939302.4
861,2025-06-20,4,4+2,Match 4 + 2 Euro numbers,4 + 2,34,4556.9,154934.6
861,2025-06-20,5,4+1,Match 4 + 1 Euro number,4 + 1,753,257.1,193596.3
861,2025-06-20,6,3+2,Match 3 + 2 Euro numbers,3 + 2,1476,144.3,212986.8
861,2025-06-20,7,4+0,Match 4 + 0 Euro numbers,4 + 0,1460,106.1,154906.0
861,2025-06-20,8,2+2,Match 2 + 2 Euro numbers,2 + 2,20655,23.9,493654.5
861,2025-06-20,9,3+1,Match 3 + 1 Euro number,3 + 1,30916,17.8,550304.8
861,2025-06-20,10,3+0,Match 3 + 0 Euro numbers,3 + 0,62733,16.6,1041367.8
861,2025-06-20,11,1+2,Match 1 + 2 Euro numbers,1 + 2,110662,11.8,1305811.6
861,2025-06-20,12,2+1,Match 2 + 1 Euro number,2 + 1,431603,9.1,3927587.3
862,2025-06-24,1,5+2,Match 5 + 2 Euro numbers,5 + 2,0,0.0,0.0
862,2025-06-24,2,5+1,Match 5 + 1 Euro number,5 + 1,2,652630.8,1305261.6
862,2025-06-24,3,5+0,Match 5 + 0 Euro numbers,5 + 0,1,652630.8,652630.8
862,2025-06-24,4,4+2,Match 4 + 2 Euro numbers,4 + 2,12,9704.5,116454.0
862,2025-06-24,5,4+1,Match 4 + 1 Euro number,4 + 1,352,413.5,145552.0
862,2025-06-24,6,3+2,Match 3 + 2 Euro numbers,3 + 2,839,190.8,160081.2
862,2025-06-24,7,4+0,Match 4 + 0 Euro numbers,4 + 0,808,144.1,116432.8
862,2025-06-24,8,2+2,Match 2 + 2 Euro numbers,2 + 2,12712,29.2,371190.4
862,2025-06-24,9,3+1,Match 3 + 1 Euro number,3 + 1,17705,23.4,414297.0
862,2025-06-24,10,3+0,Match 3 + 0 Euro numbers,3 + 0,36725,21.4,785915.0
862,2025-06-24,11,1+2,Match 1 + 2 Euro numbers,1 + 2,73007,13.4,978293.8
862,2025-06-24,12,2+1,Match 2 + 1 Euro number,2 + 1,281743,10.4,2930127.2
863,2025-06-27,1,5+2,Match 5 + 2 Euro numbers,5 + 2,0,0.0,0.0
863,2025-06-27,2,5+1,Match 5 + 1 Euro number,5 + 1,3,616733.4,1850200.2
863,2025-06-27,3,5+0,Match 5 + 0 Euro numbers,5 + 0,5,208685.3,1043426.5
863,2025-06-27,4,4+2,Match 4 + 2 Euro numbers,4 + 2,29,5934.8,172109.2
863,2025-06-27,5,4+1,Match 4 + 1 Euro number,4 + 1,615,349.8,215127.0
863,2025-06-27,6,3+2,Match 3 + 2 Euro numbers,3 + 2,1224,193.3,236599.2
863,2025-06-27,7,4+0,Match 4 + 0 Euro numbers,4 + 0,1617,106.4,172048.8
863,2025-06-27,8,2+2,Match 2 + 2 Euro numbers,2 + 2,16539,33.1,547440.9
863,2025-06-27,9,3+1,Match 3 + 1 Euro number,3 + 1,28217,21.7,612308.9
863,2025-06-27,10,3+0,Match 3 + 0 Euro numbers,3 + 0,68665,16.9,1160438.5
863,2025-06-27,11,1+2,Match 1 + 2 Euro numbers,1 + 2,87313,16.6,1449395.8
863,2025-06-27,12,2+1,Match 2 + 1 Euro number,2 + 1,406310,10.7,4347517.0
864,2025-07-01,1,5+2,Match 5 + 2 Euro numbers,5 + 2,0,0.0,0.0
864,2025-07-01,2,5+1,Match 5 + 1 Euro number,5 + 1,1,1436838.6,1436838.6
864,2025-07-01,3,5+0,Match 5 + 0 Euro numbers,5 + 0,5,162062.0,810310.0
864,2025-07-01,4,4+2,Match 4 + 2 Euro numbers,4 + 2,36,3712.7,133657.2
864,2025-07-01,5,4+1,Match 4 + 1 Euro number,4 + 1,683,244.6,167061.8
864,2025-07-01,6,3+2,Match 3 + 2 Euro numbers,3 + 2,1448,126.9,183751.2
864,2025-07-01,7,4+0,Match 4 + 0 Euro numbers,4 + 0,1711,78.1,133629.1
864,2025-07-01,8,2+2,Match 2 + 2 Euro numbers,2 + 2,19745,21.5,424517.5
864,2025-07-01,9,3+1,Match 3 + 1 Euro number,3 + 1,27182,17.5,475685.0
864,2025-07-01,10,3+0,Match 3 + 0 Euro numbers,3 + 0,62315,14.4,897336.0
864,2025-07-01,11,1+2,Match 1 + 2 Euro numbers,1 + 2,103465,10.8,1117422.0
864,2025-07-01,12,2+1,Match 2 + 1 Euro number,2 + 1,370655,9.1,3372960.5
865,2025-07-04,1,5+2,Match 5 + 2 Euro numbers,5 + 2,0,0.0,0.0
865,2025-07-04,2,5+1,Match 5 + 1 Euro number,5 + 1,4,513060.8,2052243.2
865,2025-07-04,3,5+0,Match 5 + 0 Euro numbers,5 + 0,8,144671.2,1157369.6
865,2025-07-04,4,4+2,Match 4 + 2 Euro numbers,4 + 2,41,4656.2,190904.2
865,2025-07-04,5,4+1,Match 4 + 1 Euro number,4 + 1,811,294.2,238596.2
865,2025-07-04,6,3+2,Match 3 + 2 Euro numbers,3 + 2,1890,138.8,262332.0
865,2025-07-04,7,4+0,Match 4 + 0 Euro numbers,4 + 0,1752,108.9,190792.8
865,2025-07-04,8,2+2,Match 2 + 2 Euro numbers,2 + 2,25823,23.5,606840.5
865,2025-07-04,9,3+1,Match 3 + 1 Euro number,3 + 1,34749,19.5,677605.5
865,2025-07-04,10,3+0,Match 3 + 0 Euro numbers,3 + 0,76374,16.8,1283083.2
865,2025-07-04,11,1+2,Match 1 + 2 Euro numbers,1 + 2,136031,11.8,1605165.8
865,2025-07-04,12,2+1,Match 2 + 1 Euro number,2 + 1,474552,10.2,4840430.4
866,2025-07-08,1,5+2,Match 5 + 2 Euro numbers,5 + 2,0,0.0,0.0
866,2025-07-08,2,5+1,Match 5 + 1 Euro number,5 + 1,0,0.0,0.0
866,2025-07-08,3,5+0,Match 5 + 0 Euro numbers,5 + 0,5,181842.2,909211.0
866,2025-07-08,4,4+2,Match 4 + 2 Euro numbers,4 + 2,31,4837.8,149971.8
866,2025-07-08,5,4+1,Match 4 + 1 Euro number,4 + 1,567,330.6,187450.2
866,2025-07-08,6,3+2,Match 3 + 2 Euro numbers,3 + 2,1189,173.4,206172.6
866,2025-07-08,7,4+0,Match 4 + 0 Euro numbers,4 + 0,1268,118.2,149877.6
866,2025-07-08,8,2+2,Match 2 + 2 Euro numbers,2 + 2,17755,26.9,477609.5
866,2025-07-08,9,3+1,Match 3 + 1 Euro number,3 + 1,25533,20.9,533639.7
866,2025-07-08,10,3+0,Match 3 + 0 Euro numbers,3 + 0,61137,16.5,1008760.5
866,2025-07-08,11,1+2,Match 1 + 2 Euro numbers,1 + 2,92493,13.6,1257904.8
866,2025-07-08,12,2+1,Match 2 + 1 Euro number,2 + 1,365593,10.4,3802167.2
867,2025-07-11,1,5+2,Match 5 + 2 Euro numbers,5 + 2,0,0.0,0.0
867,2025-07-11,2,5+1,Match 5 + 1 Euro number,5 + 1,4,978744.0,3914976.0
867,2025-07-11,3,5+0,Match 5 + 0 Euro numbers,5 + 0,7,185521.9,1298653.3
867,2025-07-11,4,4+2,Match 4 + 2 Euro numbers,4 + 2,26,8238.8,214208.8
867,2025-07-11,5,4+1,Match 4 + 1 Euro number,4 + 1,703,380.8,267702.4
867,2025-07-11,6,3+2,Match 3 + 2 Euro numbers,3 + 2,1371,214.8,294490.8
867,2025-07-11,7,4+0,Match 4 + 0 Euro numbers,4 + 0,1590,134.7,214173.0
867,2025-07-11,8,2+2,Match 2 + 2 Euro numbers,2 + 2,21872,31.2,682406.4
867,2025-07-11,9,3+1,Match 3 + 1 Euro number,3 + 1,34088,22.3,760162.4
867,2025-07-11,10,3+0,Match 3 + 0 Euro numbers,3 + 0,81870,17.6,1440912.0
867,2025-07-11,11,1+2,Match 1 + 2 Euro numbers,1 + 2,115117,15.7,1807336.9
867,2025-07-11,12,2+1,Match 2 + 1 Euro number,2 + 1,516368,10.5,5421864.0
868,2025-07-15,1,5+2,Match 5 + 2 Euro numbers,5 + 2,0,0.0,0.0
868,2025-07-15,2,5+1,Match 5 + 1 Euro number,5 + 1,3,635572.7,1906718.1
868,2025-07-15,3,5+0,Match 5 + 0 Euro numbers,5 + 0,16,67206.2,1075299.2
868,2025-07-15,4,4+2,Match 4 + 2 Euro numbers,4 + 2,34,5216.7,177367.8
868,2025-07-15,5,4+1,Match 4 + 1 Euro number,4 + 1,871,254.5,221669.5
868,2025-07-15,6,3+2,Match 3 + 2 Euro numbers,3 + 2,1543,158.0,243794.0
868,2025-07-15,7,4+0,Match 4 + 0 Euro numbers,4 + 0,2382,74.4,177220.8
868,2025-07-15,8,2+2,Match 2 + 2 Euro numbers,2 + 2,20083,28.1,564332.3
868,2025-07-15,9,3+1,Match 3 + 1 Euro number,3 + 1,32398,19.5,631761.0
868,2025-07-15,10,3+0,Match 3 + 0 Euro numbers,3 + 0,82705,14.5,1199222.5
868,2025-07-15,11,1+2,Match 1 + 2 Euro numbers,1 + 2,102132,14.5,1480914.0
868,2025-07-15,12,2+1,Match 2 + 1 Euro number,2 + 1,430214,10.4,4474225.6
869,2025-07-18,1,5+2,Match 5 + 2 Euro numbers,5 + 2,0,0.0,0.0
869,2025-07-18,2,5+1,Match 5 + 1 Euro number,5 + 1,5,536198.0,2680990.0
869,2025-07-18,3,5+0,Match 5 + 0 Euro numbers,5 + 0,7,215993.3,1511953.1
869,2025-07-18,4,4+2,Match 4 + 2 Euro numbers,4 + 2,63,3958.6,249391.8
869,2025-07-18,5,4+1,Match 4 + 1 Euro number,4 + 1,1155,269.9,311734.5
869,2025-07-18,6,3+2,Match 3 + 2 Euro numbers,3 + 2,2475,138.5,342787.5
869,2025-07-18,7,4+0,Match 4 + 0 Euro numbers,4 + 0,2407,103.6,249365.2
869,2025-07-18,8,2+2,Match 2 + 2 Euro numbers,2 + 2,35495,22.3,791538.5
869,2025-07-18,9,3+1,Match 3 + 1 Euro number,3 + 1,50233,17.6,884100.8
869,2025-07-18,10,3+0,Match 3 + 0 Euro numbers,3 + 0,103261,16.3,1683154.3
869,2025-07-18,11,1+2,Match 1 + 2 Euro numbers,1 + 2,176603,11.9,2101575.7
869,2025-07-18,12,2+1,Match 2 + 1 Euro number,2 + 1,695229,9.1,6326583.9
870,2025-07-22,1,5+2,Match 5 + 2 Euro numbers,5 + 2,0,0.0,0.0
870,2025-07-22,2,5+1,Match 5 + 1 Euro number,5 + 1,7,342356.1,2396492.7
870,2025-07-22,3,5+0,Match 5 + 0 Euro numbers,5 + 0,10,135151.0,1351510.0
870,2025-07-22,4,4+2,Match 4 + 2 Euro numbers,4 + 2,30,7430.9,222927.0
870,2025-07-22,5,4+1,Match 4 + 1 Euro number,4 + 1,680,409.7,278596.0
870,2025-07-22,6,3+2,Match 3 + 2 Euro numbers,3 + 2,1659,184.7,306417.3
870,2025-07-22,7,4+0,Match 4 + 0 Euro numbers,4 + 0,1466,152.0,222832.0
870,2025-07-22,8,2+2,Match 2 + 2 Euro numbers,2 + 2,25309,28.0,708652.0
870,2025-07-22,9,3+1,Match 3 + 1 Euro number,3 + 1,33723,23.5,792490.5
870,2025-07-22,10,3+0,Match 3 + 0 Euro numbers,3 + 0,71503,21.0,1501563.0
870,2025-07-22,11,1+2,Match 1 + 2 Euro numbers,1 + 2,144294,13.0,1875822.0
870,2025-07-22,12,2+1,Match 2 + 1 Euro number,2 + 1,542236,10.4,5639254.4
871,2025-07-25,1,5+2,Match 5 + 2 Euro numbers,5 + 2,2,58316471.0,116632942.0
871,2025-07-25,2,5+1,Match 5 + 1 Euro number,5 + 1,6,581128.2,3486769.2
871,2025-07-25,3,5+0,Match 5 + 0 Euro numbers,5 + 0,15,131091.7,1966375.5
871,2025-07-25,4,4+2,Match 4 + 2 Euro numbers,4 + 2,113,2870.3,324343.9
871,2025-07-25,5,4+1,Match 4 + 1 Euro number,4 + 1,1702,238.2,405416.4
871,2025-07-25,6,3+2,Match 3 + 2 Euro numbers,3 + 2,4510,98.8,445588.0
871,2025-07-25,7,4+0,Match 4 + 0 Euro numbers,4 + 0,3473,93.3,324030.9
871,2025-07-25,8,2+2,Match 2 + 2 Euro numbers,2 + 2,60756,17.0,1032852.0
871,2025-07-25,9,3+1,Match 3 + 1 Euro number,3 + 1,71733,16.1,1154901.3
871,2025-07-25,10,3+0,Match 3 + 0 Euro numbers,3 + 0,149380,14.6,2180948.0
871,2025-07-25,11,1+2,Match 1 + 2 Euro numbers,1 + 2,294377,9.2,2708268.4
871,2025-07-25,12,2+1,Match 2 + 1 Euro number,2 + 1,946721,8.6,8141800.6
872,2025-07-29,1,5+2,Match 5 + 2 Euro numbers,5 + 2,0,0.0,0.0
872,2025-07-29,2,5+1,Match 5 + 1 Euro number,5 + 1,0,0.0,0.0
872,2025-07-29,3,5+0,Match 5 + 0 Euro numbers,5 + 0,2,374812.6,749625.2
872,2025-07-29,4,4+2,Match 4 + 2 Euro numbers,4 + 2,23,5376.0,123648.0
872,2025-07-29,5,4+1,Match 4 + 1 Euro number,4 + 1,417,370.6,154540.2
872,2025-07-29,6,3+2,Match 3 + 2 Euro numbers,3 + 2,914,186.0,170004.0
872,2025-07-29,7,4+0,Match 4 + 0 Euro numbers,4 + 0,1016,121.7,123647.2
872,2025-07-29,8,2+2,Match 2 + 2 Euro numbers,2 + 2,13206,29.8,393538.8
872,2025-07-29,9,3+1,Match 3 + 1 Euro number,3 + 1,17836,24.6,438765.6
872,2025-07-29,10,3+0,Match 3 + 0 Euro numbers,3 + 0,43862,19.0,833378.0
872,2025-07-29,11,1+2,Match 1 + 2 Euro numbers,1 + 2,68628,15.2,1043145.6
872,2025-07-29,12,2+1,Match 2 + 1 Euro number,2 + 1,270030,11.6,3132348.0
873,2025-08-01,1,5+2,Match 5 + 2 Euro numbers,5 + 2,0,0.0,0.0
873,2025-08-01,2,5+1,Match 5 + 1 Euro number,5 + 1,8,400241.8,3201934.4
873,2025-08-01,3,5+0,Match 5 + 0 Euro numbers,5 + 0,9,117346.3,1056116.7
873,2025-08-01,4,4+2,Match 4 + 2 Euro numbers,4 + 2,48,3629.2,174201.6
873,2025-08-01,5,4+1,Match 4 + 1 Euro number,4 + 1,942,231.1,217696.2
873,2025-08-01,6,3+2,Match 3 + 2 Euro numbers,3 + 2,2260,105.9,239334.0
873,2025-08-01,7,4+0,Match 4 + 0 Euro numbers,4 + 0,1930,90.2,174086.0
873,2025-08-01,8,2+2,Match 2 + 2 Euro numbers,2 + 2,42246,14.6,616791.6
873,2025-08-01,9,3+1,Match 3 + 1 Euro number,3 + 1,40086,14.6,585255.6
873,2025-08-01,10,3+0,Match 3 + 0 Euro numbers,3 + 0,78573,14.6,1147165.8
873,2025-08-01,11,1+2,Match 1 + 2 Euro numbers,1 + 2,151733,9.6,1456636.8
873,2025-08-01,12,2+1,Match 2 + 1 Euro number,2 + 1,546583,8.0,4372664.0
874,2025-08-05,1,5+2,Match 5 + 2 Euro numbers,5 + 2,0,0.0,0.0
874,2025-08-05,2,5+1,Match 5 + 1 Euro number,5 + 1,1,1417596.5,1417596.5
874,2025-08-05,3,5+0,Match 5 + 0 Euro numbers,5 + 0,6,133243.0,799458.0
874,2025-08-05,4,4+2,Match 4 + 2 Euro numbers,4 + 2,20,6593.4,131868.0
874,2025-08-05,5,4+1,Match 4 + 1 Euro number,4 + 1,469,351.4,164806.6
874,2025-08-05,6,3+2,Match 3 + 2 Euro numbers,3 + 2,1054,172.0,181288.0
874,2025-08-05,7,4+0,Match 4 + 0 Euro numbers,4 + 0,1033,127.6,131810.8
874,2025-08-05,8,2+2,Match 2 + 2 Euro numbers,2 + 2,15704,26.7,419296.8
874,2025-08-05,9,3+1,Match 3 + 1 Euro number,3 + 1,22476,20.9,469748.4
874,2025-08-05,10,3+0,Match 3 + 0 Euro numbers,3 + 0,51440,17.3,889912.0
874,2025-08-05,11,1+2,Match 1 + 2 Euro numbers,1 + 2,81628,13.6,1110140.8
874,2025-08-05,12,2+1,Match 2 + 1 Euro number,2 + 1,332796,10.0,3327960.0
875,2025-08-08,1,5+2,Match 5 + 2 Euro numbers,5 + 2,1,36553237.2,36553237.2
875,2025-08-08,2,5+1,Match 5 + 1 Euro number,5 + 1,2,1016401.1,2032802.2
875,2025-08-08,3,5+0,Match 5 + 0 Euro numbers,5 + 0,8,143300.7,1146405.6
875,2025-08-08,4,4+2,Match 4 + 2 Euro numbers,4 + 2,36,5252.7,189097.2
875,2025-08-08,5,4+1,Match 4 + 1 Euro number,4 + 1,823,287.2,236365.6
875,2025-08-08,6,3+2,Match 3 + 2 Euro numbers,3 + 2,1529,170.0,259930.0
875,2025-08-08,7,4+0,Match 4 + 0 Euro numbers,4 + 0,3722,50.8,189077.6
875,2025-08-08,8,2+2,Match 2 + 2 Euro numbers,2 + 2,21647,27.8,601786.6
875,2025-08-08,9,3+1,Match 3 + 1 Euro number,3 + 1,34560,19.4,670464.0
875,2025-08-08,10,3+0,Match 3 + 0 Euro numbers,3 + 0,77868,16.3,1269248.4
875,2025-08-08,11,1+2,Match 1 + 2 Euro numbers,1 + 2,112946,14.1,1592538.6
875,2025-08-08,12,2+1,Match 2 + 1 Euro number,2 + 1,479492,10.0,4794920.0
876,2025-08-12,1,5+2,Match 5 + 2 Euro numbers,5 + 2,0,0.0,0.0
876,2025-08-12,2,5+1,Match 5 + 1 Euro number,5 + 1,2,628959.7,1257919.4
876,2025-08-12,3,5+0,Match 5 + 0 Euro numbers,5 + 0,5,141881.6,709408.0
876,2025-08-12,4,4+2,Match 4 + 2 Euro numbers,4 + 2,20,5850.7,117014.0
876,2025-08-12,5,4+1,Match 4 + 1 Euro number,4 + 1,391,374.0,146234.0
876,2025-08-12,6,3+2,Match 3 + 2 Euro numbers,3 + 2,814,197.6,160846.4
876,2025-08-12,7,4+0,Match 4 + 0 Euro numbers,4 + 0,1142,102.4,116940.8
876,2025-08-12,8,2+2,Match 2 + 2 Euro numbers,2 + 2,11522,32.3,372160.6
876,2025-08-12,9,3+1,Match 3 + 1 Euro number,3 + 1,18178,22.9,416276.2
876,2025-08-12,10,3+0,Match 3 + 0 Euro numbers,3 + 0,48871,16.1,786823.1
876,2025-08-12,11,1+2,Match 1 + 2 Euro numbers,1 + 2,60838,16.1,979491.8
876,2025-08-12,12,2+1,Match 2 + 1 Euro number,2 + 1,259294,11.4,2955951.6
877,2025-08-15,1,5+2,Match 5 + 2 Euro numbers,5 + 2,0,0.0,0.0
877,2025-08-15,2,5+1,Match 5 + 1 Euro number,5 + 1,1,1771200.9,1771200.9
877,2025-08-15,3,5+0,Match 5 + 0 Euro numbers,5 + 0,8,124859.3,998874.4
877,2025-08-15,4,4+2,Match 4 + 2 Euro numbers,4 + 2,27,6102.3,164762.1
877,2025-08-15,5,4+1,Match 4 + 1 Euro number,4 + 1,601,342.6,205902.6
877,2025-08-15,6,3+2,Match 3 + 2 Euro numbers,3 + 2,1160,195.3,226548.0
877,2025-08-15,7,4+0,Match 4 + 0 Euro numbers,4 + 0,1639,100.5,164719.5
877,2025-08-15,8,2+2,Match 2 + 2 Euro numbers,2 + 2,16315,32.1,523711.5
877,2025-08-15,9,3+1,Match 3 + 1 Euro number,3 + 1,26774,21.9,586350.6
877,2025-08-15,10,3+0,Match 3 + 0 Euro numbers,3 + 0,73471,15.7,1153494.7
877,2025-08-15,11,1+2,Match 1 + 2 Euro numbers,1 + 2,85276,15.7,1338833.2
877,2025-08-15,12,2+1,Match 2 + 1 Euro number,2 + 1,384523,10.8,4152848.4
878,2025-08-19,1,5+2,Match 5 + 2 Euro numbers,5 + 2,0,0.0,0.0
878,2025-08-19,2,5+1,Match 5 + 1 Euro number,5 + 1,3,460552.1,1381656.3
878,2025-08-19,3,5+0,Match 5 + 0 Euro numbers,5 + 0,7,111312.8,779189.6
878,2025-08-19,4,4+2,Match 4 + 2 Euro numbers,4 + 2,23,5588.0,128524.0
878,2025-08-19,5,4+1,Match 4 + 1 Euro number,4 + 1,606,265.1,160650.6
878,2025-08-19,6,3+2,Match 3 + 2 Euro numbers,3 + 2,1398,126.4,176707.2
878,2025-08-19,7,4+0,Match 4 + 0 Euro numbers,4 + 0,1253,102.5,128432.5
878,2025-08-19,8,2+2,Match 2 + 2 Euro numbers,2 + 2,19675,20.8,409240.0
878,2025-08-19,9,3+1,Match 3 + 1 Euro number,3 + 1,24707,18.5,457079.5
878,2025-08-19,10,3+0,Match 3 + 0 Euro numbers,3 + 0,56166,15.4,864956.4
878,2025-08-19,11,1+2,Match 1 + 2 Euro numbers,1 + 2,99580,10.8,1075464.0
878,2025-08-19,12,2+1,Match 2 + 1 Euro number,2 + 1,354520,9.1,3226132.0
879,2025-08-22,1,5+2,Match 5 + 2 Euro numbers,5 + 2,0,0.0,0.0
879,2025-08-22,2,5+1,Match 5 + 1 Euro number,5 + 1,0,0.0,0.0
879,2025-08-22,3,5+0,Match 5 + 0 Euro numbers,5 + 0,20,55189.4,1103788.0
879,2025-08-22,4,4+2,Match 4 + 2 Euro numbers,4 + 2,50,3641.3,182065.0
879,2025-08-22,5,4+1,Match 4 + 1 Euro number,4 + 1,994,228.9,227526.6
879,2025-08-22,6,3+2,Match 3 + 2 Euro numbers,3 + 2,1761,142.1,250238.1
879,2025-08-22,7,4+0,Match 4 + 0 Euro numbers,4 + 0,2136,85.2,181987.2
879,2025-08-22,8,2+2,Match 2 + 2 Euro numbers,2 + 2,23352,24.8,579129.6
879,2025-08-22,9,3+1,Match 3 + 1 Euro number,3 + 1,37901,17.1,648107.1
879,2025-08-22,10,3+0,Match 3 + 0 Euro numbers,3 + 0,81564,15.0,1223460.0
879,2025-08-22,11,1+2,Match 1 + 2 Euro numbers,1 + 2,120151,12.7,1525917.7
879,2025-08-22,12,2+1,Match 2 + 1 Euro number,2 + 1,501790,9.2,4616468.0
880,2025-08-26,1,5+2,Match 5 + 2 Euro numbers,5 + 2,0,0.0,0.0
880,2025-08-26,2,5+1,Match 5 + 1 Euro number,5 + 1,2,1746680.8,3493361.6
880,2025-08-26,3,5+0,Match 5 + 0 Euro numbers,5 + 0,4,216575.8,866303.2
880,2025-08-26,4,4+2,Match 4 + 2 Euro numbers,4 + 2,36,3969.3,142894.8
880,2025-08-26,5,4+1,Match 4 + 1 Euro number,4 + 1,716,249.4,178570.4
880,2025-08-26,6,3+2,Match 3 + 2 Euro numbers,3 + 2,2174,92.2,200442.8
880,2025-08-26,7,4+0,Match 4 + 0 Euro numbers,4 + 0,1503,92.2,138576.6
880,2025-08-26,8,2+2,Match 2 + 2 Euro numbers,2 + 2,26738,17.0,454546.0
880,2025-08-26,9,3+1,Match 3 + 1 Euro number,3 + 1,31882,15.9,506923.8
880,2025-08-26,10,3+0,Match 3 + 0 Euro numbers,3 + 0,63298,15.2,962129.6
880,2025-08-26,11,1+2,Match 1 + 2 Euro numbers,1 + 2,128517,9.3,1195208.1
880,2025-08-26,12,2+1,Match 2 + 1 Euro number,2 + 1,402267,9.0,3620403.0
881,2025-08-29,1,5+2,Match 5 + 2 Euro numbers,5 + 2,0,0.0,0.0
881,2025-08-29,2,5+1,Match 5 + 1 Euro number,5 + 1,5,446886.8,2234434.0
881,2025-08-29,3,5+0,Match 5 + 0 Euro numbers,5 + 0,10,126011.7,1260117.0
881,2025-08-29,4,4+2,Match 4 + 2 Euro numbers,4 + 2,36,5773.7,207853.2
881,2025-08-29,5,4+1,Match 4 + 1 Euro number,4 + 1,1068,243.2,259737.6
881,2025-08-29,6,3+2,Match 3 + 2 Euro numbers,3 + 2,2099,136.1,285673.9
881,2025-08-29,7,4+0,Match 4 + 0 Euro numbers,4 + 0,2256,92.1,207777.6
881,2025-08-29,8,2+2,Match 2 + 2 Euro numbers,2 + 2,28870,22.9,661123.0
881,2025-08-29,9,3+1,Match 3 + 1 Euro number,3 + 1,45488,16.2,736905.6
881,2025-08-29,10,3+0,Match 3 + 0 Euro numbers,3 + 0,95683,14.6,1396971.8
881,2025-08-29,11,1+2,Match 1 + 2 Euro numbers,1 + 2,135896,12.9,1753058.4
881,2025-08-29,12,2+1,Match 2 + 1 Euro number,2 + 1,595827,8.8,5243277.6
882,2025-09-02,1,5+2,Match 5 + 2 Euro numbers,5 + 2,0,0.0,0.0
882,2025-09-02,2,5+1,Match 5 + 1 Euro number,5 + 1,1,1833926.8,1833926.8
882,2025-09-02,3,5+0,Match 5 + 0 Euro numbers,5 + 0,3,344749.8,1034249.4
882,2025-09-02,4,4+2,Match 4 + 2 Euro numbers,4 + 2,28,6092.7,170595.6
882,2025-09-02,5,4+1,Match 4 + 1 Euro number,4 + 1,598,356.6,213246.8
882,2025-09-02,6,3+2,Match 3 + 2 Euro numbers,3 + 2,1344,174.5,234528.0
882,2025-09-02,7,4+0,Match 4 + 0 Euro numbers,4 + 0,1356,125.8,170584.8
882,2025-09-02,8,2+2,Match 2 + 2 Euro numbers,2 + 2,21272,25.5,542436.0
882,2025-09-02,9,3+1,Match 3 + 1 Euro number,3 + 1,30511,19.9,607168.9
882,2025-09-02,10,3+0,Match 3 + 0 Euro numbers,3 + 0,62809,18.3,1149404.7
882,2025-09-02,11,1+2,Match 1 + 2 Euro numbers,1 + 2,111562,12.9,1439149.8
882,2025-09-02,12,2+1,Match 2 + 1 Euro number,2 + 1,461824,9.3,4294963.2
883,2025-09-05,1,5+2,Match 5 + 2 Euro numbers,5 + 2,0,0.0,0.0
883,2025-09-05,2,5+1,Match 5 + 1 Euro number,5 + 1,1,2554784.5,2554784.5
883,2025-09-05,3,5+0,Match 5 + 0 Euro numbers,5 + 0,10,144077.9,1440779.0
883,2025-09-05,4,4+2,Match 4 + 2 Euro numbers,4 + 2,50,4753.0,237650.0
883,2025-09-05,5,4+1,Match 4 + 1 Euro number,4 + 1,945,314.3,297013.5
883,2025-09-05,6,3+2,Match 3 + 2 Euro numbers,3 + 2,1722,189.7,326663.4
883,2025-09-05,7,4+0,Match 4 + 0 Euro numbers,4 + 0,2173,109.3,237508.9
883,2025-09-05,8,2+2,Match 2 + 2 Euro numbers,2 + 2,24380,31.0,755780.0
883,2025-09-05,9,3+1,Match 3 + 1 Euro number,3 + 1,40064,21.1,845350.4
883,2025-09-05,10,3+0,Match 3 + 0 Euro numbers,3 + 0,96530,16.6,1602398.0
883,2025-09-05,11,1+2,Match 1 + 2 Euro numbers,1 + 2,127840,15.6,1994304.0
883,2025-09-05,12,2+1,Match 2 + 1 Euro number,2 + 1,572251,10.5,6008635.5
884,2025-09-09,1,5+2,Match 5 + 2 Euro numbers,5 + 2,0,0.0,0.0
884,2025-09-09,2,5+1,Match 5 + 1 Euro number,5 + 1,3,726949.0,2180847.0
884,2025-09-09,3,5+0,Match 5 + 0 Euro numbers,5 + 0,12,102491.3,1229895.6
884,2025-09-09,4,4+2,Match 4 + 2 Euro numbers,4 + 2,35,5796.2,202867.0
884,2025-09-09,5,4+1,Match 4 + 1 Euro number,4 + 1,747,339.4,253531.8
884,2025-09-09,6,3+2,Match 3 + 2 Euro numbers,3 + 2,1647,169.3,278837.1
884,2025-09-09,7,4+0,Match 4 + 0 Euro numbers,4 + 0,1586,127.9,202849.4
884,2025-09-09,8,2+2,Match 2 + 2 Euro numbers,2 + 2,23466,27.5,645315.0
884,2025-09-09,9,3+1,Match 3 + 1 Euro number,3 + 1,38047,18.9,719088.3
884,2025-09-09,10,3+0,Match 3 + 0 Euro numbers,3 + 0,78398,17.4,1364125.2
884,2025-09-09,11,1+2,Match 1 + 2 Euro numbers,1 + 2,121994,14.0,1707916.0
884,2025-09-09,12,2+1,Match 2 + 1 Euro number,2 + 1,564781,9.1,5139507.1
885,2025-09-12,1,5+2,Match 5 + 2 Euro numbers,5 + 2,0,0.0,0.0
885,2025-09-12,2,5+1,Match 5 + 1 Euro number,5 + 1,6,560209.9,3361259.4
885,2025-09-12,3,5+0,Match 5 + 0 Euro numbers,5 + 0,21,90266.3,1895592.3
885,2025-09-12,4,4+2,Match 4 + 2 Euro numbers,4 + 2,58,5390.9,312672.2
885,2025-09-12,5,4+1,Match 4 + 1 Euro number,4 + 1,1659,235.5,390694.5
885,2025-09-12,6,3+2,Match 3 + 2 Euro numbers,3 + 2,2258,190.4,429923.2
885,2025-09-12,7,4+0,Match 4 + 0 Euro numbers,4 + 0,3978,78.6,312670.8
885,2025-09-12,8,2+2,Match 2 + 2 Euro numbers,2 + 2,32003,31.1,995293.3
885,2025-09-12,9,3+1,Match 3 + 1 Euro number,3 + 1,58790,18.9,1111131.0
885,2025-09-12,10,3+0,Match 3 + 0 Euro numbers,3 + 0,145856,15.2,2217011.2
885,2025-09-12,11,1+2,Match 1 + 2 Euro numbers,1 + 2,165109,15.2,2509656.8
885,2025-09-12,12,2+1,Match 2 + 1 Euro number,2 + 1,791864,10.0,7918640.0
886,2025-09-16,1,5+2,Match 5 + 2 Euro numbers,5 + 2,0,0.0,0.0
886,2025-09-16,2,5+1,Match 5 + 1 Euro number,5 + 1,4,741324.6,2965298.4
886,2025-09-16,3,5+0,Match 5 + 0 Euro numbers,5 + 0,7,238898.6,1672290.2
886,2025-09-16,4,4+2,Match 4 + 2 Euro numbers,4 + 2,53,5204.5,275838.5
886,2025-09-16,5,4+1,Match 4 + 1 Euro number,4 + 1,1007,342.4,344796.8
886,2025-09-16,6,3+2,Match 3 + 2 Euro numbers,3 + 2,2231,170.0,379270.0
886,2025-09-16,7,4+0,Match 4 + 0 Euro numbers,4 + 0,2253,122.4,275767.2
886,2025-09-16,8,2+2,Match 2 + 2 Euro numbers,2 + 2,34353,25.5,876001.5
886,2025-09-16,9,3+1,Match 3 + 1 Euro number,3 + 1,47747,20.5,978813.5
886,2025-09-16,10,3+0,Match 3 + 0 Euro numbers,3 + 0,109044,17.0,1853748.0
886,2025-09-16,11,1+2,Match 1 + 2 Euro numbers,1 + 2,177675,13.0,2309775.0
886,2025-09-16,12,2+1,Match 2 + 1 Euro number,2 + 1,712386,9.8,6981382.8
887,2025-09-19,1,5+2,Match 5 + 2 Euro numbers,5 + 2,0,0.0,0.0
887,2025-09-19,2,5+1,Match 5 + 1 Euro number,5 + 1,4,5850555.1,23402220.4
887,2025-09-19,3,5+0,Match 5 + 0 Euro numbers,5 + 0,8,276408.4,2211267.2
887,2025-09-19,4,4+2,Match 4 + 2 Euro numbers,4 + 2,49,7443.7,364741.3
887,2025-09-19,5,4+1,Match 4 + 1 Euro number,4 + 1,980,465.2,455896.0
887,2025-09-19,6,3+2,Match 3 + 2 Euro numbers,3 + 2,2448,204.8,501350.4
887,2025-09-19,7,4+0,Match 4 + 0 Euro numbers,4 + 0,2556,142.7,364741.2
887,2025-09-19,8,2+2,Match 2 + 2 Euro numbers,2 + 2,35567,32.6,1159484.2
887,2025-09-19,9,3+1,Match 3 + 1 Euro number,3 + 1,48072,27.0,1297944.0
887,2025-09-19,10,3+0,Match 3 + 0 Euro numbers,3 + 0,123114,19.9,2449968.6
887,2025-09-19,11,1+2,Match 1 + 2 Euro numbers,1 + 2,197489,15.5,3061079.5
887,2025-09-19,12,2+1,Match 2 + 1 Euro number,2 + 1,720788,12.8,9226086.4
888,2025-09-23,1,5+2,Match 5 + 2 Euro numbers,5 + 2,1,120000000.0,120000000.0
888,2025-09-23,2,5+1,Match 5 + 1 Euro number,5 + 1,1,21177159.2,21177159.2
888,2025-09-23,3,5+0,Match 5 + 0 Euro numbers,5 + 0,12,154155.2,1849862.4
888,2025-09-23,4,4+2,Match 4 + 2 Euro numbers,4 + 2,39,7823.8,305128.2
888,2025-09-23,5,4+1,Match 4 + 1 Euro number,4 + 1,1038,367.4,381361.2
888,2025-09-23,6,3+2,Match 3 + 2 Euro numbers,3 + 2,2137,196.3,419493.1
888,2025-09-23,7,4+0,Match 4 + 0 Euro numbers,4 + 0,2609,116.9,304992.1
888,2025-09-23,8,2+2,Match 2 + 2 Euro numbers,2 + 2,30092,32.3,971971.6
888,2025-09-23,9,3+1,Match 3 + 1 Euro number,3 + 1,50847,21.3,1083041.1
888,2025-09-23,10,3+0,Match 3 + 0 Euro numbers,3 + 0,127106,16.2,2059117.2
888,2025-09-23,11,1+2,Match 1 + 2 Euro numbers,1 + 2,159807,16.1,2572892.7
888,2025-09-23,12,2+1,Match 2 + 1 Euro number,2 + 1,739861,10.4,7694554.4
889,2025-09-26,1,5+2,Match 5 + 2 Euro numbers,5 + 2,0,0.0,0.0
889,2025-09-26,2,5+1,Match 5 + 1 Euro number,5 + 1,3,629845.3,1889535.9
889,2025-09-26,3,5+0,Match 5 + 0 Euro numbers,5 + 0,9,118401.1,1065609.9
889,2025-09-26,4,4+2,Match 4 + 2 Euro numbers,4 + 2,40,4394.2,175768.0
889,2025-09-26,5,4+1,Match 4 + 1 Euro number,4 + 1,704,312.0,219648.0
889,2025-09-26,6,3+2,Match 3 + 2 Euro numbers,3 + 2,1332,181.4,241624.8
889,2025-09-26,7,4+0,Match 4 + 0 Euro numbers,4 + 0,1856,94.7,175763.2
889,2025-09-26,8,2+2,Match 2 + 2 Euro numbers,2 + 2,18887,29.6,559055.2
889,2025-09-26,9,3+1,Match 3 + 1 Euro number,3 + 1,32477,19.2,623558.4
889,2025-09-26,10,3+0,Match 3 + 0 Euro numbers,3 + 0,76841,15.4,1183351.4
889,2025-09-26,11,1+2,Match 1 + 2 Euro numbers,1 + 2,100254,14.7,1473733.8
889,2025-09-26,12,2+1,Match 2 + 1 Euro number,2 + 1,443095,10.0,4430950.0
890,2025-09-30,1,5+2,Match 5 + 2 Euro numbers,5 + 2,0,0.0,0.0
890,2025-09-30,2,5+1,Match 5 + 1 Euro number,5 + 1,6,231846.0,1391076.0
890,2025-09-30,3,5+0,Match 5 + 0 Euro numbers,5 + 0,13,60346.3,784501.9
890,2025-09-30,4,4+2,Match 4 + 2 Euro numbers,4 + 2,75,1725.3,129397.5
890,2025-09-30,5,4+1,Match 4 + 1 Euro number,4 + 1,1013,159.6,161674.8
890,2025-09-30,6,3+2,Match 3 + 2 Euro numbers,3 + 2,2920,65.4,190968.0
890,2025-09-30,7,4+0,Match 4 + 0 Euro numbers,4 + 0,1778,65.4,116281.2
890,2025-09-30,8,2+2,Match 2 + 2 Euro numbers,2 + 2,33838,12.7,429742.6
890,2025-09-30,9,3+1,Match 3 + 1 Euro number,3 + 1,35566,12.7,451688.2
890,2025-09-30,10,3+0,Match 3 + 0 Euro numbers,3 + 0,67333,12.7,855129.1
890,2025-09-30,11,1+2,Match 1 + 2 Euro numbers,1 + 2,144198,7.6,1095904.8
890,2025-09-30,12,2+1,Match 2 + 1 Euro number,2 + 1,430161,7.6,3269223.6
891,2025-10-03,1,5+2,Match 5 + 2 Euro numbers,5 + 2,0,0.0,0.0
891,2025-10-03,2,5+1,Match 5 + 1 Euro number,5 + 1,3,635080.6,1905241.8
891,2025-10-03,3,5+0,Match 5 + 0 Euro numbers,5 + 0,20,53723.3,1074466.0
891,2025-10-03,4,4+2,Match 4 + 2 Euro numbers,4 + 2,32,5538.4,177228.8
891,2025-10-03,5,4+1,Match 4 + 1 Euro number,4 + 1,898,246.7,221536.6
891,2025-10-03,6,3+2,Match 3 + 2 Euro numbers,3 + 2,1276,190.9,243588.4
891,2025-10-03,7,4+0,Match 4 + 0 Euro numbers,4 + 0,2567,69.0,177123.0
891,2025-10-03,8,2+2,Match 2 + 2 Euro numbers,2 + 2,17015,33.2,564898.0
891,2025-10-03,9,3+1,Match 3 + 1 Euro number,3 + 1,34718,18.1,628395.8
891,2025-10-03,10,3+0,Match 3 + 0 Euro numbers,3 + 0,92495,14.9,1378175.5
891,2025-10-03,11,1+2,Match 1 + 2 Euro numbers,1 + 2,87538,14.9,1304316.2
891,2025-10-03,12,2+1,Match 2 + 1 Euro number,2 + 1,459029,9.7,4452581.3
892,2025-10-07,1,5+2,Match 5 + 2 Euro numbers,5 + 2,0,0.0,0.0
892,2025-10-07,2,5+1,Match 5 + 1 Euro number,5 + 1,3,507933.5,1523800.5
892,2025-10-07,3,5+0,Match 5 + 0 Euro numbers,5 + 0,5,171870.5,859352.5
892,2025-10-07,4,4+2,Match 4 + 2 Euro numbers,4 + 2,29,4887.8,141746.2
892,2025-10-07,5,4+1,Match 4 + 1 Euro number,4 + 1,537,329.9,177156.3
892,2025-10-07,6,3+2,Match 3 + 2 Euro numbers,3 + 2,1312,148.5,194832.0
892,2025-10-07,7,4+0,Match 4 + 0 Euro numbers,4 + 0,1111,127.5,141652.5
892,2025-10-07,8,2+2,Match 2 + 2 Euro numbers,2 + 2,19103,23.6,450830.8
892,2025-10-07,9,3+1,Match 3 + 1 Euro number,3 + 1,23083,21.8,503209.4
892,2025-10-07,10,3+0,Match 3 + 0 Euro numbers,3 + 0,49842,19.1,951982.2
892,2025-10-07,11,1+2,Match 1 + 2 Euro numbers,1 + 2,104472,11.4,1190980.8
892,2025-10-07,12,2+1,Match 2 + 1 Euro number,2 + 1,343416,10.4,3571526.4
893,2025-10-10,1,5+2,Match 5 + 2 Euro numbers,5 + 2,0,0.0,0.0
893,2025-10-10,2,5+1,Match 5 + 1 Euro number,5 + 1,5,433137.1,2165685.5
893,2025-10-10,3,5+0,Match 5 + 0 Euro numbers,5 + 0,3,407115.3,1221345.9
893,2025-10-10,4,4+2,Match 4 + 2 Euro numbers,4 + 2,33,6104.8,201458.4
893,2025-10-10,5,4+1,Match 4 + 1 Euro number,4 + 1,653,385.6,251796.8
893,2025-10-10,6,3+2,Match 3 + 2 Euro numbers,3 + 2,1303,212.5,276887.5
893,2025-10-10,7,4+0,Match 4 + 0 Euro numbers,4 + 0,1487,135.4,201339.8
893,2025-10-10,8,2+2,Match 2 + 2 Euro numbers,2 + 2,19406,33.0,640398.0
893,2025-10-10,9,3+1,Match 3 + 1 Euro number,3 + 1,30593,23.4,715876.2
893,2025-10-10,10,3+0,Match 3 + 0 Euro numbers,3 + 0,73866,18.4,1359134.4
893,2025-10-10,11,1+2,Match 1 + 2 Euro numbers,1 + 2,105310,16.1,1695491.0
893,2025-10-10,12,2+1,Match 2 + 1 Euro number,2 + 1,471799,10.8,5095429.2
894,2025-10-14,1,5+2,Match 5 + 2 Euro numbers,5 + 2,0,0.0,0.0
894,2025-10-14,2,5+1,Match 5 + 1 Euro number,5 + 1,6,286652.6,1719915.6
894,2025-10-14,3,5+0,Match 5 + 0 Euro numbers,5 + 0,7,138564.6,969952.2
894,2025-10-14,4,4+2,Match 4 + 2 Euro numbers,4 + 2,31,5161.0,159991.0
894,2025-10-14,5,4+1,Match 4 + 1 Euro number,4 + 1,547,365.6,199983.2
894,2025-10-14,6,3+2,Match 3 + 2 Euro numbers,3 + 2,1256,175.1,219925.6
894,2025-10-14,7,4+0,Match 4 + 0 Euro numbers,4 + 0,1273,125.6,159888.8
894,2025-10-14,8,2+2,Match 2 + 2 Euro numbers,2 + 2,19732,25.8,509085.6
894,2025-10-14,9,3+1,Match 3 + 1 Euro number,3 + 1,27117,21.0,569457.0
894,2025-10-14,10,3+0,Match 3 + 0 Euro numbers,3 + 0,58869,18.3,1077302.7
894,2025-10-14,11,1+2,Match 1 + 2 Euro numbers,1 + 2,109650,12.3,1348695.0
894,2025-10-14,12,2+1,Match 2 + 1 Euro number,2 + 1,415819,9.7,4033444.3
895,2025-10-17,1,5+2,Match 5 + 2 Euro numbers,5 + 2,1,69169588.1,69169588.1
895,2025-10-17,2,5+1,Match 5 + 1 Euro number,5 + 1,2,1197100.0,2394200.0
895,2025-10-17,3,5+0,Match 5 + 0 Euro numbers,5 + 0,11,122747.0,1350217.0
895,2025-10-17,4,4+2,Match 4 + 2 Euro numbers,4 + 2,27,8248.7,222714.9
895,2025-10-17,5,4+1,Match 4 + 1 Euro number,4 + 1,930,299.3,278349.0
895,2025-10-17,6,3+2,Match 3 + 2 Euro numbers,3 + 2,1550,197.5,306125.0
895,2025-10-17,7,4+0,Match 4 + 0 Euro numbers,4 + 0,1930,115.3,222529.0
895,2025-10-17,8,2+2,Match 2 + 2 Euro numbers,2 + 2,24400,29.0,707600.0
895,2025-10-17,9,3+1,Match 3 + 1 Euro number,3 + 1,40611,19.5,791914.5
895,2025-10-17,10,3+0,Match 3 + 0 Euro numbers,3 + 0,84034,17.8,1495805.2
895,2025-10-17,11,1+2,Match 1 + 2 Euro numbers,1 + 2,131529,14.2,1867711.8
895,2025-10-17,12,2+1,Match 2 + 1 Euro number,2 + 1,587349,9.6,5638550.4
896,2025-10-21,1,5+2,Match 5 + 2 Euro numbers,5 + 2,0,0.0,0.0
896,2025-10-21,2,5+1,Match 5 + 1 Euro number,5 + 1,4,323295.2,1293180.8
896,2025-10-21,3,5+0,Match 5 + 0 Euro numbers,5 + 0,7,104184.8,729293.6
896,2025-10-21,4,4+2,Match 4 + 2 Euro numbers,4 + 2,29,4148.1,120294.9
896,2025-10-21,5,4+1,Match 4 + 1 Euro number,4 + 1,449,334.8,150325.2
896,2025-10-21,6,3+2,Match 3 + 2 Euro numbers,3 + 2,841,196.6,165340.6
896,2025-10-21,7,4+0,Match 4 + 0 Euro numbers,4 + 0,895,134.4,120288.0
896,2025-10-21,8,2+2,Match 2 + 2 Euro numbers,2 + 2,13107,29.2,382724.4
896,2025-10-21,9,3+1,Match 3 + 1 Euro number,3 + 1,18699,22.9,428207.1
896,2025-10-21,10,3+0,Match 3 + 0 Euro numbers,3 + 0,39344,20.6,810486.4
896,2025-10-21,11,1+2,Match 1 + 2 Euro numbers,1 + 2,75013,13.5,1012675.5
896,2025-10-21,12,2+1,Match 2 + 1 Euro number,2 + 1,293095,10.4,3048188.0
897,2025-10-24,1,5+2,Match 5 + 2 Euro numbers,5 + 2,0,0.0,0.0
897,2025-10-24,2,5+1,Match 5 + 1 Euro number,5 + 1,2,926546.7,1853093.4
897,2025-10-24,3,5+0,Match 5 + 0 Euro numbers,5 + 0,9,116117.6,1045058.4
897,2025-10-24,4,4+2,Match 4 + 2 Euro numbers,4 + 2,31,5560.6,172378.6
897,2025-10-24,5,4+1,Match 4 + 1 Euro number,4 + 1,714,301.7,215413.8
897,2025-10-24,6,3+2,Match 3 + 2 Euro numbers,3 + 2,1646,143.9,236859.4
897,2025-10-24,7,4+0,Match 4 + 0 Euro numbers,4 + 0,1434,120.2,172366.8
897,2025-10-24,8,2+2,Match 2 + 2 Euro numbers,2 + 2,23128,23.7,548133.6
897,2025-10-24,9,3+1,Match 3 + 1 Euro number,3 + 1,36869,16.7,615712.3
897,2025-10-24,10,3+0,Match 3 + 0 Euro numbers,3 + 0,69323,16.7,1157694.1
897,2025-10-24,11,1+2,Match 1 + 2 Euro numbers,1 + 2,115316,12.6,1452981.6
897,2025-10-24,12,2+1,Match 2 + 1 Euro number,2 + 1,520459,8.4,4371855.6
898,2025-10-28,1,5+2,Match 5 + 2 Euro numbers,5 + 2,0,0.0,0.0
898,2025-10-28,2,5+1,Match 5 + 1 Euro number,5 + 1,2,688141.3,1376282.6
898,2025-10-28,3,5+0,Match 5 + 0 Euro numbers,5 + 0,5,155231.8,776159.0
898,2025-10-28,4,4+2,Match 4 + 2 Euro numbers,4 + 2,22,5819.3,128024.6
898,2025-10-28,5,4+1,Match 4 + 1 Euro number,4 + 1,378,423.3,160007.4
898,2025-10-28,6,3+2,Match 3 + 2 Euro numbers,3 + 2,874,201.4,176023.6
898,2025-10-28,7,4+0,Match 4 + 0 Euro numbers,4 + 0,955,134.0,127970.0
898,2025-10-28,8,2+2,Match 2 + 2 Euro numbers,2 + 2,12634,32.3,408078.2
898,2025-10-28,9,3+1,Match 3 + 1 Euro number,3 + 1,19499,23.3,454326.7
898,2025-10-28,10,3+0,Match 3 + 0 Euro numbers,3 + 0,46083,18.7,861752.1
898,2025-10-28,11,1+2,Match 1 + 2 Euro numbers,1 + 2,66479,16.2,1076959.8
898,2025-10-28,12,2+1,Match 2 + 1 Euro number,2 + 1,294143,11.0,3235573.0
899,2025-10-31,1,5+2,Match 5 + 2 Euro numbers,5 + 2,0,0.0,0.0
899,2025-10-31,2,5+1,Match 5 + 1 Euro number,5 + 1,7,288934.5,2022541.5
899,2025-10-31,3,5+0,Match 5 + 0 Euro numbers,5 + 0,6,190103.2,1140619.2
899,2025-10-31,4,4+2,Match 4 + 2 Euro numbers,4 + 2,29,6487.7,188143.3
899,2025-10-31,5,4+1,Match 4 + 1 Euro number,4 + 1,633,371.5,235159.5
899,2025-10-31,6,3+2,Match 3 + 2 Euro numbers,3 + 2,1394,185.5,258587.0
899,2025-10-31,7,4+0,Match 4 + 0 Euro numbers,4 + 0,1318,142.7,188078.6
899,2025-10-31,8,2+2,Match 2 + 2 Euro numbers,2 + 2,21905,27.3,598006.5
899,2025-10-31,9,3+1,Match 3 + 1 Euro number,3 + 1,29255,22.9,669939.5
899,2025-10-31,10,3+0,Match 3 + 0 Euro numbers,3 + 0,62504,20.3,1268831.2
899,2025-10-31,11,1+2,Match 1 + 2 Euro numbers,1 + 2,121080,13.1,1586148.0
899,2025-10-31,12,2+1,Match 2 + 1 Euro number,2 + 1,454577,10.5,4773058.5
900,2025-11-04,1,5+2,Match 5 + 2 Euro numbers,5 + 2,0,0.0,0.0
900,2025-11-04,2,5+1,Match 5 + 1 Euro number,5 + 1,1,1558456.8,1558456.8
900,2025-11-04,3,5+0,Match 5 + 0 Euro numbers,5 + 0,4,219724.2,878896.8
900,2025-11-04,4,4+2,Match 4 + 2 Euro numbers,4 + 2,20,7248.6,144972.0
900,2025-11-04,5,4+1,Match 4 + 1 Euro number,4 + 1,558,324.7,181182.6
900,2025-11-04,6,3+2,Match 3 + 2 Euro numbers,3 + 2,1300,153.3,199290.0
900,2025-11-04,7,4+0,Match 4 + 0 Euro numbers,4 + 0,1313,110.4,144955.2
900,2025-11-04,8,2+2,Match 2 + 2 Euro numbers,2 + 2,17550,26.3,461565.0
900,2025-11-04,9,3+1,Match 3 + 1 Euro number,3 + 1,27055,19.0,514045.0
900,2025-11-04,10,3+0,Match 3 + 0 Euro numbers,3 + 0,61300,15.9,974670.0
900,2025-11-04,11,1+2,Match 1 + 2 Euro numbers,1 + 2,91276,13.4,1223098.4
900,2025-11-04,12,2+1,Match 2 + 1 Euro number,2 + 1,376887,9.7,3655803.9
901,2025-11-07,1,5+2,Match 5 + 2 Euro numbers,5 + 2,1,54286720.1,54286720.1
901,2025-11-07,2,5+1,Match 5 + 1 Euro number,5 + 1,3,737967.5,2213902.5
901,2025-11-07,3,5+0,Match 5 + 0 Euro numbers,5 + 0,4,312134.5,1248538.0
901,2025-11-07,4,4+2,Match 4 + 2 Euro numbers,4 + 2,55,3744.4,205942.0
901,2025-11-07,5,4+1,Match 4 + 1 Euro number,4 + 1,886,290.5,257383.0
901,2025-11-07,6,3+2,Match 3 + 2 Euro numbers,3 + 2,2316,122.2,283015.2
901,2025-11-07,7,4+0,Match 4 + 0 Euro numbers,4 + 0,1833,112.3,205845.9
901,2025-11-07,8,2+2,Match 2 + 2 Euro numbers,2 + 2,32718,20.0,654360.0
901,2025-11-07,9,3+1,Match 3 + 1 Euro number,3 + 1,39836,18.4,732982.4
901,2025-11-07,10,3+0,Match 3 + 0 Euro numbers,3 + 0,81713,17.0,1389121.0
901,2025-11-07,11,1+2,Match 1 + 2 Euro numbers,1 + 2,170797,10.1,1725049.7
901,2025-11-07,12,2+1,Match 2 + 1 Euro number,2 + 1,555024,9.4,5217225.6
902,2025-11-11,1,5+2,Match 5 + 2 Euro numbers,5 + 2,0,0.0,0.0
902,2025-11-11,2,5+1,Match 5 + 1 Euro number,5 + 1,1,1239381.9,1239381.9
902,2025-11-11,3,5+0,Match 5 + 0 Euro numbers,5 + 0,4,174738.4,698953.6
902,2025-11-11,4,4+2,Match 4 + 2 Euro numbers,4 + 2,24,4803.8,115291.2
902,2025-11-11,5,4+1,Match 4 + 1 Euro number,4 + 1,339,425.1,144108.9
902,2025-11-11,6,3+2,Match 3 + 2 Euro numbers,3 + 2,853,185.8,158487.4
902,2025-11-11,7,4+0,Match 4 + 0 Euro numbers,4 + 0,842,136.9,115269.8
902,2025-11-11,8,2+2,Match 2 + 2 Euro numbers,2 + 2,12511,29.3,366572.3
902,2025-11-11,9,3+1,Match 3 + 1 Euro number,3 + 1,18954,21.6,409406.4
902,2025-11-11,10,3+0,Match 3 + 0 Euro numbers,3 + 0,39650,19.6,777140.0
902,2025-11-11,11,1+2,Match 1 + 2 Euro numbers,1 + 2,67057,14.5,972326.5
902,2025-11-11,12,2+1,Match 2 + 1 Euro number,2 + 1,290925,10.0,2909250.0
903,2025-11-14,1,5+2,Match 5 + 2 Euro numbers,5 + 2,0,0.0,0.0
903,2025-11-14,2,5+1,Match 5 + 1 Euro number,5 + 1,0,0.0,0.0
903,2025-11-14,3,5+0,Match 5 + 0 Euro numbers,5 + 0,1,1026937.7,1026937.7
903,2025-11-14,4,4+2,Match 4 + 2 Euro numbers,4 + 2,19,8915.3,169390.7
903,2025-11-14,5,4+1,Match 4 + 1 Euro number,4 + 1,562,376.7,211705.4
903,2025-11-14,6,3+2,Match 3 + 2 Euro numbers,3 + 2,1122,207.5,232815.0
903,2025-11-14,7,4+0,Match 4 + 0 Euro numbers,4 + 0,1501,112.8,169312.8
903,2025-11-14,8,2+2,Match 2 + 2 Euro numbers,2 + 2,17427,30.9,538494.3
903,2025-11-14,9,3+1,Match 3 + 1 Euro number,3 + 1,26445,22.8,602946.0
903,2025-11-14,10,3+0,Match 3 + 0 Euro numbers,3 + 0,71226,16.0,1139616.0
903,2025-11-14,11,1+2,Match 1 + 2 Euro numbers,1 + 2,89356,15.9,1420760.4
903,2025-11-14,12,2+1,Match 2 + 1 Euro number,2 + 1,392021,10.9,4273028.9
904,2025-11-18,1,5+2,Match 5 + 2 Euro numbers,5 + 2,0,0.0,0.0
904,2025-11-18,2,5+1,Match 5 + 1 Euro number,5 + 1,0,0.0,0.0
904,2025-11-18,3,5+0,Match 5 + 0 Euro numbers,5 + 0,4,191831.5,767326.0
904,2025-11-18,4,4+2,Match 4 + 2 Euro numbers,4 + 2,30,4218.9,126567.0
904,2025-11-18,5,4+1,Match 4 + 1 Euro number,4 + 1,501,315.7,158165.7
904,2025-11-18,6,3+2,Match 3 + 2 Euro numbers,3 + 2,1420,124.1,176222.0
904,2025-11-18,7,4+0,Match 4 + 0 Euro numbers,4 + 0,1002,124.1,124348.2
904,2025-11-18,8,2+2,Match 2 + 2 Euro numbers,2 + 2,21288,19.4,412987.2
904,2025-11-18,9,3+1,Match 3 + 1 Euro number,3 + 1,22637,19.4,439157.8
904,2025-11-18,10,3+0,Match 3 + 0 Euro numbers,3 + 0,47182,18.1,853994.2
904,2025-11-18,11,1+2,Match 1 + 2 Euro numbers,1 + 2,111552,9.5,1059744.0
904,2025-11-18,12,2+1,Match 2 + 1 Euro number,2 + 1,335527,9.5,3187506.5
905,2025-11-21,1,5+2,Match 5 + 2 Euro numbers,5 + 2,5,6738975.2,33694876.0
905,2025-11-21,2,5+1,Match 5 + 1 Euro number,5 + 1,3,1707512.5,5122537.5
905,2025-11-21,3,5+0,Match 5 + 0 Euro numbers,5 + 0,2,547304.6,1094609.2
905,2025-11-21,4,4+2,Match 4 + 2 Euro numbers,4 + 2,34,5310.4,180553.6
905,2025-11-21,5,4+1,Match 4 + 1 Euro number,4 + 1,612,368.7,225644.4
905,2025-11-21,6,3+2,Match 3 + 2 Euro numbers,3 + 2,1384,179.3,248151.2
905,2025-11-21,7,4+0,Match 4 + 0 Euro numbers,4 + 0,1235,146.1,180433.5
905,2025-11-21,8,2+2,Match 2 + 2 Euro numbers,2 + 2,21384,26.9,575229.6
905,2025-11-21,9,3+1,Match 3 + 1 Euro number,3 + 1,27922,23.0,642206.0
905,2025-11-21,10,3+0,Match 3 + 0 Euro numbers,3 + 0,58209,20.9,1216568.1
905,2025-11-21,11,1+2,Match 1 + 2 Euro numbers,1 + 2,117679,12.9,1518059.1
905,2025-11-21,12,2+1,Match 2 + 1 Euro number,2 + 1,434425,10.5,4561462.5
906,2025-11-25,1,5+2,Match 5 + 2 Euro numbers,5 + 2,0,0.0,0.0
906,2025-11-25,2,5+1,Match 5 + 1 Euro number,5 + 1,2,596315.9,1192631.8
906,2025-11-25,3,5+0,Match 5 + 0 Euro numbers,5 + 0,4,168147.2,672588.8
906,2025-11-25,4,4+2,Match 4 + 2 Euro numbers,4 + 2,25,4437.7,110942.5
906,2025-11-25,5,4+1,Match 4 + 1 Euro number,4 + 1,328,422.7,138645.6
906,2025-11-25,6,3+2,Match 3 + 2 Euro numbers,3 + 2,1017,149.9,152448.3
906,2025-11-25,7,4+0,Match 4 + 0 Euro numbers,4 + 0,761,145.7,110877.7
906,2025-11-25,8,2+2,Match 2 + 2 Euro numbers,2 + 2,16072,22.6,363227.2
906,2025-11-25,9,3+1,Match 3 + 1 Euro number,3 + 1,17041,22.6,385126.6
906,2025-11-25,10,3+0,Match 3 + 0 Euro numbers,3 + 0,37204,20.1,747800.4
906,2025-11-25,11,1+2,Match 1 + 2 Euro numbers,1 + 2,93014,10.5,976647.0
906,2025-11-25,12,2+1,Match 2 + 1 Euro number,2 + 1,263094,10.5,2762487.0
907,2025-11-28,1,5+2,Match 5 + 2 Euro numbers,5 + 2,0,0.0,0.0
907,2025-11-28,2,5+1,Match 5 + 1 Euro number,5 + 1,2,907550.7,1815101.4
907,2025-11-28,3,5+0,Match 5 + 0 Euro numbers,5 + 0,6,170605.4,1023632.4
907,2025-11-28,4,4+2,Match 4 + 2 Euro numbers,4 + 2,24,7035.2,168844.8
907,2025-11-28,5,4+1,Match 4 + 1 Euro number,4 + 1,592,356.5,211048.0
907,2025-11-28,6,3+2,Match 3 + 2 Euro numbers,3 + 2,1424,163.0,232112.0
907,2025-11-28,7,4+0,Match 4 + 0 Euro numbers,4 + 0,1234,136.8,168811.2
907,2025-11-28,8,2+2,Match 2 + 2 Euro numbers,2 + 2,23322,23.0,536406.0
907,2025-11-28,9,3+1,Match 3 + 1 Euro number,3 + 1,27724,21.6,598838.4
907,2025-11-28,10,3+0,Match 3 + 0 Euro numbers,3 + 0,55104,20.6,1135142.4
907,2025-11-28,11,1+2,Match 1 + 2 Euro numbers,1 + 2,138614,10.2,1413862.8
907,2025-11-28,12,2+1,Match 2 + 1 Euro number,2 + 1,423180,10.1,4274118.0
908,2025-12-02,1,5+2,Match 5 + 2 Euro numbers,5 + 2,1,23537055.1,23537055.1
908,2025-12-02,2,5+1,Match 5 + 1 Euro number,5 + 1,1,1360304.0,1360304.0
908,2025-12-02,3,5+0,Match 5 + 0 Euro numbers,5 + 0,6,127858.0,767148.0
908,2025-12-02,4,4+2,Match 4 + 2 Euro numbers,4 + 2,19,6659.9,126538.1
908,2025-12-02,5,4+1,Match 4 + 1 Euro number,4 + 1,396,399.4,158162.4
908,2025-12-02,6,3+2,Match 3 + 2 Euro numbers,3 + 2,1040,167.3,173992.0
908,2025-12-02,7,4+0,Match 4 + 0 Euro numbers,4 + 0,832,152.0,126464.0
908,2025-12-02,8,2+2,Match 2 + 2 Euro numbers,2 + 2,15257,26.4,402784.8
908,2025-12-02,9,3+1,Match 3 + 1 Euro number,3 + 1,18641,24.1,449248.1
908,2025-12-02,10,3+0,Match 3 + 0 Euro numbers,3 + 0,40542,21.0,851382.0
908,2025-12-02,11,1+2,Match 1 + 2 Euro numbers,1 + 2,86201,12.3,1060272.3
908,2025-12-02,12,2+1,Match 2 + 1 Euro number,2 + 1,298566,10.7,3194656.2
909,2025-12-05,1,5+2,Match 5 + 2 Euro numbers,5 + 2,1,10000000.0,10000000.0
909,2025-12-05,2,5+1,Match 5 + 1 Euro number,5 + 1,3,569615.2,1708845.6
909,2025-12-05,3,5+0,Match 5 + 0 Euro numbers,5 + 0,8,120463.6,963708.8
909,2025-12-05,4,4+2,Match 4 + 2 Euro numbers,4 + 2,26,6113.9,158961.4
909,2025-12-05,5,4+1,Match 4 + 1 Euro number,4 + 1,759,261.7,198630.3
909,2025-12-05,6,3+2,Match 3 + 2 Euro numbers,3 + 2,1434,152.4,218541.6
909,2025-12-05,7,4+0,Match 4 + 0 Euro numbers,4 + 0,1712,92.8,158873.6
909,2025-12-05,8,2+2,Match 2 + 2 Euro numbers,2 + 2,19391,26.1,506105.1
909,2025-12-05,9,3+1,Match 3 + 1 Euro number,3 + 1,30502,18.5,564287.0
909,2025-12-05,10,3+0,Match 3 + 0 Euro numbers,3 + 0,72978,14.7,1072776.6
909,2025-12-05,11,1+2,Match 1 + 2 Euro numbers,1 + 2,99872,13.4,1338284.8
909,2025-12-05,12,2+1,Match 2 + 1 Euro number,2 + 1,415933,9.6,3992956.8
910,2025-12-09,1,5+2,Match 5 + 2 Euro numbers,5 + 2,0,0.0,0.0
910,2025-12-09,2,5+1,Match 5 + 1 Euro number,5 + 1,2,594886.6,1189773.2
910,2025-12-09,3,5+0,Match 5 + 0 Euro numbers,5 + 0,2,335488.3,670976.6
910,2025-12-09,4,4+2,Match 4 + 2 Euro numbers,4 + 2,14,7905.4,110675.6
910,2025-12-09,5,4+1,Match 4 + 1 Euro number,4 + 1,281,492.3,138336.3
910,2025-12-09,6,3+2,Match 3 + 2 Euro numbers,3 + 2,869,175.1,152161.9
910,2025-12-09,7,4+0,Match 4 + 0 Euro numbers,4 + 0,721,153.5,110673.5
910,2025-12-09,8,2+2,Match 2 + 2 Euro numbers,2 + 2,14518,24.5,355691.0
910,2025-12-09,9,3+1,Match 3 + 1 Euro number,3 + 1,15940,24.5,390530.0
910,2025-12-09,10,3+0,Match 3 + 0 Euro numbers,3 + 0,34795,21.4,744613.0
910,2025-12-09,11,1+2,Match 1 + 2 Euro numbers,1 + 2,86117,10.8,930063.6
910,2025-12-09,12,2+1,Match 2 + 1 Euro number,2 + 1,260804,10.7,2790602.8
911,2025-12-12,1,5+2,Match 5 + 2 Euro numbers,5 + 2,0,0.0,0.0
911,2025-12-12,2,5+1,Match 5 + 1 Euro number,5 + 1,3,593949.4,1781848.2
911,2025-12-12,3,5+0,Match 5 + 0 Euro numbers,5 + 0,6,167479.9,1004879.4
911,2025-12-12,4,4+2,Match 4 + 2 Euro numbers,4 + 2,23,7206.6,165751.8
911,2025-12-12,5,4+1,Match 4 + 1 Euro number,4 + 1,561,369.3,207177.3
911,2025-12-12,6,3+2,Match 3 + 2 Euro numbers,3 + 2,1241,183.6,227847.6
911,2025-12-12,7,4+0,Match 4 + 0 Euro numbers,4 + 0,1354,122.4,165729.6
911,2025-12-12,8,2+2,Match 2 + 2 Euro numbers,2 + 2,17535,30.1,527803.5
911,2025-12-12,9,3+1,Match 3 + 1 Euro number,3 + 1,26417,22.3,589099.1
911,2025-12-12,10,3+0,Match 3 + 0 Euro numbers,3 + 0,62206,17.9,1113487.4
911,2025-12-12,11,1+2,Match 1 + 2 Euro numbers,1 + 2,93491,14.9,1393015.9
911,2025-12-12,12,2+1,Match 2 + 1 Euro number,2 + 1,379628,11.0,4175908.0
912,2025-12-16,1,5+2,Match 5 + 2 Euro numbers,5 + 2,0,0.0,0.0
912,2025-12-16,2,5+1,Match 5 + 1 Euro number,5 + 1,2,669842.8,1339685.6
912,2025-12-16,3,5+0,Match 5 + 0 Euro numbers,5 + 0,4,188880.1,755520.4
912,2025-12-16,4,4+2,Match 4 + 2 Euro numbers,4 + 2,22,5664.6,124621.2
912,2025-12-16,5,4+1,Match 4 + 1 Euro number,4 + 1,497,313.4,155759.8
912,2025-12-16,6,3+2,Match 3 + 2 Euro numbers,3 + 2,895,191.4,171303.0
912,2025-12-16,7,4+0,Match 4 + 0 Euro numbers,4 + 0,1218,102.3,124601.4
912,2025-12-16,8,2+2,Match 2 + 2 Euro numbers,2 + 2,13698,28.9,395872.2
912,2025-12-16,9,3+1,Match 3 + 1 Euro number,3 + 1,21218,20.9,443456.2
912,2025-12-16,10,3+0,Match 3 + 0 Euro numbers,3 + 0,52507,16.0,840112.0
912,2025-12-16,11,1+2,Match 1 + 2 Euro numbers,1 + 2,73447,14.3,1050292.1
912,2025-12-16,12,2+1,Match 2 + 1 Euro number,2 + 1,307788,10.2,3139437.6
913,2025-12-19,1,5+2,Match 5 + 2 Euro numbers,5 + 2,0,0.0,0.0
913,2025-12-19,2,5+1,Match 5 + 1 Euro number,5 + 1,4,493242.5,1972970.0
913,2025-12-19,3,5+0,Match 5 + 0 Euro numbers,5 + 0,7,158951.9,1112663.3
913,2025-12-19,4,4+2,Match 4 + 2 Euro numbers,4 + 2,38,4829.7,183528.6
913,2025-12-19,5,4+1,Match 4 + 1 Euro number,4 + 1,727,315.5,229368.5
913,2025-12-19,6,3+2,Match 3 + 2 Euro numbers,3 + 2,1735,145.4,252269.0
913,2025-12-19,7,4+0,Match 4 + 0 Euro numbers,4 + 0,1397,131.3,183426.1
913,2025-12-19,8,2+2,Match 2 + 2 Euro numbers,2 + 2,26219,22.3,584683.7
913,2025-12-19,9,3+1,Match 3 + 1 Euro number,3 + 1,34014,19.2,653068.8
913,2025-12-19,10,3+0,Match 3 + 0 Euro numbers,3 + 0,67531,18.3,1235817.3
913,2025-12-19,11,1+2,Match 1 + 2 Euro numbers,1 + 2,140100,11.0,1541100.0
913,2025-12-19,12,2+1,Match 2 + 1 Euro number,2 + 1,490394,9.4,4609703.6
914,2025-12-23,1,5+2,Match 5 + 2 Euro numbers,5 + 2,0,0.0,0.0
914,2025-12-23,2,5+1,Match 5 + 1 Euro number,5 + 1,2,863927.3,1727854.6
914,2025-12-23,3,5+0,Match 5 + 0 Euro numbers,5 + 0,3,324809.8,974429.4
914,2025-12-23,4,4+2,Match 4 + 2 Euro numbers,4 + 2,15,10715.3,160729.5
914,2025-12-23,5,4+1,Match 4 + 1 Euro number,4 + 1,467,430.2,200903.4
914,2025-12-23,6,3+2,Match 3 + 2 Euro numbers,3 + 2,1139,194.0,220966.0
914,2025-12-23,7,4+0,Match 4 + 0 Euro numbers,4 + 0,1104,145.5,160632.0
914,2025-12-23,8,2+2,Match 2 + 2 Euro numbers,2 + 2,18663,27.4,511366.2
914,2025-12-23,9,3+1,Match 3 + 1 Euro number,3 + 1,24019,23.8,571652.2
914,2025-12-23,10,3+0,Match 3 + 0 Euro numbers,3 + 0,51101,21.2,1083341.2
914,2025-12-23,11,1+2,Match 1 + 2 Euro numbers,1 + 2,106434,12.7,1351711.8
914,2025-12-23,12,2+1,Match 2 + 1 Euro number,2 + 1,379789,10.7,4063742.3
915,2025-12-26,1,5+2,Match 5 + 2 Euro numbers,5 + 2,0,0.0,0.0
915,2025-12-26,2,5+1,Match 5 + 1 Euro number,5 + 1,2,947461.3,1894922.6
915,2025-12-26,3,5+0,Match 5 + 0 Euro numbers,5 + 0,2,534324.1,1068648.2
915,2025-12-26,4,4+2,Match 4 + 2 Euro numbers,4 + 2,20,8813.5,176270.0
915,2025-12-26,5,4+1,Match 4 + 1 Euro number,4 + 1,613,359.4,220312.2
915,2025-12-26,6,3+2,Match 3 + 2 Euro numbers,3 + 2,1169,207.3,242333.7
915,2025-12-26,7,4+0,Match 4 + 0 Euro numbers,4 + 0,1591,110.7,176123.7
915,2025-12-26,8,2+2,Match 2 + 2 Euro numbers,2 + 2,17134,32.7,560281.8
915,2025-12-26,9,3+1,Match 3 + 1 Euro number,3 + 1,28269,22.2,627571.8
915,2025-12-26,10,3+0,Match 3 + 0 Euro numbers,3 + 0,70474,16.8,1183963.2
915,2025-12-26,11,1+2,Match 1 + 2 Euro numbers,1 + 2,88948,16.7,1485431.6
915,2025-12-26,12,2+1,Match 2 + 1 Euro number,2 + 1,412008,10.8,4449686.4
916,2025-12-30,1,5+2,Match 5 + 2 Euro numbers,5 + 2,0,0.0,0.0
916,2025-12-30,2,5+1,Match 5 + 1 Euro number,5 + 1,4,525579.7,2102318.8
916,2025-12-30,3,5+0,Match 5 + 0 Euro numbers,5 + 0,16,74100.6,1185609.6
916,2025-12-30,4,4+2,Match 4 + 2 Euro numbers,4 + 2,48,4074.2,195561.6
916,2025-12-30,5,4+1,Match 4 + 1 Euro number,4 + 1,855,285.9,244444.5
916,2025-12-30,6,3+2,Match 3 + 2 Euro numbers,3 + 2,1730,155.4,268842.0
916,2025-12-30,7,4+0,Match 4 + 0 Euro numbers,4 + 0,2007,97.4,195481.8
916,2025-12-30,8,2+2,Match 2 + 2 Euro numbers,2 + 2,24061,25.9,623179.9
916,2025-12-30,9,3+1,Match 3 + 1 Euro number,3 + 1,37557,18.5,694804.5
916,2025-12-30,10,3+0,Match 3 + 0 Euro numbers,3 + 0,88551,14.9,1319409.9
916,2025-12-30,11,1+2,Match 1 + 2 Euro numbers,1 + 2,119621,13.7,1638807.7
916,2025-12-30,12,2+1,Match 2 + 1 Euro number,2 + 1,518290,9.5,4923755.0
917,2026-01-02,1,5+2,Match 5 + 2 Euro numbers,5 + 2,1,74104783.6,74104783.6
917,2026-01-02,2,5+1,Match 5 + 1 Euro number,5 + 1,4,630745.9,2522983.6
917,2026-01-02,3,5+0,Match 5 + 0 Euro numbers,5 + 0,11,129349.5,1422844.5
917,2026-01-02,4,4+2,Match 4 + 2 Euro numbers,4 + 2,57,4117.4,234691.8
917,2026-01-02,5,4+1,Match 4 + 1 Euro number,4 + 1,991,296.0,293336.0
917,2026-01-02,6,3+2,Match 3 + 2 Euro numbers,3 + 2,2296,140.5,322588.0
917,2026-01-02,7,4+0,Match 4 + 0 Euro numbers,4 + 0,2103,111.6,234694.8
917,2026-01-02,8,2+2,Match 2 + 2 Euro numbers,2 + 2,34220,21.8,745996.0
917,2026-01-02,9,3+1,Match 3 + 1 Euro number,3 + 1,40924,20.4,834849.6
917,2026-01-02,10,3+0,Match 3 + 0 Euro numbers,3 + 0,88767,17.8,1580052.6
917,2026-01-02,11,1+2,Match 1 + 2 Euro numbers,1 + 2,182276,10.8,1968580.8
917,2026-01-02,12,2+1,Match 2 + 1 Euro number,2 + 1,596858,9.9,5908894.2
918,2026-01-06,1,5+2,Match 5 + 2 Euro numbers,5 + 2,0,0.0,0.0
918,2026-01-06,2,5+1,Match 5 + 1 Euro number,5 + 1,0,0.0,0.0
918,2026-01-06,3,5+0,Match 5 + 0 Euro numbers,5 + 0,5,140721.8,703609.0
918,2026-01-06,4,4+2,Match 4 + 2 Euro numbers,4 + 2,18,6447.7,116058.6
918,2026-01-06,5,4+1,Match 4 + 1 Euro number,4 + 1,359,404.1,145071.9
918,2026-01-06,6,3+2,Match 3 + 2 Euro numbers,3 + 2,738,216.2,159555.6
918,2026-01-06,7,4+0,Match 4 + 0 Euro numbers,4 + 0,863,134.4,115987.2
918,2026-01-06,8,2+2,Match 2 + 2 Euro numbers,2 + 2,11411,32.4,369716.4
918,2026-01-06,9,3+1,Match 3 + 1 Euro number,3 + 1,18165,22.7,412345.5
918,2026-01-06,10,3+0,Match 3 + 0 Euro numbers,3 + 0,43914,17.8,781669.2
918,2026-01-06,11,1+2,Match 1 + 2 Euro numbers,1 + 2,61461,15.9,977229.9
918,2026-01-06,12,2+1,Match 2 + 1 Euro number,2 + 1,277876,10.5,2917698.0
919,2026-01-09,1,5+2,Match 5 + 2 Euro numbers,5 + 2,0,0.0,0.0
919,2026-01-09,2,5+1,Match 5 + 1 Euro number,5 + 1,3,1012843.5,3038530.5
919,2026-01-09,3,5+0,Match 5 + 0 Euro numbers,5 + 0,17,59410.6,1009980.2
919,2026-01-09,4,4+2,Match 4 + 2 Euro numbers,4 + 2,29,5744.6,166593.4
919,2026-01-09,5,4+1,Match 4 + 1 Euro number,4 + 1,503,414.0,208242.0
919,2026-01-09,6,3+2,Match 3 + 2 Euro numbers,3 + 2,1136,201.6,229017.6
919,2026-01-09,7,4+0,Match 4 + 0 Euro numbers,4 + 0,1416,117.6,166521.6
919,2026-01-09,8,2+2,Match 2 + 2 Euro numbers,2 + 2,16122,32.9,530413.8
919,2026-01-09,9,3+1,Match 3 + 1 Euro number,3 + 1,26476,22.4,593062.4
919,2026-01-09,10,3+0,Match 3 + 0 Euro numbers,3 + 0,71469,15.9,1136357.1
919,2026-01-09,11,1+2,Match 1 + 2 Euro numbers,1 + 2,87090,15.9,1384731.0
919,2026-01-09,12,2+1,Match 2 + 1 Euro number,2 + 1,379268,11.1,4209874.8
920,2026-01-13,1,5+2,Match 5 + 2 Euro numbers,5 + 2,0,0.0,0.0
920,2026-01-13,2,5+1,Match 5 + 1 Euro number,5 + 1,6,232189.1,1393134.6
920,2026-01-13,3,5+0,Match 5 + 0 Euro numbers,5 + 0,11,71423.9,785662.9
920,2026-01-13,4,4+2,Match 4 + 2 Euro numbers,4 + 2,24,5399.7,129592.8
920,2026-01-13,5,4+1,Match 4 + 1 Euro number,4 + 1,537,301.6,161959.2
920,2026-01-13,6,3+2,Match 3 + 2 Euro numbers,3 + 2,1008,176.7,178113.6
920,2026-01-13,7,4+0,Match 4 + 0 Euro numbers,4 + 0,1357,95.5,129593.5
920,2026-01-13,8,2+2,Match 2 + 2 Euro numbers,2 + 2,13718,30.1,412911.8
920,2026-01-13,9,3+1,Match 3 + 1 Euro number,3 + 1,20809,22.1,459878.9
920,2026-01-13,10,3+0,Match 3 + 0 Euro numbers,3 + 0,54461,16.0,871376.0
920,2026-01-13,11,1+2,Match 1 + 2 Euro numbers,1 + 2,74754,14.6,1091408.4
920,2026-01-13,12,2+1,Match 2 + 1 Euro number,2 + 1,297074,11.0,3267814.0
921,2026-01-16,1,5+2,Match 5 + 2 Euro numbers,5 + 2,0,0.0,0.0
921,2026-01-16,2,5+1,Match 5 + 1 Euro number,5 + 1,5,391488.3,1957441.5
921,2026-01-16,3,5+0,Match 5 + 0 Euro numbers,5 + 0,9,122656.2,1103905.8
921,2026-01-16,4,4+2,Match 4 + 2 Euro numbers,4 + 2,32,5690.2,182086.4
921,2026-01-16,5,4+1,Match 4 + 1 Euro number,4 + 1,736,309.2,227571.2
921,2026-01-16,6,3+2,Match 3 + 2 Euro numbers,3 + 2,1299,192.7,250317.3
921,2026-01-16,7,4+0,Match 4 + 0 Euro numbers,4 + 0,1629,111.7,181959.3
921,2026-01-16,8,2+2,Match 2 + 2 Euro numbers,2 + 2,19291,30.0,578730.0
921,2026-01-16,9,3+1,Match 3 + 1 Euro number,3 + 1,28973,22.3,646097.9
921,2026-01-16,10,3+0,Match 3 + 0 Euro numbers,3 + 0,69971,17.5,1224492.5
921,2026-01-16,11,1+2,Match 1 + 2 Euro numbers,1 + 2,100828,15.2,1532585.6
921,2026-01-16,12,2+1,Match 2 + 1 Euro number,2 + 1,422006,10.9,4599865.4
922,2026-01-20,1,5+2,Match 5 + 2 Euro numbers,5 + 2,0,0.0,0.0
922,2026-01-20,2,5+1,Match 5 + 1 Euro number,5 + 1,3,517369.7,1552109.1
922,2026-01-20,3,5+0,Match 5 + 0 Euro numbers,5 + 0,9,97257.4,875316.6
922,2026-01-20,4,4+2,Match 4 + 2 Euro numbers,4 + 2,22,6562.8,144381.6
922,2026-01-20,5,4+1,Match 4 + 1 Euro number,4 + 1,523,345.0,180435.0
922,2026-01-20,6,3+2,Match 3 + 2 Euro numbers,3 + 2,1053,188.5,198490.5
922,2026-01-20,7,4+0,Match 4 + 0 Euro numbers,4 + 0,1168,123.6,144364.8
922,2026-01-20,8,2+2,Match 2 + 2 Euro numbers,2 + 2,15263,30.1,459416.3
922,2026-01-20,9,3+1,Match 3 + 1 Euro number,3 + 1,24591,20.9,513951.9
922,2026-01-20,10,3+0,Match 3 + 0 Euro numbers,3 + 0,51717,18.8,972279.6
922,2026-01-20,11,1+2,Match 1 + 2 Euro numbers,1 + 2,83953,14.5,1217318.5
922,2026-01-20,12,2+1,Match 2 + 1 Euro number,2 + 1,367017,9.9,3633468.3
923,2026-01-23,1,5+2,Match 5 + 2 Euro numbers,5 + 2,1,53723456.7,53723456.7
923,2026-01-23,2,5+1,Match 5 + 1 Euro number,5 + 1,3,741180.2,2223540.6
923,2026-01-23,3,5+0,Match 5 + 0 Euro numbers,5 + 0,4,313493.3,1253973.2
923,2026-01-23,4,4+2,Match 4 + 2 Euro numbers,4 + 2,44,4700.9,206839.6
923,2026-01-23,5,4+1,Match 4 + 1 Euro number,4 + 1,736,351.2,258483.2
923,2026-01-23,6,3+2,Match 3 + 2 Euro numbers,3 + 2,2108,137.7,290271.6
923,2026-01-23,7,4+0,Match 4 + 0 Euro numbers,4 + 0,1459,137.7,200904.3
923,2026-01-23,8,2+2,Match 2 + 2 Euro numbers,2 + 2,27194,24.2,658094.8
923,2026-01-23,9,3+1,Match 3 + 1 Euro number,3 + 1,33579,21.9,735380.1
923,2026-01-23,10,3+0,Match 3 + 0 Euro numbers,3 + 0,71184,19.6,1395206.4
923,2026-01-23,11,1+2,Match 1 + 2 Euro numbers,1 + 2,151036,11.5,1736914.0
923,2026-01-23,12,2+1,Match 2 + 1 Euro number,2 + 1,478744,10.9,5218309.6
924,2026-01-27,1,5+2,Match 5 + 2 Euro numbers,5 + 2,0,0.0,0.0
924,2026-01-27,2,5+1,Match 5 + 1 Euro number,5 + 1,3,409452.7,1228358.1
924,2026-01-27,3,5+0,Match 5 + 0 Euro numbers,5 + 0,3,230912.2,692736.6
924,2026-01-27,4,4+2,Match 4 + 2 Euro numbers,4 + 2,27,4232.0,114264.0
924,2026-01-27,5,4+1,Match 4 + 1 Euro number,4 + 1,522,273.6,142819.2
924,2026-01-27,6,3+2,Match 3 + 2 Euro numbers,3 + 2,903,173.9,157031.7
924,2026-01-27,7,4+0,Match 4 + 0 Euro numbers,4 + 0,999,114.3,114185.7
924,2026-01-27,8,2+2,Match 2 + 2 Euro numbers,2 + 2,13270,27.4,363598.0
924,2026-01-27,9,3+1,Match 3 + 1 Euro number,3 + 1,23331,17.4,405959.4
924,2026-01-27,10,3+0,Match 3 + 0 Euro numbers,3 + 0,46856,16.4,768438.4
924,2026-01-27,11,1+2,Match 1 + 2 Euro numbers,1 + 2,68147,14.1,960872.7
924,2026-01-27,12,2+1,Match 2 + 1 Euro number,2 + 1,336347,8.6,2892584.2
925,2026-01-30,1,5+2,Match 5 + 2 Euro numbers,5 + 2,1,17638609.9,17638609.9
925,2026-01-30,2,5+1,Match 5 + 1 Euro number,5 + 1,1,1824779.0,1824779.0
925,2026-01-30,3,5+0,Match 5 + 0 Euro numbers,5 + 0,7,147012.9,1029090.3
925,2026-01-30,4,4+2,Match 4 + 2 Euro numbers,4 + 2,66,2571.9,169745.4
925,2026-01-30,5,4+1,Match 4 + 1 Euro number,4 + 1,838,253.2,212181.6
925,2026-01-30,6,3+2,Match 3 + 2 Euro numbers,3 + 2,3600,77.6,279360.0
925,2026-01-30,7,4+0,Match 4 + 0 Euro numbers,4 + 0,1591,77.6,123461.6
925,2026-01-30,8,2+2,Match 2 + 2 Euro numbers,2 + 2,44624,14.5,647048.0
925,2026-01-30,9,3+1,Match 3 + 1 Euro number,3 + 1,39274,14.5,569473.0
925,2026-01-30,10,3+0,Match 3 + 0 Euro numbers,3 + 0,73584,14.5,1066968.0
925,2026-01-30,11,1+2,Match 1 + 2 Euro numbers,1 + 2,198762,7.9,1570219.8
925,2026-01-30,12,2+1,Match 2 + 1 Euro number,2 + 1,527695,7.9,4168790.5
926,2026-02-03,1,5+2,Match 5 + 2 Euro numbers,5 + 2,0,0.0,0.0
926,2026-02-03,2,5+1,Match 5 + 1 Euro number,5 + 1,0,0.0,0.0
926,2026-02-03,3,5+0,Match 5 + 0 Euro numbers,5 + 0,7,99920.2,699441.4
926,2026-02-03,4,4+2,Match 4 + 2 Euro numbers,4 + 2,20,5768.5,115370.0
926,2026-02-03,5,4+1,Match 4 + 1 Euro number,4 + 1,466,309.4,144180.4
926,2026-02-03,6,3+2,Match 3 + 2 Euro numbers,3 + 2,793,200.0,158600.0
926,2026-02-03,7,4+0,Match 4 + 0 Euro numbers,4 + 0,1041,110.8,115342.8
926,2026-02-03,8,2+2,Match 2 + 2 Euro numbers,2 + 2,12237,30.0,367110.0
926,2026-02-03,9,3+1,Match 3 + 1 Euro number,3 + 1,19929,20.6,410537.4
926,2026-02-03,10,3+0,Match 3 + 0 Euro numbers,3 + 0,46932,16.5,774378.0
926,2026-02-03,11,1+2,Match 1 + 2 Euro numbers,1 + 2,66517,14.6,971148.2
926,2026-02-03,12,2+1,Match 2 + 1 Euro number,2 + 1,290404,10.0,2904040.0
927,2026-02-06,1,5+2,Match 5 + 2 Euro numbers,5 + 2,0,0.0,0.0
927,2026-02-06,2,5+1,Match 5 + 1 Euro number,5 + 1,2,1532815.3,3065630.6
927,2026-02-06,3,5+0,Match 5 + 0 Euro numbers,5 + 0,4,257357.7,1029430.8
927,2026-02-06,4,4+2,Match 4 + 2 Euro numbers,4 + 2,22,7718.3,169802.6
927,2026-02-06,5,4+1,Match 4 + 1 Euro number,4 + 1,506,419.4,212216.4
927,2026-02-06,6,3+2,Match 3 + 2 Euro numbers,3 + 2,963,242.4,233431.2
927,2026-02-06,7,4+0,Match 4 + 0 Euro numbers,4 + 0,1439,118.0,169802.0
927,2026-02-06,8,2+2,Match 2 + 2 Euro numbers,2 + 2,14641,36.9,540252.9
927,2026-02-06,9,3+1,Match 3 + 1 Euro number,3 + 1,23797,25.4,604443.8
927,2026-02-06,10,3+0,Match 3 + 0 Euro numbers,3 + 0,65682,17.6,1156003.2
927,2026-02-06,11,1+2,Match 1 + 2 Euro numbers,1 + 2,80480,17.6,1416448.0
927,2026-02-06,12,2+1,Match 2 + 1 Euro number,2 + 1,348942,12.3,4291986.6
928,2026-02-10,1,5+2,Match 5 + 2 Euro numbers,5 + 2,0,0.0,0.0
928,2026-02-10,2,5+1,Match 5 + 1 Euro number,5 + 1,2,693224.1,1386448.2
928,2026-02-10,3,5+0,Match 5 + 0 Euro numbers,5 + 0,9,86876.9,781892.1
928,2026-02-10,4,4+2,Match 4 + 2 Euro numbers,4 + 2,16,8060.7,128971.2
928,2026-02-10,5,4+1,Match 4 + 1 Euro number,4 + 1,660,244.2,161172.0
928,2026-02-10,6,3+2,Match 3 + 2 Euro numbers,3 + 2,1104,160.6,177302.4
928,2026-02-10,7,4+0,Match 4 + 0 Euro numbers,4 + 0,1352,95.3,128845.6
928,2026-02-10,8,2+2,Match 2 + 2 Euro numbers,2 + 2,16182,25.4,411022.8
928,2026-02-10,9,3+1,Match 3 + 1 Euro number,3 + 1,26554,17.3,459384.2
928,2026-02-10,10,3+0,Match 3 + 0 Euro numbers,3 + 0,51996,16.7,868333.2
928,2026-02-10,11,1+2,Match 1 + 2 Euro numbers,1 + 2,85595,12.7,1087056.5
928,2026-02-10,12,2+1,Match 2 + 1 Euro number,2 + 1,361597,9.0,3254373.0
929,2026-02-13,1,5+2,Match 5 + 2 Euro numbers,5 + 2,0,0.0,0.0
929,2026-02-13,2,5+1,Match 5 + 1 Euro number,5 + 1,2,1055924.0,2111848.0
929,2026-02-13,3,5+0,Match 5 + 0 Euro numbers,5 + 0,6,198497.3,1190983.8
929,2026-02-13,4,4+2,Match 4 + 2 Euro numbers,4 + 2,32,6139.0,196448.0
929,2026-02-13,5,4+1,Match 4 + 1 Euro number,4 + 1,547,448.9,245548.3
929,2026-02-13,6,3+2,Match 3 + 2 Euro numbers,3 + 2,1467,184.1,270074.7
929,2026-02-13,7,4+0,Match 4 + 0 Euro numbers,4 + 0,1201,163.5,196363.5
929,2026-02-13,8,2+2,Match 2 + 2 Euro numbers,2 + 2,24796,25.5,632298.0
929,2026-02-13,9,3+1,Match 3 + 1 Euro number,3 + 1,27005,25.5,688627.5
929,2026-02-13,10,3+0,Match 3 + 0 Euro numbers,3 + 0,58813,22.5,1323292.5
929,2026-02-13,11,1+2,Match 1 + 2 Euro numbers,1 + 2,154848,11.0,1703328.0
929,2026-02-13,12,2+1,Match 2 + 1 Euro number,2 + 1,444653,11.0,4891183.0
930,2026-02-17,1,5+2,Match 5 + 2 Euro numbers,5 + 2,0,0.0,0.0
930,2026-02-17,2,5+1,Match 5 + 1 Euro number,5 + 1,1,1537614.3,1537614.3
930,2026-02-17,3,5+0,Match 5 + 0 Euro numbers,5 + 0,3,289047.6,867142.8
930,2026-02-17,4,4+2,Match 4 + 2 Euro numbers,4 + 2,25,5721.3,143032.5
930,2026-02-17,5,4+1,Match 4 + 1 Euro number,4 + 1,516,346.4,178742.4
930,2026-02-17,6,3+2,Match 3 + 2 Euro numbers,3 + 2,1141,172.3,196594.3
930,2026-02-17,7,4+0,Match 4 + 0 Euro numbers,4 + 0,1130,126.5,142945.0
930,2026-02-17,8,2+2,Match 2 + 2 Euro numbers,2 + 2,17296,26.3,454884.8
930,2026-02-17,9,3+1,Match 3 + 1 Euro number,3 + 1,24227,21.0,508767.0
930,2026-02-17,10,3+0,Match 3 + 0 Euro numbers,3 + 0,52305,18.4,962412.0
930,2026-02-17,11,1+2,Match 1 + 2 Euro numbers,1 + 2,94594,12.7,1201343.8
930,2026-02-17,12,2+1,Match 2 + 1 Euro number,2 + 1,360787,10.0,3607870.0
931,2026-02-20,1,5+2,Match 5 + 2 Euro numbers,5 + 2,0,0.0,0.0
931,2026-02-20,2,5+1,Match 5 + 1 Euro number,5 + 1,7,314298.9,2200092.3
931,2026-02-20,3,5+0,Match 5 + 0 Euro numbers,5 + 0,9,137861.1,1240749.9
931,2026-02-20,4,4+2,Match 4 + 2 Euro numbers,4 + 2,38,5385.7,204656.6
931,2026-02-20,5,4+1,Match 4 + 1 Euro number,4 + 1,1015,252.0,255780.0
931,2026-02-20,6,3+2,Match 3 + 2 Euro numbers,3 + 2,1905,147.7,281368.5
931,2026-02-20,7,4+0,Match 4 + 0 Euro numbers,4 + 0,2115,96.7,204520.5
931,2026-02-20,8,2+2,Match 2 + 2 Euro numbers,2 + 2,26861,24.2,650036.2
931,2026-02-20,9,3+1,Match 3 + 1 Euro number,3 + 1,41653,17.5,728927.5
931,2026-02-20,10,3+0,Match 3 + 0 Euro numbers,3 + 0,85352,16.1,1374167.2
931,2026-02-20,11,1+2,Match 1 + 2 Euro numbers,1 + 2,137522,12.5,1719025.0
931,2026-02-20,12,2+1,Match 2 + 1 Euro number,2 + 1,570572,9.1,5192205.2
932,2026-02-24,1,5+2,Match 5 + 2 Euro numbers,5 + 2,0,0.0,0.0
932,2026-02-24,2,5+1,Match 5 + 1 Euro number,5 + 1,5,348925.1,1744625.5
932,2026-02-24,3,5+0,Match 5 + 0 Euro numbers,5 + 0,4,245971.9,983887.6
932,2026-02-24,4,4+2,Match 4 + 2 Euro numbers,4 + 2,34,4773.2,162288.8
932,2026-02-24,5,4+1,Match 4 + 1 Euro number,4 + 1,563,360.3,202848.9
932,2026-02-24,6,3+2,Match 3 + 2 Euro numbers,3 + 2,1591,140.2,223058.2
932,2026-02-24,7,4+0,Match 4 + 0 Euro numbers,4 + 0,1291,125.7,162278.7
932,2026-02-24,8,2+2,Match 2 + 2 Euro numbers,2 + 2,23025,22.4,515760.0
932,2026-02-24,9,3+1,Match 3 + 1 Euro number,3 + 1,27714,20.8,576451.2
932,2026-02-24,10,3+0,Match 3 + 0 Euro numbers,3 + 0,60351,18.1,1092353.1
932,2026-02-24,11,1+2,Match 1 + 2 Euro numbers,1 + 2,123818,11.0,1361998.0
932,2026-02-24,12,2+1,Match 2 + 1 Euro number,2 + 1,409936,10.0,4099360.0
933,2026-02-27,1,5+2,Match 5 + 2 Euro numbers,5 + 2,1,74788336.0,74788336.0
933,2026-02-27,2,5+1,Match 5 + 1 Euro number,5 + 1,6,430292.4,2581754.4
933,2026-02-27,3,5+0,Match 5 + 0 Euro numbers,5 + 0,8,181998.7,1455989.6
933,2026-02-27,4,4+2,Match 4 + 2 Euro numbers,4 + 2,82,2928.8,240161.6
933,2026-02-27,5,4+1,Match 4 + 1 Euro number,4 + 1,1498,200.4,300199.2
933,2026-02-27,6,3+2,Match 3 + 2 Euro numbers,3 + 2,4000,83.9,335600.0
933,2026-02-27,7,4+0,Match 4 + 0 Euro numbers,4 + 0,2792,83.9,234248.8
933,2026-02-27,8,2+2,Match 2 + 2 Euro numbers,2 + 2,45589,16.7,761336.3
933,2026-02-27,9,3+1,Match 3 + 1 Euro number,3 + 1,62684,14.0,877576.0
933,2026-02-27,10,3+0,Match 3 + 0 Euro numbers,3 + 0,113269,14.0,1585766.0
933,2026-02-27,11,1+2,Match 1 + 2 Euro numbers,1 + 2,206174,9.8,2020505.2
933,2026-02-27,12,2+1,Match 2 + 1 Euro number,2 + 1,745725,8.1,6040372.5
934,2026-03-03,1,5+2,Match 5 + 2 Euro numbers,5 + 2,1,10000000.0,10000000.0
934,2026-03-03,2,5+1,Match 5 + 1 Euro number,5 + 1,0,0.0,0.0
934,2026-03-03,3,5+0,Match 5 + 0 Euro numbers,5 + 0,9,79686.7,717180.3
934,2026-03-03,4,4+2,Match 4 + 2 Euro numbers,4 + 2,24,4929.0,118296.0
934,2026-03-03,5,4+1,Match 4 + 1 Euro number,4 + 1,466,317.3,147861.8
934,2026-03-03,6,3+2,Match 3 + 2 Euro numbers,3 + 2,931,174.7,162645.7
934,2026-03-03,7,4+0,Match 4 + 0 Euro numbers,4 + 0,1022,115.7,118245.4
934,2026-03-03,8,2+2,Match 2 + 2 Euro numbers,2 + 2,14309,26.3,376326.7
934,2026-03-03,9,3+1,Match 3 + 1 Euro number,3 + 1,19817,21.2,420120.4
934,2026-03-03,10,3+0,Match 3 + 0 Euro numbers,3 + 0,46139,17.3,798204.7
934,2026-03-03,11,1+2,Match 1 + 2 Euro numbers,1 + 2,75708,13.1,991774.8
934,2026-03-03,12,2+1,Match 2 + 1 Euro number,2 + 1,290691,10.3,2994117.3
935,2026-03-06,1,5+2,Match 5 + 2 Euro numbers,5 + 2,0,0.0,0.0
935,2026-03-06,2,5+1,Match 5 + 1 Euro number,5 + 1,0,0.0,0.0
935,2026-03-06,3,5+0,Match 5 + 0 Euro numbers,5 + 0,8,119096.5,952772.0
935,2026-03-06,4,4+2,Match 4 + 2 Euro numbers,4 + 2,14,11225.5,157157.0
935,2026-03-06,5,4+1,Match 4 + 1 Euro number,4 + 1,620,316.8,196416.0
935,2026-03-06,6,3+2,Match 3 + 2 Euro numbers,3 + 2,1307,165.3,216047.1
935,2026-03-06,7,4+0,Match 4 + 0 Euro numbers,4 + 0,1683,93.3,157023.9
935,2026-03-06,8,2+2,Match 2 + 2 Euro numbers,2 + 2,18355,27.2,499256.0
935,2026-03-06,9,3+1,Match 3 + 1 Euro number,3 + 1,28079,19.9,558772.1
935,2026-03-06,10,3+0,Match 3 + 0 Euro numbers,3 + 0,67438,15.7,1058776.6
935,2026-03-06,11,1+2,Match 1 + 2 Euro numbers,1 + 2,97802,13.5,1320327.0
935,2026-03-06,12,2+1,Match 2 + 1 Euro number,2 + 1,389189,10.2,3969727.8
936,2026-03-10,1,5+2,Match 5 + 2 Euro numbers,5 + 2,0,0.0,0.0
936,2026-03-10,2,5+1,Match 5 + 1 Euro number,5 + 1,6,703618.3,4221709.8
936,2026-03-10,3,5+0,Match 5 + 0 Euro numbers,5 + 0,3,236965.0,710895.0
936,2026-03-10,4,4+2,Match 4 + 2 Euro numbers,4 + 2,25,4690.4,117260.0
936,2026-03-10,5,4+1,Match 4 + 1 Euro number,4 + 1,505,290.2,146551.0
936,2026-03-10,6,3+2,Match 3 + 2 Euro numbers,3 + 2,1148,140.4,161179.2
936,2026-03-10,7,4+0,Match 4 + 0 Euro numbers,4 + 0,1240,94.5,117180.0
936,2026-03-10,8,2+2,Match 2 + 2 Euro numbers,2 + 2,16087,23.2,373218.4
936,2026-03-10,9,3+1,Match 3 + 1 Euro number,3 + 1,22146,18.8,416344.8
936,2026-03-10,10,3+0,Match 3 + 0 Euro numbers,3 + 0,51951,15.2,789655.2
936,2026-03-10,11,1+2,Match 1 + 2 Euro numbers,1 + 2,81990,12.0,983880.0
936,2026-03-10,12,2+1,Match 2 + 1 Euro number,2 + 1,319781,9.3,2973963.3
937,2026-03-13,1,5+2,Match 5 + 2 Euro numbers,5 + 2,0,0.0,0.0
937,2026-03-13,2,5+1,Match 5 + 1 Euro number,5 + 1,8,246332.8,1970662.4
937,2026-03-13,3,5+0,Match 5 + 0 Euro numbers,5 + 0,6,185226.9,1111361.4
937,2026-03-13,4,4+2,Match 4 + 2 Euro numbers,4 + 2,66,2777.5,183315.0
937,2026-03-13,5,4+1,Match 4 + 1 Euro number,4 + 1,1077,212.7,229077.9
937,2026-03-13,6,3+2,Match 3 + 2 Euro numbers,3 + 2,2100,120.0,252000.0
937,2026-03-13,7,4+0,Match 4 + 0 Euro numbers,4 + 0,2443,75.0,183225.0
937,2026-03-13,8,2+2,Match 2 + 2 Euro numbers,2 + 2,26011,22.4,582646.4
937,2026-03-13,9,3+1,Match 3 + 1 Euro number,3 + 1,38786,16.8,651604.8
937,2026-03-13,10,3+0,Match 3 + 0 Euro numbers,3 + 0,90214,13.7,1235931.8
937,2026-03-13,11,1+2,Match 1 + 2 Euro numbers,1 + 2,133293,11.6,1546198.8
937,2026-03-13,12,2+1,Match 2 + 1 Euro number,2 + 1,485782,9.5,4614929.0
938,2026-03-17,1,5+2,Match 5 + 2 Euro numbers,5 + 2,0,0.0,0.0
938,2026-03-17,2,5+1,Match 5 + 1 Euro number,5 + 1,4,350097.5,1400390.0
938,2026-03-17,3,5+0,Match 5 + 0 Euro numbers,5 + 0,5,157950.9,789754.5
938,2026-03-17,4,4+2,Match 4 + 2 Euro numbers,4 + 2,14,9304.9,130268.6
938,2026-03-17,5,4+1,Match 4 + 1 Euro number,4 + 1,464,350.9,162817.6
938,2026-03-17,6,3+2,Match 3 + 2 Euro numbers,3 + 2,1000,179.1,179100.0
938,2026-03-17,7,4+0,Match 4 + 0 Euro numbers,4 + 0,1102,118.2,130256.4
938,2026-03-17,8,2+2,Match 2 + 2 Euro numbers,2 + 2,15463,26.8,414408.4
938,2026-03-17,9,3+1,Match 3 + 1 Euro number,3 + 1,23167,20.0,463340.0
938,2026-03-17,10,3+0,Match 3 + 0 Euro numbers,3 + 0,57584,15.2,875276.8
938,2026-03-17,11,1+2,Match 1 + 2 Euro numbers,1 + 2,80273,13.6,1091712.8
938,2026-03-17,12,2+1,Match 2 + 1 Euro number,2 + 1,344012,9.6,3302515.2
939,2026-03-20,1,5+2,Match 5 + 2 Euro numbers,5 + 2,0,0.0,0.0
939,2026-03-20,2,5+1,Match 5 + 1 Euro number,5 + 1,2,996820.7,1993641.4
939,2026-03-20,3,5+0,Match 5 + 0 Euro numbers,5 + 0,6,187386.8,1124320.8
939,2026-03-20,4,4+2,Match 4 + 2 Euro numbers,4 + 2,48,3863.6,185452.8
939,2026-03-20,5,4+1,Match 4 + 1 Euro number,4 + 1,831,278.9,231765.9
939,2026-03-20,6,3+2,Match 3 + 2 Euro numbers,3 + 2,2126,119.9,254907.4
939,2026-03-20,7,4+0,Match 4 + 0 Euro numbers,4 + 0,1860,99.7,185442.0
939,2026-03-20,8,2+2,Match 2 + 2 Euro numbers,2 + 2,28985,20.3,588395.5
939,2026-03-20,9,3+1,Match 3 + 1 Euro number,3 + 1,36361,18.1,658134.1
939,2026-03-20,10,3+0,Match 3 + 0 Euro numbers,3 + 0,76435,16.3,1245890.5
939,2026-03-20,11,1+2,Match 1 + 2 Euro numbers,1 + 2,143444,10.9,1563539.6
939,2026-03-20,12,2+1,Match 2 + 1 Euro number,2 + 1,504513,9.3,4691970.9
940,2026-03-24,1,5+2,Match 5 + 2 Euro numbers,5 + 2,0,0.0,0.0
940,2026-03-24,2,5+1,Match 5 + 1 Euro number,5 + 1,4,388563.9,1554255.6
940,2026-03-24,3,5+0,Match 5 + 0 Euro numbers,5 + 0,4,219131.9,876527.6
940,2026-03-24,4,4+2,Match 4 + 2 Euro numbers,4 + 2,37,3907.6,144581.2
940,2026-03-24,5,4+1,Match 4 + 1 Euro number,4 + 1,608,297.2,180697.6
940,2026-03-24,6,3+2,Match 3 + 2 Euro numbers,3 + 2,1470,135.2,198744.0
940,2026-03-24,7,4+0,Match 4 + 0 Euro numbers,4 + 0,1223,118.2,144558.6
940,2026-03-24,8,2+2,Match 2 + 2 Euro numbers,2 + 2,21340,21.5,458810.0
940,2026-03-24,9,3+1,Match 3 + 1 Euro number,3 + 1,27088,19.0,514672.0
940,2026-03-24,10,3+0,Match 3 + 0 Euro numbers,3 + 0,52738,18.5,975653.0
940,2026-03-24,11,1+2,Match 1 + 2 Euro numbers,1 + 2,115661,10.5,1214440.5
940,2026-03-24,12,2+1,Match 2 + 1 Euro number,2 + 1,400058,9.1,3640527.8
941,2026-03-27,1,5+2,Match 5 + 2 Euro numbers,5 + 2,0,0.0,0.0
941,2026-03-27,2,5+1,Match 5 + 1 Euro number,5 + 1,6,368103.9,2208623.4
941,2026-03-27,3,5+0,Match 5 + 0 Euro numbers,5 + 0,15,83037.3,1245559.5
941,2026-03-27,4,4+2,Match 4 + 2 Euro numbers,4 + 2,32,6420.4,205452.8
941,2026-03-27,5,4+1,Match 4 + 1 Euro number,4 + 1,740,347.0,256780.0
941,2026-03-27,6,3+2,Match 3 + 2 Euro numbers,3 + 2,1374,205.6,282494.4
941,2026-03-27,7,4+0,Match 4 + 0 Euro numbers,4 + 0,1803,113.9,205361.7
941,2026-03-27,8,2+2,Match 2 + 2 Euro numbers,2 + 2,20771,31.5,654286.5
941,2026-03-27,9,3+1,Match 3 + 1 Euro number,3 + 1,31904,22.9,730601.6
941,2026-03-27,10,3+0,Match 3 + 0 Euro numbers,3 + 0,75539,18.3,1382363.7
941,2026-03-27,11,1+2,Match 1 + 2 Euro numbers,1 + 2,115879,14.9,1726597.1
941,2026-03-27,12,2+1,Match 2 + 1 Euro number,2 + 1,483481,10.7,5173246.7
942,2026-03-31,1,5+2,Match 5 + 2 Euro numbers,5 + 2,1,70718366.9,70718366.9
942,2026-03-31,2,5+1,Match 5 + 1 Euro number,5 + 1,3,625615.2,1876845.6
942,2026-03-31,3,5+0,Match 5 + 0 Euro numbers,5 + 0,3,352817.8,1058453.4
942,2026-03-31,4,4+2,Match 4 + 2 Euro numbers,4 + 2,40,4364.7,174588.0
942,2026-03-31,5,4+1,Match 4 + 1 Euro number,4 + 1,759,287.5,218212.5
942,2026-03-31,6,3+2,Match 3 + 2 Euro numbers,3 + 2,1709,140.4,239943.6
942,2026-03-31,7,4+0,Match 4 + 0 Euro numbers,4 + 0,1608,108.5,174468.0
942,2026-03-31,8,2+2,Match 2 + 2 Euro numbers,2 + 2,23241,23.9,555459.9
942,2026-03-31,9,3+1,Match 3 + 1 Euro number,3 + 1,36903,16.8,619970.4
942,2026-03-31,10,3+0,Match 3 + 0 Euro numbers,3 + 0,74030,15.9,1177077.0
942,2026-03-31,11,1+2,Match 1 + 2 Euro numbers,1 + 2,115973,12.7,1472857.1
942,2026-03-31,12,2+1,Match 2 + 1 Euro number,2 + 1,496063,8.9,4414960.7
943,2026-04-03,1,5+2,Match 5 + 2 Euro numbers,5 + 2,1,10000000.0,10000000.0
943,2026-04-03,2,5+1,Match 5 + 1 Euro number,5 + 1,5,337733.9,1688669.5
943,2026-04-03,3,5+0,Match 5 + 0 Euro numbers,5 + 0,7,136047.3,952331.1
943,2026-04-03,4,4+2,Match 4 + 2 Euro numbers,4 + 2,21,7480.2,157084.2
943,2026-04-03,5,4+1,Match 4 + 1 Euro number,4 + 1,579,339.1,196338.9
943,2026-04-03,6,3+2,Match 3 + 2 Euro numbers,3 + 2,971,222.4,215950.4
943,2026-04-03,7,4+0,Match 4 + 0 Euro numbers,4 + 0,1632,96.2,156998.4
943,2026-04-03,8,2+2,Match 2 + 2 Euro numbers,2 + 2,14688,34.0,499392.0
943,2026-04-03,9,3+1,Match 3 + 1 Euro number,3 + 1,25443,21.9,557201.7
943,2026-04-03,10,3+0,Match 3 + 0 Euro numbers,3 + 0,74653,15.8,1179517.4
943,2026-04-03,11,1+2,Match 1 + 2 Euro numbers,1 + 2,76293,15.8,1205429.4
943,2026-04-03,12,2+1,Match 2 + 1 Euro number,2 + 1,362467,10.9,3950890.3
944,2026-04-07,1,5+2,Match 5 + 2 Euro numbers,5 + 2,2,5000000.0,10000000.0
944,2026-04-07,2,5+1,Match 5 + 1 Euro number,5 + 1,3,380672.5,1142017.5
944,2026-04-07,3,5+0,Match 5 + 0 Euro numbers,5 + 0,6,107340.8,644044.8
944,2026-04-07,4,4+2,Match 4 + 2 Euro numbers,4 + 2,48,2213.2,106233.6
944,2026-04-07,5,4+1,Match 4 + 1 Euro number,4 + 1,599,221.6,132738.4
944,2026-04-07,6,3+2,Match 3 + 2 Euro numbers,3 + 2,1515,96.4,146046.0
944,2026-04-07,7,4+0,Match 4 + 0 Euro numbers,4 + 0,1280,82.9,106112.0
944,2026-04-07,8,2+2,Match 2 + 2 Euro numbers,2 + 2,20223,16.7,337724.1
944,2026-04-07,9,3+1,Match 3 + 1 Euro number,3 + 1,23437,16.1,377335.7
944,2026-04-07,10,3+0,Match 3 + 0 Euro numbers,3 + 0,50989,14.0,713846.0
944,2026-04-07,11,1+2,Match 1 + 2 Euro numbers,1 + 2,101255,8.8,891044.0
944,2026-04-07,12,2+1,Match 2 + 1 Euro number,2 + 1,305756,8.8,2690652.8
945,2026-04-10,1,5+2,Match 5 + 2 Euro numbers,5 + 2,0,0.0,0.0
945,2026-04-10,2,5+1,Match 5 + 1 Euro number,5 + 1,0,0.0,0.0
945,2026-04-10,3,5+0,Match 5 + 0 Euro numbers,5 + 0,7,134418.5,940929.5
945,2026-04-10,4,4+2,Match 4 + 2 Euro numbers,4 + 2,25,6208.1,155202.5
945,2026-04-10,5,4+1,Match 4 + 1 Euro number,4 + 1,468,414.5,193986.0
945,2026-04-10,6,3+2,Match 3 + 2 Euro numbers,3 + 2,1013,210.6,213337.8
945,2026-04-10,7,4+0,Match 4 + 0 Euro numbers,4 + 0,1576,98.4,155078.4
945,2026-04-10,8,2+2,Match 2 + 2 Euro numbers,2 + 2,15341,32.2,493980.2
945,2026-04-10,9,3+1,Match 3 + 1 Euro number,3 + 1,23686,23.3,551883.8
945,2026-04-10,10,3+0,Match 3 + 0 Euro numbers,3 + 0,69450,15.9,1104255.0
945,2026-04-10,11,1+2,Match 1 + 2 Euro numbers,1 + 2,78546,15.9,1248881.4
945,2026-04-10,12,2+1,Match 2 + 1 Euro number,2 + 1,343778,11.4,3919069.2
946,2026-04-14,1,5+2,Match 5 + 2 Euro numbers,5 + 2,0,0.0,0.0
946,2026-04-14,2,5+1,Match 5 + 1 Euro number,5 + 1,0,0.0,0.0
946,2026-04-14,3,5+0,Match 5 + 0 Euro numbers,5 + 0,3,236703.2,710109.6
946,2026-04-14,4,4+2,Match 4 + 2 Euro numbers,4 + 2,20,5856.5,117130.0
946,2026-04-14,5,4+1,Match 4 + 1 Euro number,4 + 1,428,342.0,146376.0
946,2026-04-14,6,3+2,Match 3 + 2 Euro numbers,3 + 2,978,164.6,160978.8
946,2026-04-14,7,4+0,Match 4 + 0 Euro numbers,4 + 0,785,149.2,117122.0
946,2026-04-14,8,2+2,Match 2 + 2 Euro numbers,2 + 2,14562,25.6,372787.2
946,2026-04-14,9,3+1,Match 3 + 1 Euro number,3 + 1,19792,21.0,415632.0
946,2026-04-14,10,3+0,Match 3 + 0 Euro numbers,3 + 0,40854,19.3,788482.2
946,2026-04-14,11,1+2,Match 1 + 2 Euro numbers,1 + 2,79729,12.3,980666.7
946,2026-04-14,12,2+1,Match 2 + 1 Euro number,2 + 1,301292,9.8,2952661.6
947,2026-04-17,1,5+2,Match 5 + 2 Euro numbers,5 + 2,0,0.0,0.0
947,2026-04-17,2,5+1,Match 5 + 1 Euro number,5 + 1,0,0.0,0.0
947,2026-04-17,3,5+0,Match 5 + 0 Euro numbers,5 + 0,3,342237.0,1026711.0
947,2026-04-17,4,4+2,Match 4 + 2 Euro numbers,4 + 2,29,5839.8,169354.2
947,2026-04-17,5,4+1,Match 4 + 1 Euro number,4 + 1,545,388.4,211678.0
947,2026-04-17,6,3+2,Match 3 + 2 Euro numbers,3 + 2,1505,154.7,232823.5
947,2026-04-17,7,4+0,Match 4 + 0 Euro numbers,4 + 0,1179,143.6,169304.4
947,2026-04-17,8,2+2,Match 2 + 2 Euro numbers,2 + 2,22858,23.6,539448.8
947,2026-04-17,9,3+1,Match 3 + 1 Euro number,3 + 1,25969,23.2,602480.8
947,2026-04-17,10,3+0,Match 3 + 0 Euro numbers,3 + 0,56037,20.3,1137551.1
947,2026-04-17,11,1+2,Match 1 + 2 Euro numbers,1 + 2,129753,11.0,1427283.0
947,2026-04-17,12,2+1,Match 2 + 1 Euro number,2 + 1,394553,10.8,4261172.4
948,2026-04-21,1,5+2,Match 5 + 2 Euro numbers,5 + 2,0,0.0,0.0
948,2026-04-21,2,5+1,Match 5 + 1 Euro number,5 + 1,2,3066953.7,6133907.4
948,2026-04-21,3,5+0,Match 5 + 0 Euro numbers,5 + 0,5,156297.5,781487.5
948,2026-04-21,4,4+2,Match 4 + 2 Euro numbers,4 + 2,20,6445.2,128904.0
948,2026-04-21,5,4+1,Match 4 + 1 Euro number,4 + 1,418,385.4,161097.2
948,2026-04-21,6,3+2,Match 3 + 2 Euro numbers,3 + 2,1021,173.5,177143.5
948,2026-04-21,7,4+0,Match 4 + 0 Euro numbers,4 + 0,866,148.8,128860.8
948,2026-04-21,8,2+2,Match 2 + 2 Euro numbers,2 + 2,14141,29.0,410089.0
948,2026-04-21,9,3+1,Match 3 + 1 Euro number,3 + 1,19556,23.4,457610.4
948,2026-04-21,10,3+0,Match 3 + 0 Euro numbers,3 + 0,40965,21.2,868458.0
948,2026-04-21,11,1+2,Match 1 + 2 Euro numbers,1 + 2,81256,13.3,1080704.8
948,2026-04-21,12,2+1,Match 2 + 1 Euro number,2 + 1,303040,10.7,3242528.0
949,2026-04-24,1,5+2,Match 5 + 2 Euro numbers,5 + 2,0,0.0,0.0
949,2026-04-24,2,5+1,Match 5 + 1 Euro number,5 + 1,2,972028.0,1944056.0
949,2026-04-24,3,5+0,Match 5 + 0 Euro numbers,5 + 0,10,109635.7,1096357.0
949,2026-04-24,4,4+2,Match 4 + 2 Euro numbers,4 + 2,35,5166.9,180841.5
949,2026-04-24,5,4+1,Match 4 + 1 Euro number,4 + 1,664,340.4,226025.6
949,2026-04-24,6,3+2,Match 3 + 2 Euro numbers,3 + 2,1448,171.7,248621.6
949,2026-04-24,7,4+0,Match 4 + 0 Euro numbers,4 + 0,1417,127.6,180809.2
949,2026-04-24,8,2+2,Match 2 + 2 Euro numbers,2 + 2,20941,27.5,575877.5
949,2026-04-24,9,3+1,Match 3 + 1 Euro number,3 + 1,29408,21.9,644035.2
949,2026-04-24,10,3+0,Match 3 + 0 Euro numbers,3 + 0,67140,18.1,1215234.0
949,2026-04-24,11,1+2,Match 1 + 2 Euro numbers,1 + 2,113610,13.4,1522374.0
949,2026-04-24,12,2+1,Match 2 + 1 Euro number,2 + 1,440598,10.4,4582219.2
950,2026-04-28,1,5+2,Match 5 + 2 Euro numbers,5 + 2,0,0.0,0.0
950,2026-04-28,2,5+1,Match 5 + 1 Euro number,5 + 1,3,507454.5,1522363.5
950,2026-04-28,3,5+0,Match 5 + 0 Euro numbers,5 + 0,6,143090.3,858541.8
950,2026-04-28,4,4+2,Match 4 + 2 Euro numbers,4 + 2,21,6743.5,141613.5
950,2026-04-28,5,4+1,Match 4 + 1 Euro number,4 + 1,416,425.5,177008.0
950,2026-04-28,6,3+2,Match 3 + 2 Euro numbers,3 + 2,1143,170.3,194652.9
950,2026-04-28,7,4+0,Match 4 + 0 Euro numbers,4 + 0,948,149.3,141536.4
950,2026-04-28,8,2+2,Match 2 + 2 Euro numbers,2 + 2,18671,24.3,453705.3
950,2026-04-28,9,3+1,Match 3 + 1 Euro number,3 + 1,20663,24.3,502110.9
950,2026-04-28,10,3+0,Match 3 + 0 Euro numbers,3 + 0,44152,21.6,953683.2
950,2026-04-28,11,1+2,Match 1 + 2 Euro numbers,1 + 2,110413,10.8,1192460.4
950,2026-04-28,12,2+1,Match 2 + 1 Euro number,2 + 1,340883,10.5,3579271.5
951,2026-05-01,1,5+2,Match 5 + 2 Euro numbers,5 + 2,0,0.0,0.0
951,2026-05-01,2,5+1,Match 5 + 1 Euro number,5 + 1,3,681460.7,2044382.1
951,2026-05-01,3,5+0,Match 5 + 0 Euro numbers,5 + 0,7,164705.2,1152936.4
951,2026-05-01,4,4+2,Match 4 + 2 Euro numbers,4 + 2,70,2716.7,190169.0
951,2026-05-01,5,4+1,Match 4 + 1 Euro number,4 + 1,1094,217.2,237616.8
951,2026-05-01,6,3+2,Match 3 + 2 Euro numbers,3 + 2,2546,102.7,261474.2
951,2026-05-01,7,4+0,Match 4 + 0 Euro numbers,4 + 0,1946,97.7,190124.2
951,2026-05-01,8,2+2,Match 2 + 2 Euro numbers,2 + 2,35513,17.0,603721.0
951,2026-05-01,9,3+1,Match 3 + 1 Euro number,3 + 1,44266,15.3,677269.8
951,2026-05-01,10,3+0,Match 3 + 0 Euro numbers,3 + 0,85298,15.0,1279470.0
951,2026-05-01,11,1+2,Match 1 + 2 Euro numbers,1 + 2,167595,9.5,1592152.5
951,2026-05-01,12,2+1,Match 2 + 1 Euro number,2 + 1,594252,8.1,4813441.2
952,2026-05-05,1,5+2,Match 5 + 2 Euro numbers,5 + 2,0,0.0,0.0
952,2026-05-05,2,5+1,Match 5 + 1 Euro number,5 + 1,0,0.0,0.0
952,2026-05-05,3,5+0,Match 5 + 0 Euro numbers,5 + 0,3,330848.9,992546.7
952,2026-05-05,4,4+2,Match 4 + 2 Euro numbers,4 + 2,32,5116.2,163718.4
952,2026-05-05,5,4+1,Match 4 + 1 Euro number,4 + 1,497,411.7,204614.9
952,2026-05-05,6,3+2,Match 3 + 2 Euro numbers,3 + 2,1178,191.0,224998.0
952,2026-05-05,7,4+0,Match 4 + 0 Euro numbers,4 + 0,1108,147.7,163651.6
952,2026-05-05,8,2+2,Match 2 + 2 Euro numbers,2 + 2,19281,27.0,520587.0
952,2026-05-05,9,3+1,Match 3 + 1 Euro number,3 + 1,23313,25.0,582825.0
952,2026-05-05,10,3+0,Match 3 + 0 Euro numbers,3 + 0,52679,20.9,1100991.1
952,2026-05-05,11,1+2,Match 1 + 2 Euro numbers,1 + 2,114536,12.0,1374432.0
952,2026-05-05,12,2+1,Match 2 + 1 Euro number,2 + 1,371368,11.1,4122184.8
953,2026-05-08,1,5+2,Match 5 + 2 Euro numbers,5 + 2,0,0.0,0.0
953,2026-05-08,2,5+1,Match 5 + 1 Euro number,5 + 1,5,848825.9,4244129.5
953,2026-05-08,3,5+0,Match 5 + 0 Euro numbers,5 + 0,4,350236.2,1400944.8
953,2026-05-08,4,4+2,Match 4 + 2 Euro numbers,4 + 2,43,5374.0,231082.0
953,2026-05-08,5,4+1,Match 4 + 1 Euro number,4 + 1,766,377.0,288782.0
953,2026-05-08,6,3+2,Match 3 + 2 Euro numbers,3 + 2,1614,196.8,317635.2
953,2026-05-08,7,4+0,Match 4 + 0 Euro numbers,4 + 0,1882,122.7,230921.4
953,2026-05-08,8,2+2,Match 2 + 2 Euro numbers,2 + 2,24460,30.1,736246.0
953,2026-05-08,9,3+1,Match 3 + 1 Euro number,3 + 1,35807,22.9,819980.3
953,2026-05-08,10,3+0,Match 3 + 0 Euro numbers,3 + 0,93174,16.7,1556005.8
953,2026-05-08,11,1+2,Match 1 + 2 Euro numbers,1 + 2,130133,14.9,1938981.7
953,2026-05-08,12,2+1,Match 2 + 1 Euro number,2 + 1,531026,11.0,5841286.0
954,2026-05-12,1,5+2,Match 5 + 2 Euro numbers,5 + 2,0,0.0,0.0
954,2026-05-12,2,5+1,Match 5 + 1 Euro number,5 + 1,5,436055.9,2180279.5
954,2026-05-12,3,5+0,Match 5 + 0 Euro numbers,5 + 0,12,102464.6,1229575.2
954,2026-05-12,4,4+2,Match 4 + 2 Euro numbers,4 + 2,74,2740.7,202811.8
954,2026-05-12,5,4+1,Match 4 + 1 Euro number,4 + 1,1146,221.2,253495.2
954,2026-05-12,6,3+2,Match 3 + 2 Euro numbers,3 + 2,2766,100.8,278812.8
954,2026-05-12,7,4+0,Match 4 + 0 Euro numbers,4 + 0,2665,76.1,202806.5
954,2026-05-12,8,2+2,Match 2 + 2 Euro numbers,2 + 2,29581,21.8,644865.8
954,2026-05-12,9,3+1,Match 3 + 1 Euro number,3 + 1,46863,15.4,721690.2
954,2026-05-12,10,3+0,Match 3 + 0 Euro numbers,3 + 0,107817,12.6,1358494.2
954,2026-05-12,11,1+2,Match 1 + 2 Euro numbers,1 + 2,140544,12.1,1700582.4
954,2026-05-12,12,2+1,Match 2 + 1 Euro number,2 + 1,568696,9.0,5118264.0
955,2026-05-15,1,5+2,Match 5 + 2 Euro numbers,5 + 2,0,0.0,0.0
955,2026-05-15,2,5+1,Match 5 + 1 Euro number,5 + 1,2,1655835.9,3311671.8
955,2026-05-15,3,5+0,Match 5 + 0 Euro numbers,5 + 0,11,169784.4,1867628.4
955,2026-05-15,4,4+2,Match 4 + 2 Euro numbers,4 + 2,30,10268.7,308061.0
955,2026-05-15,5,4+1,Match 4 + 1 Euro number,4 + 1,840,458.4,385056.0
955,2026-05-15,6,3+2,Match 3 + 2 Euro numbers,3 + 2,1866,227.0,423582.0
955,2026-05-15,7,4+0,Match 4 + 0 Euro numbers,4 + 0,2048,150.4,308019.2
955,2026-05-15,8,2+2,Match 2 + 2 Euro numbers,2 + 2,29625,33.1,980587.5
955,2026-05-15,9,3+1,Match 3 + 1 Euro number,3 + 1,41499,26.4,1095573.6
955,2026-05-15,10,3+0,Match 3 + 0 Euro numbers,3 + 0,96735,21.4,2070129.0
955,2026-05-15,11,1+2,Match 1 + 2 Euro numbers,1 + 2,167524,15.5,2596622.0
955,2026-05-15,12,2+1,Match 2 + 1 Euro number,2 + 1,679510,11.5,7814365.0
956,2026-05-19,1,5+2,Match 5 + 2 Euro numbers,5 + 2,0,0.0,0.0
956,2026-05-19,2,5+1,Match 5 + 1 Euro number,5 + 1,4,1205258.3,4821033.2
956,2026-05-19,3,5+0,Match 5 + 0 Euro numbers,5 + 0,11,155487.2,1710359.2
956,2026-05-19,4,4+2,Match 4 + 2 Euro numbers,4 + 2,47,6002.5,282117.5
956,2026-05-19,5,4+1,Match 4 + 1 Euro number,4 + 1,862,409.1,352644.2
956,2026-05-19,6,3+2,Match 3 + 2 Euro numbers,3 + 2,2169,178.8,387817.2
956,2026-05-19,7,4+0,Match 4 + 0 Euro numbers,4 + 0,1899,148.5,282001.5
956,2026-05-19,8,2+2,Match 2 + 2 Euro numbers,2 + 2,32454,27.7,898975.8
956,2026-05-19,9,3+1,Match 3 + 1 Euro number,3 + 1,44447,22.6,1004502.2
956,2026-05-19,10,3+0,Match 3 + 0 Euro numbers,3 + 0,95159,20.0,1903180.0
956,2026-05-19,11,1+2,Match 1 + 2 Euro numbers,1 + 2,178901,13.3,2379383.3
956,2026-05-19,12,2+1,Match 2 + 1 Euro number,2 + 1,682055,10.4,7093372.0
957,2026-05-22,1,5+2,Match 5 + 2 Euro numbers,5 + 2,0,0.0,0.0
957,2026-05-22,2,5+1,Match 5 + 1 Euro number,5 + 1,10,2351253.5,23512535.0
957,2026-05-22,3,5+0,Match 5 + 0 Euro numbers,5 + 0,9,244916.5,2204248.5
957,2026-05-22,4,4+2,Match 4 + 2 Euro numbers,4 + 2,59,6162.4,363581.6
957,2026-05-22,5,4+1,Match 4 + 1 Euro number,4 + 1,1275,356.4,454410.0
957,2026-05-22,6,3+2,Match 3 + 2 Euro numbers,3 + 2,3462,146.1,505798.2
957,2026-05-22,7,4+0,Match 4 + 0 Euro numbers,4 + 0,2446,146.1,357360.6
957,2026-05-22,8,2+2,Match 2 + 2 Euro numbers,2 + 2,64343,19.4,1248254.2
957,2026-05-22,9,3+1,Match 3 + 1 Euro number,3 + 1,61627,19.4,1195563.8
957,2026-05-22,10,3+0,Match 3 + 0 Euro numbers,3 + 0,126270,19.4,2449638.0
957,2026-05-22,11,1+2,Match 1 + 2 Euro numbers,1 + 2,297379,10.3,3063003.7
957,2026-05-22,12,2+1,Match 2 + 1 Euro number,2 + 1,955291,9.6,9170793.6
958,2026-05-26,1,5+2,Match 5 + 2 Euro numbers,5 + 2,1,120000000.0,120000000.0
958,2026-05-26,2,5+1,Match 5 + 1 Euro number,5 + 1,5,4042351.0,20211755.0
958,2026-05-26,3,5+0,Match 5 + 0 Euro numbers,5 + 0,18,96939.4,1744909.2
958,2026-05-26,4,4+2,Match 4 + 2 Euro numbers,4 + 2,64,4497.1,287814.4
958,2026-05-26,5,4+1,Match 4 + 1 Euro number,4 + 1,1208,297.8,359742.4
958,2026-05-26,6,3+2,Match 3 + 2 Euro numbers,3 + 2,2189,180.7,395552.3
958,2026-05-26,7,4+0,Match 4 + 0 Euro numbers,4 + 0,3386,85.0,287810.0
958,2026-05-26,8,2+2,Match 2 + 2 Euro numbers,2 + 2,30399,30.1,915009.9
958,2026-05-26,9,3+1,Match 3 + 1 Euro number,3 + 1,49393,20.7,1022435.1
958,2026-05-26,10,3+0,Match 3 + 0 Euro numbers,3 + 0,137819,14.7,2025939.3
958,2026-05-26,11,1+2,Match 1 + 2 Euro numbers,1 + 2,158322,14.7,2327333.4
958,2026-05-26,12,2+1,Match 2 + 1 Euro number,2 + 1,688846,10.6,7301767.6
959,2026-05-29,1,5+2,Match 5 + 2 Euro numbers,5 + 2,0,0.0,0.0
959,2026-05-29,2,5+1,Match 5 + 1 Euro number,5 + 1,1,1833740.5,1833740.5
959,2026-05-29,3,5+0,Match 5 + 0 Euro numbers,5 + 0,6,172357.4,1034144.4
959,2026-05-29,4,4+2,Match 4 + 2 Euro numbers,4 + 2,24,7107.5,170580.0
959,2026-05-29,5,4+1,Match 4 + 1 Euro number,4 + 1,598,356.5,213187.0
959,2026-05-29,6,3+2,Match 3 + 2 Euro numbers,3 + 2,1366,171.7,234542.2
959,2026-05-29,7,4+0,Match 4 + 0 Euro numbers,4 + 0,1311,130.1,170561.1
959,2026-05-29,8,2+2,Match 2 + 2 Euro numbers,2 + 2,20659,26.3,543331.7
959,2026-05-29,9,3+1,Match 3 + 1 Euro number,3 + 1,31802,19.1,607418.2
959,2026-05-29,10,3+0,Match 3 + 0 Euro numbers,3 + 0,62066,18.5,1148221.0
959,2026-05-29,11,1+2,Match 1 + 2 Euro numbers,1 + 2,113100,12.7,1436370.0
959,2026-05-29,12,2+1,Match 2 + 1 Euro number,2 + 1,460638,9.3,4283933.4
960,2026-06-02,1,5+2,Match 5 + 2 Euro numbers,5 + 2,0,0.0,0.0
960,2026-06-02,2,5+1,Match 5 + 1 Euro number,5 + 1,1,1349165.8,1349165.8
960,2026-06-02,3,5+0,Match 5 + 0 Euro numbers,5 + 0,1,760866.7,760866.7
960,2026-06-02,4,4+2,Match 4 + 2 Euro numbers,4 + 2,21,5976.3,125502.3
960,2026-06-02,5,4+1,Match 4 + 1 Euro number,4 + 1,384,408.5,156864.0
960,2026-06-02,6,3+2,Match 3 + 2 Euro numbers,3 + 2,932,185.1,172513.2
960,2026-06-02,7,4+0,Match 4 + 0 Euro numbers,4 + 0,800,156.8,125440.0
960,2026-06-02,8,2+2,Match 2 + 2 Euro numbers,2 + 2,13842,28.9,400033.8
960,2026-06-02,9,3+1,Match 3 + 1 Euro number,3 + 1,18337,24.3,445589.1
960,2026-06-02,10,3+0,Match 3 + 0 Euro numbers,3 + 0,38127,22.2,846419.4
960,2026-06-02,11,1+2,Match 1 + 2 Euro numbers,1 + 2,81152,13.0,1054976.0
960,2026-06-02,12,2+1,Match 2 + 1 Euro number,2 + 1,287233,11.0,3159563.0
961,2026-06-05,1,5+2,Match 5 + 2 Euro numbers,5 + 2,0,0.0,0.0
961,2026-06-05,2,5+1,Match 5 + 1 Euro number,5 + 1,2,923584.2,1847168.4
961,2026-06-05,3,5+0,Match 5 + 0 Euro numbers,5 + 0,4,260429.2,1041716.8
961,2026-06-05,4,4+2,Match 4 + 2 Euro numbers,4 + 2,35,4909.4,171829.0
961,2026-06-05,5,4+1,Match 4 + 1 Euro number,4 + 1,561,382.8,214750.8
961,2026-06-05,6,3+2,Match 3 + 2 Euro numbers,3 + 2,1338,176.5,236157.0
961,2026-06-05,7,4+0,Match 4 + 0 Euro numbers,4 + 0,1257,136.6,171706.2
961,2026-06-05,8,2+2,Match 2 + 2 Euro numbers,2 + 2,20756,26.3,545882.8
961,2026-06-05,9,3+1,Match 3 + 1 Euro number,3 + 1,27217,22.4,609660.8
961,2026-06-05,10,3+0,Match 3 + 0 Euro numbers,3 + 0,59056,19.6,1157497.6
961,2026-06-05,11,1+2,Match 1 + 2 Euro numbers,1 + 2,116561,12.4,1445356.4
961,2026-06-05,12,2+1,Match 2 + 1 Euro number,2 + 1,414079,10.5,4347829.5
962,2026-06-09,1,5+2,Match 5 + 2 Euro numbers,5 + 2,0,0.0,0.0
962,2026-06-09,2,5+1,Match 5 + 1 Euro number,5 + 1,5,292956.4,1464782.0
962,2026-06-09,3,5+0,Match 5 + 0 Euro numbers,5 + 0,3,275356.3,826068.9
962,2026-06-09,4,4+2,Match 4 + 2 Euro numbers,4 + 2,23,5924.2,136256.6
962,2026-06-09,5,4+1,Match 4 + 1 Euro number,4 + 1,486,350.4,170294.4
962,2026-06-09,6,3+2,Match 3 + 2 Euro numbers,3 + 2,927,202.1,187346.7
962,2026-06-09,7,4+0,Match 4 + 0 Euro numbers,4 + 0,1093,124.6,136187.8
962,2026-06-09,8,2+2,Match 2 + 2 Euro numbers,2 + 2,13859,31.3,433786.7
962,2026-06-09,9,3+1,Match 3 + 1 Euro number,3 + 1,21352,22.7,484690.4
962,2026-06-09,10,3+0,Match 3 + 0 Euro numbers,3 + 0,49871,18.4,917626.4
962,2026-06-09,11,1+2,Match 1 + 2 Euro numbers,1 + 2,73790,15.5,1143745.0
962,2026-06-09,12,2+1,Match 2 + 1 Euro number,2 + 1,316354,10.9,3448258.6
963,2026-06-12,1,5+2,Match 5 + 2 Euro numbers,5 + 2,0,0.0,0.0
963,2026-06-12,2,5+1,Match 5 + 1 Euro number,5 + 1,4,502977.7,2011910.8
963,2026-06-12,3,5+0,Match 5 + 0 Euro numbers,5 + 0,13,87278.7,1134623.1
963,2026-06-12,4,4+2,Match 4 + 2 Euro numbers,4 + 2,28,6684.0,187152.0
963,2026-06-12,5,4+1,Match 4 + 1 Euro number,4 + 1,846,276.5,233919.0
963,2026-06-12,6,3+2,Match 3 + 2 Euro numbers,3 + 2,1290,199.4,257226.0
963,2026-06-12,7,4+0,Match 4 + 0 Euro numbers,4 + 0,2324,80.5,187082.0
963,2026-06-12,8,2+2,Match 2 + 2 Euro numbers,2 + 2,18403,32.4,596257.2
963,2026-06-12,9,3+1,Match 3 + 1 Euro number,3 + 1,33580,19.8,664884.0
963,2026-06-12,10,3+0,Match 3 + 0 Euro numbers,3 + 0,87970,15.4,1354738.0
963,2026-06-12,11,1+2,Match 1 + 2 Euro numbers,1 + 2,95490,15.4,1470546.0
963,2026-06-12,12,2+1,Match 2 + 1 Euro number,2 + 1,466029,10.1,4706892.9
964,2026-06-16,1,5+2,Match 5 + 2 Euro numbers,5 + 2,0,0.0,0.0
964,2026-06-16,2,5+1,Match 5 + 1 Euro number,5 + 1,2,842443.1,1684886.2
964,2026-06-16,3,5+0,Match 5 + 0 Euro numbers,5 + 0,1,842443.1,842443.1
964,2026-06-16,4,4+2,Match 4 + 2 Euro numbers,4 + 2,24,6263.5,150324.0
964,2026-06-16,5,4+1,Match 4 + 1 Euro number,4 + 1,592,317.4,187900.8
964,2026-06-16,6,3+2,Match 3 + 2 Euro numbers,3 + 2,1246,165.8,206586.8
964,2026-06-16,7,4+0,Match 4 + 0 Euro numbers,4 + 0,1393,107.9,150304.7
964,2026-06-16,8,2+2,Match 2 + 2 Euro numbers,2 + 2,18582,25.7,477557.4
964,2026-06-16,9,3+1,Match 3 + 1 Euro number,3 + 1,26170,20.4,533868.0
964,2026-06-16,10,3+0,Match 3 + 0 Euro numbers,3 + 0,61203,16.5,1009849.5
964,2026-06-16,11,1+2,Match 1 + 2 Euro numbers,1 + 2,100212,12.6,1262671.2
964,2026-06-16,12,2+1,Match 2 + 1 Euro number,2 + 1,376543,10.1,3803084.3
965,2026-06-19,1,5+2,Match 5 + 2 Euro numbers,5 + 2,0,0.0,0.0
965,2026-06-19,2,5+1,Match 5 + 1 Euro number,5 + 1,4,544922.8,2179691.2
965,2026-06-19,3,5+0,Match 5 + 0 Euro numbers,5 + 0,7,175606.3,1229244.1
965,2026-06-19,4,4+2,Match 4 + 2 Euro numbers,4 + 2,26,7798.5,202761.0
965,2026-06-19,5,4+1,Match 4 + 1 Euro number,4 + 1,751,337.4,253387.4
965,2026-06-19,6,3+2,Match 3 + 2 Euro numbers,3 + 2,1380,202.0,278760.0
965,2026-06-19,7,4+0,Match 4 + 0 Euro numbers,4 + 0,1571,129.0,202659.0
965,2026-06-19,8,2+2,Match 2 + 2 Euro numbers,2 + 2,20541,31.4,644987.4
965,2026-06-19,9,3+1,Match 3 + 1 Euro number,3 + 1,32199,22.4,721257.6
965,2026-06-19,10,3+0,Match 3 + 0 Euro numbers,3 + 0,76487,17.8,1361468.6
965,2026-06-19,11,1+2,Match 1 + 2 Euro numbers,1 + 2,106898,16.0,1710368.0
965,2026-06-19,12,2+1,Match 2 + 1 Euro number,2 + 1,473901,10.8,5118130.8
966,2026-06-23,1,5+2,Match 5 + 2 Euro numbers,5 + 2,0,0.0,0.0
966,2026-06-23,2,5+1,Match 5 + 1 Euro number,5 + 1,3,591738.5,1775215.5
966,2026-06-23,3,5+0,Match 5 + 0 Euro numbers,5 + 0,7,143019.8,1001138.6
966,2026-06-23,4,4+2,Match 4 + 2 Euro numbers,4 + 2,21,7863.6,165135.6
966,2026-06-23,5,4+1,Match 4 + 1 Euro number,4 + 1,577,357.7,206392.9
966,2026-06-23,6,3+2,Match 3 + 2 Euro numbers,3 + 2,1100,206.4,227040.0
966,2026-06-23,7,4+0,Match 4 + 0 Euro numbers,4 + 0,1307,126.3,165074.1
966,2026-06-23,8,2+2,Match 2 + 2 Euro numbers,2 + 2,16401,32.0,524832.0
966,2026-06-23,9,3+1,Match 3 + 1 Euro number,3 + 1,26023,22.6,588119.8
966,2026-06-23,10,3+0,Match 3 + 0 Euro numbers,3 + 0,59577,18.7,1114089.9
966,2026-06-23,11,1+2,Match 1 + 2 Euro numbers,1 + 2,87433,15.9,1390184.7
966,2026-06-23,12,2+1,Match 2 + 1 Euro number,2 + 1,380322,11.0,4183542.0
967,2026-06-26,1,5+2,Match 5 + 2 Euro numbers,5 + 2,1,87264546.9,87264546.9
967,2026-06-26,2,5+1,Match 5 + 1 Euro number,5 + 1,5,481471.6,2407358.0
967,2026-06-26,3,5+0,Match 5 + 0 Euro numbers,5 + 0,3,452546.0,1357638.0
967,2026-06-26,4,4+2,Match 4 + 2 Euro numbers,4 + 2,60,3732.3,223938.0
967,2026-06-26,5,4+1,Match 4 + 1 Euro number,4 + 1,955,293.1,279910.5
967,2026-06-26,6,3+2,Match 3 + 2 Euro numbers,3 + 2,2368,130.0,307840.0
967,2026-06-26,7,4+0,Match 4 + 0 Euro numbers,4 + 0,1995,112.2,223839.0
967,2026-06-26,8,2+2,Match 2 + 2 Euro numbers,2 + 2,34493,20.6,710555.8
967,2026-06-26,9,3+1,Match 3 + 1 Euro number,3 + 1,41336,19.3,797784.8
967,2026-06-26,10,3+0,Match 3 + 0 Euro numbers,3 + 0,86094,17.5,1506645.0
967,2026-06-26,11,1+2,Match 1 + 2 Euro numbers,1 + 2,177816,10.6,1884849.6
967,2026-06-26,12,2+1,Match 2 + 1 Euro number,2 + 1,586473,9.6,5630140.8
968,2026-06-30,1,5+2,Match 5 + 2 Euro numbers,5 + 2,0,0.0,0.0
968,2026-06-30,2,5+1,Match 5 + 1 Euro number,5 + 1,3,415489.0,1246467.0
968,2026-06-30,3,5+0,Match 5 + 0 Euro numbers,5 + 0,3,234316.5,702949.5
968,2026-06-30,4,4+2,Match 4 + 2 Euro numbers,4 + 2,37,3133.7,115946.9
968,2026-06-30,5,4+1,Match 4 + 1 Euro number,4 + 1,437,331.6,144909.2
968,2026-06-30,6,3+2,Match 3 + 2 Euro numbers,3 + 2,1365,118.5,161752.5
968,2026-06-30,7,4+0,Match 4 + 0 Euro numbers,4 + 0,958,118.5,113523.0
968,2026-06-30,8,2+2,Match 2 + 2 Euro numbers,2 + 2,19725,19.0,374775.0
968,2026-06-30,9,3+1,Match 3 + 1 Euro number,3 + 1,21373,19.0,406087.0
968,2026-06-30,10,3+0,Match 3 + 0 Euro numbers,3 + 0,43173,18.1,781431.3
968,2026-06-30,11,1+2,Match 1 + 2 Euro numbers,1 + 2,104586,9.4,983108.4
968,2026-06-30,12,2+1,Match 2 + 1 Euro number,2 + 1,309697,9.4,2911151.8
969,2026-07-03,1,5+2,Match 5 + 2 Euro numbers,5 + 2,0,0.0,0.0
969,2026-07-03,2,5+1,Match 5 + 1 Euro number,5 + 1,2,868052.0,1736104.0
969,2026-07-03,3,5+0,Match 5 + 0 Euro numbers,5 + 0,7,139868.8,979081.6
969,2026-07-03,4,4+2,Match 4 + 2 Euro numbers,4 + 2,42,3845.1,161494.2
969,2026-07-03,5,4+1,Match 4 + 1 Euro number,4 + 1,743,271.6,201798.8
969,2026-07-03,6,3+2,Match 3 + 2 Euro numbers,3 + 2,1658,133.9,222006.2
969,2026-07-03,7,4+0,Match 4 + 0 Euro numbers,4 + 0,1824,88.5,161424.0
969,2026-07-03,8,2+2,Match 2 + 2 Euro numbers,2 + 2,21088,24.4,514547.2
969,2026-07-03,9,3+1,Match 3 + 1 Euro number,3 + 1,32847,17.5,574822.5
969,2026-07-03,10,3+0,Match 3 + 0 Euro numbers,3 + 0,71486,15.2,1086587.2
969,2026-07-03,11,1+2,Match 1 + 2 Euro numbers,1 + 2,102916,13.2,1358491.2
969,2026-07-03,12,2+1,Match 2 + 1 Euro number,2 + 1,444568,9.2,4090025.6
970,2026-07-07,1,5+2,Match 5 + 2 Euro numbers,5 + 2,0,0.0,0.0
970,2026-07-07,2,5+1,Match 5 + 1 Euro number,5 + 1,0,0.0,0.0
970,2026-07-07,3,5+0,Match 5 + 0 Euro numbers,5 + 0,1,764192.2,764192.2
970,2026-07-07,4,4+2,Match 4 + 2 Euro numbers,4 + 2,14,9003.7,126051.8
970,2026-07-07,5,4+1,Match 4 + 1 Euro number,4 + 1,448,351.7,157561.6
970,2026-07-07,6,3+2,Match 3 + 2 Euro numbers,3 + 2,918,188.8,173318.4
970,2026-07-07,7,4+0,Match 4 + 0 Euro numbers,4 + 0,985,127.9,125981.5
970,2026-07-07,8,2+2,Match 2 + 2 Euro numbers,2 + 2,13550,29.6,401080.0
970,2026-07-07,9,3+1,Match 3 + 1 Euro number,3 + 1,21519,20.8,447595.2
970,2026-07-07,10,3+0,Match 3 + 0 Euro numbers,3 + 0,45167,18.8,849139.6
970,2026-07-07,11,1+2,Match 1 + 2 Euro numbers,1 + 2,75227,14.1,1060700.7
970,2026-07-07,12,2+1,Match 2 + 1 Euro number,2 + 1,320152,9.9,3169504.8
971,2026-07-10,1,5+2,Match 5 + 2 Euro numbers,5 + 2,0,0.0,0.0
971,2026-07-10,2,5+1,Match 5 + 1 Euro number,5 + 1,6,535773.9,3214643.4
971,2026-07-10,3,5+0,Match 5 + 0 Euro numbers,5 + 0,15,69914.4,1048716.0
971,2026-07-10,4,4+2,Match 4 + 2 Euro numbers,4 + 2,33,5241.9,172982.7
971,2026-07-10,5,4+1,Match 4 + 1 Euro number,4 + 1,752,287.5,216200.0
971,2026-07-10,6,3+2,Match 3 + 2 Euro numbers,3 + 2,1234,192.7,237791.8
971,2026-07-10,7,4+0,Match 4 + 0 Euro numbers,4 + 0,1802,95.9,172811.8
971,2026-07-10,8,2+2,Match 2 + 2 Euro numbers,2 + 2,17814,30.9,550452.6
971,2026-07-10,9,3+1,Match 3 + 1 Euro number,3 + 1,29361,20.9,613644.9
971,2026-07-10,10,3+0,Match 3 + 0 Euro numbers,3 + 0,72981,16.0,1167696.0
971,2026-07-10,11,1+2,Match 1 + 2 Euro numbers,1 + 2,91158,16.0,1458528.0
971,2026-07-10,12,2+1,Match 2 + 1 Euro number,2 + 1,417491,10.5,4383655.5
972,2026-07-14,1,5+2,Match 5 + 2 Euro numbers,5 + 2,0,0.0,0.0
972,2026-07-14,2,5+1,Match 5 + 1 Euro number,5 + 1,4,456690.9,1826763.6
972,2026-07-14,3,5+0,Match 5 + 0 Euro numbers,5 + 0,1,456690.9,456690.9
972,2026-07-14,4,4+2,Match 4 + 2 Euro numbers,4 + 2,21,6467.5,135817.5
972,2026-07-14,5,4+1,Match 4 + 1 Euro number,4 + 1,559,303.7,169768.3
972,2026-07-14,6,3+2,Match 3 + 2 Euro numbers,3 + 2,1246,149.8,186650.8
972,2026-07-14,7,4+0,Match 4 + 0 Euro numbers,4 + 0,1133,119.8,135733.4
972,2026-07-14,8,2+2,Match 2 + 2 Euro numbers,2 + 2,16720,25.8,431376.0
972,2026-07-14,9,3+1,Match 3 + 1 Euro number,3 + 1,23819,20.3,483525.7
972,2026-07-14,10,3+0,Match 3 + 0 Euro numbers,3 + 0,54786,16.7,914926.2
972,2026-07-14,11,1+2,Match 1 + 2 Euro numbers,1 + 2,87918,13.0,1142934.0
972,2026-07-14,12,2+1,Match 2 + 1 Euro number,2 + 1,353661,9.7,3430511.7
973,2026-07-17,1,5+2,Match 5 + 2 Euro numbers,5 + 2,0,0.0,0.0
973,2026-07-17,2,5+1,Match 5 + 1 Euro number,5 + 1,6,334966.5,2009799.0
973,2026-07-17,3,5+0,Match 5 + 0 Euro numbers,5 + 0,4,283358.2,1133432.8
973,2026-07-17,4,4+2,Match 4 + 2 Euro numbers,4 + 2,42,4451.3,186954.6
973,2026-07-17,5,4+1,Match 4 + 1 Euro number,4 + 1,666,350.8,233632.8
973,2026-07-17,6,3+2,Match 3 + 2 Euro numbers,3 + 2,1568,163.9,256995.2
973,2026-07-17,7,4+0,Match 4 + 0 Euro numbers,4 + 0,1298,144.0,186912.0
973,2026-07-17,8,2+2,Match 2 + 2 Euro numbers,2 + 2,24954,23.8,593905.2
973,2026-07-17,9,3+1,Match 3 + 1 Euro number,3 + 1,28320,23.5,665520.0
973,2026-07-17,10,3+0,Match 3 + 0 Euro numbers,3 + 0,61273,20.5,1256096.5
973,2026-07-17,11,1+2,Match 1 + 2 Euro numbers,1 + 2,141080,11.1,1565988.0
973,2026-07-17,12,2+1,Match 2 + 1 Euro number,2 + 1,442235,10.7,4731914.5
974,2026-07-21,1,5+2,Match 5 + 2 Euro numbers,5 + 2,0,0.0,0.0
974,2026-07-21,2,5+1,Match 5 + 1 Euro number,5 + 1,5,319030.0,1595150.0
974,2026-07-21,3,5+0,Match 5 + 0 Euro numbers,5 + 0,4,224897.6,899590.4
974,2026-07-21,4,4+2,Match 4 + 2 Euro numbers,4 + 2,44,3372.4,148385.6
974,2026-07-21,5,4+1,Match 4 + 1 Euro number,4 + 1,681,272.3,185436.3
974,2026-07-21,6,3+2,Match 3 + 2 Euro numbers,3 + 2,1941,105.1,203999.1
974,2026-07-21,7,4+0,Match 4 + 0 Euro numbers,4 + 0,1469,101.0,148369.0
974,2026-07-21,8,2+2,Match 2 + 2 Euro numbers,2 + 2,26757,17.6,470923.2
974,2026-07-21,9,3+1,Match 3 + 1 Euro number,3 + 1,32531,16.2,527002.2
974,2026-07-21,10,3+0,Match 3 + 0 Euro numbers,3 + 0,64864,15.4,998905.6
974,2026-07-21,11,1+2,Match 1 + 2 Euro numbers,1 + 2,127948,9.7,1241095.6
974,2026-07-21,12,2+1,Match 2 + 1 Euro number,2 + 1,449196,8.3,3728326.8
975,2026-07-24,1,5+2,Match 5 + 2 Euro numbers,5 + 2,1,71262143.1,71262143.1
975,2026-07-24,2,5+1,Match 5 + 1 Euro number,5 + 1,3,760078.8,2280236.4
975,2026-07-24,3,5+0,Match 5 + 0 Euro numbers,5 + 0,24,53581.1,1285946.4
975,2026-07-24,4,4+2,Match 4 + 2 Euro numbers,4 + 2,61,3477.2,212109.2
975,2026-07-24,5,4+1,Match 4 + 1 Euro number,4 + 1,1181,224.5,265134.5
975,2026-07-24,6,3+2,Match 3 + 2 Euro numbers,3 + 2,2132,136.8,291657.6
975,2026-07-24,7,4+0,Match 4 + 0 Euro numbers,4 + 0,2819,75.2,211988.8
975,2026-07-24,8,2+2,Match 2 + 2 Euro numbers,2 + 2,28019,24.1,675257.9
975,2026-07-24,9,3+1,Match 3 + 1 Euro number,3 + 1,48156,15.6,751233.6
975,2026-07-24,10,3+0,Match 3 + 0 Euro numbers,3 + 0,107161,13.3,1425241.3
975,2026-07-24,11,1+2,Match 1 + 2 Euro numbers,1 + 2,138300,12.9,1784070.0
975,2026-07-24,12,2+1,Match 2 + 1 Euro number,2 + 1,615275,8.7,5352892.5
976,2026-07-28,1,5+2,Match 5 + 2 Euro numbers,5 + 2,0,0.0,0.0
976,2026-07-28,2,5+1,Match 5 + 1 Euro number,5 + 1,1,1227847.8,1227847.8
976,2026-07-28,3,5+0,Match 5 + 0 Euro numbers,5 + 0,4,173112.2,692448.8
976,2026-07-28,4,4+2,Match 4 + 2 Euro numbers,4 + 2,15,7614.5,114217.5
976,2026-07-28,5,4+1,Match 4 + 1 Euro number,4 + 1,356,401.0,142756.0
976,2026-07-28,6,3+2,Match 3 + 2 Euro numbers,3 + 2,783,200.5,156991.5
976,2026-07-28,7,4+0,Match 4 + 0 Euro numbers,4 + 0,804,142.0,114168.0
976,2026-07-28,8,2+2,Match 2 + 2 Euro numbers,2 + 2,12155,29.9,363434.5
976,2026-07-28,9,3+1,Match 3 + 1 Euro number,3 + 1,17263,23.5,405680.5
976,2026-07-28,10,3+0,Match 3 + 0 Euro numbers,3 + 0,38022,20.2,768044.4
976,2026-07-28,11,1+2,Match 1 + 2 Euro numbers,1 + 2,68424,14.0,957936.0
976,2026-07-28,12,2+1,Match 2 + 1 Euro number,2 + 1,265085,10.9,2889426.5
977,2026-07-31,1,5+2,Match 5 + 2 Euro numbers,5 + 2,0,0.0,0.0
977,2026-07-31,2,5+1,Match 5 + 1 Euro number,5 + 1,3,572474.1,1717422.3
977,2026-07-31,3,5+0,Match 5 + 0 Euro numbers,5 + 0,3,322848.7,968546.1
977,2026-07-31,4,4+2,Match 4 + 2 Euro numbers,4 + 2,25,6390.4,159760.0
977,2026-07-31,5,4+1,Match 4 + 1 Euro number,4 + 1,610,327.3,199653.0
977,2026-07-31,6,3+2,Match 3 + 2 Euro numbers,3 + 2,1414,155.3,219594.2
977,2026-07-31,7,4+0,Match 4 + 0 Euro numbers,4 + 0,1214,131.5,159641.0
977,2026-07-31,8,2+2,Match 2 + 2 Euro numbers,2 + 2,20922,24.3,508404.6
977,2026-07-31,9,3+1,Match 3 + 1 Euro number,3 + 1,28010,20.3,568603.0
977,2026-07-31,10,3+0,Match 3 + 0 Euro numbers,3 + 0,59368,18.1,1074560.8
977,2026-07-31,11,1+2,Match 1 + 2 Euro numbers,1 + 2,115383,11.6,1338442.8
977,2026-07-31,12,2+1,Match 2 + 1 Euro number,2 + 1,388668,10.4,4042147.2
978,2026-08-04,1,5+2,Match 5 + 2 Euro numbers,5 + 2,0,0.0,0.0
978,2026-08-04,2,5+1,Match 5 + 1 Euro number,5 + 1,1,1338715.6,1338715.6
978,2026-08-04,3,5+0,Match 5 + 0 Euro numbers,5 + 0,10,75497.3,754973.0
978,2026-08-04,4,4+2,Match 4 + 2 Euro numbers,4 + 2,26,4789.6,124529.6
978,2026-08-04,5,4+1,Match 4 + 1 Euro number,4 + 1,439,354.5,155625.5
978,2026-08-04,6,3+2,Match 3 + 2 Euro numbers,3 + 2,863,198.4,171219.2
978,2026-08-04,7,4+0,Match 4 + 0 Euro numbers,4 + 0,1242,100.2,124448.4
978,2026-08-04,8,2+2,Match 2 + 2 Euro numbers,2 + 2,12851,30.8,395810.8
978,2026-08-04,9,3+1,Match 3 + 1 Euro number,3 + 1,18760,23.6,442736.0
978,2026-08-04,10,3+0,Match 3 + 0 Euro numbers,3 + 0,53780,15.6,838968.0
978,2026-08-04,11,1+2,Match 1 + 2 Euro numbers,1 + 2,68260,15.3,1044378.0
978,2026-08-04,12,2+1,Match 2 + 1 Euro number,2 + 1,270978,11.6,3143344.8
979,2026-08-07,1,5+2,Match 5 + 2 Euro numbers,5 + 2,1,32658025.0,32658025.0
979,2026-08-07,2,5+1,Match 5 + 1 Euro number,5 + 1,6,307978.6,1847871.6
979,2026-08-07,3,5+0,Match 5 + 0 Euro numbers,5 + 0,13,80162.6,1042113.8
979,2026-08-07,4,4+2,Match 4 + 2 Euro numbers,4 + 2,68,2527.8,171890.4
979,2026-08-07,5,4+1,Match 4 + 1 Euro number,4 + 1,1161,185.0,214785.0
979,2026-08-07,6,3+2,Match 3 + 2 Euro numbers,3 + 2,2668,88.5,236118.0
979,2026-08-07,7,4+0,Match 4 + 0 Euro numbers,4 + 0,2582,66.5,171703.0
979,2026-08-07,8,2+2,Match 2 + 2 Euro numbers,2 + 2,32179,17.0,547043.0
979,2026-08-07,9,3+1,Match 3 + 1 Euro number,3 + 1,43167,14.1,608654.7
979,2026-08-07,10,3+0,Match 3 + 0 Euro numbers,3 + 0,88526,13.1,1159690.6
979,2026-08-07,11,1+2,Match 1 + 2 Euro numbers,1 + 2,157706,9.1,1435124.6
979,2026-08-07,12,2+1,Match 2 + 1 Euro number,2 + 1,532585,8.1,4313938.5
980,2026-08-11,1,5+2,Match 5 + 2 Euro numbers,5 + 2,0,0.0,0.0
980,2026-08-11,2,5+1,Match 5 + 1 Euro number,5 + 1,3,400889.8,1202669.4
980,2026-08-11,3,5+0,Match 5 + 0 Euro numbers,5 + 0,6,113041.6,678249.6
980,2026-08-11,4,4+2,Match 4 + 2 Euro numbers,4 + 2,24,4661.5,111876.0
980,2026-08-11,5,4+1,Match 4 + 1 Euro number,4 + 1,616,227.0,139832.0
980,2026-08-11,6,3+2,Match 3 + 2 Euro numbers,3 + 2,987,155.8,153774.6
980,2026-08-11,7,4+0,Match 4 + 0 Euro numbers,4 + 0,1354,82.6,111840.4
980,2026-08-11,8,2+2,Match 2 + 2 Euro numbers,2 + 2,13415,26.5,355497.5
980,2026-08-11,9,3+1,Match 3 + 1 Euro number,3 + 1,24466,16.2,396349.2
980,2026-08-11,10,3+0,Match 3 + 0 Euro numbers,3 + 0,51895,14.5,752477.5
980,2026-08-11,11,1+2,Match 1 + 2 Euro numbers,1 + 2,67808,13.9,942531.2
980,2026-08-11,12,2+1,Match 2 + 1 Euro number,2 + 1,327489,8.6,2816405.4
981,2026-08-14,1,5+2,Match 5 + 2 Euro numbers,5 + 2,0,0.0,0.0
981,2026-08-14,2,5+1,Match 5 + 1 Euro number,5 + 1,3,575607.3,1726821.9
981,2026-08-14,3,5+0,Match 5 + 0 Euro numbers,5 + 0,6,162307.8,973846.8
981,2026-08-14,4,4+2,Match 4 + 2 Euro numbers,4 + 2,34,4724.5,160633.0
981,2026-08-14,5,4+1,Match 4 + 1 Euro number,4 + 1,572,351.0,200772.0
981,2026-08-14,6,3+2,Match 3 + 2 Euro numbers,3 + 2,1474,149.8,220805.2
981,2026-08-14,7,4+0,Match 4 + 0 Euro numbers,4 + 0,1186,135.4,160584.4
981,2026-08-14,8,2+2,Match 2 + 2 Euro numbers,2 + 2,22812,22.4,510988.8
981,2026-08-14,9,3+1,Match 3 + 1 Euro number,3 + 1,27636,20.7,572065.2
981,2026-08-14,10,3+0,Match 3 + 0 Euro numbers,3 + 0,57403,18.8,1079176.4
981,2026-08-14,11,1+2,Match 1 + 2 Euro numbers,1 + 2,125630,10.7,1344241.0
981,2026-08-14,12,2+1,Match 2 + 1 Euro number,2 + 1,413609,9.8,4053368.2
982,2026-08-18,1,5+2,Match 5 + 2 Euro numbers,5 + 2,0,0.0,0.0
982,2026-08-18,2,5+1,Match 5 + 1 Euro number,5 + 1,3,427312.1,1281936.3
982,2026-08-18,3,5+0,Match 5 + 0 Euro numbers,5 + 0,2,361476.2,722952.4
982,2026-08-18,4,4+2,Match 4 + 2 Euro numbers,4 + 2,50,2384.9,119245.0
982,2026-08-18,5,4+1,Match 4 + 1 Euro number,4 + 1,547,272.5,149057.5
982,2026-08-18,6,3+2,Match 3 + 2 Euro numbers,3 + 2,1595,105.1,167634.5
982,2026-08-18,7,4+0,Match 4 + 0 Euro numbers,4 + 0,1099,105.1,115504.9
982,2026-08-18,8,2+2,Match 2 + 2 Euro numbers,2 + 2,20963,18.3,383622.9
982,2026-08-18,9,3+1,Match 3 + 1 Euro number,3 + 1,22859,18.3,418319.7
982,2026-08-18,10,3+0,Match 3 + 0 Euro numbers,3 + 0,46666,17.2,802655.2
982,2026-08-18,11,1+2,Match 1 + 2 Euro numbers,1 + 2,108017,9.4,1015359.8
982,2026-08-18,12,2+1,Match 2 + 1 Euro number,2 + 1,316978,9.4,2979593.2
983,2026-08-21,1,5+2,Match 5 + 2 Euro numbers,5 + 2,0,0.0,0.0
983,2026-08-21,2,5+1,Match 5 + 1 Euro number,5 + 1,2,907909.5,1815819.0
983,2026-08-21,3,5+0,Match 5 + 0 Euro numbers,5 + 0,2,512018.7,1024037.4
983,2026-08-21,4,4+2,Match 4 + 2 Euro numbers,4 + 2,30,5630.4,168912.0
983,2026-08-21,5,4+1,Match 4 + 1 Euro number,4 + 1,517,408.3,211091.1
983,2026-08-21,6,3+2,Match 3 + 2 Euro numbers,3 + 2,1333,174.2,232208.6
983,2026-08-21,7,4+0,Match 4 + 0 Euro numbers,4 + 0,1292,130.7,168864.4
983,2026-08-21,8,2+2,Match 2 + 2 Euro numbers,2 + 2,22408,24.3,544514.4
983,2026-08-21,9,3+1,Match 3 + 1 Euro number,3 + 1,24472,24.3,594669.6
983,2026-08-21,10,3+0,Match 3 + 0 Euro numbers,3 + 0,55608,20.5,1139964.0
983,2026-08-21,11,1+2,Match 1 + 2 Euro numbers,1 + 2,138211,11.2,1547963.2
983,2026-08-21,12,2+1,Match 2 + 1 Euro number,2 + 1,371464,11.2,4160396.8
984,2026-08-25,1,5+2,Match 5 + 2 Euro numbers,5 + 2,1,39496021.6,39496021.6
984,2026-08-25,2,5+1,Match 5 + 1 Euro number,5 + 1,1,1394682.5,1394682.5
984,2026-08-25,3,5+0,Match 5 + 0 Euro numbers,5 + 0,5,157307.2,786536.0
984,2026-08-25,4,4+2,Match 4 + 2 Euro numbers,4 + 2,30,4324.5,129735.0
984,2026-08-25,5,4+1,Match 4 + 1 Euro number,4 + 1,485,334.3,162135.5
984,2026-08-25,6,3+2,Match 3 + 2 Euro numbers,3 + 2,1370,130.2,178374.0
984,2026-08-25,7,4+0,Match 4 + 0 Euro numbers,4 + 0,1000,129.7,129700.0
984,2026-08-25,8,2+2,Match 2 + 2 Euro numbers,2 + 2,17489,23.6,412740.4
984,2026-08-25,9,3+1,Match 3 + 1 Euro number,3 + 1,22267,20.7,460926.9
984,2026-08-25,10,3+0,Match 3 + 0 Euro numbers,3 + 0,45583,19.2,875193.6
984,2026-08-25,11,1+2,Match 1 + 2 Euro numbers,1 + 2,82094,13.3,1091850.2
984,2026-08-25,12,2+1,Match 2 + 1 Euro number,2 + 1,352380,9.3,3277134.0
985,2026-08-28,1,5+2,Match 5 + 2 Euro numbers,5 + 2,0,0.0,0.0
985,2026-08-28,2,5+1,Match 5 + 1 Euro number,5 + 1,1,1600306.4,1600306.4
985,2026-08-28,3,5+0,Match 5 + 0 Euro numbers,5 + 0,8,112812.3,902498.4
985,2026-08-28,4,4+2,Match 4 + 2 Euro numbers,4 + 2,18,8270.3,148865.4
985,2026-08-28,5,4+1,Match 4 + 1 Euro number,4 + 1,516,360.6,186069.6
985,2026-08-28,6,3+2,Match 3 + 2 Euro numbers,3 + 2,961,212.9,204596.9
985,2026-08-28,7,4+0,Match 4 + 0 Euro numbers,4 + 0,1284,115.9,148815.6
985,2026-08-28,8,2+2,Match 2 + 2 Euro numbers,2 + 2,15031,31.5,473476.5
985,2026-08-28,9,3+1,Match 3 + 1 Euro number,3 + 1,23901,22.1,528212.1
985,2026-08-28,10,3+0,Match 3 + 0 Euro numbers,3 + 0,57507,17.4,1000621.8
985,2026-08-28,11,1+2,Match 1 + 2 Euro numbers,1 + 2,83225,15.0,1248375.0
985,2026-08-28,12,2+1,Match 2 + 1 Euro number,2 + 1,343011,11.0,3773121.0
986,2026-09-01,1,5+2,Match 5 + 2 Euro numbers,5 + 2,0,0.0,0.0
986,2026-09-01,2,5+1,Match 5 + 1 Euro number,5 + 1,1,1280807.5,1280807.5
986,2026-09-01,3,5+0,Match 5 + 0 Euro numbers,5 + 0,5,144463.1,722315.5
986,2026-09-01,4,4+2,Match 4 + 2 Euro numbers,4 + 2,25,4765.7,119142.5
986,2026-09-01,5,4+1,Match 4 + 1 Euro number,4 + 1,459,324.4,148899.6
986,2026-09-01,6,3+2,Match 3 + 2 Euro numbers,3 + 2,1195,137.0,163715.0
986,2026-09-01,7,4+0,Match 4 + 0 Euro numbers,4 + 0,895,133.1,119124.5
986,2026-09-01,8,2+2,Match 2 + 2 Euro numbers,2 + 2,19488,20.6,401452.8
986,2026-09-01,9,3+1,Match 3 + 1 Euro number,3 + 1,19407,20.6,399784.2
986,2026-09-01,10,3+0,Match 3 + 0 Euro numbers,3 + 0,40141,20.0,802820.0
986,2026-09-01,11,1+2,Match 1 + 2 Euro numbers,1 + 2,115747,9.8,1134320.6
986,2026-09-01,12,2+1,Match 2 + 1 Euro number,2 + 1,295144,9.8,2892411.2
987,2026-09-04,1,5+2,Match 5 + 2 Euro numbers,5 + 2,0,0.0,0.0
987,2026-09-04,2,5+1,Match 5 + 1 Euro number,5 + 1,0,0.0,0.0
987,2026-09-04,3,5+0,Match 5 + 0 Euro numbers,5 + 0,5,197154.2,985771.0
987,2026-09-04,4,4+2,Match 4 + 2 Euro numbers,4 + 2,20,8130.0,162600.0
987,2026-09-04,5,4+1,Match 4 + 1 Euro number,4 + 1,622,326.7,203207.4
987,2026-09-04,6,3+2,Match 3 + 2 Euro numbers,3 + 2,1304,171.4,223505.6
987,2026-09-04,7,4+0,Match 4 + 0 Euro numbers,4 + 0,1250,130.0,162500.0
987,2026-09-04,8,2+2,Match 2 + 2 Euro numbers,2 + 2,19832,26.1,517615.2
987,2026-09-04,9,3+1,Match 3 + 1 Euro number,3 + 1,28826,20.0,576520.0
987,2026-09-04,10,3+0,Match 3 + 0 Euro numbers,3 + 0,57128,19.2,1096857.6
987,2026-09-04,11,1+2,Match 1 + 2 Euro numbers,1 + 2,106234,12.9,1370418.6
987,2026-09-04,12,2+1,Match 2 + 1 Euro number,2 + 1,443440,9.3,4123992.0
988,2026-09-08,1,5+2,Match 5 + 2 Euro numbers,5 + 2,0,0.0,0.0
988,2026-09-08,2,5+1,Match 5 + 1 Euro number,5 + 1,5,622880.1,3114400.5
988,2026-09-08,3,5+0,Match 5 + 0 Euro numbers,5 + 0,7,110086.5,770605.5
988,2026-09-08,4,4+2,Match 4 + 2 Euro numbers,4 + 2,38,3345.0,127110.0
988,2026-09-08,5,4+1,Match 4 + 1 Euro number,4 + 1,665,238.9,158868.5
988,2026-09-08,6,3+2,Match 3 + 2 Euro numbers,3 + 2,1145,152.6,174727.0
988,2026-09-08,7,4+0,Match 4 + 0 Euro numbers,4 + 0,1348,94.2,126981.6
988,2026-09-08,8,2+2,Match 2 + 2 Euro numbers,2 + 2,15990,25.3,404547.0
988,2026-09-08,9,3+1,Match 3 + 1 Euro number,3 + 1,26304,17.2,452428.8
988,2026-09-08,10,3+0,Match 3 + 0 Euro numbers,3 + 0,50856,16.8,854380.8
988,2026-09-08,11,1+2,Match 1 + 2 Euro numbers,1 + 2,83217,12.8,1065177.6
988,2026-09-08,12,2+1,Match 2 + 1 Euro number,2 + 1,349318,9.2,3213725.6
989,2026-09-11,1,5+2,Match 5 + 2 Euro numbers,5 + 2,0,0.0,0.0
989,2026-09-11,2,5+1,Match 5 + 1 Euro number,5 + 1,5,383058.8,1915294.0
989,2026-09-11,3,5+0,Match 5 + 0 Euro numbers,5 + 0,10,108013.6,1080136.0
989,2026-09-11,4,4+2,Match 4 + 2 Euro numbers,4 + 2,35,5090.4,178164.0
989,2026-09-11,5,4+1,Match 4 + 1 Euro number,4 + 1,645,345.2,222654.0
989,2026-09-11,6,3+2,Match 3 + 2 Euro numbers,3 + 2,1315,186.2,244853.0
989,2026-09-11,7,4+0,Match 4 + 0 Euro numbers,4 + 0,2047,87.0,178089.0
989,2026-09-11,8,2+2,Match 2 + 2 Euro numbers,2 + 2,17100,33.2,567720.0
989,2026-09-11,9,3+1,Match 3 + 1 Euro number,3 + 1,27039,23.4,632712.6
989,2026-09-11,10,3+0,Match 3 + 0 Euro numbers,3 + 0,82709,15.5,1281989.5
989,2026-09-11,11,1+2,Match 1 + 2 Euro numbers,1 + 2,90827,15.5,1407818.5
989,2026-09-11,12,2+1,Match 2 + 1 Euro number,2 + 1,371923,12.1,4500268.3
990,2026-09-15,1,5+2,Match 5 + 2 Euro numbers,5 + 2,0,0.0,0.0
990,2026-09-15,2,5+1,Match 5 + 1 Euro number,5 + 1,2,743402.2,1486804.4
990,2026-09-15,3,5+0,Match 5 + 0 Euro numbers,5 + 0,4,209622.1,838488.4
990,2026-09-15,4,4+2,Match 4 + 2 Euro numbers,4 + 2,23,6013.3,138305.9
990,2026-09-15,5,4+1,Match 4 + 1 Euro number,4 + 1,508,340.3,172872.4
990,2026-09-15,6,3+2,Match 3 + 2 Euro numbers,3 + 2,1281,148.4,190100.4
990,2026-09-15,7,4+0,Match 4 + 0 Euro numbers,4 + 0,1226,112.8,138292.8
990,2026-09-15,8,2+2,Match 2 + 2 Euro numbers,2 + 2,17392,25.3,440017.6
990,2026-09-15,9,3+1,Match 3 + 1 Euro number,3 + 1,25291,19.4,490645.4
990,2026-09-15,10,3+0,Match 3 + 0 Euro numbers,3 + 0,58672,15.9,932884.8
990,2026-09-15,11,1+2,Match 1 + 2 Euro numbers,1 + 2,87943,13.2,1160847.6
990,2026-09-15,12,2+1,Match 2 + 1 Euro number,2 + 1,359045,9.7,3482736.5
